gene_id	baseMean	log2FoldChange	lfcSE	stat	pvalue	padj	gene_name	gene_chr	gene_start	gene_end	gene_strand	gene_length	gene_biotype	gene_description	Family
110693242	1525.53000454256	6.32132267242221	0.737030160221684	64.3717595533225	1.03024288611173e-15	4.04607288662661e-11	LOC110693242	NW_018744143.1	2116943	2119116	+	1489	protein_coding	protochlorophyllide reductase-like && sp|Q41249|PORA_CUCSA Protochlorophyllide reductase, chloroplastic OS=Cucumis sativus OX=3659 GN=PORA PE=2 SV=1 && PF00106:short chain dehydrogenase	C2H2
110725568	71.2482674856903	8.5554675467663	0.987859263616785	61.7627027479475	3.87444005448512e-15	7.60804421298971e-11	LOC110725568	NW_018742815.1	437944	442866	+	1769	protein_coding	bifunctional purple acid phosphatase 26-like%2C transcript variant X1 && sp|Q949Y3|PPA26_ARATH Bifunctional purple acid phosphatase 26 OS=Arabidopsis thaliana OX=3702 GN=PAP26 PE=1 SV=1 && PF00149:Calcineurin-like phosphoesterase|PF14008:Iron/zinc purple acid phosphatase-like protein C|PF16656:Purple acid Phosphatase, N-terminal domain	SRS
110726979	142.995904893168	10.4786487173148	1.15855124997551	60.7046937480685	6.63118425150916e-15	8.68088330365064e-11	LOC110726979	NW_018742205.1	265231	267508	-	879	protein_coding	non-symbiotic hemoglobin 2-like && sp|Q941P9|HBL2_SOLLC Non-symbiotic hemoglobin 2 OS=Solanum lycopersicum OX=4081 GN=HB2 PE=2 SV=1 && PF00042:Globin	-
110695918	398.304675924095	4.07767609126931	0.545297567044518	53.1404679831655	3.1052866209276e-13	3.04884803659224e-09	LOC110695918	NW_018744311.1	400369	401807	-	922	protein_coding	protein YLS3-like && sp|O64865|LTG14_ARATH Non-specific lipid transfer protein GPI-anchored 14 OS=Arabidopsis thaliana OX=3702 GN=LTPG14 PE=2 SV=1 && PF14368:Probable lipid transfer	-
110716842	1392.68536652045	4.33657075594776	0.58644664511015	51.4777743761808	7.24122534208572e-13	5.68769285719465e-09	LOC110716842	NW_018745650.1	4854858	4857463	+	816	protein_coding	MLP-like protein 43 && sp|Q9SSK5|MLP43_ARATH MLP-like protein 43 OS=Arabidopsis thaliana OX=3702 GN=MLP43 PE=1 SV=1 && PF00407:Pathogenesis-related protein Bet v I family	-
110732216	133.669763097654	9.44728262703855	1.17123324654649	50.7361275224357	1.05656718124534e-12	6.91576048484138e-09	LOC110732216	NW_018743175.1	178633	181677	-	1215	protein_coding	bidirectional sugar transporter SWEET4-like && sp|A2X3S3|SWET4_ORYSI Bidirectional sugar transporter SWEET4 OS=Oryza sativa subsp. indica OX=39946 GN=SWEET4 PE=2 SV=1 && PF03083:Sugar efflux transporter for intercellular exchange	DBB
110697191	70.5014543326872	5.86267678632724	0.785185124490119	50.3882534049062	1.26147036326573e-12	7.07738936807644e-09	LOC110697191	NW_018744460.1	1882004	1883510	-	1223	protein_coding	albumin-2-like%2C transcript variant X2 && sp|P08688|ALB2_PEA Albumin-2 OS=Pisum sativum OX=3888 PE=2 SV=1 && -	-
110714122	171.643268529221	5.22785829943895	0.722421978207783	48.2811732781439	3.69280693472222e-12	1.57195259990845e-08	LOC110714122	NW_018745454.1	2401209	2403709	-	704	protein_coding	photosystem II 10 kDa polypeptide%2C chloroplastic && sp|P10690|PSBR_SPIOL Photosystem II 10 kDa polypeptide, chloroplastic OS=Spinacia oleracea OX=3562 GN=PSBR PE=2 SV=1 && PF04725:Photosystem II 10 kDa polypeptide PsbR	-
110716510	99.9181214266868	4.51059540165744	0.631447674671935	48.1231977154584	4.0026292870635e-12	1.57195259990845e-08	LOC110716510	NW_018745587.1	404346	408052	+	1570	protein_coding	probable cinnamyl alcohol dehydrogenase && sp|P42495|CADH1_ARACO Probable cinnamyl alcohol dehydrogenase 1 OS=Aralia cordata OX=29746 GN=CAD1 PE=2 SV=1 && PF00107:Zinc-binding dehydrogenase|PF08240:Alcohol dehydrogenase GroES-like domain	HB-other
110720128	1960.19704945588	5.1537961196351	0.709827903068922	48.2566420735869	3.73929461948371e-12	1.57195259990845e-08	LOC110720128	NW_018742541.1	913208	915357	+	1510	protein_coding	protochlorophyllide reductase%2C chloroplastic-like && sp|Q41249|PORA_CUCSA Protochlorophyllide reductase, chloroplastic OS=Cucumis sativus OX=3659 GN=PORA PE=2 SV=1 && PF00106:short chain dehydrogenase	C2H2
110700609	63.6288108015287	9.67444499497094	1.2885597655159	47.7136078725676	4.9325596931116e-12	1.65339166281324e-08	LOC110700609	NW_018744626.1	4478889	4480816	-	1068	protein_coding	chlorophyll a-b binding protein 4%2C chloroplastic-like && sp|Q9SQL2|CB24_PEA Chlorophyll a-b binding protein P4, chloroplastic OS=Pisum sativum OX=3888 GN=lhcA-P4 PE=1 SV=1 && PF00504:Chlorophyll A-B binding protein	ERF
110723686	20.9151524694068	11.4157333096555	1.49492996849171	47.6667036025657	5.05199499751964e-12	1.65339166281324e-08	LOC110723686	NW_018742733.1	220616	222287	+	1085	protein_coding	chlorophyll a-b binding protein 3%2C chloroplastic && sp|Q9S7M0|CB3_ARATH Chlorophyll a-b binding protein 3, chloroplastic OS=Arabidopsis thaliana OX=3702 GN=LHCB3 PE=1 SV=1 && PF00504:Chlorophyll A-B binding protein	ERF
110698898	18.2869352285704	7.04228599300356	0.980261187349525	47.4445055112811	5.65833222521552e-12	1.66526501595296e-08	LOC110698898	NW_018744537.1	3660465	3661785	-	647	lncRNA	uncharacterized LOC110698898 && - && -	-
110711856	102.918357617406	6.3608895925057	0.872439046463571	47.1103458312549	6.71005609212141e-12	1.75682688603923e-08	LOC110711856	NW_018745286.1	6531118	6539685	+	1145	protein_coding	xyloglucan endotransglucosylase/hydrolase protein 9-like && sp|Q8LDW9|XTH9_ARATH Xyloglucan endotransglucosylase/hydrolase protein 9 OS=Arabidopsis thaliana OX=3702 GN=XTH9 PE=2 SV=2 && PF00722:Glycosyl hydrolases family 16|PF06955:Xyloglucan endo-transglycosylase (XET) C-terminus	GRAS
110696142	9.3980704724776	6.19990075609035	0.900770153207497	46.953893452314	7.26764680382624e-12	1.78388933079168e-08	LOC110696142	NW_018744311.1	3020978	3025311	-	943	protein_coding	uncharacterized LOC110696142 && - && PF06749:Protein of unknown function (DUF1218)	B3
110707774	123.583512717602	11.4611770706081	1.41826255672729	46.5150450448892	9.09177027776603e-12	1.98367274510392e-08	LOC110707774	NW_018745003.1	1286389	1288101	+	861	protein_coding	MLP-like protein 43 && sp|Q9SSK5|MLP43_ARATH MLP-like protein 43 OS=Arabidopsis thaliana OX=3702 GN=MLP43 PE=1 SV=1 && PF00407:Pathogenesis-related protein Bet v I family	-
110738975	90.0399089074643	8.22768388113468	1.10335264081815	46.529642383069	9.0242933393847e-12	1.98367274510392e-08	LOC110738975	NW_018743405.1	2262120	2264675	-	986	protein_coding	chlorophyll a-b binding protein 6A%2C chloroplastic && sp|P12360|CB11_SOLLC Chlorophyll a-b binding protein 6A, chloroplastic OS=Solanum lycopersicum OX=4081 GN=CAB6A PE=2 SV=1 && PF00504:Chlorophyll A-B binding protein	ERF
110713808	106.85967809151	5.00488228054195	0.714958503607143	45.4270808382707	1.58428620126627e-11	3.27471957801739e-08	LOC110713808	NW_018745448.1	10232072	10233253	+	1081	pseudogene	- && sp|O65009|BNM2A_BRANA BURP domain-containing protein BNM2A OS=Brassica napus OX=3708 GN=BNM2A PE=2 SV=1 && -	-
110717702	551.881989849996	3.26398723223845	0.479235442913519	45.0265269200209	1.943833599565e-11	3.8170088477858e-08	LOC110717702	NW_018745684.1	5003844	5005470	-	965	protein_coding	MLP-like protein 31 && sp|Q941R6|MLP31_ARATH MLP-like protein 31 OS=Arabidopsis thaliana OX=3702 GN=MLP31 PE=2 SV=2 && PF00407:Pathogenesis-related protein Bet v I family	-
110689255	34.2088566859971	12.7537364095838	1.65003293188975	44.3979018528235	2.67974145273051e-11	4.57571678578632e-08	LOC110689255	NW_018743955.1	6125379	6126806	-	1428	protein_coding	tetrapyrrole-binding protein%2C chloroplastic-like && sp|Q9LX31|GUN4C_ARATH Tetrapyrrole-binding protein, chloroplastic OS=Arabidopsis thaliana OX=3702 GN=GUN4 PE=1 SV=1 && PF05419:GUN4-like	-
110689657	284.91128079959	6.12683160951816	0.864747749003553	44.3984744372099	2.67895780138072e-11	4.57571678578632e-08	LOC110689657	NW_018743977.1	441326	445772	-	1535	protein_coding	GDSL esterase/lipase At4g28780-like && sp|Q9SVU5|GDL67_ARATH GDSL esterase/lipase At4g28780 OS=Arabidopsis thaliana OX=3702 GN=At4g28780 PE=2 SV=1 && PF00657:GDSL-like Lipase/Acylhydrolase	ERF
110690449	8.68393664654279	10.181075446005	1.45320006662612	44.5363050104543	2.4968394321257e-11	4.57571678578632e-08	LOC110690449	NW_018744041.1	1290889	1292158	+	698	protein_coding	MLP-like protein 28 && sp|Q9ZVF3|ML328_ARATH MLP-like protein 328 OS=Arabidopsis thaliana OX=3702 GN=MLP328 PE=2 SV=1 && PF00407:Pathogenesis-related protein Bet v I family	-
110711059	12.9976666139012	7.82087261180642	1.14139014600213	44.0532854959967	3.19557039657723e-11	5.22915150769906e-08	LOC110711059	NW_018745207.1	189549	195381	+	1600	protein_coding	UDP-xylose transporter 1-like && sp|F4IHS9|UXT1_ARATH UDP-xylose transporter 1 OS=Arabidopsis thaliana OX=3702 GN=UXT1 PE=1 SV=1 && PF03151:Triose-phosphate Transporter family	NAC
110725514	113.16548827525	12.7415952836933	1.58732832549077	43.6562338858865	3.91428284256007e-11	6.14902520303446e-08	LOC110725514	NW_018742815.1	5166748	5167116	+	369	protein_coding	putative lipid-binding protein AIR1 && sp|Q9S7I2|AIR1_ARATH Putative lipid-binding protein AIR1 OS=Arabidopsis thaliana OX=3702 GN=AIR1 PE=2 SV=1 && PF14547:Hydrophobic seed protein	Trihelix
110721514	31.1665174390062	5.31332748774584	0.782643160590213	43.3962012312952	4.47055179989031e-11	6.75276849373431e-08	LOC110721514	NW_018742616.1	1259866	1261201	-	588	protein_coding	cysteine proteinase inhibitor A-like && sp|Q10992|CYTA_HELAN Cysteine proteinase inhibitor A OS=Helianthus annuus OX=4232 PE=1 SV=1 && PF16845:Aspartic acid proteinase inhibitor	bHLH
110714799	15.3084895430364	9.01709910898142	1.30512330765487	43.1022200254178	5.19532710487980e-11	7.55689190333128e-08	LOC110714799	NW_018745461.1	1018707	1020466	+	1099	protein_coding	probable xyloglucan endotransglucosylase/hydrolase protein 16 && sp|Q8LG58|XTH16_ARATH Probable xyloglucan endotransglucosylase/hydrolase protein 16 OS=Arabidopsis thaliana OX=3702 GN=XTH16 PE=2 SV=2 && PF06955:Xyloglucan endo-transglycosylase (XET) C-terminus|PF00722:Glycosyl hydrolases family 16	MYB_related
110705613	123.712849302959	9.3655913619127	1.27335369658479	42.5770962929322	6.79504029941017e-11	9.20212474754261e-08	LOC110705613	NW_018744878.1	4130706	4132152	+	872	protein_coding	MLP-like protein 28 && sp|Q06394|ML146_PAPSO Major latex protein 146 OS=Papaver somniferum OX=3469 GN=MLP146 PE=2 SV=1 && PF00407:Pathogenesis-related protein Bet v I family	-
110727129	13.1764346072981	11.1946549337136	1.58353429309588	42.5944978100434	6.73485673691439e-11	9.20212474754261e-08	LOC110727129	NW_018742899.1	2269650	2272219	+	1460	protein_coding	isoprenyl transferase-like && sp|K4D3U9|CPT4_SOLLC Cis-prenyltransferase 4, chloroplastic OS=Solanum lycopersicum OX=4081 GN=CPT4 PE=2 SV=1 && PF01255:Putative undecaprenyl diphosphate synthase	-
110683275	13.6437948151404	8.14558164909756	1.19849561093791	42.3018731531439	7.82176091125161e-11	1.02394672089195e-07	LOC110683275	NW_018743652.1	140031	142765	-	1416	protein_coding	random slug protein 5-like && sp|Q55CU8|PITC_DICDI Phosphatidylinositol transfer protein 3 OS=Dictyostelium discoideum OX=44689 GN=pitC PE=2 SV=1 && PF00650:CRAL/TRIO domain	ARR-B
110687806	1089.22168638555	3.09219946122128	0.470940328909291	42.0052762206839	9.10274730554202e-11	1.15320062880823e-07	LOC110687806	NW_018743920.1	907553	908650	-	994	protein_coding	jasmonate-induced protein homolog%2C transcript variant X2 && sp|P42764|JIPH_ATRCA Jasmonate-induced protein homolog OS=Atriplex canescens OX=35922 PE=2 SV=1 && -	-
110731582	115.714729188727	7.50640941625291	1.06748173378192	41.6460819109276	1.09384384762825e-10	1.34245404462201e-07	LOC110731582	NW_018743074.1	796747	799229	-	1146	protein_coding	chlorophyll a-b binding protein CP26%2C chloroplastic-like && sp|Q9XF89|CB5_ARATH Chlorophyll a-b binding protein CP26, chloroplastic OS=Arabidopsis thaliana OX=3702 GN=LHCB5 PE=1 SV=1 && PF00504:Chlorophyll A-B binding protein	ERF
110693197	25.9612441334473	9.60069254307642	1.40819587850145	40.7573656225603	1.72352582906991e-10	2.01357511485246e-07	LOC110693197	NW_018744143.1	1294997	1296749	+	1161	protein_coding	chlorophyll a-b binding protein 3%2C chloroplastic && sp|Q9S7M0|CB3_ARATH Chlorophyll a-b binding protein 3, chloroplastic OS=Arabidopsis thaliana OX=3702 GN=LHCB3 PE=1 SV=1 && PF00504:Chlorophyll A-B binding protein	ERF
110704164	19.7038979013679	11.3000338520564	1.59383246404353	40.7351606709564	1.74322190576181e-10	2.01357511485246e-07	LOC110704164	NW_018744821.1	1742352	1746437	+	1626	protein_coding	tryptophan aminotransferase-related protein 4-like && sp|Q93Z38|TAR4_ARATH Tryptophan aminotransferase-related protein 4 OS=Arabidopsis thaliana OX=3702 GN=TAR4 PE=2 SV=2 && PF04864:Allinase|PF04863:Alliinase EGF-like domain	-
110716576	53.7189586361173	6.88216793849392	1.0099883933835	40.6677973773668	1.80436339106919e-10	2.02465038449886e-07	LOC110716576	NW_018745617.1	2102153	2103561	-	1013	protein_coding	chlorophyll a-b binding protein CP24%2C chloroplastic-like && sp|P36494|CB4_SPIOL Chlorophyll a-b binding protein CP24, chloroplastic OS=Spinacia oleracea OX=3562 PE=2 SV=1 && PF00504:Chlorophyll A-B binding protein	SBP
110705861	21.3642592537424	10.0062181717046	1.4689873824611	40.3266162192026	2.14861761725487e-10	2.29727065001662e-07	LOC110705861	NW_018744878.1	4104095	4109323	+	964	protein_coding	kirola-like && sp|Q941R6|MLP31_ARATH MLP-like protein 31 OS=Arabidopsis thaliana OX=3702 GN=MLP31 PE=2 SV=2 && PF00407:Pathogenesis-related protein Bet v I family	-
110736108	296.582362993925	2.75806506464833	0.43050902152235	40.3123977553396	2.1643117167167e-10	2.29727065001662e-07	LOC110736108	NW_018743292.1	231548	232963	-	891	protein_coding	protein YLS3-like && sp|O64865|LTG14_ARATH Non-specific lipid transfer protein GPI-anchored 14 OS=Arabidopsis thaliana OX=3702 GN=LTPG14 PE=2 SV=1 && PF14368:Probable lipid transfer	-
110701301	28.3712138209016	5.86801347835183	0.889133219730869	40.2261760041677	2.26197037607302e-10	2.33774638367147e-07	LOC110701301	NW_018744633.1	5963715	5967395	-	1917	protein_coding	amino acid permease 4-like && sp|Q38967|AAP2_ARATH Amino acid permease 2 OS=Arabidopsis thaliana OX=3702 GN=AAP2 PE=1 SV=1 && PF01490:Transmembrane amino acid transporter protein	MYB_related
110734228	134.737489283448	10.7801516901345	1.4833017919365	40.0184556560379	2.51574675664722e-10	2.53335698394375e-07	LOC110734228	NW_018742214.1	457825	458975	-	828	protein_coding	ribulose bisphosphate carboxylase small chain 3%2C chloroplastic-like && sp|Q9XGX4|RBS3_AMAHP Ribulose bisphosphate carboxylase small subunit, chloroplastic 3 OS=Amaranthus hypochondriacus OX=28502 GN=RBCS3 PE=2 SV=1 && PF00101:Ribulose bisphosphate carboxylase, small chain|PF12338:Ribulose-1,5-bisphosphate carboxylase small subunit	M-type_MADS
110714036	1344.98603340149	1.69014658655283	0.267766287632337	39.7198625448854	2.93129138012207e-10	2.87801515928835e-07	LOC110714036	NW_018745454.1	2407062	2409791	+	1034	protein_coding	probable aquaporin PIP1-4 && sp|Q39196|PIP14_ARATH Probable aquaporin PIP1-4 OS=Arabidopsis thaliana OX=3702 GN=PIP1.4 PE=1 SV=1 && PF00230:Major intrinsic protein	C3H
110682130	71.8476322585006	11.7766782897295	1.58108378448939	39.5967762048026	3.12198240864139e-10	2.89887025018103e-07	LOC110682130	NW_018743574.1	3856143	3859388	-	2189	protein_coding	protein HOTHEAD-like && sp|Q9S746|HTH_ARATH Protein HOTHEAD OS=Arabidopsis thaliana OX=3702 GN=HTH PE=1 SV=1 && PF00732:GMC oxidoreductase|PF05199:GMC oxidoreductase	G2-like
110715089	178.380880395308	4.85914592791156	0.745964630967086	39.3948242782517	3.46213418394375e-10	2.89887025018103e-07	LOC110715089	NW_018745470.1	919831	926202	+	1632	protein_coding	cytochrome P450 87A3-like && sp|Q7XU38|C87A3_ORYSJ Cytochrome P450 87A3 OS=Oryza sativa subsp. japonica OX=39947 GN=CYP87A3 PE=2 SV=3 && PF00067:Cytochrome P450	FAR1
110715536	10.1001978945751	12.352338364341	1.84664283065458	39.4389110395164	3.3848443447749e-10	2.89887025018103e-07	LOC110715536	NW_018745523.1	3322574	3325955	+	1190	protein_coding	acid phosphatase 1-like && sp|P27061|PPA1_SOLLC Acid phosphatase 1 OS=Solanum lycopersicum OX=4081 GN=APS1 PE=2 SV=1 && PF03767:HAD superfamily, subfamily IIIB (Acid phosphatase)	MYB
110717753	38.4176736779392	10.8861283893296	1.50943263736008	39.4745695404594	3.32359572449454e-10	2.89887025018103e-07	LOC110717753	NW_018745684.1	4768867	4770359	+	1493	protein_coding	tetrapyrrole-binding protein%2C chloroplastic-like && sp|Q9LX31|GUN4C_ARATH Tetrapyrrole-binding protein, chloroplastic OS=Arabidopsis thaliana OX=3702 GN=GUN4 PE=1 SV=1 && PF05419:GUN4-like	-
110718996	65.9289895207789	7.63232333110231	1.11536665397192	39.6054900748718	3.10808317353945e-10	2.89887025018103e-07	LOC110718996	NW_018742461.1	4415663	4415995	+	333	protein_coding	uncharacterized LOC110718996 && - && -	-
110719847	32.4769435041017	7.64924561131664	1.15391144010805	39.3908286744613	3.46922572145006e-10	2.89887025018103e-07	LOC110719847	NW_018742493.1	203478	204732	+	664	protein_coding	photosystem I reaction center subunit psaK%2C chloroplastic-like && sp|Q9SUI5|PSAK_ARATH Photosystem I reaction center subunit psaK, chloroplastic OS=Arabidopsis thaliana OX=3702 GN=PSAK PE=2 SV=2 && PF01241:Photosystem I psaG / psaK	-
110735567	18.4465105625637	7.61499653499253	1.13844199211602	39.5124924088765	3.25967468568382e-10	2.89887025018103e-07	LOC110735567	NW_018743285.1	4246344	4247768	+	633	protein_coding	basic blue protein-like && sp|P00303|BABL_CUCSA Basic blue protein OS=Cucumis sativus OX=3659 PE=1 SV=1 && PF02298:Plastocyanin-like domain	MYB
110710762	10.8620850956758	5.0350571535614	0.798857964263056	39.3418321146326	3.55737821243782e-10	2.91060238618897e-07	LOC110710762	NW_018745177.1	2177592	2183430	-	1630	protein_coding	protein trichome birefringence-like 3 && sp|Q8LED3|TBL3_ARATH Protein trichome birefringence-like 3 OS=Arabidopsis thaliana OX=3702 GN=TBL3 PE=2 SV=1 && PF13839:GDSL/SGNH-like Acyl-Esterase family found in Pmr5 and Cas1p|PF14416:PMR5 N terminal Domain	BES1
110733885	9.63779611419872	10.7489532211315	1.60316492598016	39.2778152225902	3.67594249304134e-10	2.94623039855536e-07	LOC110733885	NW_018743204.1	2420968	2424614	-	1847	protein_coding	protein trichome birefringence-like 34 && sp|O80919|TBL34_ARATH Protein trichome birefringence-like 34 OS=Arabidopsis thaliana OX=3702 GN=TBL34 PE=2 SV=2 && PF13839:GDSL/SGNH-like Acyl-Esterase family found in Pmr5 and Cas1p|PF14416:PMR5 N terminal Domain	BES1
110736163	528.118140151968	11.4419730763255	1.53139516445017	38.7738187885382	4.758678679578e-10	3.73775175566133e-07	LOC110736163	NW_018743292.1	756560	762294	-	2953	protein_coding	linoleate 13S-lipoxygenase 2-1%2C chloroplastic-like && sp|O24370|LOX21_SOLTU Linoleate 13S-lipoxygenase 2-1, chloroplastic OS=Solanum tuberosum OX=4113 GN=LOX2.1 PE=1 SV=1 && PF00305:Lipoxygenase|PF01477:PLAT/LH2 domain	NF-YA
110692977	202.292720608017	2.26044426542154	0.361702779764403	38.7126881858165	4.91006893136113e-10	3.78104190473226e-07	LOC110692977	NW_018744137.1	839599	842147	+	1193	protein_coding	uncharacterized LOC110692977 && - && -	G2-like
110726440	86.8590783127773	8.74994854401722	1.29137755281693	38.2449136669758	6.23995137793983e-10	4.70908011197521e-07	LOC110726440	NW_018742879.1	2096702	2098670	+	1108	protein_coding	chlorophyll a-b binding protein 4%2C chloroplastic-like && sp|P27521|CA4_ARATH Chlorophyll a-b binding protein 4, chloroplastic OS=Arabidopsis thaliana OX=3702 GN=LHCA4 PE=1 SV=1 && PF00504:Chlorophyll A-B binding protein	ERF
110736768	19.0332182015071	5.56462600076521	0.872950386355586	38.2092534072708	6.35503388930527e-10	4.70908011197521e-07	LOC110736768	NW_018743292.1	7356019	7357926	-	1102	protein_coding	universal stress protein A-like protein && sp|Q8LGG8|USPAL_ARATH Universal stress protein A-like protein OS=Arabidopsis thaliana OX=3702 GN=At3g01520 PE=1 SV=2 && PF00582:Universal stress protein family	-
110701034	39.6524840736606	6.51959814788505	1.00656783842007	38.0603372284056	6.85903493525431e-10	4.89772507294987e-07	LOC110701034	NW_018744633.1	3306811	3309430	+	1833	protein_coding	endoglucanase 12-like && sp|Q7XUK4|GUN12_ORYSJ Endoglucanase 12 OS=Oryza sativa subsp. japonica OX=39947 GN=GLU3 PE=2 SV=2 && PF00759:Glycosyl hydrolase family 9	WRKY
110725774	23.3890348421332	7.89832540249685	1.18853520264797	38.0743963029858	6.8097893093151e-10	4.89772507294987e-07	LOC110725774	NW_018742815.1	3439721	3441429	-	809	protein_coding	basic blue protein-like && sp|P00303|BABL_CUCSA Basic blue protein OS=Cucumis sativus OX=3659 PE=1 SV=1 && PF02298:Plastocyanin-like domain	MYB
110699526	323.725822931581	4.26116484368938	0.673851205361889	37.780537761075	7.91676639720659e-10	5.55205654852669e-07	LOC110699526	NW_018744589.1	607590	609635	+	2046	protein_coding	3-ketoacyl-CoA synthase 19-like && sp|Q9LZ72|KCS19_ARATH 3-ketoacyl-CoA synthase 19 OS=Arabidopsis thaliana OX=3702 GN=KCS19 PE=2 SV=1 && PF08541:3-Oxoacyl-[acyl-carrier-protein (ACP)] synthase III C terminal|PF08392:FAE1/Type III polyketide synthase-like protein	bZIP
110692978	766.539529209957	4.32641083863039	0.684967921246445	37.572954536059	8.80570103915945e-10	6.06712801598086e-07	LOC110692978	NW_018744137.1	819832	821835	+	877	protein_coding	non-symbiotic hemoglobin 2-like && sp|Q941P9|HBL2_SOLLC Non-symbiotic hemoglobin 2 OS=Solanum lycopersicum OX=4081 GN=HB2 PE=2 SV=1 && PF00042:Globin	-
110694523	549.182914105518	5.89311815130892	0.920728540526479	36.4952753002772	1.53036754078711e-09	1.01539591845086e-06	LOC110694523	NW_018744239.1	1661028	1662287	+	764	protein_coding	MLP-like protein 423 && sp|Q93VR4|ML423_ARATH MLP-like protein 423 OS=Arabidopsis thaliana OX=3702 GN=MLP423 PE=2 SV=1 && PF00407:Pathogenesis-related protein Bet v I family	-
110716860	76.2146404829234	5.40122685437378	0.857796676619024	36.468809588007	1.55128854701836e-09	1.01539591845086e-06	LOC110716860	NW_018745650.1	1893369	1894768	-	986	protein_coding	chlorophyll a-b binding protein CP24%2C chloroplastic && sp|P36494|CB4_SPIOL Chlorophyll a-b binding protein CP24, chloroplastic OS=Spinacia oleracea OX=3562 PE=2 SV=1 && PF00504:Chlorophyll A-B binding protein	ERF
110701965	370.191957814174	2.26830283854832	0.374382659590022	36.3468005575847	1.65150097064754e-09	1.06326881344657e-06	LOC110701965	NW_018744662.1	1814948	1819892	+	1757	protein_coding	3-hydroxyisobutyryl-CoA hydrolase-like protein 5%2C transcript variant X1 && sp|Q9SHJ8|HIBC8_ARATH 3-hydroxyisobutyryl-CoA hydrolase-like protein 5 OS=Arabidopsis thaliana OX=3702 GN=At1g06550 PE=1 SV=2 && PF16113:Enoyl-CoA hydratase/isomerase	SBP
110722767	1136.57878160898	3.12417813417107	0.511689604355026	36.2802675331874	1.70885322850366e-09	1.08244827166168e-06	LOC110722767	NW_018742684.1	2453681	2454500	+	820	protein_coding	uncharacterized LOC110722767 && - && PF04398:Protein of unknown function, DUF538	-
110681931	471.400756114632	1.76535393758021	0.292917873123127	36.1899774004238	1.78988729265639e-09	1.1157816451507e-06	LOC110681931	NW_018743574.1	1703040	1708687	+	785	protein_coding	uncharacterized LOC110681931%2C transcript variant X1 && - && -	-
110738346	24.566670319795	7.80180720184021	1.20456881236316	36.0982624953007	1.87614054538161e-09	1.15127605685581e-06	LOC110738346	NW_018743389.1	345551	349881	-	1309	protein_coding	protein trichome birefringence-like 38 && sp|Q8VY22|TBL38_ARATH Protein trichome birefringence-like 38 OS=Arabidopsis thaliana OX=3702 GN=TBL38 PE=2 SV=1 && PF14416:PMR5 N terminal Domain|PF13839:GDSL/SGNH-like Acyl-Esterase family found in Pmr5 and Cas1p	BES1
110704977	104.261209539502	1.66434192798335	0.277600203180391	35.9422182171074	2.03256524169392e-09	1.22807591903147e-06	LOC110704977	NW_018744874.1	567269	571027	-	1600	protein_coding	peptidyl-prolyl cis-trans isomerase CYP40-like && sp|Q9C566|CYP40_ARATH Peptidyl-prolyl cis-trans isomerase CYP40 OS=Arabidopsis thaliana OX=3702 GN=CYP40 PE=2 SV=1 && PF07719:Tetratricopeptide repeat|PF00160:Cyclophilin type peptidyl-prolyl cis-trans isomerase/CLD	FAR1
110691567	417.454400024946	4.0368468578366	0.657049911393693	35.9006633185545	2.0763801522828e-09	1.23554057152428e-06	LOC110691567	NW_018744080.1	4173367	4175265	-	1137	protein_coding	probable calcium-binding protein CML49 && sp|Q2QY10|CBP_ORYSJ Calcium-binding protein CBP OS=Oryza sativa subsp. japonica OX=39947 GN=CBP PE=2 SV=1 && PF13499:EF-hand domain pair	-
110682543	74.6340572940425	7.1462988267543	1.10588792703445	35.7919659281499	2.19551399890928e-09	1.28693166088305e-06	LOC110682543	NW_018743574.1	8547729	8549666	+	1315	protein_coding	peroxidase 72-like && sp|Q9FJZ9|PER72_ARATH Peroxidase 72 OS=Arabidopsis thaliana OX=3702 GN=PER72 PE=1 SV=1 && PF00141:Peroxidase	NAC
110718318	10.8273373312276	9.20596539589048	1.46153677723732	35.5450601909883	2.49218248029577e-09	1.43934533159788e-06	LOC110718318	NW_018745684.1	1119668	1122382	-	1348	protein_coding	monoacylglycerol lipase ABHD6-like && sp|P9WNH2|Y2715_MYCTO Uncharacterized protein MT2788 OS=Mycobacterium tuberculosis (strain CDC 1551 / Oshkosh) OX=83331 GN=MT2788 PE=3 SV=1 && PF00561:alpha/beta hydrolase fold	CAMTA
110716700	204.777267272711	3.07474320040972	0.510738912069189	35.3782122243029	2.71507139502135e-09	1.54534781009671e-06	LOC110716700	NW_018745617.1	112976	115076	-	678	pseudogene	- && sp|Q9SSK5|MLP43_ARATH MLP-like protein 43 OS=Arabidopsis thaliana OX=3702 GN=MLP43 PE=1 SV=1 && -	-
110699173	12.9902775152487	7.98574833795753	1.28710157042568	35.3287768791835	2.78486720791338e-09	1.56242985509117e-06	LOC110699173	NW_018744582.1	471749	477396	-	1638	protein_coding	UDP-xylose transporter 1-like%2C transcript variant X3 && sp|F4IHS9|UXT1_ARATH UDP-xylose transporter 1 OS=Arabidopsis thaliana OX=3702 GN=UXT1 PE=1 SV=1 && PF03151:Triose-phosphate Transporter family	NAC
110723935	67.0721195089525	6.17392572869755	1.00223025109569	35.200406733257	2.97461416063095e-09	1.64538059056985e-06	LOC110723935	NW_018742733.1	4025077	4038315	-	1059	protein_coding	horcolin-like%2C transcript variant X1 && - && -	-
110707669	50.5831922420805	6.45070224151703	1.02502915690974	35.0880556710729	3.15127808549961e-09	1.71889089238647e-06	LOC110707669	NW_018745003.1	48532	50302	+	967	protein_coding	profilin-1-like && sp|E2D0Y9|PRF02_KALTU Profilin Sal k 4.0201 OS=Kali turgidum OX=151250 PE=1 SV=1 && PF00235:Profilin	-
110683425	501.051740115889	2.2387767011838	0.376501264347868	35.0176098151567	3.26736996005666e-09	1.75780028001788e-06	LOC110683425	NW_018743669.1	799243	799919	-	677	protein_coding	uncharacterized LOC110683425 && - && PF11493:Thylakoid soluble phosphoprotein TSP9	-
110714743	190.083185960181	5.87771632335466	0.93990505617557	34.9547364189344	3.37459513193146e-09	1.79095235968033e-06	LOC110714743	NW_018742418.1	24180	25246	+	1067	protein_coding	BURP domain-containing protein BNM2A-like && sp|O65009|BNM2A_BRANA BURP domain-containing protein BNM2A OS=Brassica napus OX=3708 GN=BNM2A PE=2 SV=1 && PF03181:BURP domain	-
110700579	22.4983076036954	3.95348084881128	0.661039182145403	34.8855773305955	3.4966144078686e-09	1.83096716853631e-06	LOC110700579	NW_018744626.1	4065006	4069200	-	1565	pseudogene	- && sp|Q9FUT0|GSTU9_ARATH Glutathione S-transferase U9 OS=Arabidopsis thaliana OX=3702 GN=GSTU9 PE=2 SV=1 && -	-
110724145	24.7893925710837	6.87236086771995	1.11100619571021	34.6968682443574	3.85250846958531e-09	1.99078375165821e-06	LOC110724145	NW_018742738.1	3245481	3257711	-	1617	protein_coding	fructose-1%2C6-bisphosphatase%2C chloroplastic-like && sp|P22418|F16P1_SPIOL Fructose-1,6-bisphosphatase, chloroplastic OS=Spinacia oleracea OX=3562 PE=1 SV=2 && PF00316:Fructose-1-6-bisphosphatase, N-terminal domain	MYB_related
110697137	22.1874030039557	11.5493998950646	1.76611232160989	34.5779731080613	4.09514090068871e-09	2.07345886376182e-06	LOC110697137	NW_018744460.1	1316712	1318163	+	1259	protein_coding	peroxidase 66-like && sp|Q9LT91|PER66_ARATH Peroxidase 66 OS=Arabidopsis thaliana OX=3702 GN=PER66 PE=2 SV=1 && PF00141:Peroxidase	M-type_MADS
110716267	151.97354390377	4.43963601906121	0.732617729790223	34.5670945439655	4.11809108989438e-09	2.07345886376182e-06	LOC110716267	NW_018745569.1	1524954	1530711	-	1834	protein_coding	serine carboxypeptidase-like 34 && sp|Q0WPR4|SCP34_ARATH Serine carboxypeptidase-like 34 OS=Arabidopsis thaliana OX=3702 GN=SCPL34 PE=2 SV=2 && PF00450:Serine carboxypeptidase	MYB_related
110700336	13.5371170960339	5.93958173618039	0.980713783648736	34.4954543510508	4.27247930881793e-09	2.12396303664818e-06	LOC110700336	NW_018744626.1	1000854	1003246	-	1804	protein_coding	transcription factor MYB86-like && sp|Q8LPH6|MYB86_ARATH Transcription factor MYB86 OS=Arabidopsis thaliana OX=3702 GN=MYB86 PE=2 SV=1 && PF00249:Myb-like DNA-binding domain	MYB
110705686	86.6089670763894	5.41056277426723	0.881977596554189	34.4675923594787	4.33407708936748e-09	2.12765261913412e-06	LOC110705686	NW_018744878.1	4892582	4893148	-	567	protein_coding	photosystem II 5 kDa protein%2C chloroplastic-like && sp|P31336|PST2_GOSHI Photosystem II 5 kDa protein, chloroplastic OS=Gossypium hirsutum OX=3635 GN=PSBT PE=4 SV=1 && -	-
110693714	14.6721718193643	10.58222985341	1.64679398587161	34.3721136066164	4.5519884785759e-09	2.18012492096477e-06	LOC110693714	NW_018744151.1	4925535	4935008	-	1324	protein_coding	GDSL esterase/lipase At5g45950-like%2C transcript variant X1 && sp|Q9FJ41|GDL85_ARATH GDSL esterase/lipase At5g45950 OS=Arabidopsis thaliana OX=3702 GN=At5g45950 PE=2 SV=1 && PF00657:GDSL-like Lipase/Acylhydrolase	ERF
110739990	849.461734029615	1.39200382619566	0.238064002197714	34.1723333913055	5.04410071919471e-09	2.3867104523486e-06	LOC110739990	NW_018743518.1	493706	498115	+	1722	protein_coding	serine carboxypeptidase-like 18%2C transcript variant X1 && sp|Q9C7Z9|SCP18_ARATH Serine carboxypeptidase-like 18 OS=Arabidopsis thaliana OX=3702 GN=SCPL18 PE=2 SV=2 && PF00450:Serine carboxypeptidase	C3H
110690672	10038.5520797934	2.93137717973282	0.496490420774798	34.0584341170263	5.34815891554189e-09	2.4783446681611e-06	LOC110690672	NW_018744062.1	912846	913927	+	679	protein_coding	non-specific lipid-transfer protein-like && sp|P10976|NLTP_SPIOL Non-specific lipid-transfer protein OS=Spinacia oleracea OX=3562 PE=1 SV=2 && PF00234:Protease inhibitor/seed storage/LTP family	ARF
110734130	15.8984951375467	8.82398382966521	1.39688912771925	34.0526891343285	5.36397262225177e-09	2.4783446681611e-06	LOC110734130	NW_018743212.1	2554229	2556227	-	1480	lncRNA	uncharacterized LOC110734130 && sp|P19873|ITH5_CUCMA Inhibitor of trypsin and hageman factor OS=Cucurbita maxima OX=3661 PE=1 SV=1 && -	-
110720877	28.2142422035713	6.94048657763226	1.11980488050992	33.8594049291921	5.92420129015596e-09	2.70536229381738e-06	LOC110720877	NW_018742204.1	18226739	18228483	-	1745	protein_coding	scopoletin glucosyltransferase-like && sp|Q9AT54|SCGT_TOBAC Scopoletin glucosyltransferase OS=Nicotiana tabacum OX=4097 GN=TOGT1 PE=1 SV=1 && PF00201:UDP-glucoronosyl and UDP-glucosyl transferase	ERF
110699228	75.3136217389347	8.06163019815928	1.26760071034614	33.6730845918224	6.51965610275107e-09	2.94306269107291e-06	LOC110699228	NW_018744582.1	1214089	1217275	+	1551	protein_coding	sedoheptulose-1%2C7-bisphosphatase%2C chloroplastic-like && sp|O20252|S17P_SPIOL Sedoheptulose-1,7-bisphosphatase, chloroplastic OS=Spinacia oleracea OX=3562 PE=2 SV=1 && PF00316:Fructose-1-6-bisphosphatase, N-terminal domain	MYB_related
110682546	32.0374949417412	4.76927071247097	0.800828852115067	33.506026613835	7.10435184739243e-09	3.06603527585322e-06	LOC110682546	NW_018743574.1	8552925	8555175	+	1362	protein_coding	peroxidase 72-like && sp|Q9FJZ9|PER72_ARATH Peroxidase 72 OS=Arabidopsis thaliana OX=3702 GN=PER72 PE=1 SV=1 && PF00141:Peroxidase	NAC
110693173	87.2187662114135	4.73057504701231	0.790238304750306	33.5100611605001	7.0896303810791e-09	3.06603527585322e-06	LOC110693173	NW_018744143.1	862081	865974	+	2057	protein_coding	probable sesquiterpene synthase && sp|W0FFD7|DS_PERHD (-)-drimenol synthase OS=Persicaria hydropiper OX=46901 PE=1 SV=1 && PF01397:Terpene synthase, N-terminal domain|PF03936:Terpene synthase family, metal binding domain	GRAS
110720350	53.5949674682965	4.73274931715489	0.794911129503019	33.5088362306632	7.09409673685795e-09	3.06603527585322e-06	LOC110720350	NW_018742556.1	530412	531578	-	1167	protein_coding	uncharacterized LOC110720350 && - && PF14009:Domain of unknown function (DUF4228)	-
110685979	6.18688384510456	8.44963207237319	1.44487395080741	33.3746249500181	7.60092609103152e-09	3.1756507486498e-06	LOC110685979	NW_018743850.1	3522775	3529415	+	3075	protein_coding	phosphate transporter PHO1 homolog 1-like%2C transcript variant X1 && sp|Q93ZF5|PHO11_ARATH Phosphate transporter PHO1 homolog 1 OS=Arabidopsis thaliana OX=3702 GN=PHO1-H1 PE=2 SV=1 && PF03105:SPX domain|PF03124:EXS family	NAC
110714462	252.405320252368	4.93345303233439	0.821445085221846	33.3966947052984	7.51515794472391e-09	3.1756507486498e-06	LOC110714462	NW_018745454.1	3495179	3499376	-	2289	protein_coding	rhodanese-like domain-containing protein 4%2C chloroplastic && sp|Q9M158|STR4_ARATH Rhodanese-like domain-containing protein 4, chloroplastic OS=Arabidopsis thaliana OX=3702 GN=STR4 PE=1 SV=2 && -	-
110716158	715.898345498053	1.26888292916792	0.21967905289232	33.3784863647165	7.58584930223958e-09	3.1756507486498e-06	LOC110716158	NW_018745542.1	747624	766831	+	2329	protein_coding	uncharacterized LOC110716158 && - && PF08547:Complex I intermediate-associated protein 30 (CIA30)|PF13460:NAD(P)H-binding	M-type_MADS
110694661	323.192590508343	3.53603697732065	0.601492850981498	33.3324232989932	7.76767057106462e-09	3.18578667689372e-06	LOC110694661	NW_018744240.1	363937	366675	+	1860	protein_coding	omega-hydroxypalmitate O-feruloyl transferase-like && sp|Q94CD1|HHT1_ARATH Omega-hydroxypalmitate O-feruloyl transferase OS=Arabidopsis thaliana OX=3702 GN=HHT1 PE=1 SV=1 && PF02458:Transferase family	FAR1
110707350	312.069604366818	6.11370605472	0.995879693519331	33.3274839769301	7.78742446418143e-09	3.18578667689372e-06	LOC110707350	NW_018744996.1	3041386	3043678	-	1183	protein_coding	probable calcium-binding protein CML49 && sp|Q2QY10|CBP_ORYSJ Calcium-binding protein CBP OS=Oryza sativa subsp. japonica OX=39947 GN=CBP PE=2 SV=1 && PF13499:EF-hand domain pair	-
110737647	113.156911745038	3.08037460490182	0.52820782849777	33.2539647750257	8.08746937609551e-09	3.27442458564329e-06	LOC110737647	NW_018743331.1	89239	91332	+	781	protein_coding	uncharacterized LOC110737647%2C transcript variant X2 && - && -	-
110702695	22.268942928151	5.21978126929559	0.879314907311536	33.0669154166592	8.9041012281677e-09	3.56827313810031e-06	LOC110702695	NW_018742393.1	903379	903919	-	541	protein_coding	photosystem II 5 kDa protein%2C chloroplastic-like && sp|P31336|PST2_GOSHI Photosystem II 5 kDa protein, chloroplastic OS=Gossypium hirsutum OX=3635 GN=PSBT PE=4 SV=1 && -	-
110716624	353.448393081865	1.82844319968876	0.317625299268744	33.0037262280824	9.19824117925455e-09	3.64891440235216e-06	LOC110716624	NW_018745617.1	2297717	2299603	+	994	protein_coding	non-specific lipid-transfer protein-like protein At5g64080 && sp|Q8VYI9|LTG31_ARATH Non-specific lipid transfer protein GPI-anchored 31 OS=Arabidopsis thaliana OX=3702 GN=LTPG31 PE=2 SV=1 && PF14368:Probable lipid transfer	-
110724534	12.3721632760407	11.9678572048557	1.89542177115492	32.716974549321	1.06602200754092e-08	4.18658823021545e-06	LOC110724534	NW_018742770.1	2627389	2630172	+	1825	protein_coding	cytochrome P450 83B1-like && sp|O65782|C83B1_ARATH Cytochrome P450 83B1 OS=Arabidopsis thaliana OX=3702 GN=CYP83B1 PE=1 SV=1 && PF00067:Cytochrome P450	bHLH
110690669	8.55869134195706	8.9318574269847	1.49977950339722	32.4077132324064	1.24989378873393e-08	4.86010680841065e-06	LOC110690669	NW_018744062.1	874373	875508	+	746	protein_coding	non-specific lipid-transfer protein 1-like && sp|Q42762|NLTP1_GOSHI Non-specific lipid-transfer protein OS=Gossypium hirsutum OX=3635 PE=3 SV=1 && PF00234:Protease inhibitor/seed storage/LTP family	MYB_related
110682225	68.1855478843996	3.18361929416699	0.553831481507415	32.3134168768747	1.31204252963673e-08	4.95460060254072e-06	LOC110682225	NW_018743574.1	4842827	4845492	+	1418	protein_coding	uncharacterized LOC110682225 && sp|P9WNH2|Y2715_MYCTO Uncharacterized protein MT2788 OS=Mycobacterium tuberculosis (strain CDC 1551 / Oshkosh) OX=83331 GN=MT2788 PE=3 SV=1 && PF00561:alpha/beta hydrolase fold	CAMTA
110693992	343.321935808119	4.33742592330552	0.740925358917715	32.3143103581808	1.31143936653323e-08	4.95460060254072e-06	LOC110693992	NW_018742345.1	929292	932661	-	1149	protein_coding	xyloglucan endotransglucosylase/hydrolase protein 9-like && sp|Q8LDW9|XTH9_ARATH Xyloglucan endotransglucosylase/hydrolase protein 9 OS=Arabidopsis thaliana OX=3702 GN=XTH9 PE=2 SV=2 && PF06955:Xyloglucan endo-transglycosylase (XET) C-terminus|PF00722:Glycosyl hydrolases family 16	GRAS
110702414	32.3139418785921	4.07958558402942	0.704892610018341	32.3165121824582	1.30995416460687e-08	4.95460060254072e-06	LOC110702414	NW_018744693.1	144828	148682	-	1709	protein_coding	probable aquaporin PIP1-4 && sp|Q39196|PIP14_ARATH Probable aquaporin PIP1-4 OS=Arabidopsis thaliana OX=3702 GN=PIP1.4 PE=1 SV=1 && PF00230:Major intrinsic protein	C3H
110687452	11.9975344793744	7.73593002171534	1.30756525167171	32.2592537151224	1.34913025509815e-08	4.98930919958325e-06	LOC110687452	NW_018743919.1	3894093	3900653	+	2452	protein_coding	tonoplast dicarboxylate transporter-like && sp|Q8LG88|TDT_ARATH Tonoplast dicarboxylate transporter OS=Arabidopsis thaliana OX=3702 GN=TDT PE=2 SV=2 && PF00939:Sodium:sulfate symporter transmembrane region	-
110712462	89.2997178895019	3.49071966538	0.604863054997933	32.2722052529497	1.34016738022871e-08	4.98930919958325e-06	LOC110712462	NW_018745323.1	145981	147811	-	1252	pseudogene	- && sp|O65493|XCP1_ARATH Cysteine protease XCP1 OS=Arabidopsis thaliana OX=3702 GN=XCP1 PE=1 SV=1 && PF00112:Papain family cysteine protease	BBR-BPC
110737022	45.336464489553	5.55000966484541	0.935420032037981	32.2445959654515	1.35934633044434e-08	4.98930919958325e-06	LOC110737022	NW_018743292.1	11317876	11322964	-	1347	protein_coding	purple acid phosphatase 8-like && sp|Q8VYZ2|PPA8_ARATH Purple acid phosphatase 8 OS=Arabidopsis thaliana OX=3702 GN=PAP8 PE=2 SV=1 && PF00149:Calcineurin-like phosphoesterase	E2F/DP
110695977	888.030480132054	5.90113893932185	0.98168056754339	32.1670884012786	1.41466936507506e-08	5.14428796061044e-06	LOC110695977	NW_018744311.1	928761	935133	-	2983	protein_coding	linoleate 13S-lipoxygenase 2-1%2C chloroplastic-like%2C transcript variant X1 && sp|O24370|LOX21_SOLTU Linoleate 13S-lipoxygenase 2-1, chloroplastic OS=Solanum tuberosum OX=4113 GN=LOX2.1 PE=1 SV=1 && PF01477:PLAT/LH2 domain|PF00305:Lipoxygenase	NF-YA
110725251	68.0277636320608	2.58835078285202	0.454242807601625	32.1006559689577	1.46387878754843e-08	5.27439556177884e-06	LOC110725251	NW_018742810.1	1416407	1421087	+	3654	protein_coding	receptor protein-tyrosine kinase CEPR2-like && sp|Q9C7T7|CEPR2_ARATH Receptor protein-tyrosine kinase CEPR2 OS=Arabidopsis thaliana OX=3702 GN=CEPR2 PE=1 SV=1 && PF00069:Protein kinase domain|PF08263:Leucine rich repeat N-terminal domain	MYB_related
110715492	71.6391765835699	8.31767746301356	1.32671797332463	32.0597135782713	1.49505686264867e-08	5.33776074243647e-06	LOC110715492	NW_018745523.1	1819074	1820185	+	978	protein_coding	jasmonate-induced protein homolog && sp|P42764|JIPH_ATRCA Jasmonate-induced protein homolog OS=Atriplex canescens OX=35922 PE=2 SV=1 && -	-
110693700	88.8815508908962	6.20683059905682	1.03199393621377	32.0382606491691	1.51165818185147e-08	5.34841006989664e-06	LOC110693700	NW_018744151.1	4708035	4713493	+	1922	protein_coding	aromatic-L-amino-acid decarboxylase-like && sp|P93082|TDC1_CAMAC Tryptophan decarboxylase TDC1 OS=Camptotheca acuminata OX=16922 GN=TDC1 PE=1 SV=1 && PF00282:Pyridoxal-dependent decarboxylase conserved domain	-
110725223	532.164544898919	1.14578042954023	0.203188854292906	31.8347290308874	1.67864271976904e-08	5.85656070830496e-06	LOC110725223	NW_018742810.1	1096735	1101963	+	1313	protein_coding	adenylate kinase%2C chloroplastic-like && sp|Q9FIJ7|KAD2_ARATH Adenylate kinase 2, chloroplastic OS=Arabidopsis thaliana OX=3702 GN=At5g47840 PE=1 SV=1 && PF00406:Adenylate kinase	-
110738435	1392.85233454216	1.55573596578077	0.275500889901939	31.827265808192	1.68510518686747e-08	5.85656070830496e-06	LOC110738435	NW_018743389.1	3398554	3401658	+	1997	pseudogene	- && - && -	-
110735383	29.3702481333229	3.76368128958714	0.658070497776453	31.8069996781668	1.70277979365789e-08	5.86607638915142e-06	LOC110735383	NW_018743283.1	412185	421882	-	1476	protein_coding	NADPH-dependent aldo-keto reductase%2C chloroplastic-like%2C transcript variant X1 && sp|Q0PGJ6|AKRC9_ARATH NADPH-dependent aldo-keto reductase, chloroplastic OS=Arabidopsis thaliana OX=3702 GN=AKR4C9 PE=1 SV=1 && PF00248:Aldo/keto reductase family	FAR1
110697403	370.601287025145	7.33365041932472	1.19205253154728	31.7724761135905	1.73331733691671e-08	5.87444598699706e-06	LOC110697403	NW_018744460.1	384065	386515	+	1378	protein_coding	caffeic acid 3-O-methyltransferase-like && sp|Q8W013|COMT1_CATRO Caffeic acid 3-O-methyltransferase OS=Catharanthus roseus OX=4058 GN=COMT1 PE=2 SV=1 && PF08100:Dimerisation domain|PF00891:O-methyltransferase domain	-
110721497	94.4313665519598	3.27657781182352	0.573689026299135	31.7704513760045	1.73512523741924e-08	5.87444598699706e-06	LOC110721497	NW_018742616.1	1091769	1099276	-	2861	protein_coding	serine carboxypeptidase-like 13 && sp|Q9C7Z9|SCP18_ARATH Serine carboxypeptidase-like 18 OS=Arabidopsis thaliana OX=3702 GN=SCPL18 PE=2 SV=2 && PF00450:Serine carboxypeptidase	C3H
110697132	74.661428674945	6.48960377096736	1.08237438311249	31.6006389808089	1.89367267067204e-08	6.30255989790704e-06	LOC110697132	NW_018744460.1	1253398	1257347	+	2521	protein_coding	protein HOTHEAD-like && sp|Q9S746|HTH_ARATH Protein HOTHEAD OS=Arabidopsis thaliana OX=3702 GN=HTH PE=1 SV=1 && PF05199:GMC oxidoreductase|PF00732:GMC oxidoreductase	G2-like
110687453	802.678386686669	2.23927466192384	0.396713085978262	31.5467517107092	1.94695788525395e-08	6.37190641896487e-06	LOC110687453	NW_018743919.1	3909322	3910070	+	749	protein_coding	cysteine proteinase inhibitor 1-like && sp|Q6TPK4|CYT1_ACTDE Cysteine proteinase inhibitor 1 OS=Actinidia deliciosa OX=3627 PE=1 SV=1 && PF16845:Aspartic acid proteinase inhibitor	MYB_related
110725652	21.440732075075	4.82641749924989	0.845752942537467	31.5600211002222	1.93369896772285e-08	6.37190641896487e-06	LOC110725652	NW_018742815.1	1467961	1473061	-	2084	protein_coding	protein NRT1/ PTR FAMILY 6.2-like && sp|Q9SZY4|PTR27_ARATH Protein NRT1/ PTR FAMILY 6.2 OS=Arabidopsis thaliana OX=3702 GN=NPF6.2 PE=1 SV=1 && PF00854:POT family	C3H
110732723	38.1118863458411	2.07588573662389	0.370350459172197	31.5081521929591	1.9860469690278e-08	6.44611757145692e-06	LOC110732723	NW_018743175.1	5413618	5416187	-	1599	protein_coding	protein ODORANT1-like && sp|Q50EX6|ODO1_PETHY MYB-like transcription factor ODO1 OS=Petunia hybrida OX=4102 GN=ODO1 PE=2 SV=1 && PF00249:Myb-like DNA-binding domain	MYB
110724770	14.6397197309011	7.90839667130664	1.32360590521532	31.4814220788653	2.01357586889018e-08	6.48189877860033e-06	LOC110724770	NW_018742770.1	3576485	3579240	-	1294	protein_coding	transmembrane protein 136-like && - && PF03798:TLC domain	-
110693453	38.6241865574542	5.1689869269131	0.889137891102021	31.3813665913737	2.12005804128357e-08	6.76919019962031e-06	LOC110693453	NW_018744151.1	324522	326078	+	937	protein_coding	oxygen-evolving enhancer protein 3%2C chloroplastic-like && sp|P12301|PSBQ_SPIOL Oxygen-evolving enhancer protein 3, chloroplastic OS=Spinacia oleracea OX=3562 GN=PSBQ PE=1 SV=1 && PF05757:Oxygen evolving enhancer protein 3 (PsbQ)	-
110738480	100.922786814962	5.59448766463614	0.955118525827397	31.2207204800794	2.30294813872978e-08	7.29384534293023e-06	LOC110738480	NW_018743389.1	5118968	5128350	-	1637	protein_coding	probable pectinesterase 15 && sp|Q9ZQA3|PME15_ARATH Probable pectinesterase 15 OS=Arabidopsis thaliana OX=3702 GN=PME15 PE=2 SV=1 && PF01095:Pectinesterase	Trihelix
110739588	32.2388572831046	2.4325674945535	0.435458133627032	31.1271346753896	2.41669363391922e-08	7.58187978696555e-06	LOC110739588	NW_018742244.1	1931916	1933087	-	1172	protein_coding	dirigent protein 23-like && sp|Q84TH6|DIR23_ARATH Dirigent protein 23 OS=Arabidopsis thaliana OX=3702 GN=DIR23 PE=2 SV=1 && PF03018:Dirigent-like protein	B3
110716857	930.151366856879	1.82238547263231	0.326260761234962	31.0563625490104	2.50643372279515e-08	7.75080091301843e-06	LOC110716857	NW_018745650.1	2034034	2036024	+	1006	protein_coding	non-specific lipid-transfer protein-like protein At5g64080%2C transcript variant X1 && sp|Q8VYI9|LTG31_ARATH Non-specific lipid transfer protein GPI-anchored 31 OS=Arabidopsis thaliana OX=3702 GN=LTPG31 PE=2 SV=1 && PF14368:Probable lipid transfer	-
110702440	182.282368984172	1.47429004409491	0.264987605060142	30.9447735303936	2.65476031567581e-08	8.14534389668251e-06	LOC110702440	NW_018744693.1	519673	523073	-	1332	protein_coding	probable glutathione peroxidase 8 && sp|Q8LBU2|GPX8_ARATH Probable glutathione peroxidase 8 OS=Arabidopsis thaliana OX=3702 GN=GPX8 PE=2 SV=1 && PF00255:Glutathione peroxidase	GATA
110690671	4076.08777905771	3.01856118108683	0.536596985947353	30.8606485535407	2.77236712836518e-08	8.44024606451828e-06	LOC110690671	NW_018744062.1	908841	909663	+	544	protein_coding	non-specific lipid-transfer protein-like && sp|P10976|NLTP_SPIOL Non-specific lipid-transfer protein OS=Spinacia oleracea OX=3562 PE=1 SV=2 && PF00234:Protease inhibitor/seed storage/LTP family	MYB_related
110698607	14.0585490666197	6.47100050360806	1.12182701733437	30.8427964110769	2.79798811357897e-08	8.45272209112208e-06	LOC110698607	NW_018742381.1	2438936	2441969	+	1411	protein_coding	random slug protein 5-like%2C transcript variant X1 && sp|Q55CU8|PITC_DICDI Phosphatidylinositol transfer protein 3 OS=Dictyostelium discoideum OX=44689 GN=pitC PE=2 SV=1 && PF00650:CRAL/TRIO domain	ARR-B
110684270	6.9761089232236	6.22349031993077	1.13602551469615	30.8042580733245	2.8541090819143e-08	8.55644473084125e-06	LOC110684270	NW_018743697.1	3179311	3185773	+	1913	protein_coding	alcohol-forming fatty acyl-CoA reductase-like && sp|Q9XGY7|FAR_SIMCH Alcohol-forming fatty acyl-CoA reductase OS=Simmondsia chinensis OX=3999 PE=1 SV=1 && PF03015:Male sterility protein|PF07993:Male sterility protein	-
110687856	116.93847525133	3.70586972797213	0.655962437602656	30.7606002072152	2.91904885678847e-08	8.61953426711681e-06	LOC110687856	NW_018743920.1	1821286	1825642	+	2575	protein_coding	probable galactinol--sucrose galactosyltransferase 2 && sp|Q94A08|RFS2_ARATH Probable galactinol--sucrose galactosyltransferase 2 OS=Arabidopsis thaliana OX=3702 GN=RFS2 PE=2 SV=2 && PF05691:Raffinose synthase or seed imbibition protein Sip1	-
110734730	15.2586448778662	4.58010734266387	0.815217969254959	30.7700715863045	2.90483587886992e-08	8.61953426711681e-06	LOC110734730	NW_018743218.1	1664309	1686030	-	878	protein_coding	peptidyl-prolyl cis-trans isomerase FKBP13%2C chloroplastic-like && sp|Q9SCY2|FKB13_ARATH Peptidyl-prolyl cis-trans isomerase FKBP13, chloroplastic OS=Arabidopsis thaliana OX=3702 GN=FKBP13 PE=1 SV=2 && PF00254:FKBP-type peptidyl-prolyl cis-trans isomerase	-
110714059	262.640375647123	1.22717040626697	0.221721729886894	30.688469293287	3.02960071237146e-08	8.87921707290779e-06	LOC110714059	NW_018745454.1	2704668	2709965	+	2274	protein_coding	mechanosensitive ion channel protein 1%2C mitochondrial-like%2C transcript variant X1 && sp|Q8VZL4|MSL1_ARATH Mechanosensitive ion channel protein 1, mitochondrial OS=Arabidopsis thaliana OX=3702 GN=MSL1 PE=1 SV=1 && PF00924:Mechanosensitive ion channel	-
110715590	353.213246566346	3.52400657619851	0.625280585125262	30.6357704267222	3.11301279134563e-08	9.05610010033458e-06	LOC110715590	NW_018745523.1	3446888	3450510	-	1414	protein_coding	GDSL esterase/lipase APG-like && sp|Q9LU14|APG2_ARATH GDSL esterase/lipase APG OS=Arabidopsis thaliana OX=3702 GN=APG PE=2 SV=1 && PF00657:GDSL-like Lipase/Acylhydrolase	ERF
110738843	137.876742908646	2.96965660870638	0.532023431231559	30.5036079004375	3.33246182170287e-08	9.62321861203946e-06	LOC110738843	NW_018743397.1	132801	136236	-	1063	protein_coding	thylakoid lumenal 17.4 kDa protein%2C chloroplastic-like && sp|P81760|TL17_ARATH Thylakoid lumenal 17.4 kDa protein, chloroplastic OS=Arabidopsis thaliana OX=3702 GN=TL17 PE=1 SV=2 && PF00805:Pentapeptide repeats (8 copies)	-
110701049	9.55728239757625	5.04756907042588	0.934211332926287	30.3604554018926	3.58767959217118e-08	1.01366144333337e-05	LOC110701049	NW_018744633.1	3450372	3451268	+	897	protein_coding	uncharacterized LOC110701049 && - && -	-
110722324	36.7715008248059	6.86249861359918	1.16823825320357	30.3845812777298	3.54333435217601e-08	1.01366144333337e-05	LOC110722324	NW_018742669.1	360340	362888	+	2029	protein_coding	laccase-17-like && sp|Q9FJD5|LAC17_ARATH Laccase-17 OS=Arabidopsis thaliana OX=3702 GN=LAC17 PE=2 SV=1 && PF00394:Multicopper oxidase|PF07732:Multicopper oxidase|PF07731:Multicopper oxidase	bHLH
110732312	265.234282999316	3.07192695996042	0.550488216091001	30.372065800383	3.56626979866416e-08	1.01366144333337e-05	LOC110732312	NW_018743175.1	761651	764730	+	1627	protein_coding	beta-carotene isomerase D27%2C chloroplastic-like && sp|C7AU21|D27_ORYSJ Beta-carotene isomerase D27, chloroplastic OS=Oryza sativa subsp. japonica OX=39947 GN=D27 PE=1 SV=1 && PF13225:Domain of unknown function (DUF4033)	AP2
110726953	118.368510236617	2.64797418040441	0.477444909008645	30.3206045678303	3.66214956682015e-08	1.02731142812663e-05	LOC110726953	NW_018742205.1	238811	241593	-	1190	protein_coding	uncharacterized LOC110726953 && - && -	G2-like
110726421	414.554022125593	1.11783156986648	0.20324697923694	30.299625439843	3.70197385199116e-08	1.0311178658812e-05	LOC110726421	NW_018742879.1	1809818	1815555	-	1350	protein_coding	ribulose-phosphate 3-epimerase%2C chloroplastic && sp|Q43157|RPE_SPIOL Ribulose-phosphate 3-epimerase, chloroplastic OS=Spinacia oleracea OX=3562 GN=RPE PE=1 SV=1 && PF00834:Ribulose-phosphate 3 epimerase family	-
110723937	255.406410647875	3.86713006521562	0.687546762588847	30.2741331516328	3.75094975924834e-08	1.03118825812843e-05	LOC110723937	NW_018742733.1	4060447	4064264	+	1320	protein_coding	uncharacterized LOC110723937 && - && PF01419:Jacalin-like lectin domain	B3
110728069	354.423102016036	5.81128320759684	0.998858969290709	30.2721740065383	3.75474043012668e-08	1.03118825812843e-05	LOC110728069	NW_018742914.1	6744711	6749197	+	1535	protein_coding	GDSL esterase/lipase At4g28780-like && sp|Q9SVU5|GDL67_ARATH GDSL esterase/lipase At4g28780 OS=Arabidopsis thaliana OX=3702 GN=At4g28780 PE=2 SV=1 && PF00657:GDSL-like Lipase/Acylhydrolase	ERF
110685228	47.44433812665	3.58277868490339	0.641804363237446	30.2423834588569	3.81285610938372e-08	1.03260607310472e-05	LOC110685228	NW_018743792.1	6123057	6133537	+	1646	protein_coding	protein trichome birefringence-like 39 && sp|Q9SIN2|TBL39_ARATH Protein trichome birefringence-like 39 OS=Arabidopsis thaliana OX=3702 GN=TBL39 PE=2 SV=1 && PF13839:GDSL/SGNH-like Acyl-Esterase family found in Pmr5 and Cas1p|PF14416:PMR5 N terminal Domain	BES1
110714610	466.170817284745	4.20563114747926	0.743976828624867	30.2292400744864	3.83878203023168e-08	1.03260607310472e-05	LOC110714610	NW_018745454.1	2813243	2815880	-	1105	protein_coding	chlorophyll a-b binding protein CP26%2C chloroplastic-like && sp|Q9XF89|CB5_ARATH Chlorophyll a-b binding protein CP26, chloroplastic OS=Arabidopsis thaliana OX=3702 GN=LHCB5 PE=1 SV=1 && PF00504:Chlorophyll A-B binding protein	ERF
110732736	29.2506379644575	1.62959823852097	0.297441034922022	30.2438882286843	3.80989909637617e-08	1.03260607310472e-05	LOC110732736	NW_018743175.1	5578694	5586552	+	3837	protein_coding	NAC domain-containing protein 7-like && sp|Q9FWX2|NAC7_ARATH NAC domain-containing protein 7 OS=Arabidopsis thaliana OX=3702 GN=NAC007 PE=1 SV=2 && PF02365:No apical meristem (NAM) protein	NAC
110733539	21.7730529133493	4.91535110178466	0.87259543619293	30.1077122520727	4.08702627751348e-08	1.09190328569243e-05	LOC110733539	NW_018743199.1	3239865	3242284	-	1284	protein_coding	peroxidase P7-like && sp|Q9FLC0|PER52_ARATH Peroxidase 52 OS=Arabidopsis thaliana OX=3702 GN=PER52 PE=2 SV=1 && PF00141:Peroxidase	NAC
110723931	161.253183157256	3.53887193178113	0.634393234908027	30.059226363611	4.19050009774266e-08	1.11198317796383e-05	LOC110723931	NW_018742733.1	3972298	3985102	-	7113	protein_coding	uncharacterized LOC110723931 && - && -	NAC
110706373	33.5609584784376	6.01472629031617	1.04957974208013	30.0294756865782	4.25528620089286e-08	1.12159634206487e-05	LOC110706373	NW_018744955.1	807177	811153	+	1510	protein_coding	protein MET1%2C chloroplastic-like && sp|Q94BS2|MET1_ARATH Protein MET1, chloroplastic OS=Arabidopsis thaliana OX=3702 GN=MET1 PE=1 SV=1 && -	G2-like
110733458	30.925588941716	3.22422364787666	0.584447231235857	29.912343070809	4.52026070155873e-08	1.18349465688211e-05	LOC110733458	NW_018743199.1	2420765	2423883	+	1833	protein_coding	protein ESKIMO 1-like && sp|Q9LY46|TBL29_ARATH Protein ESKIMO 1 OS=Arabidopsis thaliana OX=3702 GN=ESK1 PE=1 SV=1 && PF14416:PMR5 N terminal Domain|PF13839:GDSL/SGNH-like Acyl-Esterase family found in Pmr5 and Cas1p	MYB
110720176	105.751878383083	2.9325715901145	0.531542669413302	29.8521459427529	4.66280499236623e-08	1.21273073155761e-05	LOC110720176	NW_018742541.1	2220696	2221694	+	856	protein_coding	uncharacterized LOC110720176 && - && -	-
110684982	25.6617709334264	3.70974561290881	0.672195868459611	29.8005447054305	4.78857423905523e-08	1.23021762658473e-05	LOC110684982	NW_018742287.1	623852	627528	+	1563	protein_coding	thermospermine synthase ACAULIS5-like && sp|Q9S7X6|ACL5_ARATH Thermospermine synthase ACAULIS5 OS=Arabidopsis thaliana OX=3702 GN=ACL5 PE=1 SV=1 && PF17284:Spermidine synthase tetramerisation domain|PF01564:Spermine/spermidine synthase domain	-
110739296	57.2674855041494	3.78601201277591	0.680961169342082	29.7988792833906	4.79268955433667e-08	1.23021762658473e-05	LOC110739296	NW_018742244.1	1534703	1536887	-	1109	protein_coding	ubiquitin-conjugating enzyme E2-17 kDa-like && sp|P35135|UBC4_SOLLC Ubiquitin-conjugating enzyme E2-17 kDa OS=Solanum lycopersicum OX=4081 PE=2 SV=1 && PF00179:Ubiquitin-conjugating enzyme	MYB_related
110681983	29.9919921628164	5.40061372486029	0.951660956172694	29.7811359878809	4.83675443546439e-08	1.23346660353242e-05	LOC110681983	NW_018742244.1	3005326	3006989	+	1297	protein_coding	cysteine protease XCP2-like && sp|Q9LM66|XCP2_ARATH Cysteine protease XCP2 OS=Arabidopsis thaliana OX=3702 GN=XCP2 PE=1 SV=2 && PF08246:Cathepsin propeptide inhibitor domain (I29)|PF00112:Papain family cysteine protease	BBR-BPC
110709565	105.619550435703	2.0765389723624	0.380367534896727	29.7095671308554	5.01865262652413e-08	1.27159706194505e-05	LOC110709565	NW_018742418.1	3622867	3624818	+	1304	protein_coding	GDSL esterase/lipase At3g26430-like && sp|Q9LIN2|GDL53_ARATH GDSL esterase/lipase At3g26430 OS=Arabidopsis thaliana OX=3702 GN=At3g26430 PE=1 SV=1 && PF00657:GDSL-like Lipase/Acylhydrolase	B3
110697822	42.0284427779216	4.31402081942816	0.772429287886843	29.696989482104	5.05132067344702e-08	1.27166997954029e-05	LOC110697822	NW_018744501.1	1268453	1276056	-	1496	protein_coding	probable indole-3-pyruvate monooxygenase YUCCA10 && sp|Q9FVQ0|YUC10_ARATH Probable indole-3-pyruvate monooxygenase YUCCA10 OS=Arabidopsis thaliana OX=3702 GN=YUC10 PE=2 SV=1 && PF00743:Flavin-binding monooxygenase-like	B3
110690675	192.681465114931	5.94494047124565	1.02994462602263	29.6781294638491	5.10070566899778e-08	1.27592365438567e-05	LOC110690675	NW_018744062.1	932564	933534	+	728	protein_coding	non-specific lipid-transfer protein-like && sp|P10976|NLTP_SPIOL Non-specific lipid-transfer protein OS=Spinacia oleracea OX=3562 PE=1 SV=2 && PF00234:Protease inhibitor/seed storage/LTP family	MYB_related
110699293	29.5824120062709	3.70345443352113	0.671536611297201	29.572566918691	5.38618820827878e-08	1.32164471686849e-05	LOC110699293	NW_018744582.1	2076828	2080237	+	2049	protein_coding	protein ESKIMO 1-like && sp|Q9LY46|TBL29_ARATH Protein ESKIMO 1 OS=Arabidopsis thaliana OX=3702 GN=ESK1 PE=1 SV=1 && PF13839:GDSL/SGNH-like Acyl-Esterase family found in Pmr5 and Cas1p|PF14416:PMR5 N terminal Domain	MYB
110708634	110.444944218309	5.78302564080737	1.00820609072706	29.561119237232	5.41809384095502e-08	1.32164471686849e-05	LOC110708634	NW_018745024.1	10648714	10655042	+	3127	protein_coding	probable linoleate 9S-lipoxygenase 5 && sp|Q43191|LOX15_SOLTU Probable linoleate 9S-lipoxygenase 5 OS=Solanum tuberosum OX=4113 GN=LOX1.5 PE=2 SV=1 && PF00305:Lipoxygenase|PF01477:PLAT/LH2 domain	NF-YA
110721887	24.3597403707497	4.73610854582866	0.849899766393192	29.5765944546176	5.37500795425364e-08	1.32164471686849e-05	LOC110721887	NW_018742630.1	3103244	3107174	+	1308	protein_coding	probable peroxygenase 5 && sp|Q9CAB7|PXG4_ARATH Probable peroxygenase 4 OS=Arabidopsis thaliana OX=3702 GN=PXG4 PE=1 SV=1 && PF05042:Caleosin related protein	-
110682574	171.204901569925	2.95664595206045	0.53855825327733	29.4966448419079	5.60135849936015e-08	1.34981406186732e-05	LOC110682574	NW_018742244.1	3677669	3682458	+	2340	protein_coding	cyclin-D3-1-like && sp|P42753|CCD31_ARATH Cyclin-D3-1 OS=Arabidopsis thaliana OX=3702 GN=CYCD3-1 PE=1 SV=3 && PF00134:Cyclin, N-terminal domain|PF02984:Cyclin, C-terminal domain	LBD
110690807	31.2080420987582	2.52147151764511	0.463423957245974	29.4963141288559	5.60231436570604e-08	1.34981406186732e-05	LOC110690807	NW_018744062.1	169110	170171	-	1062	protein_coding	uncharacterized LOC110690807 && - && -	LBD
110699031	67.5923277342568	3.41250721072672	0.621959329271069	29.276677875297	6.27463661220857e-08	1.50258416872724e-05	LOC110699031	NW_018744560.1	559953	563852	+	2204	protein_coding	probable acyl-activating enzyme 1%2C peroxisomal && sp|F4HUK6|AAE1_ARATH Butanoate--CoA ligase AAE1 OS=Arabidopsis thaliana OX=3702 GN=AAE1 PE=1 SV=1 && PF13193:AMP-binding enzyme C-terminal domain|PF00501:AMP-binding enzyme	C2H2
110706032	48.4080312018989	2.31709928925478	0.427181011261988	29.248061885915	6.36798894422168e-08	1.51569715034193e-05	LOC110706032	NW_018744895.1	2192111	2194963	-	2853	protein_coding	chitinase 2-like && sp|Q9SLP4|CHIT1_TULSB Chitinase 1 OS=Tulipa saxatilis subsp. bakeri OX=110455 PE=1 SV=1 && PF00704:Glycosyl hydrolases family 18	-
110712188	132.259721641759	4.10100915673481	0.742458953305212	29.0849952500058	6.92714181520652e-08	1.63885325607594e-05	LOC110712188	NW_018745291.1	69230	71192	+	1184	protein_coding	chlorophyll a-b binding protein CP29.2%2C chloroplastic-like && sp|Q9XF88|CB4B_ARATH Chlorophyll a-b binding protein CP29.2, chloroplastic OS=Arabidopsis thaliana OX=3702 GN=LHCB4.2 PE=1 SV=1 && PF00504:Chlorophyll A-B binding protein	ERF
110698176	25.9604652744498	4.46267464586636	0.809519551143175	29.0369474286047	7.10109410793893e-08	1.66994771797057e-05	LOC110698176	NW_018744502.1	853995	855796	-	1486	lncRNA	uncharacterized LOC110698176 && - && -	-
110723446	142.53635148589	3.28498873833303	0.6016993619742	28.9708193883018	7.34768418777663e-08	1.717652387539e-05	LOC110723446	NW_018742204.1	21723994	21727201	-	1607	protein_coding	serine/threonine-protein kinase SAPK1-like && sp|Q0D4J7|SAPK2_ORYSJ Serine/threonine-protein kinase SAPK2 OS=Oryza sativa subsp. japonica OX=39947 GN=SAPK2 PE=1 SV=1 && PF00069:Protein kinase domain	LBD
110714977	34.2638596903062	3.1458370799145	0.580467139885821	28.9387336299615	7.47040477644078e-08	1.73600714074058e-05	LOC110714977	NW_018745461.1	2002778	2004330	-	1316	pseudogene	- && sp|Q9FYE1|MCA9_ARATH Metacaspase-9 OS=Arabidopsis thaliana OX=3702 GN=AMC9 PE=1 SV=1 && PF00656:Caspase domain	Trihelix
110700145	73.3470979896656	1.7989876977111	0.334665079096061	28.8998992925688	7.62168755499317e-08	1.7504475751301e-05	LOC110700145	NW_018744620.1	956247	963077	-	3051	protein_coding	uncharacterized LOC110700145%2C transcript variant X2 && - && -	-
110732521	191.249983891268	3.15349172352812	0.579823281023302	28.8121606099036	7.97488126481792e-08	1.82091576693718e-05	LOC110732521	NW_018743175.1	3357345	3361914	+	1121	protein_coding	protein LOL1%2C transcript variant X1 && sp|Q93ZB1|LOL1_ARATH Protein LOL1 OS=Arabidopsis thaliana OX=3702 GN=LOL1 PE=2 SV=1 && PF06943:LSD1 zinc finger	LSD
110689598	27.2257499916706	5.49862415617241	0.991795848365059	28.7812375122998	8.10323325157925e-08	1.83952762710562e-05	LOC110689598	NW_018743975.1	226	1546	+	1321	protein_coding	repetitive proline-rich cell wall protein 1-like && - && -	-
110694744	43.2807661573438	10.3350834028908	1.70261027256381	28.688398241178	8.50115070564346e-08	1.91876834288929e-05	LOC110694744	NW_018744240.1	1367944	1371319	+	1546	protein_coding	GDSL esterase/lipase EXL3-like && sp|Q94CH8|EXL1_ARATH GDSL esterase/lipase EXL1 OS=Arabidopsis thaliana OX=3702 GN=EXL1 PE=2 SV=1 && PF00657:GDSL-like Lipase/Acylhydrolase	ERF
110702784	216.964896919875	2.57724594293427	0.478089203951738	28.6438530342286	8.69896883534975e-08	1.95219773183252e-05	LOC110702784	NW_018744702.1	1818466	1822118	+	1733	protein_coding	alpha-galactosidase-like && sp|Q8RX86|AGAL2_ARATH Alpha-galactosidase 2 OS=Arabidopsis thaliana OX=3702 GN=AGAL2 PE=1 SV=1 && PF17801:Alpha galactosidase C-terminal beta sandwich domain|PF16499:Alpha galactosidase A	MYB_related
110701744	83.7443647919586	3.05294874765401	0.564759172501953	28.6193943188011	8.80954093113745e-08	1.96577898288955e-05	LOC110701744	NW_018744656.1	495498	502540	+	914	protein_coding	E3 ubiquitin-protein ligase RNF34-like && - && PF13920:Zinc finger, C3HC4 type (RING finger)	NF-X1
110707762	18.1975966899755	6.09599001406367	1.09166186255946	28.5323840313655	9.21443561290081e-08	2.04451146794042e-05	LOC110707762	NW_018745003.1	1168850	1170018	+	1169	protein_coding	ferredoxin-2-like && sp|O04683|FER1_MESCR Ferredoxin-1, chloroplastic OS=Mesembryanthemum crystallinum OX=3544 PE=2 SV=1 && PF00111:2Fe-2S iron-sulfur cluster binding domain	-
110719466	144.802071484094	1.65227018158906	0.309494943965726	28.4563587038431	9.58344955873716e-08	2.09094896955714e-05	LOC110719466	NW_018742484.1	4154578	4157029	-	950	protein_coding	remorin-like && sp|P93788|REMO_SOLTU Remorin OS=Solanum tuberosum OX=4113 PE=1 SV=1 && PF03766:Remorin, N-terminal region|PF03763:Remorin, C-terminal region	NF-YC
110681975	239.5533463558	1.39197110577534	0.261067518644849	28.4383081348985	9.67321761016419e-08	2.09887444864076e-05	LOC110681975	NW_018743574.1	2177979	2180400	+	988	protein_coding	ABC transporter I family member 10%2C chloroplastic-like && sp|Q8H1R4|AB10I_ARATH ABC transporter I family member 10 OS=Arabidopsis thaliana OX=3702 GN=ABCI10 PE=1 SV=1 && PF00005:ABC transporter	bZIP
110710349	3.97692198002609	6.73901919295283	1.26117763349899	28.4255441098757	9.7372030339867e-08	2.10114931183384e-05	LOC110710349	NW_018745170.1	4934792	4938170	-	1850	protein_coding	protein NRT1/ PTR FAMILY 2.7-like && sp|Q9M1E2|PTR37_ARATH Protein NRT1/ PTR FAMILY 2.7 OS=Arabidopsis thaliana OX=3702 GN=NPF2.7 PE=1 SV=1 && PF00854:POT family	BBR-BPC
110708120	84.5636206173803	4.713758725546	0.855229918374406	28.3877208236066	9.92931062945057e-08	2.13089517131373e-05	LOC110708120	NW_018745003.1	1759182	1760249	+	1068	protein_coding	glycine-rich cell wall structural protein-like && - && -	-
110691099	131.996376788349	4.19413342030508	0.766770039073684	28.3707119536712	1.00169336445169e-07	2.13801649467996e-05	LOC110691099	NW_018744066.1	3013646	3014953	+	1308	protein_coding	glycine-rich cell wall structural protein-like && - && -	-
110729092	106.665270303328	3.49550889680098	0.64606100643392	28.3383325657804	1.01858868170244e-07	2.16232612413514e-05	LOC110729092	NW_018742969.1	446705	450250	-	1450	protein_coding	3-hydroxyisobutyryl-CoA hydrolase-like protein 3%2C mitochondrial && sp|Q9T0K7|HIBC6_ARATH 3-hydroxyisobutyryl-CoA hydrolase-like protein 3, mitochondrial OS=Arabidopsis thaliana OX=3702 GN=At4g13360 PE=1 SV=2 && PF16113:Enoyl-CoA hydratase/isomerase	SBP
110718807	134.744573563345	3.36251409017754	0.62294533568401	28.2650362551623	1.05789654770965e-07	2.23369737194629e-05	LOC110718807	NW_018742461.1	3642709	3646208	-	1597	protein_coding	probable cinnamyl alcohol dehydrogenase && sp|P42495|CADH1_ARACO Probable cinnamyl alcohol dehydrogenase 1 OS=Aralia cordata OX=29746 GN=CAD1 PE=2 SV=1 && PF00107:Zinc-binding dehydrogenase|PF08240:Alcohol dehydrogenase GroES-like domain	HB-other
110687633	111.579561381255	3.13862846943831	0.583918561130034	28.2084173150931	1.08929822845907e-07	2.27553241097198e-05	LOC110687633	NW_018743920.1	6884248	6888489	+	967	lncRNA	uncharacterized LOC110687633 && - && -	-
110719662	164.138565605719	4.80163873472037	0.87178083474181	28.2163869419649	1.08482230091312e-07	2.27553241097198e-05	LOC110719662	NW_018742484.1	7568512	7569214	+	584	protein_coding	protein kreg-1-like && - && -	-
110701979	1030.85277904868	1.80603529088849	0.339774507368111	28.1305539100376	1.13401365701112e-07	2.35640837840199e-05	LOC110701979	NW_018744662.1	1958795	1961797	-	1504	protein_coding	protodermal factor 1-like && sp|Q9S728|PDF1_ARATH Protodermal factor 1 OS=Arabidopsis thaliana OX=3702 GN=PDF1 PE=2 SV=1 && -	-
110689372	16.1054558576082	7.5302372997226	1.33040392249068	28.0635119047155	1.17398562351991e-07	2.42662828381566e-05	LOC110689372	NW_018743955.1	7511202	7518399	+	2574	protein_coding	acid beta-fructofuranosidase-like && sp|P29000|INVA_SOLLC Acid beta-fructofuranosidase OS=Solanum lycopersicum OX=4081 GN=TIV1 PE=2 SV=1 && PF08244:Glycosyl hydrolases family 32 C terminal|PF00251:Glycosyl hydrolases family 32 N-terminal domain|PF11837:Domain of unknown function (DUF3357)	-
110716734	717.832767768232	1.86190642577206	0.351037029830348	27.995187547646	1.21617526700394e-07	2.50067284089245e-05	LOC110716734	NW_018745617.1	3084486	3092001	-	2066	protein_coding	fatty acid hydroperoxide lyase%2C chloroplastic-like && sp|K4CF70|HPL_SOLLC Fatty acid hydroperoxide lyase, chloroplastic OS=Solanum lycopersicum OX=4081 GN=HPL PE=1 SV=1 && PF00067:Cytochrome P450	MYB
110716463	717.72613710185	1.1290636345979	0.213573430367242	27.9788662352739	1.2264763380852e-07	2.5087190221677e-05	LOC110716463	NW_018745587.1	739700	743099	+	826	protein_coding	stress enhanced protein 1%2C chloroplastic-like && sp|Q9M7I9|STEP1_ARATH Stress enhanced protein 1, chloroplastic OS=Arabidopsis thaliana OX=3702 GN=SEP1 PE=2 SV=1 && -	-
110728728	444.118050663218	2.15185465481555	0.405272820640432	27.9539932969997	1.24234311044455e-07	2.52800730448129e-05	LOC110728728	NW_018742959.1	579784	585834	+	2951	protein_coding	probable 1-deoxy-D-xylulose-5-phosphate synthase%2C chloroplastic && sp|O78328|DXS_CAPAN Probable 1-deoxy-D-xylulose-5-phosphate synthase, chloroplastic OS=Capsicum annuum OX=4072 GN=TKT2 PE=2 SV=1 && PF13292:1-deoxy-D-xylulose-5-phosphate synthase|PF02779:Transketolase, pyrimidine binding domain|PF02780:Transketolase, C-terminal domain	-
110736697	157.459187904427	2.07069817490076	0.390597461414787	27.9419049994992	1.25012850982983e-07	2.53073695703851e-05	LOC110736697	NW_018743292.1	6454730	6457873	+	1176	protein_coding	extradiol ring-cleavage dioxygenase-like && sp|Q949R4|DIOXL_ARATH Extradiol ring-cleavage dioxygenase OS=Arabidopsis thaliana OX=3702 GN=LIGB PE=2 SV=1 && PF02900:Catalytic LigB subunit of aromatic ring-opening dioxygenase	ZF-HD
110713805	10.9606734597722	9.11262994354103	1.61746699217573	27.9280553285608	1.25910842846403e-07	2.53584437492656e-05	LOC110713805	NW_018745448.1	6501838	6503919	+	1173	protein_coding	thioredoxin H-type-like && sp|Q38879|TRXH2_ARATH Thioredoxin H2 OS=Arabidopsis thaliana OX=3702 GN=TRX2 PE=1 SV=2 && PF00085:Thioredoxin	bHLH
110725512	65.8917263737544	10.4380960149776	1.70701131781551	27.895686226931	1.28034897110971e-07	2.56546658889753e-05	LOC110725512	NW_018742815.1	5150376	5150744	-	369	protein_coding	putative lipid-binding protein AIR1 && sp|Q9S7I2|AIR1_ARATH Putative lipid-binding protein AIR1 OS=Arabidopsis thaliana OX=3702 GN=AIR1 PE=2 SV=1 && PF14547:Hydrophobic seed protein	Trihelix
110717251	23.2459458971558	4.1719543251894	0.778560652249413	27.8615372566554	1.30314683516672e-07	2.59789267296967e-05	LOC110717251	NW_018745675.1	3525749	3527726	+	1585	protein_coding	probable beta-1%2C4-xylosyltransferase IRX9 && sp|Q9ZQC6|IRX9_ARATH Beta-1,4-xylosyltransferase IRX9 OS=Arabidopsis thaliana OX=3702 GN=IRX9 PE=1 SV=1 && PF03360:Glycosyltransferase family 43	-
110734507	65.6453734108196	2.93630076595125	0.552255564824547	27.7786646198672	1.36017864238265e-07	2.69586044687092e-05	LOC110734507	NW_018743212.1	5015185	5019754	+	1437	protein_coding	protein SRG1-like && sp|Q39224|SRG1_ARATH Protein SRG1 OS=Arabidopsis thaliana OX=3702 GN=SRG1 PE=2 SV=1 && PF03171:2OG-Fe(II) oxygenase superfamily|PF14226:non-haem dioxygenase in morphine synthesis N-terminal	STAT
110736127	812.744678176455	1.16384495423218	0.220954660761205	27.7690522635913	1.36695358365273e-07	2.69586044687092e-05	LOC110736127	NW_018743292.1	352570	356012	+	1157	protein_coding	protein EMBRYO SAC DEVELOPMENT ARREST 3%2C chloroplastic-like%2C transcript variant X1 && sp|Q6YUA8|PSA22_ORYSJ Protein PHOTOSYSTEM I ASSEMBLY 2, chloroplastic OS=Oryza sativa subsp. japonica OX=39947 GN=PSA2 PE=2 SV=1 && -	-
110736201	4.65334278178576	10.5621304259235	1.93569907065082	27.676441837333	1.43398455828332e-07	2.8018346048488e-05	LOC110736201	NW_018743292.1	1146126	1148115	+	1990	protein_coding	extensin-2-like%2C transcript variant X1 && - && PF04554:Extensin-like region	-
110711089	4.76994608330052	8.69276654343773	1.61671761894933	27.6224589048743	1.4745667608006e-07	2.86686437608524e-05	LOC110711089	NW_018745234.1	74352	75209	+	858	protein_coding	uncharacterized LOC110711089 && - && PF03087:Arabidopsis protein of unknown function	-
110702874	223.908443108879	2.16630034825826	0.410879458512721	27.5821862189909	1.50559002966993e-07	2.89848221741309e-05	LOC110702874	NW_018742393.1	1089240	1091904	+	1607	protein_coding	protein RETICULATA-RELATED 4%2C chloroplastic-like && sp|Q94CJ5|RER4_ARATH Protein RETICULATA-RELATED 4, chloroplastic OS=Arabidopsis thaliana OX=3702 GN=RER4 PE=2 SV=1 && PF11891:Protein RETICULATA-related	NF-YA
110729762	2.73973851357909	9.3982585928899	1.77526849219768	27.585097704304	1.50332545231655e-07	2.89848221741309e-05	LOC110729762	NW_018742987.1	2611075	2613272	-	2198	protein_coding	xyloglucan galactosyltransferase XLT2-like && sp|F4K6F1|GT18_ARATH Xyloglucan galactosyltransferase XLT2 OS=Arabidopsis thaliana OX=3702 GN=XLT2 PE=1 SV=1 && PF03016:Exostosin family	-
110736634	31.3006053672666	5.61116106404832	1.0263602909951	27.4724263405901	1.59350278473802e-07	3.05276267634225e-05	LOC110736634	NW_018743292.1	5622291	5626782	-	1970	protein_coding	amino acid permease 4-like && sp|Q38967|AAP2_ARATH Amino acid permease 2 OS=Arabidopsis thaliana OX=3702 GN=AAP2 PE=1 SV=1 && PF01490:Transmembrane amino acid transporter protein	MYB_related
110733311	48.0148261223658	8.16626287933108	1.42613747372908	27.3885483283505	1.66413796639052e-07	3.17260632786675e-05	LOC110733311	NW_018743199.1	435929	438544	-	2094	protein_coding	laccase-17-like && sp|Q9FJD5|LAC17_ARATH Laccase-17 OS=Arabidopsis thaliana OX=3702 GN=LAC17 PE=2 SV=1 && PF07731:Multicopper oxidase|PF00394:Multicopper oxidase|PF07732:Multicopper oxidase	bHLH
110716999	228.767206616981	1.12180788584624	0.214810871486964	27.3340701043263	1.7116874961484e-07	3.24749290030126e-05	LOC110716999	NW_018745650.1	2410296	2438053	+	2598	protein_coding	dynamin-like protein ARC5 && sp|Q84N64|ARC5_ARATH Dynamin-like protein ARC5 OS=Arabidopsis thaliana OX=3702 GN=ARC5 PE=1 SV=2 && PF00350:Dynamin family	NAC
110723629	18.4429010583776	7.3069438488874	1.32673690265983	27.2426736542569	1.79453828122058e-07	3.38831259222961e-05	LOC110723629	NW_018742733.1	3116235	3123654	+	1750	protein_coding	glycine-rich cell wall structural protein-like && - && -	-
110730556	71.6399860147661	10.3013782865422	1.71025426172201	27.1977640382158	1.83670968059518e-07	3.43490948981021e-05	LOC110730556	NW_018743033.1	1685816	1690354	+	1943	protein_coding	protopanaxadiol 6-hydroxylase-like && sp|A0A3Q7HS74|C71E6_SOLLC Beta-amyrin 6-beta-monooxygenase OS=Solanum lycopersicum OX=4081 GN=CYP716E26 PE=1 SV=1 && PF00067:Cytochrome P450	NAC
110709916	50.5149556966488	3.27859337005853	0.621495479603209	27.1638965243236	1.86916794648072e-07	3.46263362085554e-05	LOC110709916	NW_018745082.1	1272955	1277181	+	1389	protein_coding	probable xyloglucan endotransglucosylase/hydrolase protein 32 && sp|Q9SJL9|XTH32_ARATH Probable xyloglucan endotransglucosylase/hydrolase protein 32 OS=Arabidopsis thaliana OX=3702 GN=XTH32 PE=2 SV=1 && PF00722:Glycosyl hydrolases family 16|PF06955:Xyloglucan endo-transglycosylase (XET) C-terminus	C2H2
110726327	219.918149858296	2.62397590184734	0.499608770794383	27.1664157946847	1.86673383726286e-07	3.46263362085554e-05	LOC110726327	NW_018742879.1	292406	293664	+	674	protein_coding	uncharacterized LOC110726327 && - && PF06549:Protein of unknown function (DUF1118)	-
110689194	19.0951235294688	3.81273180975275	0.72407498817311	27.0835291753625	1.94851069165561e-07	3.59266950203713e-05	LOC110689194	NW_018743955.1	3398439	3399387	+	949	protein_coding	dirigent protein 23-like && sp|Q84TH6|DIR23_ARATH Dirigent protein 23 OS=Arabidopsis thaliana OX=3702 GN=DIR23 PE=2 SV=1 && PF03018:Dirigent-like protein	B3
110695141	232.910822184464	1.80735878987926	0.347006808156345	27.0432194709795	1.98956885949791e-07	3.65123073920847e-05	LOC110695141	NW_018744290.1	1200642	1203178	+	1057	protein_coding	ABC transporter I family member 10%2C chloroplastic-like && sp|Q8H1R4|AB10I_ARATH ABC transporter I family member 10 OS=Arabidopsis thaliana OX=3702 GN=ABCI10 PE=1 SV=1 && PF00005:ABC transporter	bZIP
110683416	40.969110569078	11.2864613428243	1.91644144378396	26.9996030677622	2.03497245813422e-07	3.69997561797709e-05	LOC110683416	NW_018743669.1	701656	704925	+	2123	protein_coding	laccase-4-like && sp|Q0IQU1|LAC22_ORYSJ Laccase-22 OS=Oryza sativa subsp. japonica OX=39947 GN=LAC22 PE=2 SV=2 && PF07732:Multicopper oxidase|PF07731:Multicopper oxidase|PF00394:Multicopper oxidase	bHLH
110689198	285.754103871366	1.20341335306879	0.231674184645564	27.006780096883	2.02743059012306e-07	3.69997561797709e-05	LOC110689198	NW_018743955.1	3484459	3485280	+	822	protein_coding	dirigent protein 22-like && sp|Q9SS03|DIR21_ARATH Dirigent protein 21 OS=Arabidopsis thaliana OX=3702 GN=DIR21 PE=3 SV=1 && PF03018:Dirigent-like protein	NAC
110716355	56.2547860181669	5.07054828730032	0.939417453163131	26.9608521217245	2.07618172737047e-07	3.75750622023136e-05	LOC110716355	NW_018742441.1	874034	878381	-	1204	protein_coding	annexin D4-like && sp|Q9ZVJ6|ANXD4_ARATH Annexin D4 OS=Arabidopsis thaliana OX=3702 GN=ANN4 PE=1 SV=1 && PF00191:Annexin	MYB
110682075	534.610734373711	1.142681772372	0.220301354333058	26.9417833331146	2.09676624325351e-07	3.77585782612795e-05	LOC110682075	NW_018743574.1	3301966	3305647	-	1204	protein_coding	very-long-chain (3R)-3-hydroxyacyl-CoA dehydratase PASTICCINO 2-like && sp|Q8VZB2|HACD_ARATH Very-long-chain (3R)-3-hydroxyacyl-CoA dehydratase PASTICCINO 2 OS=Arabidopsis thaliana OX=3702 GN=PAS2 PE=1 SV=1 && PF04387:Protein tyrosine phosphatase-like protein, PTPLA	bHLH
110684312	110.380303226674	4.15840211370429	0.781837662833904	26.9337029145398	2.10555054088565e-07	3.77585782612795e-05	LOC110684312	NW_018743697.1	3587082	3588150	+	644	protein_coding	photosystem I reaction center subunit psaK%2C chloroplastic-like && sp|Q9SUI5|PSAK_ARATH Photosystem I reaction center subunit psaK, chloroplastic OS=Arabidopsis thaliana OX=3702 GN=PSAK PE=2 SV=2 && PF01241:Photosystem I psaG / psaK	-
110692760	41.1888171036161	1.93645667610644	0.373954536598468	26.8439125578911	2.20568024059519e-07	3.93744000404067e-05	LOC110692760	NW_018744128.1	1567266	1569888	+	1631	protein_coding	protein ODORANT1-like && sp|Q50EX6|ODO1_PETHY MYB-like transcription factor ODO1 OS=Petunia hybrida OX=4102 GN=ODO1 PE=2 SV=1 && PF00249:Myb-like DNA-binding domain	MYB
110729752	4.72183251925716	8.73619246342728	1.64271193762397	26.8228752856251	2.22982185975656e-07	3.94467540082069e-05	LOC110729752	NW_018742987.1	2470608	2473442	-	1286	protein_coding	transcription factor bHLH118-like && sp|Q9STJ6|BH126_ARATH Transcription factor bHLH126 OS=Arabidopsis thaliana OX=3702 GN=BHLH126 PE=2 SV=1 && PF00010:Helix-loop-helix DNA-binding domain	bHLH
110711639	17.9994098990016	5.95488674686099	1.10962608281154	26.7674868237791	2.29465788138538e-07	4.03565535934534e-05	LOC110711639	NW_018745281.1	2297981	2302524	-	2874	protein_coding	endo-1%2C4-beta-xylanase A-like && sp|Q84WT5|XYN5L_ARATH Endo-1,4-beta-xylanase 5-like OS=Arabidopsis thaliana OX=3702 GN=At4g33820 PE=2 SV=1 && PF02018:Carbohydrate binding domain|PF00331:Glycosyl hydrolase family 10	Nin-like
110730276	314.410442835169	2.70956382339242	0.519169996375772	26.761479691718	2.30180225725907e-07	4.03565535934534e-05	LOC110730276	NW_018743021.1	2470552	2472449	-	1291	protein_coding	chlorophyll a-b binding protein CP29.1%2C chloroplastic-like && sp|Q07473|CB4A_ARATH Chlorophyll a-b binding protein CP29.1, chloroplastic OS=Arabidopsis thaliana OX=3702 GN=LHCB4.1 PE=1 SV=1 && PF00504:Chlorophyll A-B binding protein	ERF
110720415	9.32396223286113	8.40322323036339	1.53020680705435	26.6999920498457	2.37622494635101e-07	4.14762143635748e-05	LOC110720415	NW_018742556.1	1136345	1138923	-	1949	protein_coding	3-ketoacyl-CoA synthase 6-like && sp|Q9XF43|KCS6_ARATH 3-ketoacyl-CoA synthase 6 OS=Arabidopsis thaliana OX=3702 GN=CUT1 PE=1 SV=1 && PF08392:FAE1/Type III polyketide synthase-like protein|PF08541:3-Oxoacyl-[acyl-carrier-protein (ACP)] synthase III C terminal	-
110723951	5.04434851887945	5.93020692509668	1.1671290563344	26.6835601435313	2.39651882513891e-07	4.16453468228675e-05	LOC110723951	NW_018742733.1	4304476	4305851	-	1376	protein_coding	probable long-chain-alcohol O-fatty-acyltransferase 5 && sp|Q9FJ73|WAXS2_ARATH Probable long-chain-alcohol O-fatty-acyltransferase 2 OS=Arabidopsis thaliana OX=3702 GN=AT2 PE=3 SV=1 && PF13813:Membrane bound O-acyl transferase family	-
110693550	29.6870292569461	5.35302584092393	0.998927003286681	26.6618554858079	2.42359123041777e-07	4.1746358943946e-05	LOC110693550	NW_018744151.1	2103111	2107178	+	1312	protein_coding	endonuclease 1 && sp|Q9SXA6|ENDO1_ARATH Endonuclease 1 OS=Arabidopsis thaliana OX=3702 GN=ENDO1 PE=1 SV=1 && PF02265:S1/P1 Nuclease	TCP
110724627	1452.17595866286	2.22375279913693	0.428480072208713	26.6655810689549	2.41892258188418e-07	4.1746358943946e-05	LOC110724627	NW_018742770.1	1834971	1838191	+	1243	protein_coding	photosystem II 22 kDa protein%2C chloroplastic && sp|Q02060|PSBS_SPIOL Photosystem II 22 kDa protein, chloroplastic OS=Spinacia oleracea OX=3562 GN=PSBS PE=1 SV=1 && PF00504:Chlorophyll A-B binding protein	-
110707304	42.5532377485581	4.92468391916439	0.928250953150916	26.5906590709838	2.51456570881854e-07	4.31242528744238e-05	LOC110707304	NW_018744996.1	2409449	2421129	+	996	protein_coding	protein GOS9-like%2C transcript variant X1 && - && PF01419:Jacalin-like lectin domain	-
110703616	191.061792366892	3.43894698044215	0.656545490948048	26.5405120411505	2.58069049152307e-07	4.40658511624284e-05	LOC110703616	NW_018744745.1	677472	678924	-	1453	protein_coding	thioredoxin-like protein CDSP32%2C chloroplastic && sp|Q9SGS4|CDSP_ARATH Thioredoxin-like protein CDSP32, chloroplastic OS=Arabidopsis thaliana OX=3702 GN=CDSP32 PE=1 SV=1 && PF00085:Thioredoxin	-
110708017	6.45847804794333	11.4712492826365	2.04527058477035	26.4818886837678	2.66020544885544e-07	4.52269474428138e-05	LOC110708017	NW_018745003.1	4486131	4490734	-	1723	protein_coding	bifunctional purple acid phosphatase 26-like%2C transcript variant X1 && sp|Q949Y3|PPA26_ARATH Bifunctional purple acid phosphatase 26 OS=Arabidopsis thaliana OX=3702 GN=PAP26 PE=1 SV=1 && PF14008:Iron/zinc purple acid phosphatase-like protein C|PF00149:Calcineurin-like phosphoesterase|PF16656:Purple acid Phosphatase, N-terminal domain	SRS
110685531	474.794192622721	1.15892198941152	0.225617689801744	26.4097939020322	2.76136784898025e-07	4.6649010620273e-05	LOC110685531	NW_018743828.1	847189	852126	+	795	protein_coding	outer envelope pore protein 21B%2C chloroplastic-like && sp|Q9FPG2|OP21B_ARATH Outer envelope pore protein 21B, chloroplastic OS=Arabidopsis thaliana OX=3702 GN=OEP21B PE=2 SV=1 && -	-
110701087	2454.12742579814	1.06707882556254	0.20787837056084	26.3824338107536	2.8007607507557e-07	4.68060753040122e-05	LOC110701087	NW_018744633.1	3757417	3763570	+	1271	protein_coding	isopentenyl-diphosphate Delta-isomerase I-like && sp|O48964|IDI1_CAMAC Isopentenyl-diphosphate Delta-isomerase I OS=Camptotheca acuminata OX=16922 GN=IPI1 PE=2 SV=1 && PF00293:NUDIX domain	-
110682312	479.751276616596	1.46809000794196	0.285807370494042	26.3650471595546	2.8260861698215e-07	4.69278039881694e-05	LOC110682312	NW_018743574.1	5797455	5798411	+	957	protein_coding	protein RALF-like 34 && sp|Q9FHA6|RLF34_ARATH Protein RALF-like 34 OS=Arabidopsis thaliana OX=3702 GN=RALFL34 PE=2 SV=1 && PF05498:Rapid ALkalinization Factor (RALF)	bHLH
110721130	242.47008493339	2.49201183193627	0.48212796152509	26.3610485440191	2.83194294940446e-07	4.69278039881694e-05	LOC110721130	NW_018742597.1	351610	366734	+	2175	protein_coding	synaptotagmin-2-like && sp|Q9SKR2|SYT1_ARATH Synaptotagmin-1 OS=Arabidopsis thaliana OX=3702 GN=SYT1 PE=1 SV=2 && PF00168:C2 domain|PF17047:Synaptotagmin-like mitochondrial-lipid-binding domain	bZIP
110728204	74.3400598602379	4.7841443819854	0.900830141740364	26.3225352767506	2.8889800690343e-07	4.74723490590728e-05	LOC110728204	NW_018742914.1	8734670	8735533	+	769	protein_coding	ribulose bisphosphate carboxylase small chain 3%2C chloroplastic-like && sp|Q9XGX4|RBS3_AMAHP Ribulose bisphosphate carboxylase small subunit, chloroplastic 3 OS=Amaranthus hypochondriacus OX=28502 GN=RBCS3 PE=2 SV=1 && PF00101:Ribulose bisphosphate carboxylase, small chain|PF12338:Ribulose-1,5-bisphosphate carboxylase small subunit	M-type_MADS
110710267	362.409308523547	4.53512370596042	0.856995623282804	26.2113028988981	3.06026067351584e-07	4.996825803689e-05	LOC110710267	NW_018745170.1	2988898	2992140	+	3062	protein_coding	arginine decarboxylase-like && sp|P21885|SPEA_BACSU Arginine decarboxylase OS=Bacillus subtilis (strain 168) OX=224308 GN=speA PE=1 SV=2 && PF01276:Orn/Lys/Arg decarboxylase, major domain|PF03711:Orn/Lys/Arg decarboxylase, C-terminal domain	WRKY
110714921	45.0315804217802	3.87990839915384	0.743818126156111	26.2074844425783	3.0663178740841e-07	4.996825803689e-05	LOC110714921	NW_018745461.1	1619110	1623094	+	2181	protein_coding	endo-1%2C4-beta-xylanase A-like && sp|Q84WT5|XYN5L_ARATH Endo-1,4-beta-xylanase 5-like OS=Arabidopsis thaliana OX=3702 GN=At4g33820 PE=2 SV=1 && PF00331:Glycosyl hydrolase family 10|PF02018:Carbohydrate binding domain	Nin-like
110683440	36.1158258083897	2.22928699933938	0.435473008391541	26.1760138053193	3.11669949503056e-07	5.037125072771e-05	LOC110683440	NW_018743669.1	939162	942676	+	2119	protein_coding	anthranilate synthase alpha subunit 2%2C chloroplastic-like && sp|P32069|TRPX_ARATH Anthranilate synthase alpha subunit 2, chloroplastic OS=Arabidopsis thaliana OX=3702 GN=ASA2 PE=2 SV=1 && PF04715:Anthranilate synthase component I, N terminal region|PF00425:chorismate binding enzyme	C2H2
110692330	225.001823869641	2.2590305686673	0.439412242346913	26.1811222865938	3.10846522258385e-07	5.037125072771e-05	LOC110692330	NW_018744100.1	1422447	1424562	-	1700	protein_coding	UDP-glycosyltransferase 87A2-like && sp|O64733|U87A2_ARATH UDP-glycosyltransferase 87A2 OS=Arabidopsis thaliana OX=3702 GN=UGT87A2 PE=1 SV=1 && PF00201:UDP-glucoronosyl and UDP-glucosyl transferase	bHLH
110733398	79.4383962306763	5.75484803300311	1.07088026548366	26.154714013942	3.15126856237785e-07	5.07212173156825e-05	LOC110733398	NW_018743199.1	1627166	1630202	+	1388	protein_coding	sedoheptulose-1%2C7-bisphosphatase%2C chloroplastic && sp|O20252|S17P_SPIOL Sedoheptulose-1,7-bisphosphatase, chloroplastic OS=Spinacia oleracea OX=3562 PE=2 SV=1 && PF00316:Fructose-1-6-bisphosphatase, N-terminal domain	MYB_related
110718641	13.2610199578328	6.79405576901899	1.26615162106824	26.1111096861383	3.22324085734189e-07	5.16678931389339e-05	LOC110718641	NW_018742461.1	1905553	1908155	-	1912	protein_coding	7-deoxyloganetin glucosyltransferase-like && sp|F8WKW1|UGT2_GARJA 7-deoxyloganetin glucosyltransferase OS=Gardenia jasminoides OX=114476 GN=UGT85A24 PE=1 SV=1 && PF00201:UDP-glucoronosyl and UDP-glucosyl transferase	GRAS
110687327	39.7632500164707	3.62271871431941	0.6993965301062	26.0092730362292	3.39781400379714e-07	5.39913349110056e-05	LOC110687327	NW_018743919.1	2083172	2085437	+	1413	protein_coding	protein PHLOEM PROTEIN 2-LIKE A1-like && sp|Q9C8U9|P2A04_ARATH Uncharacterized protein PHLOEM PROTEIN 2-LIKE A4 OS=Arabidopsis thaliana OX=3702 GN=PP2A4 PE=4 SV=1 && PF14299:Phloem protein 2	-
110690907	73.9391147432991	2.25590456701794	0.441199517233043	25.9949156986745	3.42317683722669e-07	5.39913349110056e-05	LOC110690907	NW_018744066.1	1091798	1095128	-	1102	protein_coding	acid phosphatase 1-like && sp|P27061|PPA1_SOLLC Acid phosphatase 1 OS=Solanum lycopersicum OX=4081 GN=APS1 PE=2 SV=1 && PF03767:HAD superfamily, subfamily IIIB (Acid phosphatase)	MYB
110721694	15.4109127257948	4.34479184583199	0.838403096380867	26.0026449930317	3.40949922466849e-07	5.39913349110056e-05	LOC110721694	NW_018742616.1	4702951	4706951	+	2686	protein_coding	CO(2)-response secreted protease-like && sp|Q9LNU1|CRSP_ARATH CO(2)-response secreted protease OS=Arabidopsis thaliana OX=3702 GN=CRSP PE=2 SV=1 && PF05922:Peptidase inhibitor I9|PF00082:Subtilase family|PF17766:Fibronectin type-III domain	DBB
110703940	55.5779521778272	4.74554711258533	0.901631204796324	25.9507666917887	3.50236312887851e-07	5.50193228641783e-05	LOC110703940	NW_018744790.1	1656158	1658477	+	1345	protein_coding	bidirectional sugar transporter SWEET12-like && sp|B8BKP4|SWT14_ORYSI Bidirectional sugar transporter SWEET14 OS=Oryza sativa subsp. indica OX=39946 GN=SWEET14 PE=2 SV=1 && PF03083:Sugar efflux transporter for intercellular exchange	DBB
110731260	93.8773468703141	2.29964417279133	0.449803303684629	25.9179344450146	3.56243976168181e-07	5.55288842968031e-05	LOC110731260	NW_018743066.1	925047	926616	-	832	protein_coding	umecyanin-like && - && PF02298:Plastocyanin-like domain	C2H2
110740059	19.2815683022125	2.81089670951023	0.552146695929316	25.917588270978	3.56307866544302e-07	5.55288842968031e-05	LOC110740059	NW_018743518.1	1216362	1224185	-	1464	protein_coding	MADS-box transcription factor 23-like%2C transcript variant X1 && sp|Q6EP49|MAD27_ORYSJ MADS-box transcription factor 27 OS=Oryza sativa subsp. japonica OX=39947 GN=MADS27 PE=2 SV=2 && PF01486:K-box region|PF00319:SRF-type transcription factor (DNA-binding and dimerisation domain)	MIKC_MADS
110734728	7.2886623644881	9.61859536725666	1.77574933234804	25.8859911725518	3.62188107110981e-07	5.62221878678638e-05	LOC110734728	NW_018743218.1	1220406	1227044	-	2357	protein_coding	vacuolar-sorting receptor 6-like && sp|Q9FYH7|VSR6_ARATH Vacuolar-sorting receptor 6 OS=Arabidopsis thaliana OX=3702 GN=VSR6 PE=2 SV=3 && PF02225:PA domain	WRKY
110685564	13.2387009903111	3.6905727363837	0.722764377528917	25.8238041088186	3.74046830654267e-07	5.7607612471706e-05	LOC110685564	NW_018743828.1	1365190	1372960	-	2023	protein_coding	uncharacterized LOC110685564%2C transcript variant X1 && sp|F4J9Q6|FKB43_ARATH Peptidyl-prolyl cis-trans isomerase FKBP43 OS=Arabidopsis thaliana OX=3702 GN=FKBP43 PE=2 SV=1 && PF17800:Nucleoplasmin-like domain	HSF
110723276	29.7169691867133	11.0125958345427	1.90567084691574	25.8293855083942	3.72966775452353e-07	5.7607612471706e-05	LOC110723276	NW_018742726.1	2093740	2096697	+	1512	protein_coding	transmembrane protein 136-like && - && PF03798:TLC domain	-
110730978	102.407036661546	2.83675534581646	0.553184601582067	25.8158649434856	3.75588540564336e-07	5.76190966936842e-05	LOC110730978	NW_018743051.1	552939	555867	+	909	protein_coding	uncharacterized LOC110730978 && - && -	-
110702576	209.105046195514	1.77112187217447	0.348355768604157	25.7695781185533	3.84704681751726e-07	5.87879648499437e-05	LOC110702576	NW_018744693.1	2549512	2559213	-	1061	protein_coding	ATP-dependent Clp protease ATP-binding subunit CLPT2%2C chloroplastic-like && sp|Q8GW78|CLPT2_ARATH ATP-dependent Clp protease ATP-binding subunit CLPT2, chloroplastic OS=Arabidopsis thaliana OX=3702 GN=CLPT2 PE=1 SV=1 && PF02861:Clp amino terminal domain, pathogenicity island component	ARF
110731823	15.0364341571831	4.90491649543027	0.991973202194998	25.749541456288	3.88719361013704e-07	5.91712227329117e-05	LOC110731823	NW_018743099.1	1069772	1080340	-	1611	protein_coding	fatty acyl-CoA reductase 2-like && sp|Q08891|FACR2_ARATH Fatty acyl-CoA reductase 2, chloroplastic OS=Arabidopsis thaliana OX=3702 GN=FAR2 PE=1 SV=2 && PF03015:Male sterility protein|PF07993:Male sterility protein	-
110705154	105.793810897896	13.3527188448139	2.14743986400217	25.719217726333	3.94875250450125e-07	5.98761996560918e-05	LOC110705154	NW_018742410.1	388332	390115	+	982	protein_coding	jasmonate-induced protein homolog && - && -	-
110739667	38.6406650582915	3.79487033594047	0.736182513303561	25.6871963410031	4.01481896726245e-07	6.06438405004994e-05	LOC110739667	NW_018743510.1	830265	832576	+	1354	protein_coding	bidirectional sugar transporter SWEET12-like && sp|B8BKP4|SWT14_ORYSI Bidirectional sugar transporter SWEET14 OS=Oryza sativa subsp. indica OX=39946 GN=SWEET14 PE=2 SV=1 && PF03083:Sugar efflux transporter for intercellular exchange	DBB
110715718	36.9962442836827	2.71546564168015	0.533172952223432	25.6784999617116	4.03295188542413e-07	6.06843369334337e-05	LOC110715718	NW_018745533.1	2334312	2338505	+	1970	protein_coding	auxin-responsive protein SAUR36-like%2C transcript variant X1 && sp|P32295|ARG7_VIGRR Indole-3-acetic acid-induced protein ARG7 OS=Vigna radiata var. radiata OX=3916 GN=ARG7 PE=2 SV=1 && PF02519:Auxin responsive protein	ZF-HD
110714579	147.081421959708	1.17097257857169	0.231366926574913	25.6623739780282	4.06679391202912e-07	6.09599989721831e-05	LOC110714579	NW_018745454.1	5008804	5013158	-	1520	protein_coding	hydroxypyruvate reductase-like && sp|A1RYE4|GYAR_THEPD Glyoxylate reductase OS=Thermofilum pendens (strain DSM 2475 / Hrk 5) OX=368408 GN=gyaR PE=3 SV=1 && PF00389:D-isomer specific 2-hydroxyacid dehydrogenase, catalytic domain|PF02826:D-isomer specific 2-hydroxyacid dehydrogenase, NAD binding domain	bHLH
110728249	197.29283657161	2.79250019210245	0.546890318577647	25.5968011766388	4.20736299903961e-07	6.25893057050312e-05	LOC110728249	NW_018742914.1	9155421	9156216	-	796	protein_coding	non-specific lipid-transfer protein 2-like && sp|P86809|NLTP2_APIGA Non-specific lipid-transfer protein 2 OS=Apium graveolens var. rapaceum OX=278110 PE=1 SV=1 && PF14368:Probable lipid transfer	bHLH
110698783	142.649353549678	5.58788944383149	1.05287221310705	25.5068785161955	4.40808557057016e-07	6.53278281558497e-05	LOC110698783	NW_018744537.1	4777541	4778969	-	610	protein_coding	photosystem I reaction center subunit VI%2C chloroplastic-like && sp|P22179|PSAH_SPIOL Photosystem I reaction center subunit VI, chloroplastic OS=Spinacia oleracea OX=3562 GN=PSAH PE=1 SV=1 && PF03244:Photosystem I reaction centre subunit VI	CPP
110682373	17.4104319181166	4.12195768495857	0.8067287498479	25.4409029079064	4.56143496744067e-07	6.68911977080084e-05	LOC110682373	NW_018743574.1	6642941	6652851	+	1019	protein_coding	RNA-binding protein MEX3B-like && sp|F4ISV9|APD4_ARATH E3 ubiquitin-protein ligase APD4 OS=Arabidopsis thaliana OX=3702 GN=APD4 PE=2 SV=1 && PF13920:Zinc finger, C3HC4 type (RING finger)	NF-X1
110682502	22.019994932345	11.6132107196098	2.05673351999612	25.4473505043688	4.54621574619928e-07	6.68911977080084e-05	LOC110682502	NW_018743574.1	8158114	8161023	+	2040	protein_coding	laccase-11-like && sp|Q8VZA1|LAC11_ARATH Laccase-11 OS=Arabidopsis thaliana OX=3702 GN=LAC11 PE=2 SV=1 && PF07731:Multicopper oxidase|PF07732:Multicopper oxidase|PF00394:Multicopper oxidase	bHLH
110688346	184.201642116913	1.91522325006107	0.379010430607839	25.4323487247326	4.58170554412809e-07	6.68911977080084e-05	LOC110688346	NW_018742309.1	4234206	4247957	+	1863	protein_coding	2-C-methyl-D-erythritol 4-phosphate cytidylyltransferase%2C chloroplastic-like && sp|P69834|ISPD_ARATH 2-C-methyl-D-erythritol 4-phosphate cytidylyltransferase, chloroplastic OS=Arabidopsis thaliana OX=3702 GN=ISPD PE=1 SV=1 && PF01128:2-C-methyl-D-erythritol 4-phosphate cytidylyltransferase	bHLH
110724563	149.224405333026	1.70396824123969	0.337523479301631	25.432392920245	4.58160058368366e-07	6.68911977080084e-05	LOC110724563	NW_018742770.1	244511	254973	+	2258	protein_coding	7-methylguanosine phosphate-specific 5'-nucleotidase A-like && sp|Q6AYP7|5NT3B_RAT 7-methylguanosine phosphate-specific 5'-nucleotidase OS=Rattus norvegicus OX=10116 GN=Nt5c3b PE=2 SV=2 && PF05822:Pyrimidine 5'-nucleotidase (UMPH-1)	-
110735663	72.1562723909201	2.54028760457318	0.501133240884009	25.4199627736753	4.6112162947942e-07	6.70727027946121e-05	LOC110735663	NW_018743285.1	888001	890026	+	864	protein_coding	light-harvesting complex-like protein OHP2%2C chloroplastic && sp|Q9FEC1|OHP2_ARATH Light-harvesting complex-like protein OHP2, chloroplastic OS=Arabidopsis thaliana OX=3702 GN=OHP2 PE=1 SV=1 && -	-
110736388	208.231731521002	1.67616941118344	0.332284417965992	25.402159957943	4.65396737061424e-07	6.74447455889791e-05	LOC110736388	NW_018743292.1	2860860	2865933	+	1556	protein_coding	phosphoglycolate phosphatase 1B%2C chloroplastic-like && sp|P0DKC3|PGP1A_ARATH Phosphoglycolate phosphatase 1A, chloroplastic OS=Arabidopsis thaliana OX=3702 GN=PGLP1A PE=1 SV=1 && PF13242:HAD-hyrolase-like|PF13344:Haloacid dehalogenase-like hydrolase	MYB_related
110712540	281.014838238348	4.56249451652045	0.876165133518171	25.3836394584598	4.69886363243162e-07	6.75486605488728e-05	LOC110712540	NW_018745323.1	2139913	2144638	+	1733	protein_coding	GDSL esterase/lipase At3g26430-like && sp|Q9LIN2|GDL53_ARATH GDSL esterase/lipase At3g26430 OS=Arabidopsis thaliana OX=3702 GN=At3g26430 PE=1 SV=1 && PF00657:GDSL-like Lipase/Acylhydrolase	B3
110722763	5.33492593567671	7.84065698335619	1.52191043381228	25.377952215137	4.71273724706316e-07	6.75486605488728e-05	LOC110722763	NW_018742684.1	2426530	2430060	+	2726	protein_coding	metal-nicotianamine transporter YSL1-like && sp|Q6R3L0|YSL1_ARATH Metal-nicotianamine transporter YSL1 OS=Arabidopsis thaliana OX=3702 GN=YSL1 PE=2 SV=2 && PF03169:OPT oligopeptide transporter protein	TCP
110728981	262.315433319126	1.52286471955197	0.302085873318747	25.3815403801663	4.70397940688865e-07	6.75486605488728e-05	LOC110728981	NW_018742966.1	845428	847814	+	1429	pseudogene	- && sp|Q9C942|CSE_ARATH Caffeoylshikimate esterase OS=Arabidopsis thaliana OX=3702 GN=CSE PE=1 SV=1 && -	G2-like
110727511	56.8275631460774	2.97143277550899	0.584883201919462	25.3377297009357	4.81203647516154e-07	6.87211303596433e-05	LOC110727511	NW_018742907.1	476858	479495	+	1903	protein_coding	UDP-glycosyltransferase 74G1-like && sp|Q6VAA6|U74G1_STERE UDP-glycosyltransferase 74G1 OS=Stevia rebaudiana OX=55670 GN=UGT74G1 PE=1 SV=1 && PF00201:UDP-glucoronosyl and UDP-glucosyl transferase	bHLH
110707641	6.43079454307007	5.95665154242724	1.16806975447144	25.2538397476257	5.0259413009648e-07	7.15158669249242e-05	LOC110707641	NW_018745003.1	2812702	2814450	+	1320	protein_coding	zinc finger Ran-binding domain-containing protein 2-like && - && PF00641:Zn-finger in Ran binding protein and others	-
110705788	8.16252878058202	5.00406148894957	0.985038589214218	25.225497162781	5.10034375665184e-07	7.23125633050497e-05	LOC110705788	NW_018744878.1	6027889	6031077	+	1756	protein_coding	COBRA-like protein 4 && sp|Q9LFW3|COBL4_ARATH COBRA-like protein 4 OS=Arabidopsis thaliana OX=3702 GN=COBL4 PE=2 SV=2 && PF04833:COBRA-like protein	C2H2
110686448	29.8750828825918	6.39718864484553	1.21365433255235	25.2075292941889	5.14808232825919e-07	7.2726847941627e-05	LOC110686448	NW_018743858.1	4949454	4951633	+	670	protein_coding	gibberellin-regulated protein 1-like && sp|P46689|GASA1_ARATH Gibberellin-regulated protein 1 OS=Arabidopsis thaliana OX=3702 GN=GASA1 PE=2 SV=2 && PF02704:Gibberellin regulated protein	-
110708763	26.2169391773274	4.03488478432945	0.789545699349426	25.1851819154019	5.2080823129071e-07	7.3310758664803e-05	LOC110708763	NW_018745024.1	12030620	12032734	+	1072	protein_coding	universal stress protein A-like protein%2C transcript variant X1 && - && PF00582:Universal stress protein family	-
110730557	6.88472520516026	10.5664610288861	1.97239940858112	25.1546795571194	5.29111058935737e-07	7.42134950627972e-05	LOC110730557	NW_018743033.1	1773033	1774312	+	1138	protein_coding	23 kDa jasmonate-induced protein-like && - && -	-
110697188	549.30703661527	3.56944193798435	0.698568601981195	25.1444755915164	5.31918126291824e-07	7.43417102272556e-05	LOC110697188	NW_018744460.1	1850394	1854547	+	2634	protein_coding	transketolase%2C chloroplastic && sp|O20250|TKTC_SPIOL Transketolase, chloroplastic OS=Spinacia oleracea OX=3562 PE=1 SV=1 && PF02780:Transketolase, C-terminal domain|PF02779:Transketolase, pyrimidine binding domain|PF00456:Transketolase, thiamine diphosphate binding domain	-
110702083	14.672261724874	5.98931726668491	1.15402826165146	25.0645606100684	5.54425084961413e-07	7.6939704458267e-05	LOC110702083	NW_018744662.1	3242088	3245062	-	2231	protein_coding	cytochrome P450 86B1-like && sp|Q9FMY1|C86B1_ARATH Cytochrome P450 86B1 OS=Arabidopsis thaliana OX=3702 GN=CYP86B1 PE=2 SV=1 && PF00067:Cytochrome P450	NAC
110728250	423.30920822535	2.20755999157065	0.439069241450159	25.0484893875769	5.59065368894613e-07	7.73104726499934e-05	LOC110728250	NW_018742914.1	9161681	9162464	-	784	protein_coding	non-specific lipid-transfer protein 2-like && sp|P86809|NLTP2_APIGA Non-specific lipid-transfer protein 2 OS=Apium graveolens var. rapaceum OX=278110 PE=1 SV=1 && -	bHLH
110691524	21.2906215571562	6.26201526296296	1.19739224181762	25.0115183018969	5.69888483148637e-07	7.85306329778822e-05	LOC110691524	NW_018744080.1	3457927	3459352	+	825	protein_coding	horcolin-like && - && PF01419:Jacalin-like lectin domain	NAC
110717822	49.181984175991	2.63287217471435	0.524058147574852	24.9848823838028	5.77815989761876e-07	7.9344641139574e-05	LOC110717822	NW_018745684.1	6616470	6621140	-	2063	protein_coding	BTB/POZ and TAZ domain-containing protein 3-like && sp|Q9SYL0|BT3_ARATH BTB/POZ and TAZ domain-containing protein 3 OS=Arabidopsis thaliana OX=3702 GN=BT3 PE=1 SV=2 && PF00651:BTB/POZ domain|PF02135:TAZ zinc finger	G2-like
110702384	21.4953103462389	3.12783795378011	0.62252717242737	24.9677492813788	5.82973561254255e-07	7.97739396206911e-05	LOC110702384	NW_018744693.1	2072850	2075099	-	1272	protein_coding	transcription factor bHLH126-like && sp|Q9LQ08|BH125_ARATH Transcription factor bHLH125 OS=Arabidopsis thaliana OX=3702 GN=BHLH125 PE=2 SV=1 && PF00010:Helix-loop-helix DNA-binding domain	bHLH
110686400	743.121904489227	1.10866454124409	0.222443897707786	24.8701955672257	6.13232202052142e-07	8.30464423144613e-05	LOC110686400	NW_018742292.1	2375998	2394593	+	2673	protein_coding	translation factor GUF1 homolog%2C chloroplastic-like && sp|A5B4D2|GUFP_VITVI Translation factor GUF1 homolog, chloroplastic OS=Vitis vinifera OX=29760 GN=VITISV_013255 PE=3 SV=1 && PF06421:GTP-binding protein LepA C-terminus|PF00009:Elongation factor Tu GTP binding domain|PF00679:Elongation factor G C-terminus|PF03144:Elongation factor Tu domain 2	LBD
110715500	101.455519435494	6.79334806185692	1.26664879165648	24.8752609529017	6.11622977386965e-07	8.30464423144613e-05	LOC110715500	NW_018745523.1	3540429	3550891	-	3024	protein_coding	probable LRR receptor-like serine/threonine-protein kinase At4g29180 && sp|C0LGR6|Y4291_ARATH Probable LRR receptor-like serine/threonine-protein kinase At4g29180 OS=Arabidopsis thaliana OX=3702 GN=At4g29180 PE=1 SV=2 && PF12819:Malectin-like domain|PF07714:Protein tyrosine kinase|PF13855:Leucine rich repeat	FAR1
110728613	502.07631780016	2.87061502403236	0.569453300724949	24.8755135031842	6.11542855476628e-07	8.30464423144613e-05	LOC110728613	NW_018742951.1	7626781	7627821	+	1041	protein_coding	chlorophyll a-b binding protein of LHCII type 1-like && sp|P12333|CB2A_SPIOL Chlorophyll a-b binding protein, chloroplastic OS=Spinacia oleracea OX=3562 PE=1 SV=1 && PF00504:Chlorophyll A-B binding protein	ERF
110722310	354.377430043787	3.94572552029428	0.772882077564717	24.8455920339123	6.21109101467119e-07	8.38241159516088e-05	LOC110722310	NW_018742669.1	229059	232821	+	1809	protein_coding	ribulose bisphosphate carboxylase/oxygenase activase%2C chloroplastic%2C transcript variant X2 && sp|P10871|RCA_SPIOL Ribulose bisphosphate carboxylase/oxygenase activase, chloroplastic OS=Spinacia oleracea OX=3562 PE=1 SV=2 && PF00004:ATPase family associated with various cellular activities (AAA)	Trihelix
110721919	6.5639139011683	6.24945745877573	1.22763894841171	24.8352733029074	6.24442796621209e-07	8.39854176428244e-05	LOC110721919	NW_018742630.1	3586430	3587355	-	926	protein_coding	diacylglycerol kinase theta-like && - && PF03107:C1 domain	LBD
110698123	98.7551482004427	4.41074781428471	0.859798887134737	24.811170701904	6.32299739303494e-07	8.42135133814721e-05	LOC110698123	NW_018744502.1	7436441	7438661	-	904	protein_coding	CASP-like protein 1E1 && sp|B9HMP6|CSPL7_POPTR CASP-like protein 1E1 OS=Populus trichocarpa OX=3694 GN=POPTRDRAFT_820934 PE=3 SV=2 && PF04535:Domain of unknown function (DUF588)	LSD
110705387	253.765904614162	3.62933755104265	0.715095022770096	24.8185893844627	6.29870902704984e-07	8.42135133814721e-05	LOC110705387	NW_018744878.1	723916	728571	+	1373	protein_coding	thermospermine synthase ACAULIS5-like && sp|Q9S7X6|ACL5_ARATH Thermospermine synthase ACAULIS5 OS=Arabidopsis thaliana OX=3702 GN=ACL5 PE=1 SV=1 && PF17284:Spermidine synthase tetramerisation domain|PF01564:Spermine/spermidine synthase domain	-
110723936	42.0437022084553	28.1064450254967	2.22589068101188	24.8103419490919	6.32571650944269e-07	8.42135133814721e-05	LOC110723936	NW_018742733.1	4045841	4047101	-	747	protein_coding	protein GOS9-like && - && -	-
110738408	510.69813731836	1.22343019310412	0.245829816380333	24.787974037345	6.39954955098319e-07	8.49086180796496e-05	LOC110738408	NW_018743389.1	1410456	1414407	-	980	protein_coding	thioredoxin-like protein CITRX%2C chloroplastic && sp|Q6JE37|CITX2_NICBE Thioredoxin-like protein CITRX2, chloroplastic OS=Nicotiana benthamiana OX=4100 GN=CITRX2 PE=1 SV=1 && PF00085:Thioredoxin	GATA
110721099	64.5903188813467	4.09542717427193	0.803715736065421	24.7628349976439	6.483561438437e-07	8.55154573480332e-05	LOC110721099	NW_018742589.1	645554	652424	-	2238	protein_coding	4-coumarate--CoA ligase 1-like && sp|P31684|4CL1_SOLTU 4-coumarate--CoA ligase 1 OS=Solanum tuberosum OX=4113 GN=4CL1 PE=3 SV=1 && PF13193:AMP-binding enzyme C-terminal domain|PF00501:AMP-binding enzyme	C2H2
110725166	169.058590536938	4.72534346255882	0.916877675295685	24.7612675440474	6.48883616981486e-07	8.55154573480332e-05	LOC110725166	NW_018742810.1	488368	492560	+	2163	protein_coding	rhodanese-like domain-containing protein 4%2C chloroplastic && sp|Q9M158|STR4_ARATH Rhodanese-like domain-containing protein 4, chloroplastic OS=Arabidopsis thaliana OX=3702 GN=STR4 PE=1 SV=2 && -	-
110715319	45.3863022599302	2.59349058317256	0.519496884096897	24.6995772747657	6.69988680521609e-07	8.77785518036133e-05	LOC110715319	NW_018742204.1	10455321	10458068	+	1087	protein_coding	photosynthetic NDH subunit of subcomplex B 5%2C chloroplastic-like && sp|Q9FG89|PNSB5_ARATH Photosynthetic NDH subunit of subcomplex B 5, chloroplastic OS=Arabidopsis thaliana OX=3702 GN=PNSB5 PE=2 SV=1 && -	-
110725859	4.83929984521953	9.00145406061648	1.73183451939682	24.6980323922219	6.70525947625187e-07	8.77785518036133e-05	LOC110725859	NW_018742815.1	5168059	5170390	+	1778	protein_coding	uncharacterized LOC110725859 && - && -	MIKC_MADS
110729559	60.6807879573795	2.80613776664787	0.560718831226924	24.690666076249	6.73093693734652e-07	8.78219555948206e-05	LOC110729559	NW_018742987.1	566941	568946	-	2006	protein_coding	UDP-glycosyltransferase 88B1-like && sp|Q6VAA7|U88B1_STERE UDP-glycosyltransferase 88B1 OS=Stevia rebaudiana OX=55670 GN=UGT88B1 PE=2 SV=1 && PF00201:UDP-glucoronosyl and UDP-glucosyl transferase	bHLH
110725633	159.442614183073	3.02664130505823	0.603081142136743	24.6018155127994	7.04852963445301e-07	9.13587143016082e-05	LOC110725633	NW_018742815.1	1253021	1257436	-	3018	protein_coding	phospholipase D alpha 1-like && sp|Q41142|PLDA1_RICCO Phospholipase D alpha 1 OS=Ricinus communis OX=3988 GN=PLD1 PE=1 SV=1 && PF12357:Phospholipase D C terminal|PF00614:Phospholipase D Active site motif|PF00168:C2 domain	TALE
110736211	26.8237224326714	2.79191143435331	0.561007464986906	24.5399281387166	7.27858037553155e-07	9.40301602263982e-05	LOC110736211	NW_018743292.1	1235806	1240697	-	1942	pseudogene	- && sp|Q70E96|AL3F1_ARATH Aldehyde dehydrogenase family 3 member F1 OS=Arabidopsis thaliana OX=3702 GN=ALDH3F1 PE=2 SV=2 && -	bHLH
110713142	19.7446877815068	6.17323232180992	1.19194210914033	24.4452054579691	7.64535366341938e-07	9.84445817781866e-05	LOC110713142	NW_018742418.1	9115175	9119464	+	1536	protein_coding	protein MET1%2C chloroplastic-like && sp|Q94BS2|MET1_ARATH Protein MET1, chloroplastic OS=Arabidopsis thaliana OX=3702 GN=MET1 PE=1 SV=1 && -	G2-like
110721028	28.8771311161949	3.73651573788421	0.744956958804291	24.4229954581072	7.73400093432632e-07	9.92605943443783e-05	LOC110721028	NW_018742577.1	3782760	3788254	-	2377	protein_coding	pectinesterase-like && sp|P09607|PME21_SOLLC Pectinesterase 2.1 OS=Solanum lycopersicum OX=4081 GN=PME2.1 PE=2 SV=2 && PF04043:Plant invertase/pectin methylesterase inhibitor|PF01095:Pectinesterase	NAC
110731133	101.173444007297	3.79375212608949	0.752209545680701	24.4113968718997	7.78070353947846e-07	9.95347133895562e-05	LOC110731133	NW_018742205.1	7091015	7091952	+	695	protein_coding	non-specific lipid-transfer protein-like && sp|P10976|NLTP_SPIOL Non-specific lipid-transfer protein OS=Spinacia oleracea OX=3562 PE=1 SV=2 && PF00234:Protease inhibitor/seed storage/LTP family	MYB_related
110700406	296.995737387529	1.31423714187782	0.266357566345436	24.3489479347255	8.03706263968322e-07	0.000102480376963727	LOC110700406	NW_018744626.1	1819434	1821788	+	2269	protein_coding	polygalacturonase 1 beta-like protein 3 && sp|P92990|PGL3_ARATH Polygalacturonase 1 beta-like protein 3 OS=Arabidopsis thaliana OX=3702 GN=PGL3 PE=2 SV=2 && PF03181:BURP domain	-
110717357	23.8446325776414	4.33828057789866	0.861634479235394	24.2743913447748	8.35424137775303e-07	0.000106179974637053	LOC110717357	NW_018745684.1	7231038	7262993	+	2344	protein_coding	serine carboxypeptidase-like 18%2C transcript variant X2 && sp|Q9C7D6|SCP17_ARATH Serine carboxypeptidase-like 17 OS=Arabidopsis thaliana OX=3702 GN=SCPL17 PE=2 SV=1 && PF00450:Serine carboxypeptidase	C3H
110718289	449.950029900497	1.57609345185731	0.319720028190195	24.261937475598	8.40843294600907e-07	0.000106181474948107	LOC110718289	NW_018745684.1	321937	322921	-	985	protein_coding	protein RALF-like 34 && sp|Q9FHA6|RLF34_ARATH Protein RALF-like 34 OS=Arabidopsis thaliana OX=3702 GN=RALFL34 PE=2 SV=1 && PF05498:Rapid ALkalinization Factor (RALF)	bHLH
110729844	3996.63240622848	1.42313660613768	0.288778283294298	24.2650347858057	8.39492251674819e-07	0.000106181474948107	LOC110729844	NW_018743014.1	463409	467656	+	2330	protein_coding	ruBisCO large subunit-binding protein subunit beta%2C chloroplastic-like && sp|P21240|CPNB1_ARATH Chaperonin 60 subunit beta 1, chloroplastic OS=Arabidopsis thaliana OX=3702 GN=CPN60B1 PE=1 SV=3 && PF00118:TCP-1/cpn60 chaperonin family	bZIP
110732514	55.2120328506931	3.42687601680222	0.685845550993074	24.2546136789555	8.44046605062306e-07	0.000106244366412218	LOC110732514	NW_018743175.1	3283205	3290499	+	2298	protein_coding	protein NRT1/ PTR FAMILY 7.3 && sp|Q9LQL2|PTR14_ARATH Protein NRT1/ PTR FAMILY 7.3 OS=Arabidopsis thaliana OX=3702 GN=NPF7.3 PE=1 SV=2 && PF00854:POT family	G2-like
110711439	26.1688414101074	4.35753023083405	0.865635906794828	24.2015917133129	8.67605470188459e-07	0.000108860925337736	LOC110711439	NW_018745275.1	1709859	1713649	-	1207	protein_coding	protein ALUMINUM SENSITIVE 3 && sp|Q9ZUT3|ALS3_ARATH Protein ALUMINUM SENSITIVE 3 OS=Arabidopsis thaliana OX=3702 GN=ALS3 PE=1 SV=1 && PF03649:Uncharacterised protein family (UPF0014)	-
110714746	21.1193833762576	4.82630913752492	0.954228333370376	24.1922361780231	8.71830269123615e-07	0.0001090426438194	LOC110714746	NW_018745461.1	271403	274140	+	1427	protein_coding	PLASMODESMATA CALLOSE-BINDING PROTEIN 3-like && sp|Q9SD84|PDCB2_ARATH PLASMODESMATA CALLOSE-BINDING PROTEIN 2 OS=Arabidopsis thaliana OX=3702 GN=PDCB2 PE=1 SV=1 && PF07983:X8 domain	C2H2
110721806	414.98515684992	1.10809280723907	0.225500468525934	24.1780726546508	8.7826556279935e-07	0.00010949880459625	LOC110721806	NW_018742630.1	1617920	1627875	-	2737	protein_coding	3-oxoacyl-[acyl-carrier-protein] synthase II%2C chloroplastic-like && sp|Q9C9P4|KASC2_ARATH 3-oxoacyl-[acyl-carrier-protein] synthase II, chloroplastic OS=Arabidopsis thaliana OX=3702 GN=KAS2 PE=1 SV=1 && PF00109:Beta-ketoacyl synthase, N-terminal domain|PF02801:Beta-ketoacyl synthase, C-terminal domain	ARF
110709571	176.273095983175	2.96277251548268	0.596568351316917	24.1618208756533	8.85708376914961e-07	0.000110077294577789	LOC110709571	NW_018742418.1	3624825	3629146	-	1493	protein_coding	GDSL esterase/lipase At3g26430-like && sp|Q9LIN2|GDL53_ARATH GDSL esterase/lipase At3g26430 OS=Arabidopsis thaliana OX=3702 GN=At3g26430 PE=1 SV=1 && PF00657:GDSL-like Lipase/Acylhydrolase	B3
110720575	395.557925889806	1.94302466832933	0.394242308980485	24.1529681895356	8.89789210645146e-07	0.000110235620409044	LOC110720575	NW_018742558.1	697490	705245	-	2310	protein_coding	synaptotagmin-2-like && sp|B6ETT4|SYT2_ARATH Synaptotagmin-2 OS=Arabidopsis thaliana OX=3702 GN=SYT2 PE=2 SV=1 && PF17047:Synaptotagmin-like mitochondrial-lipid-binding domain|PF00168:C2 domain	bZIP
110706486	30.9336492490096	2.86047310162704	0.579737530328484	24.1047600394268	9.12344960163825e-07	0.000112674602580232	LOC110706486	NW_018744988.1	1389969	1390713	-	745	protein_coding	uncharacterized LOC110706486 && - && -	-
110709804	86.7269559188013	3.68256798277557	0.73726987168772	24.078693555749	9.24778932351845e-07	0.000113852172445937	LOC110709804	NW_018745080.1	2867526	2869925	-	2134	protein_coding	UDP-glycosyltransferase 91C1-like && sp|Q9LTA3|U91C1_ARATH UDP-glycosyltransferase 91C1 OS=Arabidopsis thaliana OX=3702 GN=UGT91C1 PE=1 SV=1 && PF00201:UDP-glucoronosyl and UDP-glucosyl transferase	HB-other
110735553	9.49999637227538	7.82006356858084	1.52422368812995	24.030538574989	9.4819801994779e-07	0.000116370565116905	LOC110735553	NW_018743285.1	517120	519115	-	1996	protein_coding	3-ketoacyl-CoA synthase 4-like && sp|Q9LN49|KCS4_ARATH 3-ketoacyl-CoA synthase 4 OS=Arabidopsis thaliana OX=3702 GN=KCS4 PE=2 SV=1 && PF08392:FAE1/Type III polyketide synthase-like protein|PF08541:3-Oxoacyl-[acyl-carrier-protein (ACP)] synthase III C terminal	-
110684152	71.343728650273	2.73190115110686	0.553696115840796	23.9848274425436	9.70978616081543e-07	0.000118795150122649	LOC110684152	NW_018743697.1	2068119	2077569	-	3636	protein_coding	phototropin-1-like%2C transcript variant X1 && sp|O48963|PHOT1_ARATH Phototropin-1 OS=Arabidopsis thaliana OX=3702 GN=PHOT1 PE=1 SV=1 && PF13426:PAS domain|PF00069:Protein kinase domain	NAC
110689005	567.328273192305	1.59429508394983	0.325705723395217	23.9099832992889	1.00946908836289e-06	0.000123120743811416	LOC110689005	NW_018743946.1	3429201	3432697	-	1071	protein_coding	lamin-like protein && sp|Q39131|LAML_ARATH Lamin-like protein OS=Arabidopsis thaliana OX=3702 GN=At5g15350 PE=2 SV=1 && PF02298:Plastocyanin-like domain	C2H2
110700494	130.728869679527	4.98450700484957	0.980240734292617	23.8973263489616	1.01612787474284e-06	0.000123549195123144	LOC110700494	NW_018744626.1	3112928	3113987	-	512	protein_coding	defensin-like protein && sp|A3FPF2|DEF_NELNU Defensin-like protein OS=Nelumbo nucifera OX=4432 PE=3 SV=1 && -	-
110737051	26.7439885989123	2.49129142216618	0.50884230575343	23.8894969319698	1.02026894209922e-06	0.000123669821490934	LOC110737051	NW_018743292.1	11704447	11707325	-	1059	protein_coding	guanine deaminase-like%2C transcript variant X2 && sp|Q94BU8|GSDA_ARATH Guanosine deaminase OS=Arabidopsis thaliana OX=3702 GN=GSDA PE=1 SV=1 && PF14437:MafB19-like deaminase|PF00383:Cytidine and deoxycytidylate deaminase zinc-binding region	GeBP
110726227	74.378766153662	4.15606994745622	0.830189537892374	23.8359952198982	1.04902320019157e-06	0.000126375116997311	LOC110726227	NW_018742879.1	1456338	1457870	+	892	protein_coding	uncharacterized protein At5g01610-like && sp|Q9M015|Y5161_ARATH Uncharacterized protein At5g01610 OS=Arabidopsis thaliana OX=3702 GN=At5g01610 PE=1 SV=1 && PF04398:Protein of unknown function, DUF538	FAR1
110701972	21.8768177479591	2.2913116154105	0.469812541410765	23.7991660761766	1.06928778103785e-06	0.000127641759953494	LOC110701972	NW_018744662.1	1878679	1882750	-	2264	protein_coding	GDSL esterase/lipase At4g10955-like && - && -	-
110707650	10.7557864877803	5.53672186544094	1.10461720561862	23.7998372586268	1.0689149855859e-06	0.000127641759953494	LOC110707650	NW_018745003.1	3768237	3769568	+	939	protein_coding	cucumber peeling cupredoxin-like && sp|P29602|CPC_CUCSA Cucumber peeling cupredoxin OS=Cucumis sativus OX=3659 PE=1 SV=3 && PF02298:Plastocyanin-like domain	C2H2
110685768	115.638176101067	4.10290825083127	0.820451474185856	23.7842220851925	1.07762198937352e-06	0.000128246813298988	LOC110685768	NW_018743850.1	322646	329052	+	2367	protein_coding	squalene monooxygenase-like && sp|O48651|SQE1_PANGI Squalene monooxygenase SE1 OS=Panax ginseng OX=4054 GN=SQE1 PE=2 SV=1 && PF13450:NAD(P)-binding Rossmann-like domain|PF08491:Squalene epoxidase	-
110729735	32.6494565367954	5.34926247292364	1.05449898018902	23.7773885746851	1.08145468753704e-06	0.000128314108591064	LOC110729735	NW_018742987.1	2310130	2311739	+	1418	protein_coding	peroxidase 66-like && sp|Q9LT91|PER66_ARATH Peroxidase 66 OS=Arabidopsis thaliana OX=3702 GN=PER66 PE=2 SV=1 && PF00141:Peroxidase	M-type_MADS
110687271	292.462706793042	2.98569559289929	0.605612075493873	23.7455032276933	1.09951966290263e-06	0.000130064565425225	LOC110687271	NW_018743919.1	1218976	1220482	-	911	protein_coding	oxygen-evolving enhancer protein 3%2C chloroplastic && sp|P12301|PSBQ_SPIOL Oxygen-evolving enhancer protein 3, chloroplastic OS=Spinacia oleracea OX=3562 GN=PSBQ PE=1 SV=1 && PF05757:Oxygen evolving enhancer protein 3 (PsbQ)	-
110720615	233.822604292282	1.37505949836916	0.28227585244345	23.7272654833519	1.10998818015044e-06	0.000130908606003147	LOC110720615	NW_018742564.1	188121	194629	+	883	protein_coding	uncharacterized LOC110720615%2C transcript variant X1 && - && -	-
110730559	22.0602188242275	7.2922843901393	1.42674950752135	23.7127394215013	1.1183976485369e-06	0.000131505481589789	LOC110730559	NW_018743033.1	1778076	1783627	-	2271	protein_coding	uncharacterized LOC110730559%2C transcript variant X2 && - && -	-
110734036	216.718097024186	1.58364332207864	0.32512247570038	23.6913838263715	1.13087704679917e-06	0.000132575923161026	LOC110734036	NW_018743206.1	1316737	1328314	-	1595	protein_coding	gamma-glutamyl hydrolase 2-like%2C transcript variant X1 && sp|O65355|GGH2_ARATH Gamma-glutamyl hydrolase 2 OS=Arabidopsis thaliana OX=3702 GN=GGH2 PE=1 SV=2 && PF07722:Peptidase C26	-
110740228	97.3671239064032	2.15865599260793	0.442176775996821	23.6772067744325	1.13923860804409e-06	0.00013315868408844	LOC110740228	NW_018743548.1	171316	172928	-	1613	protein_coding	zinc finger CCCH domain-containing protein 23-like && sp|O82199|C3H20_ARATH Zinc finger CCCH domain-containing protein 20 OS=Arabidopsis thaliana OX=3702 GN=At2g19810 PE=2 SV=1 && -	C3H
110685807	30.5773182023578	11.582174496852	2.12266392962057	23.6637617759546	1.14722568355786e-06	0.000133694345015928	LOC110685807	NW_018743850.1	681795	684668	+	2088	protein_coding	laccase-11-like && sp|Q8VZA1|LAC11_ARATH Laccase-11 OS=Arabidopsis thaliana OX=3702 GN=LAC11 PE=2 SV=1 && PF00394:Multicopper oxidase|PF07732:Multicopper oxidase|PF07731:Multicopper oxidase	bHLH
110740036	231.846404439383	3.02505735617759	0.614981274469193	23.6226591201003	1.17199289666068e-06	0.000135774858497212	LOC110740036	NW_018742244.1	2417440	2422120	+	1985	protein_coding	glutamate decarboxylase-like && sp|Q07346|DCE_PETHY Glutamate decarboxylase OS=Petunia hybrida OX=4102 GN=GAD PE=1 SV=1 && PF00282:Pyridoxal-dependent decarboxylase conserved domain	GeBP
110719474	30.1651492593102	6.39708025220141	1.24604270149185	23.5756504336997	1.20097697577499e-06	0.000138316623957804	LOC110719474	NW_018742484.1	4438208	4439214	+	1007	protein_coding	osmotin-like protein OSML13 && sp|P50701|OS13_SOLCO Osmotin-like protein OSML13 OS=Solanum commersonii OX=4109 PE=2 SV=1 && PF00314:Thaumatin family	MYB
110688521	128.775722754417	7.31262454239055	1.3877076445006	23.498772595886	1.24993482544357e-06	0.000143534182455104	LOC110688521	NW_018743920.1	9575910	9576926	-	1017	protein_coding	chlorophyll a-b binding protein%2C chloroplastic && sp|P12333|CB2A_SPIOL Chlorophyll a-b binding protein, chloroplastic OS=Spinacia oleracea OX=3562 PE=1 SV=1 && PF00504:Chlorophyll A-B binding protein	ERF
110687580	49.5137080675012	3.0109023194302	0.61565139360039	23.4893621589659	1.25606353832442e-06	0.000143817444141735	LOC110687580	NW_018743920.1	664354	665800	-	1447	protein_coding	indole-3-acetic acid-induced protein ARG7-like && - && PF02519:Auxin responsive protein	bHLH
110702434	8.44260906930102	4.92201620272933	1.0016893168107	23.4412127708715	1.28789648974695e-06	0.000144927102698659	LOC110702434	NW_018744693.1	445534	448604	+	2338	protein_coding	tubulin beta-3 chain-like && sp|P24636|TBB4_ARATH Tubulin beta-4 chain OS=Arabidopsis thaliana OX=3702 GN=TUBB4 PE=2 SV=2 && PF03953:Tubulin C-terminal domain|PF00091:Tubulin/FtsZ family, GTPase domain	NAC
110705024	659.526057341514	1.69483095632392	0.349402400442869	23.4562523336911	1.27786745514223e-06	0.000144927102698659	LOC110705024	NW_018744874.1	971141	977669	-	2582	protein_coding	long chain acyl-CoA synthetase 2-like && sp|M4ISH1|CCL6_HUMLU Probable CoA ligase CCL6 OS=Humulus lupulus OX=3486 GN=CCL6 PE=2 SV=1 && PF00501:AMP-binding enzyme	WRKY
110713393	95.7598592551963	1.38314678283746	0.285752437564968	23.4496109756611	1.28228650810604e-06	0.000144927102698659	LOC110713393	NW_018745413.1	4229099	4231264	+	1511	protein_coding	uncharacterized LOC110713393 && - && PF04622:ERG2 and Sigma1 receptor like protein	-
110716435	207.499929019578	1.56999932663946	0.324109262937214	23.4431498877591	1.28660031993159e-06	0.000144927102698659	LOC110716435	NW_018745584.1	444790	453544	+	1405	protein_coding	short-chain dehydrogenase TIC 32%2C chloroplastic-like && sp|A0A078ISJ6|TC32B_BRANA Short-chain dehydrogenase TIC 32 B, chloroplastic OS=Brassica napus OX=3708 GN=TIC32B PE=3 SV=1 && PF00106:short chain dehydrogenase	C2H2
110738374	147.474763334194	2.2712838653183	0.466730450921316	23.4554970820711	1.27836921676429e-06	0.000144927102698659	LOC110738374	NW_018743389.1	696776	700756	+	2300	protein_coding	uncharacterized LOC110738374%2C transcript variant X1 && - && -	-
110689711	39.9299471438959	3.96357551626439	0.803003680722292	23.4115231505186	1.30792715676794e-06	0.000146760637793564	LOC110689711	NW_018743977.1	1373107	1374632	+	1362	protein_coding	uncharacterized LOC110689711 && - && -	-
110724537	14.7088004809975	5.24653175120459	1.05480655935766	23.3556964669185	1.34644173499458e-06	0.000150651869682171	LOC110724537	NW_018742770.1	2813502	2815531	-	2030	protein_coding	aldehyde oxidase GLOX1-like && sp|Q9FYG4|GLOX1_ARATH Aldehyde oxidase GLOX1 OS=Arabidopsis thaliana OX=3702 GN=GLOX1 PE=2 SV=1 && PF07250:Glyoxal oxidase N-terminus|PF09118:Domain of unknown function (DUF1929)	NAC
110696120	40.9366084324132	3.91130864299331	0.793687553513059	23.3472076983786	1.35239691338659e-06	0.000150858107670363	LOC110696120	NW_018744311.1	2788269	2790097	+	1319	protein_coding	GDSL esterase/lipase At4g10955-like && sp|Q680C0|GDL62_ARATH GDSL esterase/lipase At4g10955 OS=Arabidopsis thaliana OX=3702 GN=At4g10955 PE=2 SV=1 && -	-
110714376	382.305879188397	3.64271733888112	0.739256181003918	23.3366947213832	1.35980877741218e-06	0.000150858107670363	LOC110714376	NW_018745454.1	238639	246592	-	1721	protein_coding	serine carboxypeptidase-like 13 && sp|Q9C7Z9|SCP18_ARATH Serine carboxypeptidase-like 18 OS=Arabidopsis thaliana OX=3702 GN=SCPL18 PE=2 SV=2 && PF00450:Serine carboxypeptidase	C3H
110728061	5.70717614733748	5.90446082977927	1.24693237137066	23.3416929335327	1.35627986886239e-06	0.000150858107670363	LOC110728061	NW_018742205.1	1402029	1403834	-	1265	protein_coding	syntaxin-related protein KNOLLE-like && sp|Q42374|SY111_ARATH Syntaxin-related protein KNOLLE OS=Arabidopsis thaliana OX=3702 GN=KN PE=1 SV=1 && PF00804:Syntaxin|PF05739:SNARE domain	NAC
110714139	52.1241649146851	3.09257111042956	0.634975719185367	23.250550824564	1.42209712097559e-06	0.00015732400065373	LOC110714139	NW_018745454.1	231216	236314	-	1813	protein_coding	serine carboxypeptidase-like 17 && sp|Q9C7Z9|SCP18_ARATH Serine carboxypeptidase-like 18 OS=Arabidopsis thaliana OX=3702 GN=SCPL18 PE=2 SV=2 && PF00450:Serine carboxypeptidase	C3H
110682499	4.41948656477416	6.3400114889792	1.30725125727481	23.2173224361154	1.44688150680717e-06	0.000158415484466468	LOC110682499	NW_018743574.1	8102908	8104734	-	875	protein_coding	protein RADIALIS-like 3 && sp|Q8GW75|RADL5_ARATH Protein RADIALIS-like 5 OS=Arabidopsis thaliana OX=3702 GN=RL5 PE=3 SV=1 && -	MYB_related
110682979	299.331129188806	5.27295202520577	1.04538820155109	23.2157060087345	1.44809815709169e-06	0.000158415484466468	LOC110682979	NW_018743616.1	902549	903475	-	927	protein_coding	auxin-binding protein ABP19a-like && sp|Q9ZRA4|AB19A_PRUPE Auxin-binding protein ABP19a OS=Prunus persica OX=3760 GN=ABP19A PE=3 SV=1 && PF00190:Cupin	bZIP
110721356	333.989008736484	2.6418257833335	0.543610251426032	23.2268085320455	1.43976215997848e-06	0.000158415484466468	LOC110721356	NW_018742204.1	19084636	19085712	-	886	protein_coding	photosystem I reaction center subunit II%2C chloroplastic-like && sp|P12353|PSAD_SPIOL Photosystem I reaction center subunit II, chloroplastic OS=Spinacia oleracea OX=3562 GN=psaD PE=1 SV=2 && PF02531:PsaD	-
110731199	791.169733384841	1.05692960405385	0.219501956575172	23.2170915407756	1.44705523400188e-06	0.000158415484466468	LOC110731199	NW_018743066.1	145916	148952	+	1436	protein_coding	phosphoglycolate phosphatase 2 && sp|Q8GWU0|PGP2_ARATH Phosphoglycolate phosphatase 2 OS=Arabidopsis thaliana OX=3702 GN=PGLP2 PE=1 SV=1 && PF13242:HAD-hyrolase-like|PF13344:Haloacid dehalogenase-like hydrolase	MYB_related
110734452	294.254458752401	1.73922328243978	0.361161553525099	23.1134990797862	1.52714782488792e-06	0.000166137608107543	LOC110734452	NW_018743212.1	3244277	3258537	+	1165	protein_coding	caffeoylshikimate esterase-like && sp|Q9C942|CSE_ARATH Caffeoylshikimate esterase OS=Arabidopsis thaliana OX=3702 GN=CSE PE=1 SV=1 && PF12146:Serine aminopeptidase, S33	G2-like
110707759	83.0803593779099	2.54940507705432	0.527495828984419	23.0687790982942	1.56308316341275e-06	0.000169110096630052	LOC110707759	NW_018745003.1	1149254	1158057	-	2791	pseudogene	- && sp|Q9ZPI6|AIM1_ARATH Peroxisomal fatty acid beta-oxidation multifunctional protein AIM1 OS=Arabidopsis thaliana OX=3702 GN=AIM1 PE=1 SV=1 && PF00378:Enoyl-CoA hydratase/isomerase|PF00725:3-hydroxyacyl-CoA dehydrogenase, C-terminal domain|PF02737:3-hydroxyacyl-CoA dehydrogenase, NAD binding domain	MYB_related
110691211	23.2300997569669	3.68016998931755	0.757200041185122	23.0537582610839	1.57534266617365e-06	0.000169968221232521	LOC110691211	NW_018744072.1	1258846	1260908	+	1892	protein_coding	zinc finger protein CONSTANS-LIKE 16-like && sp|Q8RWD0|COL16_ARATH Zinc finger protein CONSTANS-LIKE 16 OS=Arabidopsis thaliana OX=3702 GN=COL16 PE=1 SV=2 && PF06203:CCT motif	CO-like
110690727	39.9491186200146	3.54922608303498	0.729547192251841	23.0297341049851	1.59515117369748e-06	0.000171523033965905	LOC110690727	NW_018744062.1	1645279	1648405	+	2469	protein_coding	serine/threonine-protein kinase STN8%2C chloroplastic-like%2C transcript variant X1 && sp|Q9LZV4|STN8_ARATH Serine/threonine-protein kinase STN8, chloroplastic OS=Arabidopsis thaliana OX=3702 GN=STN8 PE=2 SV=1 && PF00069:Protein kinase domain	WRKY
110705586	138.406024192892	6.39309268476339	1.24746962321414	23.0257162606857	1.59848828537472e-06	0.000171523033965905	LOC110705586	NW_018744878.1	3687250	3689067	-	1073	protein_coding	aquaporin TIP4-1-like && sp|O82316|TIP41_ARATH Aquaporin TIP4-1 OS=Arabidopsis thaliana OX=3702 GN=TIP4-1 PE=2 SV=1 && PF00230:Major intrinsic protein	BES1
110701012	299.873362133634	2.25751642880169	0.468295325959856	23.0161916745833	1.60642714878739e-06	0.000171905213663017	LOC110701012	NW_018744633.1	3132075	3134341	+	641	protein_coding	cysteine proteinase inhibitor A-like%2C transcript variant X2 && sp|Q06445|CYTI_VIGUN Cysteine proteinase inhibitor OS=Vigna unguiculata OX=3917 PE=1 SV=1 && PF16845:Aspartic acid proteinase inhibitor	bHLH
110718704	7.87056558722769	3.36146897954613	0.708158208717477	22.9932411648856	1.62571953124565e-06	0.000173496965083181	LOC110718704	NW_018742461.1	2429063	2431646	+	1568	protein_coding	expansin-A16-like && sp|Q69XV9|EXP16_ORYSJ Expansin-A16 OS=Oryza sativa subsp. japonica OX=39947 GN=EXPA16 PE=2 SV=1 && PF03330:Lytic transglycolase|PF01357:Pollen allergen	MYB_related
110710514	5.92481087548314	7.54753641488894	1.52344933402457	22.9819405176516	1.6353041613844e-06	0.000174046884363278	LOC110710514	NW_018745174.1	772253	773339	-	636	protein_coding	keratin-associated protein 17-1-like && - && -	-
110729500	10.7081990243265	3.84424351673716	0.800894148345309	22.9233243888542	1.68593639936354e-06	0.000178259894151236	LOC110729500	NW_018742205.1	3567932	3570794	+	1334	protein_coding	alpha carbonic anhydrase 1%2C chloroplastic-like && sp|O04846|ATCA1_ARATH Alpha carbonic anhydrase 1, chloroplastic OS=Arabidopsis thaliana OX=3702 GN=ACA1 PE=1 SV=2 && PF00194:Eukaryotic-type carbonic anhydrase	GATA
110729759	28.5488177580781	2.69671088572974	0.561144867944626	22.9203973227383	1.68850560497696e-06	0.000178259894151236	LOC110729759	NW_018742987.1	2586448	2588570	+	1759	pseudogene	- && sp|Q8GW72|FUCO1_ARATH Alpha-L-fucosidase 1 OS=Arabidopsis thaliana OX=3702 GN=FUC1 PE=1 SV=2 && PF01120:Alpha-L-fucosidase	-
110711687	140.64168119431	7.24709069096868	1.39357339621439	22.9096241502622	1.69799553176998e-06	0.000178303151120862	LOC110711687	NW_018745281.1	2916037	2918238	-	1260	protein_coding	xyloglucan endotransglucosylase/hydrolase protein 24-like && sp|P35694|XTH2_SOYBN Xyloglucan endotransglucosylase/hydrolase 2 OS=Glycine max OX=3847 PE=2 SV=1 && PF00722:Glycosyl hydrolases family 16|PF06955:Xyloglucan endo-transglycosylase (XET) C-terminus	NAC
110723389	88.2220967617822	1.18986119519632	0.248943388607251	22.9118456646495	1.6960342642462e-06	0.000178303151120862	LOC110723389	NW_018742730.1	925842	927137	+	1296	protein_coding	transcription factor TCP20-like && sp|Q9LSD5|TCP20_ARATH Transcription factor TCP20 OS=Arabidopsis thaliana OX=3702 GN=TCP20 PE=1 SV=1 && PF03634:TCP family transcription factor	TCP
110730335	38.8066033622141	3.46031059158937	0.713386319393307	22.9014729384204	1.70521134954594e-06	0.000178583374215247	LOC110730335	NW_018742205.1	5161465	5162632	-	1168	protein_coding	NDR1/HIN1-like protein 1 && sp|Q9SRN0|NHL1_ARATH NDR1/HIN1-like protein 1 OS=Arabidopsis thaliana OX=3702 GN=NHL1 PE=2 SV=1 && PF03168:Late embryogenesis abundant protein	bZIP
110731746	80.2298289634653	2.54614970689481	0.529024075075565	22.8814534561878	1.7230643015535e-06	0.000179973149773699	LOC110731746	NW_018743074.1	2648811	2651051	+	918	protein_coding	elicitor-responsive protein 3-like%2C transcript variant X1 && sp|Q25AG5|ERG3_ORYSI Elicitor-responsive protein 3 OS=Oryza sativa subsp. indica OX=39946 GN=ERG3 PE=2 SV=1 && PF00168:C2 domain	MYB
110705585	172.416649199707	3.28091202483011	0.676242048548724	22.8515885422132	1.75004627761045e-06	0.000182306544988316	LOC110705585	NW_018742410.1	864850	869738	-	1959	protein_coding	uncharacterized LOC110705585 && - && -	-
110716410	58.460011678229	2.89723368457686	0.601023826997277	22.8333634885603	1.76671983590025e-06	0.000183556582315636	LOC110716410	NW_018742441.1	1069429	1070854	-	864	protein_coding	basic blue protein-like && sp|Q41001|BCP_PEA Blue copper protein OS=Pisum sativum OX=3888 PE=2 SV=1 && PF02298:Plastocyanin-like domain	C2H2
110717859	58.0342544723696	1.97601124367565	0.413259355457648	22.801633746972	1.79612954266232e-06	0.000186119777121313	LOC110717859	NW_018745684.1	1389059	1390360	-	1302	protein_coding	ethylene-responsive transcription factor ERF060-like && sp|O65665|ERF60_ARATH Ethylene-responsive transcription factor ERF060 OS=Arabidopsis thaliana OX=3702 GN=ERF060 PE=1 SV=1 && PF00847:AP2 domain	ERF
110704632	766.119451639163	5.93050751081947	1.17215742791876	22.7741560491029	1.82199460544055e-06	0.000187808908502537	LOC110704632	NW_018744855.1	561062	561830	-	769	protein_coding	pEARLI1-like lipid transfer protein 1 && sp|Q9SU34|ERLL2_ARATH pEARLI1-like lipid transfer protein 2 OS=Arabidopsis thaliana OX=3702 GN=At4g12490 PE=2 SV=1 && PF14547:Hydrophobic seed protein	Trihelix
110688021	5.79262207024469	7.17314700829619	1.46870450926748	22.7478380986011	1.84711822457989e-06	0.000189900193806089	LOC110688021	NW_018743920.1	4065735	4069548	+	2143	protein_coding	pectinesterase-like && sp|O04886|PME1_CITSI Pectinesterase 1 OS=Citrus sinensis OX=2711 GN=PECS-1.1 PE=2 SV=1 && PF01095:Pectinesterase|PF04043:Plant invertase/pectin methylesterase inhibitor	NAC
110723942	212.53175317681	5.29075303914226	1.06198069060647	22.7086492776643	1.88517408234199e-06	0.000192308030700819	LOC110723942	NW_018742733.1	4088070	4089609	+	812	protein_coding	protein GOS9-like && - && PF01419:Jacalin-like lectin domain	-
110712220	62.1786869642782	4.16149279859166	0.852960627647611	22.6838912792687	1.90962070739129e-06	0.000193789493646972	LOC110712220	NW_018745291.1	360625	366082	+	855	protein_coding	photosynthetic NDH subunit of subcomplex B 3%2C chloroplastic-like && sp|Q9LU21|PNSB3_ARATH Photosynthetic NDH subunit of subcomplex B 3, chloroplastic OS=Arabidopsis thaliana OX=3702 GN=PNSB3 PE=2 SV=1 && PF00111:2Fe-2S iron-sulfur cluster binding domain	-
110738342	6.54801405397481	2.80650710301728	0.597022255111863	22.6652256898112	1.92826158114919e-06	0.000194675108165738	LOC110738342	NW_018743389.1	243311	244767	-	1457	protein_coding	dirigent protein 22-like && sp|A0A1V1FH01|DIR_GLYEC Pterocarpan synthase 1 OS=Glycyrrhiza echinata OX=46348 GN=PTS1 PE=1 SV=1 && PF03018:Dirigent-like protein	B3
110713916	544.86842796908	1.65838121945741	0.347943685407122	22.6528562559248	1.94071508772945e-06	0.000195430009334356	LOC110713916	NW_018745454.1	4302328	4305137	+	1345	protein_coding	uncharacterized LOC110713916 && - && PF13301:Protein of unknown function (DUF4079)	-
110715346	19.6664908667202	4.1646822343346	0.858966483642863	22.6406582662754	1.95307499448785e-06	0.000196171647720003	LOC110715346	NW_018745523.1	1171470	1172490	-	1021	protein_coding	chlorophyll a-b binding protein%2C chloroplastic-like && sp|P12333|CB2A_SPIOL Chlorophyll a-b binding protein, chloroplastic OS=Spinacia oleracea OX=3562 PE=1 SV=1 && PF00504:Chlorophyll A-B binding protein	ERF
110685763	185.676648347719	1.09782942312167	0.231026106090594	22.6340114019492	1.95984329525769e-06	0.000196349300343509	LOC110685763	NW_018743850.1	237943	241575	+	1252	protein_coding	thioredoxin-like protein AAED1%2C chloroplastic && - && PF13911:AhpC/TSA antioxidant enzyme	-
110689662	110.992698113613	3.99083982951278	0.820360945808537	22.5982225078829	1.99669251245053e-06	0.000198987188242706	LOC110689662	NW_018743977.1	519618	521132	+	700	protein_coding	photosystem I reaction center subunit IV%2C chloroplastic-like && sp|P12354|PSAE_SPIOL Photosystem I reaction center subunit IV, chloroplastic OS=Spinacia oleracea OX=3562 GN=PSAE-1 PE=1 SV=1 && PF02427:Photosystem I reaction centre subunit IV / PsaE	-
110699237	164.603802291885	2.79127166532702	0.581720684354934	22.6026271902343	1.99212008783386e-06	0.000198987188242706	LOC110699237	NW_018744582.1	1313596	1315734	-	2139	protein_coding	uncharacterized acetyltransferase At3g50280-like && sp|Q9FF86|DCR_ARATH BAHD acyltransferase DCR OS=Arabidopsis thaliana OX=3702 GN=DCR PE=2 SV=1 && PF02458:Transferase family	NAC
110714492	131.653855179379	2.73475443998689	0.570483161826633	22.5937237659144	2.00137344628292e-06	0.000198987188242706	LOC110714492	NW_018745454.1	5066613	5071214	-	3652	protein_coding	receptor protein-tyrosine kinase CEPR2-like && sp|Q9C7T7|CEPR2_ARATH Receptor protein-tyrosine kinase CEPR2 OS=Arabidopsis thaliana OX=3702 GN=CEPR2 PE=1 SV=1 && PF00069:Protein kinase domain|PF13855:Leucine rich repeat|PF08263:Leucine rich repeat N-terminal domain	MYB_related
110724433	190.254603541493	4.48536809484219	0.914387941704475	22.5731715622096	2.02289839273889e-06	0.000200619415601097	LOC110724433	NW_018742204.1	23086250	23089272	+	1357	pseudogene	- && sp|Q7XZP5|APX5_ARATH L-ascorbate peroxidase 5, peroxisomal OS=Arabidopsis thaliana OX=3702 GN=APX5 PE=1 SV=2 && PF00141:Peroxidase	MYB_related
110739122	59.199258571747	2.924764798512	0.609863734283852	22.5668900845057	2.02952339584447e-06	0.000200769451700252	LOC110739122	NW_018743434.1	170960	173698	+	940	protein_coding	signal peptidase complex-like protein DTM1 && sp|Q7XI45|DTM1_ORYSJ Signal peptidase complex-like protein DTM1 OS=Oryza sativa subsp. japonica OX=39947 GN=DTM1 PE=2 SV=1 && PF06645:Microsomal signal peptidase 12 kDa subunit (SPC12)	-
110707817	195.908427036865	2.25395808366648	0.47242508505189	22.5555618735178	2.04152619969149e-06	0.000201449393066542	LOC110707817	NW_018745003.1	1865563	1871330	+	2970	protein_coding	probable serine incorporator%2C transcript variant X1 && sp|Q3MHV9|SERC1_BOVIN Serine incorporator 1 OS=Bos taurus OX=9913 GN=SERINC1 PE=2 SV=1 && PF03348:Serine incorporator (Serinc)	-
110701888	67.3014061554628	4.0323182674626	0.830039842373758	22.5336051924265	2.06499354296323e-06	0.000203254364443095	LOC110701888	NW_018744662.1	476690	478117	+	1026	protein_coding	chlorophyll a-b binding protein 5%2C chloroplastic && sp|P27494|CB23_TOBAC Chlorophyll a-b binding protein 36, chloroplastic OS=Nicotiana tabacum OX=4097 GN=CAB36 PE=3 SV=1 && PF00504:Chlorophyll A-B binding protein	ERF
110712604	29.6831246171906	8.24467993428095	1.57902215892809	22.5140491278029	2.08612285744266e-06	0.000204309982494627	LOC110712604	NW_018742418.1	8186169	8188686	+	926	protein_coding	ribonuclease 1-like && sp|P42813|RNS1_ARATH Ribonuclease 1 OS=Arabidopsis thaliana OX=3702 GN=RNS1 PE=1 SV=1 && PF00445:Ribonuclease T2 family	bZIP
110735177	44.0756120980982	8.38758674807013	1.61599185950969	22.5074030424181	2.09335287560366e-06	0.000204508078317369	LOC110735177	NW_018743252.1	8743336	8746077	+	1070	protein_coding	chlorophyll a-b binding protein 6A%2C chloroplastic-like && sp|P12360|CB11_SOLLC Chlorophyll a-b binding protein 6A, chloroplastic OS=Solanum lycopersicum OX=4081 GN=CAB6A PE=2 SV=1 && PF00504:Chlorophyll A-B binding protein	ERF
110689717	170.960235535001	4.59990702593762	0.938578351878095	22.486920647519	2.11579336833231e-06	0.000205677111273552	LOC110689717	NW_018743977.1	1466546	1472338	-	3553	protein_coding	cellulose synthase A catalytic subunit 4 [UDP-forming]-like && sp|Q84JA6|CESA4_ARATH Cellulose synthase A catalytic subunit 4 [UDP-forming] OS=Arabidopsis thaliana OX=3702 GN=CESA4 PE=1 SV=1 && PF14569:Zinc-binding RING-finger|PF03552:Cellulose synthase	G2-like
110693525	39.9378702039156	1.98528922325186	0.418511795127863	22.4763918664519	2.12742243687385e-06	0.000206279175619403	LOC110693525	NW_018744151.1	1552186	1553606	-	1421	protein_coding	uncharacterized LOC110693525 && - && -	-
110707514	40.6186860177525	4.21576854354265	0.875340455956563	22.4698553491771	2.13467427637186e-06	0.000206279175619403	LOC110707514	NW_018745000.1	4386963	4388697	-	928	protein_coding	uncharacterized LOC110707514 && - && -	-
110710738	551.915632537123	1.51307210698807	0.319025828751714	22.4670950313257	2.13774411114753e-06	0.000206279175619403	LOC110710738	NW_018745177.1	3701383	3706029	-	867	protein_coding	macrophage migration inhibitory factor homolog%2C transcript variant X1 && sp|P81529|MIFH_TRISP Macrophage migration inhibitory factor homolog OS=Trichinella spiralis OX=6334 PE=1 SV=2 && PF01187:Macrophage migration inhibitory factor (MIF)	B3
110711663	7.94253225176787	5.60991883763765	1.16031827088	22.4505744506275	2.15620995325467e-06	0.000207551062485712	LOC110711663	NW_018745281.1	2946659	2948460	-	1137	protein_coding	probable xyloglucan endotransglucosylase/hydrolase protein 16 && sp|Q8LG58|XTH16_ARATH Probable xyloglucan endotransglucosylase/hydrolase protein 16 OS=Arabidopsis thaliana OX=3702 GN=XTH16 PE=2 SV=2 && PF06955:Xyloglucan endo-transglycosylase (XET) C-terminus|PF00722:Glycosyl hydrolases family 16	MYB_related
110719667	64.7198799247808	3.15273386009769	0.658468549747227	22.4225126776556	2.1879434233822e-06	0.00020952720365059	LOC110719667	NW_018742484.1	7583868	7584923	+	952	protein_coding	histidine-rich glycoprotein-like && - && -	-
110690049	5.04954151712254	7.0613761097948	1.45949809919397	22.4009032510844	2.21269925928126e-06	0.000210770757128392	LOC110690049	NW_018743979.1	4826853	4829677	-	1284	protein_coding	WUSCHEL-related homeobox 4-like%2C transcript variant X1 && sp|Q6X7J9|WOX4_ARATH WUSCHEL-related homeobox 4 OS=Arabidopsis thaliana OX=3702 GN=WOX4 PE=1 SV=1 && PF00046:Homeodomain	WOX
110702521	2396.53654627129	1.39196800770008	0.294039312169098	22.3950509368152	2.21945191407197e-06	0.000210770757128392	LOC110702521	NW_018744693.1	1800796	1805331	+	1972	protein_coding	hydroxymethylglutaryl-CoA synthase-like && sp|P54873|HMCS_ARATH Hydroxymethylglutaryl-CoA synthase OS=Arabidopsis thaliana OX=3702 GN=HMGS PE=1 SV=2 && PF01154:Hydroxymethylglutaryl-coenzyme A synthase N terminal|PF08540:Hydroxymethylglutaryl-coenzyme A synthase C terminal	TCP
110702835	31.2554207644236	5.30877088027991	1.08027833470846	22.3018736452865	2.32979177326278e-06	0.00021994690459459	LOC110702835	NW_018744704.1	5559662	5562702	+	1447	protein_coding	WAT1-related protein At3g18200-like && sp|Q9LV20|WTR17_ARATH WAT1-related protein At3g18200 OS=Arabidopsis thaliana OX=3702 GN=At3g18200 PE=2 SV=1 && PF00892:EamA-like transporter family	ERF
110681938	1022.89969590296	2.65420409806098	0.557575850055993	22.2742219892699	2.36358353984898e-06	0.000222601957699014	LOC110681938	NW_018743574.1	1761404	1763439	+	1088	protein_coding	oxygen-evolving enhancer protein 2%2C chloroplastic-like && sp|P12302|PSBP_SPIOL Oxygen-evolving enhancer protein 2, chloroplastic OS=Spinacia oleracea OX=3562 GN=PSBP PE=1 SV=1 && PF01789:PsbP	WRKY
110709060	5.26836089636472	8.26000976891065	1.68896967904308	22.2453950604749	2.39933516956174e-06	0.000223939070230696	LOC110709060	NW_018745026.1	382136	385447	-	2246	protein_coding	UDP-glucuronate_xylan alpha-glucuronosyltransferase 2-like%2C transcript variant X1 && sp|Q8GWW4|GUX2_ARATH UDP-glucuronate:xylan alpha-glucuronosyltransferase 2 OS=Arabidopsis thaliana OX=3702 GN=GUX2 PE=2 SV=1 && PF01501:Glycosyl transferase family 8	-
110735084	1556.93799541842	1.04423173330611	0.221573878901316	22.2398361714772	2.4062915396673e-06	0.000223939070230696	LOC110735084	NW_018743252.1	5342277	5359060	+	4165	protein_coding	alpha-1%2C4 glucan phosphorylase L isozyme%2C chloroplastic/amyloplastic-like && sp|P04045|PHSL1_SOLTU Alpha-1,4 glucan phosphorylase L-1 isozyme, chloroplastic/amyloplastic OS=Solanum tuberosum OX=4113 PE=1 SV=2 && PF00343:Carbohydrate phosphorylase	GeBP
110708023	8.95997129383628	6.19091622085041	1.29951185826314	22.2213952949215	2.42951359714441e-06	0.000225033696935501	LOC110708023	NW_018745003.1	4575681	4579953	-	2205	protein_coding	monogalactosyldiacylglycerol synthase 2%2C chloroplastic-like && sp|O82730|MGDG2_ARATH Monogalactosyldiacylglycerol synthase 2, chloroplastic OS=Arabidopsis thaliana OX=3702 GN=MGD2 PE=1 SV=1 && PF06925:Monogalactosyldiacylglycerol (MGDG) synthase|PF04101:Glycosyltransferase family 28 C-terminal domain	-
110687985	935.666584023482	2.3296781692954	0.491739701488077	22.1860919900327	2.4745990915643e-06	0.000228133638786396	LOC110687985	NW_018743920.1	3660852	3664474	+	1033	protein_coding	acylpyruvase FAHD1%2C mitochondrial-like && sp|Q93ZE5|FAHD1_ARATH Probable acylpyruvase FAHD1, mitochondrial OS=Arabidopsis thaliana OX=3702 GN=FAHD1 PE=1 SV=1 && PF01557:Fumarylacetoacetate (FAA) hydrolase family	-
110715942	17.6410943823503	2.04765669190817	0.435973920301615	22.1895956992671	2.47008727368823e-06	0.000228133638786396	LOC110715942	NW_018745533.1	297627	299150	+	1524	protein_coding	E3 ubiquitin-protein ligase SGR9%2C amyloplastic-like && sp|Q8GXF8|SHGR9_ARATH E3 ubiquitin-protein ligase SGR9, amyloplastic OS=Arabidopsis thaliana OX=3702 GN=SGR9 PE=1 SV=1 && PF13639:Ring finger domain	bZIP
110713810	42.0540685573881	12.7582226746732	2.25167425069733	22.1463867060446	2.52631003550564e-06	0.000232355442680124	LOC110713810	NW_018745448.1	8848220	8849903	+	1324	protein_coding	peroxidase 57-like && sp|Q9SS67|PER28_ARATH Peroxidase 28 OS=Arabidopsis thaliana OX=3702 GN=PER28 PE=2 SV=1 && PF00141:Peroxidase	NAC
110693707	33.9891034090103	1.91452687247495	0.407063576967093	22.1169949942246	2.56528595131929e-06	0.000235388960668604	LOC110693707	NW_018744151.1	4819968	4824595	-	1077	protein_coding	rac-like GTP-binding protein ARAC2%2C transcript variant X1 && sp|Q38903|RAC2_ARATH Rac-like GTP-binding protein ARAC2 OS=Arabidopsis thaliana OX=3702 GN=ARAC2 PE=1 SV=1 && PF00071:Ras family	bZIP
110714649	114.139397362807	2.09678499301045	0.444507228342913	22.1114198305625	2.57274688236363e-06	0.00023544803133344	LOC110714649	NW_018745454.1	1893114	1895395	+	864	protein_coding	elicitor-responsive protein 3-like%2C transcript variant X1 && sp|Q25AG5|ERG3_ORYSI Elicitor-responsive protein 3 OS=Oryza sativa subsp. indica OX=39946 GN=ERG3 PE=2 SV=1 && PF00168:C2 domain	MYB
110720086	17.5651491909109	9.55058860680962	1.90986828659283	22.1044347962993	2.58212529668885e-06	0.00023544803133344	LOC110720086	NW_018742541.1	1364633	1366988	-	949	protein_coding	expansin-A12-like && sp|Q9LDJ3|EXP12_ARATH Expansin-A12 OS=Arabidopsis thaliana OX=3702 GN=EXPA12 PE=2 SV=1 && PF01357:Pollen allergen|PF03330:Lytic transglycolase	bZIP
110734409	889.403924063508	1.42024977243892	0.301986140769409	22.1031045735318	2.58391519631076e-06	0.00023544803133344	LOC110734409	NW_018743212.1	2748697	2750160	+	711	protein_coding	photosystem II reaction center W protein%2C chloroplastic-like && sp|Q41387|PSBW_SPIOL Photosystem II reaction center W protein, chloroplastic OS=Spinacia oleracea OX=3562 GN=psbW PE=1 SV=1 && PF07123:Photosystem II reaction centre W protein (PsbW)	-
110725443	4.46481130369887	9.19373122774263	1.86857778355521	22.0762828949759	2.6202722509819e-06	0.000238208222483361	LOC110725443	NW_018742815.1	3873591	3874031	-	441	protein_coding	uncharacterized LOC110725443 && - && -	-
110707110	10.4978012781534	3.48959882786188	0.741373313804414	22.0360072287205	2.67583260410588e-06	0.000242084061700848	LOC110707110	NW_018742418.1	2629442	2634923	+	1795	protein_coding	tryptophan aminotransferase-related protein 1-like && sp|Q9LR29|TAR1_ARATH Tryptophan aminotransferase-related protein 1 OS=Arabidopsis thaliana OX=3702 GN=TAR1 PE=2 SV=2 && PF04864:Allinase	-
110725425	39.0867223555993	3.04098210561136	0.642609744857602	22.0320187808715	2.68139859037682e-06	0.000242084061700848	LOC110725425	NW_018742205.1	616501	617385	+	596	protein_coding	defensin-like protein 2 && sp|Q39182|DEF02_ARATH Defensin-like protein 2 OS=Arabidopsis thaliana OX=3702 GN=PDF2.2 PE=2 SV=1 && -	-
110730131	8.77133307381173	5.95425636321525	1.26095576192242	22.0098869658545	2.7124958639973e-06	0.000244329931345794	LOC110730131	NW_018743021.1	678665	679605	+	806	protein_coding	rhodanese-like domain-containing protein 10 && sp|Q9SR92|STR10_ARATH Rhodanese-like domain-containing protein 10 OS=Arabidopsis thaliana OX=3702 GN=STR10 PE=2 SV=1 && PF00581:Rhodanese-like domain	-
110695099	1405.59099820178	2.480107065767	0.525044563066802	21.9991258677888	2.72774669670292e-06	0.000245141409655867	LOC110695099	NW_018744290.1	761181	763374	+	1106	protein_coding	oxygen-evolving enhancer protein 2%2C chloroplastic && sp|P12302|PSBP_SPIOL Oxygen-evolving enhancer protein 2, chloroplastic OS=Spinacia oleracea OX=3562 GN=PSBP PE=1 SV=1 && PF01789:PsbP	WRKY
110716634	610.964013965203	1.93158184432716	0.410976517836848	21.9637912757895	2.77843117840787e-06	0.000248558832960393	LOC110716634	NW_018745617.1	463528	469154	-	1779	protein_coding	uroporphyrinogen decarboxylase 1%2C chloroplastic-like%2C transcript variant X1 && sp|Q93ZB6|DCUP1_ARATH Uroporphyrinogen decarboxylase 1, chloroplastic OS=Arabidopsis thaliana OX=3702 GN=HEME1 PE=2 SV=2 && PF01208:Uroporphyrinogen decarboxylase (URO-D)	-
110685049	240.32297213791	2.13569254954821	0.454149013362666	21.9454725765456	2.80507862098615e-06	0.000250372392459066	LOC110685049	NW_018743791.1	987604	990309	-	1176	protein_coding	CASP-like protein XL3 && sp|A7Q6G6|CSPL9_VITVI CASP-like protein 2C1 OS=Vitis vinifera OX=29760 GN=VIT_11s0052g01140 PE=2 SV=1 && PF04535:Domain of unknown function (DUF588)	MYB_related
110700102	140.770869920691	1.58883178881567	0.339108744303875	21.9385113739871	2.8152718911078e-06	0.000250712410384301	LOC110700102	NW_018744616.1	631142	633973	+	1692	pseudogene	- && sp|Q700D5|BDG4_ARATH Probable lysophospholipase BODYGUARD 4 OS=Arabidopsis thaliana OX=3702 GN=BDG4 PE=2 SV=1 && PF00561:alpha/beta hydrolase fold	-
110685863	264.139036251284	1.82227231901119	0.388601732468686	21.9034527040976	2.8671758915016e-06	0.000254757010830187	LOC110685863	NW_018743850.1	1153907	1159368	+	3313	protein_coding	beta-galactosidase 3-like && sp|Q9SCV9|BGAL3_ARATH Beta-galactosidase 3 OS=Arabidopsis thaliana OX=3702 GN=BGAL3 PE=2 SV=1 && PF17834:Beta-sandwich domain in beta galactosidase|PF02140:Galactose binding lectin domain|PF01301:Glycosyl hydrolases family 35	MYB_related
110686250	11.4499125393632	4.07327782922612	0.86179588216485	21.8808242976099	2.90118576468235e-06	0.000257196994438758	LOC110686250	NW_018742292.1	1828842	1833513	+	1532	protein_coding	trans-resveratrol di-O-methyltransferase-like && sp|B6VJS4|ROMT_VITVI Trans-resveratrol di-O-methyltransferase OS=Vitis vinifera OX=29760 GN=ROMT PE=1 SV=2 && PF08100:Dimerisation domain|PF00891:O-methyltransferase domain	-
110738345	48.3115404170513	2.11724385608926	0.452156587538035	21.8432940144187	2.95848746940533e-06	0.000261686212580981	LOC110738345	NW_018743389.1	333632	338801	-	1956	protein_coding	protein trichome birefringence-like 38 && sp|Q8VY22|TBL38_ARATH Protein trichome birefringence-like 38 OS=Arabidopsis thaliana OX=3702 GN=TBL38 PE=2 SV=1 && PF14416:PMR5 N terminal Domain|PF13839:GDSL/SGNH-like Acyl-Esterase family found in Pmr5 and Cas1p	BES1
110709735	40.3447739016763	1.85040654936555	0.396229138019843	21.817299853336	2.99883998907996e-06	0.000264659422227275	LOC110709735	NW_018745080.1	1980026	1981816	-	1110	protein_coding	NAD(P)H-quinone oxidoreductase subunit N%2C chloroplastic-like && sp|Q9LVM2|NDHN_ARATH NAD(P)H-quinone oxidoreductase subunit N, chloroplastic OS=Arabidopsis thaliana OX=3702 GN=ndhN PE=2 SV=1 && PF11909:NADH-quinone oxidoreductase cyanobacterial subunit N	MIKC_MADS
110708669	308.91122426589	1.34104371038485	0.287181640803837	21.8098137705488	3.0105632397171e-06	0.000265098318639932	LOC110708669	NW_018742418.1	1502455	1505094	-	2525	protein_coding	polygalacturonase 1 beta-like protein 3%2C transcript variant X1 && sp|P92990|PGL3_ARATH Polygalacturonase 1 beta-like protein 3 OS=Arabidopsis thaliana OX=3702 GN=PGL3 PE=2 SV=2 && PF03181:BURP domain	-
110736365	195.516091727912	1.48481240126843	0.318096249334447	21.7780687771839	3.06078919519157e-06	0.00026891806278022	LOC110736365	NW_018743292.1	2617518	2623631	-	2733	protein_coding	beta-hexosaminidase 3-like && sp|Q8L7S6|HEXO3_ARATH Beta-hexosaminidase 3 OS=Arabidopsis thaliana OX=3702 GN=HEXO3 PE=1 SV=1 && PF14845:beta-acetyl hexosaminidase like|PF00728:Glycosyl hydrolase family 20, catalytic domain	FAR1
110702360	702.510323172319	1.19009030230483	0.255264415805294	21.7540513784634	3.0993467154637e-06	0.000271615726322839	LOC110702360	NW_018742393.1	604919	610260	-	1511	protein_coding	uridylate kinase-like && sp|Q10Y48|PYRH_TRIEI Uridylate kinase OS=Trichodesmium erythraeum (strain IMS101) OX=203124 GN=pyrH PE=3 SV=1 && PF00696:Amino acid kinase family	Trihelix
110731462	9.61132325917329	8.5250929260178	1.73580643494591	21.7503538734692	3.10532582484034e-06	0.000271615726322839	LOC110731462	NW_018743074.1	1849118	1851568	+	1227	protein_coding	soluble inorganic pyrophosphatase 1-like && sp|Q93V56|IPYR1_ARATH Soluble inorganic pyrophosphatase 1 OS=Arabidopsis thaliana OX=3702 GN=PPA1 PE=1 SV=1 && PF00719:Inorganic pyrophosphatase	MYB_related
110695300	3.33027191924873	10.5770496271535	2.22371823108149	21.7260844012679	3.14485948585418e-06	0.000274462370195447	LOC110695300	NW_018744290.1	2831381	2834667	-	2090	protein_coding	protein HOTHEAD-like && sp|Q9S746|HTH_ARATH Protein HOTHEAD OS=Arabidopsis thaliana OX=3702 GN=HTH PE=1 SV=1 && PF00732:GMC oxidoreductase|PF05199:GMC oxidoreductase	G2-like
110705715	309.96930220783	2.12321621299558	0.45380307478661	21.719613491767	3.15548525789174e-06	0.000274779096525903	LOC110705715	NW_018744878.1	5143483	5151168	-	2340	protein_coding	serine carboxypeptidase-like 40 && sp|Q0WRX3|SCP40_ARATH Serine carboxypeptidase-like 40 OS=Arabidopsis thaliana OX=3702 GN=SCPL40 PE=2 SV=2 && PF00450:Serine carboxypeptidase	C3H
110729818	5.58341317692403	6.2521440118382	1.31799765548685	21.6726871887647	3.23362767192108e-06	0.000280340528828602	LOC110729818	NW_018743014.1	1787044	1789586	+	1009	protein_coding	acid phosphatase 1-like && sp|P27061|PPA1_SOLLC Acid phosphatase 1 OS=Solanum lycopersicum OX=4081 GN=APS1 PE=2 SV=1 && PF03767:HAD superfamily, subfamily IIIB (Acid phosphatase)	MYB
110736984	17.2457047056528	4.25537507791069	0.897233135842857	21.6418406195418	3.28604860732171e-06	0.000283966171163047	LOC110736984	NW_018743292.1	10608119	10612094	-	1736	protein_coding	phosphoenolpyruvate/phosphate translocator 2%2C chloroplastic-like && sp|Q8H0T6|PPT2_ARATH Phosphoenolpyruvate/phosphate translocator 2, chloroplastic OS=Arabidopsis thaliana OX=3702 GN=PPT2 PE=2 SV=1 && PF03151:Triose-phosphate Transporter family	HB-other
110722664	24.52794412121	2.15336505160849	0.463789316633808	21.6268600162252	3.31181354375699e-06	0.000285229941456071	LOC110722664	NW_018742684.1	1330246	1333425	+	1934	protein_coding	high mobility group B protein 13-like && sp|Q9SUP7|HMGB6_ARATH High mobility group B protein 6 OS=Arabidopsis thaliana OX=3702 GN=HMGB6 PE=2 SV=1 && PF00505:HMG (high mobility group) box|PF09011:HMG-box domain	-
110740278	1023.06940009277	1.05768975247176	0.227870400892975	21.5746712935345	3.40316574949549e-06	0.000291817747772787	LOC110740278	NW_018743555.1	253378	259168	-	1366	protein_coding	protein THYLAKOID FORMATION1%2C chloroplastic-like && sp|Q7XAB8|THF1_SOLTU Protein THYLAKOID FORMATION1, chloroplastic OS=Solanum tuberosum OX=4113 GN=THF1 PE=2 SV=1 && PF11264:Thylakoid formation protein	-
110689649	61.8946957547482	2.46746146480754	0.529860519232421	21.5617156810286	3.42623259766328e-06	0.000292518332191369	LOC110689649	NW_018743975.1	304224	309331	-	1848	pseudogene	- && sp|Q93ZB9|FACR3_ARATH Fatty acyl-CoA reductase 3 OS=Arabidopsis thaliana OX=3702 GN=FAR3 PE=1 SV=1 && -	-
110698297	162.20468849269	1.99930101793821	0.429450477368717	21.5498478691922	3.44750032040901e-06	0.000293617883426754	LOC110698297	NW_018744504.1	420651	421442	+	792	protein_coding	glycine-rich cell wall structural protein 2-like && - && -	-
110701407	101.433246368927	1.35096450222939	0.291255900550602	21.5461999421552	3.45406416986633e-06	0.000293617883426754	LOC110701407	NW_018744633.1	7242330	7249754	-	2163	protein_coding	uncharacterized LOC110701407 && - && PF14365:Neprosin activation peptide|PF03080:Neprosin	G2-like
110696133	74.8564799487105	2.03089367534454	0.436771315267955	21.5260844899272	3.49048451530338e-06	0.00029607299863825	LOC110696133	NW_018744311.1	2957526	2963768	+	2565	protein_coding	protein IQ-DOMAIN 1-like && sp|Q9ASW3|IQD21_ARATH Protein IQ-DOMAIN 21 OS=Arabidopsis thaliana OX=3702 GN=IQD21 PE=1 SV=1 && PF00612:IQ calmodulin-binding motif	TCP
110698296	26.5743753130248	2.76802778875119	0.594296693425418	21.5180653075483	3.5051109751517e-06	0.000296672895101579	LOC110698296	NW_018744504.1	423543	424396	+	854	protein_coding	glycine-rich cell wall structural protein 2-like && - && -	-
110733571	13.957371729128	2.91821853696088	0.629685205570249	21.5075961843902	3.52429855932743e-06	0.000297655435097776	LOC110733571	NW_018743199.1	3892083	3893990	-	1908	pseudogene	- && sp|Q5NUF4|HIDM_GLYEC 2-hydroxyisoflavanone dehydratase OS=Glycyrrhiza echinata OX=46348 GN=HIDM PE=1 SV=1 && PF07859:alpha/beta hydrolase fold	MYB_related
110710761	46.0228740865056	4.05019587847608	0.854468693980981	21.4975020936897	3.54289858664322e-06	0.000298584240758024	LOC110710761	NW_018745177.1	790375	792864	+	1242	protein_coding	suppressor of disruption of TFIIS-like && - && PF13419:Haloacid dehalogenase-like hydrolase	LBD
110690184	154.685220093422	1.82720318480497	0.393892788974647	21.4508741922174	3.6301048479298e-06	0.000301892328438653	LOC110690184	NW_018743987.1	405917	406660	+	744	protein_coding	cell wall / vacuolar inhibitor of fructosidase 2-like && sp|O49603|CVIF2_ARATH Cell wall / vacuolar inhibitor of fructosidase 2 OS=Arabidopsis thaliana OX=3702 GN=C/VIF2 PE=1 SV=1 && PF04043:Plant invertase/pectin methylesterase inhibitor	-
110693222	220.326126793315	1.04055970219071	0.224860167984276	21.4477837226095	3.63596036339172e-06	0.000301892328438653	LOC110693222	NW_018744143.1	1750949	1755756	-	1711	protein_coding	uncharacterized LOC110693222 && - && PF04117:Mpv17 / PMP22 family	-
110695063	264.894340532882	2.60022790099184	0.556923094915478	21.4603973438748	3.61212076014832e-06	0.000301892328438653	LOC110695063	NW_018744290.1	313443	316193	+	1815	protein_coding	glutamate decarboxylase 4-like && sp|Q9ZPS3|DCE4_ARATH Glutamate decarboxylase 4 OS=Arabidopsis thaliana OX=3702 GN=GAD4 PE=1 SV=1 && PF00282:Pyridoxal-dependent decarboxylase conserved domain	GeBP
110721215	17.7447102170449	3.42742473479317	0.73247482851381	21.4617940346217	3.60949069401331e-06	0.000301892328438653	LOC110721215	NW_018742607.1	1553991	1558032	-	1446	protein_coding	protein STRICTOSIDINE SYNTHASE-LIKE 7-like && sp|Q9CAZ7|SSL5_ARATH Protein STRICTOSIDINE SYNTHASE-LIKE 5 OS=Arabidopsis thaliana OX=3702 GN=SSL5 PE=2 SV=1 && PF03088:Strictosidine synthase	MYB_related
110732696	31.7689046792591	3.06537031561209	0.656314939529379	21.4368065121789	3.65683561871598e-06	0.000302985032181081	LOC110732696	NW_018743175.1	5141310	5142949	+	1640	protein_coding	ferredoxin-2-like && sp|O04683|FER1_MESCR Ferredoxin-1, chloroplastic OS=Mesembryanthemum crystallinum OX=3544 PE=2 SV=1 && PF00111:2Fe-2S iron-sulfur cluster binding domain	-
110688726	19.0382926981895	3.04252204957973	0.65448484194016	21.4062664442969	3.71554829169673e-06	0.000307201532757486	LOC110688726	NW_018743937.1	3057642	3061071	-	1193	protein_coding	WEB family protein At1g75720 && sp|F4I0N3|Y1572_ARATH WEB family protein At1g75720 OS=Arabidopsis thaliana OX=3702 GN=At1g75720 PE=3 SV=1 && -	-
110714518	136.117236759426	1.71285375806422	0.369990760298057	21.38108278059	3.76467436187871e-06	0.000310609361794249	LOC110714518	NW_018745454.1	400293	401836	+	1432	protein_coding	cyclin-U2-1-like && sp|Q9SHD3|CCU21_ARATH Cyclin-U2-1 OS=Arabidopsis thaliana OX=3702 GN=CYCU2-1 PE=1 SV=1 && PF08613:Cyclin	WRKY
110714046	26.1424328507318	8.21984758711426	1.66622488263653	21.3749973137728	3.7766428086442e-06	0.000310943591245039	LOC110714046	NW_018745454.1	5501323	5502102	-	582	protein_coding	proteinase inhibitor PSI-1.2-like && - && PF02428:Potato type II proteinase inhibitor family	-
110684278	1027.3884215963	1.17964442479945	0.255319976563134	21.3647396346595	3.79690333833289e-06	0.00031195770879989	LOC110684278	NW_018743697.1	3292601	3296772	+	2355	protein_coding	flagellar radial spoke protein 5-like%2C transcript variant X2 && sp|A1UEC6|Y1985_MYCSK Uncharacterized oxidoreductase Mkms_1985 OS=Mycobacterium sp. (strain KMS) OX=189918 GN=Mkms_1985 PE=3 SV=1 && PF00248:Aldo/keto reductase family	HD-ZIP
110740092	27.0090310605401	3.57862302900468	0.763869323752077	21.3512962646815	3.82362134001763e-06	0.000313497037341362	LOC110740092	NW_018743518.1	1492853	1496696	-	2705	protein_coding	root phototropism protein 3-like && sp|Q9FMF5|RPT3_ARATH Root phototropism protein 3 OS=Arabidopsis thaliana OX=3702 GN=RPT3 PE=1 SV=2 && PF03000:NPH3 family	MYB
110714789	840.176468619281	3.50123056205435	0.744727557633198	21.3121892187669	3.90242210620838e-06	0.000318627491428527	LOC110714789	NW_018745461.1	1057974	1060081	+	1210	protein_coding	xyloglucan endotransglucosylase/hydrolase protein 24-like && sp|P35694|XTH2_SOYBN Xyloglucan endotransglucosylase/hydrolase 2 OS=Glycine max OX=3847 PE=2 SV=1 && PF06955:Xyloglucan endo-transglycosylase (XET) C-terminus|PF00722:Glycosyl hydrolases family 16	NAC
110731393	222.645151568645	3.08840272853792	0.660898019860033	21.2919846414959	3.94377076116856e-06	0.000320670205182966	LOC110731393	NW_018743066.1	2524288	2537202	+	1822	protein_coding	gibberellin 2-beta-dioxygenase 8-like%2C transcript variant X2 && sp|O49561|G2OX8_ARATH Gibberellin 2-beta-dioxygenase 8 OS=Arabidopsis thaliana OX=3702 GN=GA2OX8 PE=1 SV=2 && PF03171:2OG-Fe(II) oxygenase superfamily|PF14226:non-haem dioxygenase in morphine synthesis N-terminal	Dof
110709782	793.892576005132	2.3762486214194	0.512660316375779	21.2200790793599	4.09452465196868e-06	0.000332240220365219	LOC110709782	NW_018745080.1	2552705	2556000	+	1235	protein_coding	photosystem II 22 kDa protein%2C chloroplastic-like && sp|Q02060|PSBS_SPIOL Photosystem II 22 kDa protein, chloroplastic OS=Spinacia oleracea OX=3562 GN=PSBS PE=1 SV=1 && PF00504:Chlorophyll A-B binding protein	-
110706896	168.379217223902	2.44195138675155	0.527473506609476	21.1688709922212	4.2053983597023e-06	0.000339496552219356	LOC110706896	NW_018744991.1	1609143	1618788	+	2125	protein_coding	allantoinase-like%2C transcript variant X1 && sp|Q94AP0|ALN_ARATH Allantoinase OS=Arabidopsis thaliana OX=3702 GN=ALN PE=1 SV=1 && PF01979:Amidohydrolase family	SRS
110721474	44.0938700139465	2.50685599442555	0.542132054955493	21.1668273369914	4.20988518653595e-06	0.000339496552219356	LOC110721474	NW_018742204.1	19188165	19189712	+	1548	protein_coding	cytosolic sulfotransferase 5-like && sp|Q9M1V2|SOT5_ARATH Cytosolic sulfotransferase 5 OS=Arabidopsis thaliana OX=3702 GN=SOT5 PE=1 SV=1 && PF00685:Sulfotransferase domain	ERF
110712184	525.617294993588	1.27559612831759	0.277340654525158	21.1596778767849	4.22561959617553e-06	0.000340067127870085	LOC110712184	NW_018745291.1	1221345	1222065	-	721	protein_coding	probable steroid-binding protein 3 && sp|Q9SK39|SBP3_ARATH Probable steroid-binding protein 3 OS=Arabidopsis thaliana OX=3702 GN=MP3 PE=1 SV=1 && PF00173:Cytochrome b5-like Heme/Steroid binding domain	-
110704688	778.334480492334	1.30021346109366	0.282737645269508	21.151212712989	4.24432590613558e-06	0.000340874051762091	LOC110704688	NW_018744858.1	3577529	3583251	-	1358	protein_coding	protein THYLAKOID FORMATION1%2C chloroplastic-like && sp|Q7XAB8|THF1_SOLTU Protein THYLAKOID FORMATION1, chloroplastic OS=Solanum tuberosum OX=4113 GN=THF1 PE=2 SV=1 && PF11264:Thylakoid formation protein	-
110685944	716.858517492699	2.65587803494514	0.573005063465439	21.1137722076548	4.32806359269605e-06	0.000345489133347861	LOC110685944	NW_018743850.1	2778489	2780470	-	1660	protein_coding	1-aminocyclopropane-1-carboxylate oxidase 5-like && sp|Q0WPW4|ACCO5_ARATH 1-aminocyclopropane-1-carboxylate oxidase 5 OS=Arabidopsis thaliana OX=3702 GN=At1g77330 PE=2 SV=1 && PF03171:2OG-Fe(II) oxygenase superfamily|PF14226:non-haem dioxygenase in morphine synthesis N-terminal	STAT
110720603	67.0840425625071	2.12968801378055	0.462067022661013	21.1137202114204	4.32818103040633e-06	0.000345489133347861	LOC110720603	NW_018742564.1	284098	288198	-	2131	protein_coding	uncharacterized LOC110720603%2C transcript variant X2 && - && PF13088:BNR repeat-like domain	-
110734293	25.5026135709892	4.91694219617766	1.03520491164514	21.114759609269	4.32583407294812e-06	0.000345489133347861	LOC110734293	NW_018743212.1	1224946	1229326	-	1438	protein_coding	uncharacterized LOC110734293 && - && PF08450:SMP-30/Gluconolactonase/LRE-like region	-
110693537	341.128325203324	1.65001293997782	0.358866073547926	21.0932411130212	4.37468428437275e-06	0.000348492851724484	LOC110693537	NW_018744151.1	1747398	1754067	-	2880	pseudogene	- && sp|Q9FJH9|LPAH1_ARATH P-loop NTPase domain-containing protein LPA1 homolog 1 OS=Arabidopsis thaliana OX=3702 GN=At5g60760 PE=2 SV=1 && -	-
110693831	582.966660428867	1.18578050440204	0.258350895109538	21.0805137882836	4.40383737499377e-06	0.000350105071312005	LOC110693831	NW_018744167.1	1599352	1603429	+	1435	protein_coding	short-chain dehydrogenase TIC 32%2C chloroplastic-like%2C transcript variant X1 && sp|Q6RVV4|TIC32_PEA Short-chain dehydrogenase TIC 32, chloroplastic OS=Pisum sativum OX=3888 GN=TIC32 PE=1 SV=1 && PF00106:short chain dehydrogenase	C2H2
110740226	117.753338855811	5.03090831766365	1.05502624011979	21.0338207889976	4.51247167021384e-06	0.000358016767483451	LOC110740226	NW_018743548.1	134546	137821	+	1242	protein_coding	chlorophyll a-b binding protein%2C chloroplastic && sp|P13869|CB12_PETHY Chlorophyll a-b binding protein, chloroplastic OS=Petunia hybrida OX=4102 PE=2 SV=1 && PF00504:Chlorophyll A-B binding protein	ERF
110683635	28.6357557373871	3.38116785570256	0.729427273278585	21.0140430519053	4.55929290188018e-06	0.000358696703566814	LOC110683635	NW_018743688.1	38540	40495	+	1077	protein_coding	probable DNA double-strand break repair Rad50 ATPase%2C transcript variant X3 && - && PF04949:Transcriptional activator	S1Fa-like
110711398	265.05187411743	1.60774805172942	0.350479633735265	21.0076159392989	4.57461297811809e-06	0.000358696703566814	LOC110711398	NW_018742418.1	6154673	6158168	+	1485	protein_coding	4-sulfomuconolactone hydrolase-like && - && PF04909:Amidohydrolase	C3H
110726829	154.557159386001	2.95775739480824	0.638084047600033	21.0204331910371	4.54411200288915e-06	0.000358696703566814	LOC110726829	NW_018742881.1	1993676	1997459	+	1249	protein_coding	CBBY-like protein && sp|Q94K71|CBBY_ARATH CBBY-like protein OS=Arabidopsis thaliana OX=3702 GN=CBBY PE=1 SV=1 && PF13419:Haloacid dehalogenase-like hydrolase	NAC
110735197	68.8309576566093	2.9227092642962	0.631553564313477	21.0230238515617	4.53797189437061e-06	0.000358696703566814	LOC110735197	NW_018743252.1	9451791	9455794	-	2626	protein_coding	CO(2)-response secreted protease-like && sp|Q9LNU1|CRSP_ARATH CO(2)-response secreted protease OS=Arabidopsis thaliana OX=3702 GN=CRSP PE=2 SV=1 && PF00082:Subtilase family|PF02225:PA domain|PF17766:Fibronectin type-III domain|PF05922:Peptidase inhibitor I9	DBB
110735831	10.056994696301	7.96146035575406	1.62735609067826	21.0102854349326	4.56824353507577e-06	0.000358696703566814	LOC110735831	NW_018743285.1	3959397	3959843	+	447	protein_coding	uncharacterized LOC110735831 && - && -	-
110698140	9.92728386212072	4.75579292087138	1.04596616990002	20.9618098262819	4.68530592438552e-06	0.000366545855713929	LOC110698140	NW_018744502.1	483013	483876	-	864	protein_coding	uncharacterized LOC110698140 && - && PF03087:Arabidopsis protein of unknown function	-
110716244	400.442146206119	2.55881014609759	0.554889890438975	20.9460252105425	4.72406981245463e-06	0.000368843725138232	LOC110716244	NW_018745566.1	1056785	1064927	+	1565	protein_coding	fructose-1%2C6-bisphosphatase%2C chloroplastic && sp|P22418|F16P1_SPIOL Fructose-1,6-bisphosphatase, chloroplastic OS=Spinacia oleracea OX=3562 PE=1 SV=2 && PF00316:Fructose-1-6-bisphosphatase, N-terminal domain	MYB_related
110682558	612.808669177929	1.581647772099	0.345331027884329	20.9377918513687	4.74441687305241e-06	0.000369697388601959	LOC110682558	NW_018743574.1	8648128	8653611	+	3362	protein_coding	beta-galactosidase 3-like && sp|Q9SCV9|BGAL3_ARATH Beta-galactosidase 3 OS=Arabidopsis thaliana OX=3702 GN=BGAL3 PE=2 SV=1 && PF17834:Beta-sandwich domain in beta galactosidase|PF01301:Glycosyl hydrolases family 35|PF02140:Galactose binding lectin domain	MYB_related
110702443	778.468457387551	1.74530274497498	0.380892710942201	20.9200792479518	4.78848857765661e-06	0.000370193527382497	LOC110702443	NW_018744693.1	557045	560231	-	1782	protein_coding	UDP-glycosyltransferase 79B30-like && sp|A0A2R6QXF8|F3GGT_ACTCC Cyanidin 3-O-galactoside 2''-O-xylosyltransferase FGGT1 OS=Actinidia chinensis var. chinensis OX=1590841 GN=F3GGT1 PE=1 SV=2 && PF00201:UDP-glucoronosyl and UDP-glucosyl transferase	GRAS
110716097	4.78031126450776	10.9425087839706	2.24763156414835	20.9210661498529	4.78602223944853e-06	0.000370193527382497	LOC110716097	NW_018742441.1	1239259	1245084	+	1229	protein_coding	protein trichome birefringence-like 38 && sp|Q8VY22|TBL38_ARATH Protein trichome birefringence-like 38 OS=Arabidopsis thaliana OX=3702 GN=TBL38 PE=2 SV=1 && PF13839:GDSL/SGNH-like Acyl-Esterase family found in Pmr5 and Cas1p|PF14416:PMR5 N terminal Domain	BES1
110731241	467.427784262531	1.09002731486892	0.238456970449917	20.9232781548333	4.78049891128185e-06	0.000370193527382497	LOC110731241	NW_018743066.1	680000	684075	-	1135	protein_coding	inositol monophosphatase-like && sp|O49071|IMPP_MESCR Inositol monophosphatase OS=Mesembryanthemum crystallinum OX=3544 GN=IMP1 PE=2 SV=1 && PF00459:Inositol monophosphatase family	-
110683835	64.0163178661734	2.65450379635707	0.576767802906773	20.9073404759238	4.82043840435655e-06	0.000370475689734432	LOC110683835	NW_018743691.1	4586776	4590746	+	2456	protein_coding	protein NRT1/ PTR FAMILY 6.4-like && sp|Q9LVE0|PTR33_ARATH Protein NRT1/ PTR FAMILY 6.4 OS=Arabidopsis thaliana OX=3702 GN=NPF6.4 PE=1 SV=1 && PF00854:POT family	C3H
110688142	7.1411650574639	6.02552673322718	1.32589617790085	20.9102027779162	4.8132409448609e-06	0.000370475689734432	LOC110688142	NW_018743920.1	5801780	5804060	+	847	protein_coding	photosystem I subunit O-like && sp|Q949Q5|PSAO_ARATH Photosystem I subunit O OS=Arabidopsis thaliana OX=3702 GN=PSAO PE=1 SV=1 && -	-
110699073	12.6930222762972	4.41687960694238	0.949663061274848	20.9127473264747	4.80685155489599e-06	0.000370475689734432	LOC110699073	NW_018744560.1	205540	206070	-	531	protein_coding	auxin-binding protein ABP19a-like && sp|O04011|ABP20_PRUPE Auxin-binding protein ABP20 OS=Prunus persica OX=3760 GN=ABP20 PE=2 SV=1 && PF00190:Cupin	E2F/DP
110711727	22.7294837233749	4.69379302732514	1.00145303057441	20.8715485798871	4.91135694811747e-06	0.000376726018405112	LOC110711727	NW_018745281.1	1036617	1040864	+	1965	protein_coding	70 kDa peptidyl-prolyl isomerase-like && sp|Q9FJL3|FKB65_ARATH Peptidyl-prolyl cis-trans isomerase FKBP65 OS=Arabidopsis thaliana OX=3702 GN=FKBP65 PE=1 SV=1 && PF00254:FKBP-type peptidyl-prolyl cis-trans isomerase	C2H2
110687226	26.0761951667025	2.76781230628931	0.602978877547709	20.8606500254187	4.93938178086978e-06	0.000378137116335475	LOC110687226	NW_018743919.1	442424	443956	-	881	protein_coding	phosphopantothenoylcysteine decarboxylase subunit VHS3-like%2C transcript variant X2 && - && -	DBB
110688187	79.1757210731307	2.15941403505996	0.471835935412939	20.8239969167042	5.03481541912749e-06	0.000383801750463655	LOC110688187	NW_018743920.1	6320606	6323208	+	1297	protein_coding	dihydroneopterin aldolase 2-like%2C transcript variant X1 && sp|Q9FM54|FOLB2_ARATH Dihydroneopterin aldolase 2 OS=Arabidopsis thaliana OX=3702 GN=FOLB2 PE=1 SV=1 && PF02152:Dihydroneopterin aldolase	C2H2
110711884	18.3519139979978	15.0878317809804	2.53517091494783	20.8210023975821	5.0426935359979e-06	0.000383801750463655	LOC110711884	NW_018745286.1	1422179	1424289	-	1380	protein_coding	peroxidase 2-like && sp|P0DI10|PER1_ARATH Peroxidase 1 OS=Arabidopsis thaliana OX=3702 GN=PER1 PE=1 SV=1 && PF00141:Peroxidase	NAC
110690943	61.8404877437472	1.71178013652779	0.375184602838811	20.8115106861885	5.06774661160835e-06	0.000384830530138355	LOC110690943	NW_018744066.1	1525845	1528415	+	1499	protein_coding	senescence/dehydration-associated protein At4g35985%2C chloroplastic-like && sp|F4JNX2|SDEH4_ARATH Senescence/dehydration-associated protein At4g35985, chloroplastic OS=Arabidopsis thaliana OX=3702 GN=P85 PE=2 SV=1 && PF06911:Senescence-associated protein	bZIP
110716548	6.55040342557751	5.83303556694959	1.26387238054993	20.8047727219588	5.08560703643231e-06	0.000384830530138355	LOC110716548	NW_018742441.1	1534768	1536671	+	633	protein_coding	uncharacterized LOC110716548 && - && PF14368:Probable lipid transfer	bHLH
110739511	15.74159565243	4.92325810407584	1.05052490685238	20.8079796137963	5.07709861432581e-06	0.000384830530138355	LOC110739511	NW_018743503.1	945145	949114	+	1974	protein_coding	trans-resveratrol di-O-methyltransferase-like && sp|B6VJS4|ROMT_VITVI Trans-resveratrol di-O-methyltransferase OS=Vitis vinifera OX=29760 GN=ROMT PE=1 SV=2 && PF08100:Dimerisation domain|PF00891:O-methyltransferase domain	-
110706487	33.6673209550307	3.82316342728432	0.823378360580135	20.7929528305804	5.11709095547059e-06	0.000385726512656807	LOC110706487	NW_018744988.1	1760701	1762133	-	1433	protein_coding	protein EXORDIUM-like && sp|O82161|PHI1_TOBAC Protein PHOSPHATE-INDUCED 1 OS=Nicotiana tabacum OX=4097 GN=PHI-1 PE=2 SV=1 && PF04674:Phosphate-induced protein 1 conserved region	MYB
110721455	95.0431149829047	1.70198676569657	0.373070310907062	20.7943031059897	5.11348443537833e-06	0.000385726512656807	LOC110721455	NW_018742204.1	19166927	19169194	+	2268	pseudogene	- && sp|Q9M1V2|SOT5_ARATH Cytosolic sulfotransferase 5 OS=Arabidopsis thaliana OX=3702 GN=SOT5 PE=1 SV=1 && PF00685:Sulfotransferase domain	ERF
110723974	2.05169761401412	8.31309028330204	1.82160560477102	20.7794067232059	5.15341352529509e-06	0.000387720324480678	LOC110723974	NW_018742204.1	22506973	22508879	-	1907	protein_coding	alkane hydroxylase MAH1-like && sp|Q9FVS9|C96AF_ARATH Alkane hydroxylase MAH1 OS=Arabidopsis thaliana OX=3702 GN=CYP96A15 PE=2 SV=1 && PF00067:Cytochrome P450	NAC
110699181	17.3901533694094	2.44597883913992	0.53766784250599	20.7595558826193	5.2071096011187e-06	0.000390264914818196	LOC110699181	NW_018744582.1	717903	723581	-	2365	protein_coding	BEL1-like homeodomain protein 9 && sp|Q9LZM8|BLH9_ARATH BEL1-like homeodomain protein 9 OS=Arabidopsis thaliana OX=3702 GN=BLH9 PE=1 SV=1 && PF05920:Homeobox KN domain|PF07526:Associated with HOX	TALE
110699163	5.55898854597003	4.66860980760777	1.02391891330987	20.7458034400718	5.24463856956292e-06	0.00039193751737479	LOC110699163	NW_018744582.1	270496	276178	-	2637	protein_coding	uncharacterized LOC110699163 && - && PF04784:Protein of unknown function, DUF547|PF14389:Leucine-zipper of ternary complex factor MIP1	FAR1
110718427	4.19779093614988	5.43283045486047	1.19434924137923	20.7440708124405	5.24938594299237e-06	0.00039193751737479	LOC110718427	NW_018742461.1	605826	607298	+	1235	protein_coding	mavicyanin-like && sp|O82081|UCC1_ARATH Uclacyanin 1 OS=Arabidopsis thaliana OX=3702 GN=UCC1 PE=1 SV=1 && PF02298:Plastocyanin-like domain	HD-ZIP
110688300	198.648146663123	1.63839199037575	0.359467357758374	20.7391549591702	5.26287879710266e-06	0.00039219931498788	LOC110688300	NW_018743920.1	7342916	7348017	-	2940	protein_coding	phosphomethylpyrimidine synthase%2C chloroplastic%2C transcript variant X3 && sp|O82392|THIC_ARATH Phosphomethylpyrimidine synthase, chloroplastic OS=Arabidopsis thaliana OX=3702 GN=THIC PE=1 SV=1 && PF01964:Radical SAM ThiC family	-
110729730	347.637487359477	2.98560441703662	0.64795686807253	20.7343357314178	5.2761402252837e-06	0.000392442907324937	LOC110729730	NW_018742987.1	2259663	2263822	+	2684	protein_coding	protein HOTHEAD-like && sp|Q9S746|HTH_ARATH Protein HOTHEAD OS=Arabidopsis thaliana OX=3702 GN=HTH PE=1 SV=1 && PF00732:GMC oxidoreductase|PF05199:GMC oxidoreductase	G2-like
110687953	109.268817688829	1.73492777730062	0.380803916232042	20.7130404403457	5.33514276372503e-06	0.000393847860450702	LOC110687953	NW_018742309.1	1387384	1424637	-	1878	protein_coding	uncharacterized LOC110687953%2C transcript variant X1 && - && PF04339:Peptidogalycan biosysnthesis/recognition	C3H
110690676	7.91928475776741	4.26585279366663	0.929455686571968	20.7173682696168	5.32309833525305e-06	0.000393847860450702	LOC110690676	NW_018744062.1	929431	930797	+	722	protein_coding	non-specific lipid-transfer protein-like && sp|Q43748|NLTP_BETVU Non-specific lipid-transfer protein OS=Beta vulgaris OX=161934 GN=IWF1' PE=3 SV=1 && PF00234:Protease inhibitor/seed storage/LTP family	MYB_related
110699013	43.1192943596244	3.62480368910898	0.787590612022968	20.7147826860117	5.33029077626559e-06	0.000393847860450702	LOC110699013	NW_018744560.1	96600	98685	+	1187	protein_coding	photosystem I chlorophyll a/b-binding protein 3-1%2C chloroplastic-like && sp|Q9SY97|LHCA3_ARATH Photosystem I chlorophyll a/b-binding protein 3-1, chloroplastic OS=Arabidopsis thaliana OX=3702 GN=LHCA3 PE=1 SV=1 && PF00504:Chlorophyll A-B binding protein	ERF
110719498	6.07096130362208	5.78241537733773	1.27798675082408	20.7219136329687	5.31047788654076e-06	0.000393847860450702	LOC110719498	NW_018742484.1	4807638	4811212	+	3462	protein_coding	scarecrow-like protein 28 && sp|Q9CAN3|SCL28_ARATH Scarecrow-like protein 28 OS=Arabidopsis thaliana OX=3702 GN=SCL28 PE=1 SV=1 && PF03514:GRAS domain family	GRAS
110691777	1855.50594022399	1.4850090642261	0.326195775696755	20.6969496630365	5.38016408826665e-06	0.000396426236845208	LOC110691777	NW_018744092.1	1379326	1383913	-	1046	protein_coding	50S ribosomal protein L9%2C chloroplastic && sp|P82180|RK9_SPIOL 50S ribosomal protein L9, chloroplastic OS=Spinacia oleracea OX=3562 GN=RPL9 PE=1 SV=2 && PF03948:Ribosomal protein L9, C-terminal domain|PF01281:Ribosomal protein L9, N-terminal domain	SBP
110689232	15.6168255315249	4.54940201147011	0.980476453270321	20.6899990311775	5.3997294114937e-06	0.000397122796212719	LOC110689232	NW_018743955.1	5436073	5439729	+	1602	protein_coding	protein SRG1-like && sp|Q39224|SRG1_ARATH Protein SRG1 OS=Arabidopsis thaliana OX=3702 GN=SRG1 PE=2 SV=1 && PF14226:non-haem dioxygenase in morphine synthesis N-terminal|PF03171:2OG-Fe(II) oxygenase superfamily	STAT
110727963	6.37492078901209	4.46738297533932	1.02121143689799	20.6783694888491	5.43262522436547e-06	0.000398051288127808	LOC110727963	NW_018742914.1	4883156	4888692	+	3932	protein_coding	cellulose synthase-like protein D5 && sp|Q9SRW9|CSLD5_ARATH Cellulose synthase-like protein D5 OS=Arabidopsis thaliana OX=3702 GN=CSLD5 PE=2 SV=1 && PF03552:Cellulose synthase|PF14570:RING/Ubox like zinc-binding domain	LBD
110697152	4.63851358247838	8.43460390866333	1.78832610805952	20.6039454568269	5.64795966841737e-06	0.000413058324129898	LOC110697152	NW_018744460.1	1456420	1459263	-	1396	protein_coding	transcription factor bHLH118-like && sp|Q9LN95|BH055_ARATH Transcription factor bHLH55 OS=Arabidopsis thaliana OX=3702 GN=BHLH55 PE=2 SV=1 && PF00010:Helix-loop-helix DNA-binding domain	bHLH
110684166	396.762726354558	4.71430075509688	1.00271817922649	20.5640070252072	5.7670264886488e-06	0.000420982214291272	LOC110684166	NW_018743697.1	2210916	2211903	-	988	protein_coding	chlorophyll a-b binding protein%2C chloroplastic && sp|P12333|CB2A_SPIOL Chlorophyll a-b binding protein, chloroplastic OS=Spinacia oleracea OX=3562 PE=1 SV=1 && PF00504:Chlorophyll A-B binding protein	ERF
110732640	73.9922477184633	2.67203710331079	0.585324598956129	20.5406297261393	5.8378858916767e-06	0.00042536417926497	LOC110732640	NW_018743175.1	4665332	4669719	+	2891	protein_coding	4-coumarate--CoA ligase-like 6 && sp|Q84P24|4CLL6_ARATH 4-coumarate--CoA ligase-like 6 OS=Arabidopsis thaliana OX=3702 GN=4CLL6 PE=1 SV=2 && PF13193:AMP-binding enzyme C-terminal domain|PF00501:AMP-binding enzyme	NAC
110701920	8.99312122604158	3.07357394790467	0.692915565123292	20.5311570180222	5.86684700701357e-06	0.000426682745382304	LOC110701920	NW_018744662.1	1167519	1169394	-	1372	protein_coding	uncharacterized LOC110701920 && - && -	-
110715545	753.118597899754	1.45073036995625	0.32016040761253	20.5144559193783	5.91825934153142e-06	0.00042883357771211	LOC110715545	NW_018745523.1	951926	955858	+	1252	protein_coding	rhodanese-like domain-containing protein 11%2C chloroplastic && sp|Q0WWT7|STR11_ARATH Rhodanese-like domain-containing protein 11, chloroplastic OS=Arabidopsis thaliana OX=3702 GN=STR11 PE=2 SV=1 && PF00581:Rhodanese-like domain	-
110724356	69.2530781648366	7.16798678677164	1.46090889995592	20.4772355106737	6.03447077477754e-06	0.000435928323599203	LOC110724356	NW_018742204.1	23001112	23004577	-	1260	protein_coding	GDSL esterase/lipase EXL3-like && sp|Q94CH8|EXL1_ARATH GDSL esterase/lipase EXL1 OS=Arabidopsis thaliana OX=3702 GN=EXL1 PE=2 SV=1 && PF00657:GDSL-like Lipase/Acylhydrolase	ERF
110731398	38.7739149918245	3.77375955879539	0.819195204883452	20.4742294559506	6.04395579922672e-06	0.000435928323599203	LOC110731398	NW_018743066.1	2578152	2579851	+	1700	protein_coding	reticuline oxidase-like && sp|P30986|RETO_ESCCA Reticuline oxidase OS=Eschscholzia californica OX=3467 GN=BBE1 PE=1 SV=1 && -	CPP
110732040	37.7700415857499	2.52027804702994	0.554684861543083	20.4724832218573	6.0494725730544e-06	0.000435928323599203	LOC110732040	NW_018743136.1	279764	297509	+	1573	protein_coding	patatin-like protein 2 && sp|O48723|PLP2_ARATH Patatin-like protein 2 OS=Arabidopsis thaliana OX=3702 GN=PLP2 PE=1 SV=1 && PF01734:Patatin-like phospholipase	-
110712551	4.61612062809459	7.73059650466703	1.63909991492682	20.45173300889	6.11541565909138e-06	0.000439873112050358	LOC110712551	NW_018745323.1	1374847	1384428	+	2160	pseudogene	- && sp|Q9SIF5|GDL32_ARATH GDSL esterase/lipase At2g03980 OS=Arabidopsis thaliana OX=3702 GN=At2g03980 PE=2 SV=1 && -	FAR1
110737723	4071.27449552753	4.02268084954109	0.867575381435481	20.4240063147016	6.20465722470963e-06	0.000445476239828192	LOC110737723	NW_018742244.1	918829	921186	-	1310	protein_coding	alpha-amylase-like && sp|P17859|AMYA_VIGMU Alpha-amylase OS=Vigna mungo OX=3915 GN=AMY1.1 PE=2 SV=1 && PF00128:Alpha amylase, catalytic domain|PF07821:Alpha-amylase C-terminal beta-sheet domain	ERF
110697190	10.5486292527285	3.25579288627325	0.719572579414473	20.4060598368916	6.26311573609631e-06	0.000447228044415409	LOC110697190	NW_018744460.1	1880362	1881917	-	1556	protein_coding	probable carboxylesterase 5 && sp|Q9FX94|CXE5_ARATH Probable carboxylesterase 5 OS=Arabidopsis thaliana OX=3702 GN=CXE5 PE=2 SV=1 && PF07859:alpha/beta hydrolase fold	NAC
110687283	46.9115166646833	4.88071098371678	1.04327892587928	20.39243361937	6.30787048262479e-06	0.000449598906468463	LOC110687283	NW_018743919.1	1324926	1328747	-	2415	pseudogene	- && sp|Q9M0X5|CRK25_ARATH Cysteine-rich receptor-like protein kinase 25 OS=Arabidopsis thaliana OX=3702 GN=CRK25 PE=3 SV=1 && PF07714:Protein tyrosine kinase|PF01657:Salt stress response/antifungal	ERF
110691916	80.5031579030924	1.2083597648024	0.267880500347666	20.3848393656783	6.33295265814291e-06	0.000450568930694287	LOC110691916	NW_018744092.1	3809568	3813287	-	1757	protein_coding	GDSL esterase/lipase At4g10955-like && - && -	-
110726815	20.5106008103917	4.03666033154974	0.879575598987115	20.3598449197073	6.41621302800679e-06	0.000455362565536014	LOC110726815	NW_018742205.1	147634	152464	-	3251	protein_coding	uncharacterized LOC110726815%2C transcript variant X1 && - && -	-
110698037	15.5906779676432	2.93460003980585	0.649528526410283	20.3512399320499	6.44513110915835e-06	0.00045607141270266	LOC110698037	NW_018744502.1	5377015	5377901	+	706	protein_coding	thioredoxin H2-like && sp|Q38879|TRXH2_ARATH Thioredoxin H2 OS=Arabidopsis thaliana OX=3702 GN=TRX2 PE=1 SV=2 && PF00085:Thioredoxin	bHLH
110710195	46.0697740929022	3.19706393171786	0.700922928859558	20.3268097052184	6.52794674948297e-06	0.000459869272553128	LOC110710195	NW_018745170.1	2907413	2911598	+	2240	protein_coding	root phototropism protein 2-like && sp|Q682S0|RPT2_ARATH Root phototropism protein 2 OS=Arabidopsis thaliana OX=3702 GN=RPT2 PE=1 SV=2 && PF00651:BTB/POZ domain|PF03000:NPH3 family	C3H
110722435	38.6429405868515	2.92445501279042	0.64402270670134	20.3250565844892	6.53393053967473e-06	0.000459869272553128	LOC110722435	NW_018742681.1	4092174	4093673	-	1500	protein_coding	uncharacterized LOC110722435 && - && -	-
110707912	11.0268717284525	6.39249051677369	1.37654329438357	20.3193242461811	6.55353474338538e-06	0.000460423917669005	LOC110707912	NW_018745003.1	3076440	3077439	-	724	protein_coding	uncharacterized LOC110707912 && - && -	-
110716991	290.190409485954	3.18182507219411	0.696469781200618	20.2927269895594	6.64527090099533e-06	0.000466035221597839	LOC110716991	NW_018745650.1	2786978	2797389	-	2070	protein_coding	fatty acid hydroperoxide lyase%2C chloroplastic-like && sp|K4CF70|HPL_SOLLC Fatty acid hydroperoxide lyase, chloroplastic OS=Solanum lycopersicum OX=4081 GN=HPL PE=1 SV=1 && PF00067:Cytochrome P450	MYB
110738353	81.8171172011636	2.48650067987992	0.549017623234325	20.2788402010336	6.69367866471863e-06	0.000468593301603377	LOC110738353	NW_018743389.1	441968	443635	+	841	protein_coding	basic blue protein-like && sp|Q41001|BCP_PEA Blue copper protein OS=Pisum sativum OX=3888 PE=2 SV=1 && PF02298:Plastocyanin-like domain	C2H2
110712365	163.897556493853	1.2204909101025	0.271260152370573	20.2698562569394	6.72518408514993e-06	0.000469961129138956	LOC110712365	NW_018745323.1	962321	968219	+	1827	protein_coding	3-oxoacyl-[acyl-carrier-protein] reductase 4-like%2C transcript variant X1 && sp|P28643|FABG_CUPLA 3-oxoacyl-[acyl-carrier-protein] reductase, chloroplastic OS=Cuphea lanceolata OX=3930 GN=CLKR27 PE=2 SV=1 && PF13561:Enoyl-(Acyl carrier protein) reductase	LBD
110700495	585.094974428783	4.24751537251683	0.916717471303921	20.2663450992591	6.73753763559033e-06	0.000469988127109305	LOC110700495	NW_018744626.1	3117140	3118361	-	688	protein_coding	defensin-like protein && sp|A3FPF2|DEF_NELNU Defensin-like protein OS=Nelumbo nucifera OX=4432 PE=3 SV=1 && -	-
110702040	3.97414433665675	10.7066791252478	2.26856920781927	20.2590121019434	6.76341134406555e-06	0.000470956478218948	LOC110702040	NW_018742393.1	51415	52987	-	870	protein_coding	MLP-like protein 31 && sp|Q06395|ML149_PAPSO Major latex protein 149 OS=Papaver somniferum OX=3469 GN=MLP149 PE=2 SV=1 && PF00407:Pathogenesis-related protein Bet v I family	-
110729893	42.3402748511016	14.3874227313724	2.54014934379115	20.2548332868822	6.77820044237466e-06	0.000471150913227222	LOC110729893	NW_018743014.1	1809312	1811963	+	1069	protein_coding	acid phosphatase 1-like && sp|P27061|PPA1_SOLLC Acid phosphatase 1 OS=Solanum lycopersicum OX=4081 GN=APS1 PE=2 SV=1 && PF03767:HAD superfamily, subfamily IIIB (Acid phosphatase)	MYB
110691395	24.326943265436	3.76091225788384	0.828722928493372	20.2487267875249	6.799870137832e-06	0.000471822084669746	LOC110691395	NW_018744080.1	535490	537708	+	1063	protein_coding	rhodanese-like domain-containing protein 9%2C chloroplastic && sp|O48529|STR9_ARATH Rhodanese-like domain-containing protein 9, chloroplastic OS=Arabidopsis thaliana OX=3702 GN=STR9 PE=2 SV=1 && PF00581:Rhodanese-like domain	SBP
110718452	3.49443997585673	9.66582513263131	2.05235549397617	20.2315822398734	6.86108219100169e-06	0.000474393100153537	LOC110718452	NW_018742461.1	4092057	4092693	+	637	protein_coding	auxin-induced protein 15A-like && sp|P32295|ARG7_VIGRR Indole-3-acetic acid-induced protein ARG7 OS=Vigna radiata var. radiata OX=3916 GN=ARG7 PE=2 SV=1 && PF02519:Auxin responsive protein	NF-YC
110691898	21.0188948855592	4.33949939125476	0.957253950578047	20.2187347708814	6.90731445227636e-06	0.000475797363605426	LOC110691898	NW_018744092.1	3579839	3583211	-	1846	protein_coding	triacylglycerol lipase 2-like && sp|Q67ZU1|LIP2_ARATH Triacylglycerol lipase 2 OS=Arabidopsis thaliana OX=3702 GN=LIP2 PE=2 SV=1 && PF04083:Partial alpha/beta-hydrolase lipase region	C3H
110704154	74.8782570350674	4.77494569575928	1.02524716833819	20.2173652858614	6.91226101985681e-06	0.000475797363605426	LOC110704154	NW_018744821.1	1361269	1363193	-	1925	protein_coding	3-ketoacyl-CoA synthase 4-like && sp|Q9LN49|KCS4_ARATH 3-ketoacyl-CoA synthase 4 OS=Arabidopsis thaliana OX=3702 GN=KCS4 PE=2 SV=1 && PF08392:FAE1/Type III polyketide synthase-like protein|PF08541:3-Oxoacyl-[acyl-carrier-protein (ACP)] synthase III C terminal	-
110694538	13.1375770551638	5.10553308092828	1.10456163944773	20.2019226457885	6.9682864306475e-06	0.000478436211522411	LOC110694538	NW_018744239.1	2728635	2734993	-	1456	protein_coding	uncharacterized LOC110694538 && - && -	-
110733033	4.89441830044434	5.00166428747863	1.11492807806223	20.1979660217591	6.98271414922874e-06	0.000478590109568343	LOC110733033	NW_018743196.1	1225182	1226402	+	1221	protein_coding	uncharacterized LOC110733033 && - && -	GRAS
110691791	333.902680815759	1.70096808708508	0.378044333362852	20.1842799500482	7.03285167860271e-06	0.00048118673166161	LOC110691791	NW_018744092.1	1664707	1667571	+	1390	protein_coding	probable aldo-keto reductase 4 && sp|Q93ZN2|ALKR4_ARATH Probable aldo-keto reductase 4 OS=Arabidopsis thaliana OX=3702 GN=At1g60710 PE=2 SV=1 && PF00248:Aldo/keto reductase family	bHLH
110722322	23.5352356255634	10.0446834015057	1.99848059003312	20.180635385767	7.04626399294934e-06	0.000481265957904521	LOC110722322	NW_018742669.1	355042	357812	+	2251	protein_coding	laccase-17-like && sp|Q9FJD5|LAC17_ARATH Laccase-17 OS=Arabidopsis thaliana OX=3702 GN=LAC17 PE=2 SV=1 && PF07731:Multicopper oxidase|PF00394:Multicopper oxidase|PF07732:Multicopper oxidase	bHLH
110711452	137.224154024625	5.30244900973427	1.12778091389022	20.1723501800219	7.07684988342202e-06	0.000481679593538359	LOC110711452	NW_018745275.1	332946	336219	-	1481	protein_coding	plasma membrane-associated cation-binding protein 1-like%2C transcript variant X2 && sp|Q96262|PCAP1_ARATH Plasma membrane-associated cation-binding protein 1 OS=Arabidopsis thaliana OX=3702 GN=PCAP1 PE=1 SV=1 && PF05558:DREPP plasma membrane polypeptide	-
110736417	2342.97098143995	1.08046139854558	0.240683728896711	20.1753853454237	7.06562974625954e-06	0.000481679593538359	LOC110736417	NW_018743292.1	3145078	3151088	+	1207	protein_coding	isopentenyl-diphosphate Delta-isomerase I && sp|O48964|IDI1_CAMAC Isopentenyl-diphosphate Delta-isomerase I OS=Camptotheca acuminata OX=16922 GN=IPI1 PE=2 SV=1 && PF00293:NUDIX domain	-
110709826	2.4730657274729	6.74164512431327	1.49379510820903	20.1624877796873	7.11343198329926e-06	0.000482525831601198	LOC110709826	NW_018745080.1	3116392	3121747	-	2367	pseudogene	- && - && PF14686:Polysaccharide lyase family 4, domain II|PF14683:Polysaccharide lyase family 4, domain III|PF06045:Rhamnogalacturonate lyase family	-
110727995	1096.02035670076	1.39324390351803	0.310195069529048	20.162373834837	7.11385574051113e-06	0.000482525831601198	LOC110727995	NW_018742914.1	5579697	5584572	-	1318	protein_coding	mitochondrial amidoxime-reducing component 1-like%2C transcript variant X1 && sp|Q655R6|MOCOS_ORYSJ Molybdenum cofactor sulfurase OS=Oryza sativa subsp. japonica OX=39947 GN=MCSU3 PE=2 SV=2 && PF03476:MOSC N-terminal beta barrel domain|PF03473:MOSC domain	-
110702480	19.131150882124	3.96880337332583	0.868703175620363	20.1433486392802	7.18496635560074e-06	0.000484837085366852	LOC110702480	NW_018744693.1	1131696	1135377	+	3243	protein_coding	uncharacterized protein At1g65710-like%2C transcript variant X1 && sp|Q5XVH5|Y1710_ARATH Uncharacterized protein At1g65710 OS=Arabidopsis thaliana OX=3702 GN=At1g65710 PE=2 SV=1 && -	-
110698785	17.0160656243758	4.13888122885133	0.905627873628004	20.1190777750033	7.27672053970542e-06	0.000490186356356519	LOC110698785	NW_018744537.1	4784336	4793563	-	2993	protein_coding	homeobox-leucine zipper protein GLABRA 2-like%2C transcript variant X1 && sp|P46607|HGL2_ARATH Homeobox-leucine zipper protein GLABRA 2 OS=Arabidopsis thaliana OX=3702 GN=GL2 PE=1 SV=3 && PF00046:Homeodomain|PF01852:START domain	HD-ZIP
110690927	52.461534305154	1.34372269110329	0.300115549618867	20.1120001132712	7.30369796511888e-06	0.000491043074859249	LOC110690927	NW_018744066.1	1278087	1289533	+	1424	protein_coding	probable pectinesterase 53 && sp|Q8VYZ3|PME53_ARATH Probable pectinesterase 53 OS=Arabidopsis thaliana OX=3702 GN=PME53 PE=2 SV=1 && PF01095:Pectinesterase	bHLH
110712772	106.122189803946	1.32105404586692	0.294672753494653	20.1091878801488	7.3144450078339e-06	0.000491043074859249	LOC110712772	NW_018742204.1	9323865	9328303	-	1179	protein_coding	nudix hydrolase 25-like && sp|Q9C6Z2|NUD25_ARATH Nudix hydrolase 25 OS=Arabidopsis thaliana OX=3702 GN=NUDT25 PE=1 SV=1 && PF00293:NUDIX domain	-
110687490	3.80012664377506	6.24772549004758	1.38909667092518	20.1053839958633	7.32900694135481e-06	0.000491181040286395	LOC110687490	NW_018743919.1	4286598	4288729	-	1273	protein_coding	uncharacterized LOC110687490 && - && PF01190:Pollen proteins Ole e I like	-
110705508	114.326687524351	4.96343008626218	1.06743903677343	20.0768395020845	7.43921288637919e-06	0.00049771755994339	LOC110705508	NW_018744878.1	2607133	2610482	+	1247	protein_coding	chlorophyll a-b binding protein%2C chloroplastic-like && sp|P13869|CB12_PETHY Chlorophyll a-b binding protein, chloroplastic OS=Petunia hybrida OX=4102 PE=2 SV=1 && PF00504:Chlorophyll A-B binding protein	ERF
110706869	680.103085917319	1.11075015765722	0.248154433434429	20.0624443425082	7.49541988626517e-06	0.000498083968178159	LOC110706869	NW_018742415.1	1181487	1193528	-	1841	protein_coding	ATP phosphoribosyltransferase 1%2C chloroplastic-like && sp|Q9S762|HIS1A_ARATH ATP phosphoribosyltransferase 1, chloroplastic OS=Arabidopsis thaliana OX=3702 GN=HISN1A PE=1 SV=1 && PF08029:HisG, C-terminal domain|PF01634:ATP phosphoribosyltransferase	-
110732302	248.671880362663	6.95511592013317	1.43438190970799	20.0643504271438	7.48795301539369e-06	0.000498083968178159	LOC110732302	NW_018743175.1	628801	629649	+	849	protein_coding	uncharacterized LOC110732302 && - && PF04398:Protein of unknown function, DUF538	-
110733330	195.502786386183	2.09883500332817	0.466837724882395	20.0695761961974	7.46751993378436e-06	0.000498083968178159	LOC110733330	NW_018743199.1	679920	686890	+	1295	protein_coding	tropinone reductase homolog At5g06060-like && sp|Q9LHT0|TRNHF_ARATH Tropinone reductase homolog At5g06060 OS=Arabidopsis thaliana OX=3702 GN=At5g06060 PE=2 SV=1 && PF13561:Enoyl-(Acyl carrier protein) reductase	C2H2
110733873	24.8797336680945	3.25913529609997	0.720890675638116	20.0674472935292	7.47583731018725e-06	0.000498083968178159	LOC110733873	NW_018743204.1	2208077	2213114	+	880	pseudogene	- && - && -	B3
110730879	23.3827954322094	3.45623000281337	0.763751274001776	20.0291651315721	7.6269986175935e-06	0.000505971480926942	LOC110730879	NW_018743050.1	1416270	1420248	-	1634	protein_coding	transcription factor FER-LIKE IRON DEFICIENCY-INDUCED TRANSCRIPTION FACTOR-like && sp|Q0V7X4|FIT_ARATH Transcription factor FER-LIKE IRON DEFICIENCY-INDUCED TRANSCRIPTION FACTOR OS=Arabidopsis thaliana OX=3702 GN=FIT PE=1 SV=1 && PF00010:Helix-loop-helix DNA-binding domain	bHLH
110705957	10.0577595729469	3.50457839907719	0.78467680150239	20.0151683260305	7.68302933413749e-06	0.000508829023675517	LOC110705957	NW_018744890.1	262915	269640	+	4217	protein_coding	kinesin-like protein KIN-12F%2C transcript variant X1 && sp|F4JDI6|KN12F_ARATH Kinesin-like protein KIN-12F OS=Arabidopsis thaliana OX=3702 GN=KIN12F PE=3 SV=1 && PF00225:Kinesin motor domain	SAP
110711375	397.017229720101	1.57594126826155	0.352109246028962	19.9973443374145	7.7549792474349e-06	0.000512729461253385	LOC110711375	NW_018745265.1	80278	82525	-	1775	protein_coding	peptidyl-prolyl cis-trans isomerase CYP28%2C chloroplastic-like && sp|O65220|CPY28_ARATH Peptidyl-prolyl cis-trans isomerase CYP28, chloroplastic OS=Arabidopsis thaliana OX=3702 GN=CYP28 PE=1 SV=1 && PF00160:Cyclophilin type peptidyl-prolyl cis-trans isomerase/CLD	FAR1
110710540	123.501837943882	1.86142363414341	0.415544186732918	19.991428943817	7.77900704429207e-06	0.000513453686807534	LOC110710540	NW_018745174.1	1806506	1807652	-	491	lncRNA	uncharacterized LOC110710540 && - && -	-
110694728	13.694182360169	6.70243951222853	1.41698502477839	19.9720447823148	7.85826873303089e-06	0.000517815080456917	LOC110694728	NW_018744240.1	1182013	1185110	-	1190	protein_coding	L-ascorbate peroxidase 5%2C peroxisomal-like && sp|Q7XZP5|APX5_ARATH L-ascorbate peroxidase 5, peroxisomal OS=Arabidopsis thaliana OX=3702 GN=APX5 PE=1 SV=2 && PF00141:Peroxidase	MYB_related
110722735	4.05719245238565	9.50591445002623	2.06358659850616	19.9605872512505	7.90549921329462e-06	0.000520054724629346	LOC110722735	NW_018742684.1	2053134	2056484	-	1200	protein_coding	bidirectional sugar transporter SWEET7-like && sp|Q8LBF7|SWET7_ARATH Bidirectional sugar transporter SWEET7 OS=Arabidopsis thaliana OX=3702 GN=SWEET7 PE=1 SV=1 && PF03083:Sugar efflux transporter for intercellular exchange	DBB
110709609	4.64442424206907	6.05613079510363	1.33820716571874	19.9569470084421	7.92056467390245e-06	0.000520174475649115	LOC110709609	NW_018745080.1	3557747	3559840	-	2094	protein_coding	aldehyde oxidase GLOX-like && sp|Q9FYG4|GLOX1_ARATH Aldehyde oxidase GLOX1 OS=Arabidopsis thaliana OX=3702 GN=GLOX1 PE=2 SV=1 && PF09118:Domain of unknown function (DUF1929)|PF07250:Glyoxal oxidase N-terminus	NAC
110727712	115.234670133655	2.65639519029273	0.590443132828263	19.9363746075551	8.00624866818927e-06	0.000524049006576329	LOC110727712	NW_018742914.1	7439206	7439562	+	357	protein_coding	glycine-rich protein 5-like && - && -	-
110713829	33.149369648344	1.88499446036245	0.422111647737303	19.9328007179186	8.02122849968258e-06	0.000524155918249641	LOC110713829	NW_018745448.1	6289186	6290001	+	634	protein_coding	thioredoxin H2-like && sp|Q38879|TRXH2_ARATH Thioredoxin H2 OS=Arabidopsis thaliana OX=3702 GN=TRX2 PE=1 SV=2 && PF00085:Thioredoxin	bHLH
110717404	4.16119865357519	10.5606089711625	2.27648239842935	19.9234832275683	8.06041486669148e-06	0.000524969607063971	LOC110717404	NW_018745684.1	5016918	5018506	-	842	protein_coding	MLP-like protein 31 && sp|Q941R6|MLP31_ARATH MLP-like protein 31 OS=Arabidopsis thaliana OX=3702 GN=MLP31 PE=2 SV=2 && PF00407:Pathogenesis-related protein Bet v I family	-
110719663	420.281601752839	2.92304251530822	0.6476573161804	19.9251533678077	8.05337668396512e-06	0.000524969607063971	LOC110719663	NW_018742484.1	7580910	7581971	+	963	protein_coding	histidine-rich glycoprotein-like && - && -	-
110727586	6.05529189200071	7.60314535905106	1.63225769677284	19.9171876670707	8.08700071125083e-06	0.000525829104193632	LOC110727586	NW_018742907.1	1449153	1451734	-	1897	protein_coding	transcription factor MYB86-like && sp|Q8LPH6|MYB86_ARATH Transcription factor MYB86 OS=Arabidopsis thaliana OX=3702 GN=MYB86 PE=2 SV=1 && PF00249:Myb-like DNA-binding domain	MYB
110707793	31.6799032228906	2.61223506813579	0.58274526103363	19.9117601407114	8.10999154244215e-06	0.00052645239313443	LOC110707793	NW_018745003.1	1538801	1540743	+	1943	protein_coding	transcription repressor OFP8-like && sp|Q3E9B4|OFP8_ARATH Transcription repressor OFP8 OS=Arabidopsis thaliana OX=3702 GN=OFP8 PE=1 SV=1 && PF04844:Transcriptional repressor, ovate	E2F/DP
110707919	9.55030525054318	6.18874284141879	1.33718882509082	19.9041761264473	8.14222713617381e-06	0.000527672749701244	LOC110707919	NW_018745003.1	3201073	3202072	+	724	protein_coding	uncharacterized LOC110707919 && - && -	-
110695095	240.198396567614	1.12837170297783	0.253137520397227	19.8941733943409	8.18494020500336e-06	0.000528596006331814	LOC110695095	NW_018744290.1	721586	727664	+	942	protein_coding	uncharacterized LOC110695095 && - && -	-
110714855	2763.25911277065	1.17750775797639	0.264071761886539	19.8970434385967	8.17266175309093e-06	0.000528596006331814	LOC110714855	NW_018745461.1	2176604	2179941	-	1478	protein_coding	magnesium-protoporphyrin IX monomethyl ester [oxidative] cyclase%2C chloroplastic && sp|Q945B7|CRD1_EUPES Magnesium-protoporphyrin IX monomethyl ester [oxidative] cyclase, chloroplastic OS=Euphorbia esula OX=3993 GN=CRD1 PE=3 SV=1 && PF02915:Rubrerythrin	-
110731103	3675.55361144629	1.8262463959594	0.408491380650963	19.8913931869007	8.19685198115945e-06	0.000528596006331814	LOC110731103	NW_018742205.1	7063320	7064492	+	729	protein_coding	non-specific lipid-transfer protein-like && sp|P10976|NLTP_SPIOL Non-specific lipid-transfer protein OS=Spinacia oleracea OX=3562 PE=1 SV=2 && PF00234:Protease inhibitor/seed storage/LTP family	MYB_related
110684621	36.060837652028	5.26272176732194	1.13633731896904	19.8672931529656	8.30084042880485e-06	0.000530439103413686	LOC110684621	NW_018743732.1	19930	21244	-	1315	protein_coding	repetitive proline-rich cell wall protein 1-like && - && -	-
110695743	256.323945237511	1.80403017784774	0.403941405473314	19.8738672063854	8.27234359725182e-06	0.000530439103413686	LOC110695743	NW_018744304.1	6023777	6026554	-	1297	protein_coding	uncharacterized LOC110695743 && - && PF12697:Alpha/beta hydrolase family	GRAS
110723234	17.0083941193915	2.71974698198609	0.6092173023486	19.8787302572422	8.25132673837224e-06	0.000530439103413686	LOC110723234	NW_018742726.1	2121679	2123596	-	1191	protein_coding	putative pectinesterase 11 && sp|Q9SIJ9|PME11_ARATH Putative pectinesterase 11 OS=Arabidopsis thaliana OX=3702 GN=PME11 PE=3 SV=1 && PF01095:Pectinesterase	bHLH
110730869	1571.66937561274	1.6954816525505	0.379749263437513	19.8679459174558	8.2980064610438e-06	0.000530439103413686	LOC110730869	NW_018743050.1	1119740	1124459	+	982	protein_coding	50S ribosomal protein L9%2C chloroplastic-like && sp|P82180|RK9_SPIOL 50S ribosomal protein L9, chloroplastic OS=Spinacia oleracea OX=3562 GN=RPL9 PE=1 SV=2 && PF03948:Ribosomal protein L9, C-terminal domain|PF01281:Ribosomal protein L9, N-terminal domain	SBP
110699008	1096.02281097585	1.38383541900921	0.310550203607461	19.8472356369904	8.3883951046203e-06	0.000533983199531712	LOC110699008	NW_018744559.1	23095	27233	+	1540	protein_coding	uroporphyrinogen decarboxylase-like && sp|Q42967|DCUP_TOBAC Uroporphyrinogen decarboxylase, chloroplastic OS=Nicotiana tabacum OX=4097 GN=DCUP PE=1 SV=1 && PF01208:Uroporphyrinogen decarboxylase (URO-D)	-
110711703	29.8035519406165	1.50070900144061	0.337426251736269	19.8439647906406	8.40276060679343e-06	0.000533983199531712	LOC110711703	NW_018745281.1	443908	447570	+	1499	protein_coding	transcription factor bHLH106-like && sp|O80674|BH106_ARATH Transcription factor bHLH106 OS=Arabidopsis thaliana OX=3702 GN=BHLH106 PE=2 SV=1 && PF00010:Helix-loop-helix DNA-binding domain	bHLH
110739846	542.637402459302	3.9568949090424	0.866890892866745	19.8458216349032	8.39460234998774e-06	0.000533983199531712	LOC110739846	NW_018742244.1	2267537	2269760	-	795	protein_coding	gibberellin-regulated protein 1-like && sp|P46689|GASA1_ARATH Gibberellin-regulated protein 1 OS=Arabidopsis thaliana OX=3702 GN=GASA1 PE=2 SV=2 && PF02704:Gibberellin regulated protein	-
110717386	3.13074015684513	6.03801961229119	1.36774111161289	19.8371932322015	8.43257972278174e-06	0.000534748645510601	LOC110717386	NW_018745684.1	1837833	1840362	+	1254	protein_coding	bark storage protein A-like && - && PF01048:Phosphorylase superfamily	-
110710556	5.43284502432962	4.76391429937726	1.06735278049858	19.8115152593195	8.54662328002343e-06	0.000540501668399936	LOC110710556	NW_018745174.1	1734752	1736654	+	1332	protein_coding	sorbitol dehydrogenase-like && sp|Q9FJ95|DHSO_ARATH Sorbitol dehydrogenase OS=Arabidopsis thaliana OX=3702 GN=SDH PE=1 SV=1 && PF00107:Zinc-binding dehydrogenase|PF08240:Alcohol dehydrogenase GroES-like domain	bHLH
110688385	17.6447899112859	10.4575317108184	2.16097470690785	19.8025741719299	8.58669572617762e-06	0.000542162863752691	LOC110688385	NW_018743920.1	8014206	8017362	+	2097	protein_coding	laccase-17-like && sp|Q9FJD5|LAC17_ARATH Laccase-17 OS=Arabidopsis thaliana OX=3702 GN=LAC17 PE=2 SV=1 && PF07731:Multicopper oxidase|PF07732:Multicopper oxidase|PF00394:Multicopper oxidase	bHLH
110720876	52.4353751036288	8.99774927268509	1.79995946931561	19.795522167478	8.61843463950768e-06	0.000543007771227051	LOC110720876	NW_018742577.1	1075905	1077310	+	846	protein_coding	mannose/glucose-specific lectin-like && sp|A2WMH2|GOS9_ORYSI Protein GOS9 OS=Oryza sativa subsp. indica OX=39946 GN=GOS9 PE=2 SV=1 && PF01419:Jacalin-like lectin domain	NAC
110698148	13.4537122157665	3.78078836485909	0.839788528764011	19.7887805764939	8.64888659098113e-06	0.000543468356940163	LOC110698148	NW_018744502.1	696468	697385	-	918	protein_coding	uncharacterized LOC110698148 && - && PF03087:Arabidopsis protein of unknown function	-
110712641	83.4789284543872	1.03916791810673	0.233902100029422	19.7795912282413	8.69056918366985e-06	0.000545215213339083	LOC110712641	NW_018742418.1	8361667	8364884	-	1480	protein_coding	50S ribosomal protein L18-like%2C transcript variant X2 && sp|Q9SX68|RK18_ARATH 50S ribosomal protein L18, chloroplastic OS=Arabidopsis thaliana OX=3702 GN=RPL18 PE=2 SV=1 && PF00861:Ribosomal L18 of archaea, bacteria, mitoch. and chloroplast	-
110708318	166.608713984479	1.3813314226345	0.310841200181265	19.7660053090624	8.75256428307587e-06	0.000548228799185389	LOC110708318	NW_018745024.1	3327806	3336474	-	3486	protein_coding	uncharacterized LOC110708318 && - && -	-
110710656	9.03415303600912	3.23591091649328	0.727263297723901	19.7582430548738	8.78818401732661e-06	0.000548709619892636	LOC110710656	NW_018745174.1	1550718	1563142	+	3154	protein_coding	uncharacterized LOC110710656%2C transcript variant X1 && - && PF03732:Retrotransposon gag protein	C2H2
110717151	980.499169133289	1.42461946333287	0.320371523606137	19.7584187448802	8.7873761966656e-06	0.000548709619892636	LOC110717151	NW_018745666.1	160155	174257	+	2495	protein_coding	magnesium-chelatase subunit ChlD%2C chloroplastic-like && sp|O24133|CHLD_TOBAC Magnesium-chelatase subunit ChlD, chloroplastic OS=Nicotiana tabacum OX=4097 GN=CHLD PE=2 SV=1 && PF17863:AAA lid domain|PF13519:von Willebrand factor type A domain|PF01078:Magnesium chelatase, subunit ChlI	GRAS
110705148	168.660737393338	4.38300474553918	0.958270637356821	19.7462291575338	8.84360101575551e-06	0.000550419560525778	LOC110705148	NW_018742410.1	375207	377491	+	948	protein_coding	jasmonate-induced protein homolog && - && -	-
110731378	280.418306899927	1.7977713269104	0.403691394335304	19.7489546114301	8.83099851366331e-06	0.000550419560525778	LOC110731378	NW_018743066.1	2365733	2367363	-	1101	protein_coding	uncharacterized protein PHLOEM PROTEIN 2-LIKE A4-like && sp|Q9C8U9|P2A04_ARATH Uncharacterized protein PHLOEM PROTEIN 2-LIKE A4 OS=Arabidopsis thaliana OX=3702 GN=PP2A4 PE=4 SV=1 && PF14299:Phloem protein 2	-
110733537	508.577367908575	1.3328612570062	0.299958042589351	19.7413726665508	8.86610220619578e-06	0.000550946885987226	LOC110733537	NW_018743199.1	3233086	3235721	-	1361	protein_coding	peroxidase P7-like && sp|A7NY33|PER4_VITVI Peroxidase 4 OS=Vitis vinifera OX=29760 GN=GSVIVT00023967001 PE=1 SV=1 && PF00141:Peroxidase	NAC
110683521	79.7259512536944	2.05424612943211	0.461396896691135	19.7168486604304	8.9806083522489e-06	0.000557180776963461	LOC110683521	NW_018743669.1	1667823	1672296	-	1794	protein_coding	serine carboxypeptidase II-3-like && sp|A0A0C3VJP4|SCP1_MEDTR Serine carboxypeptidase 1 OS=Medicago truncatula OX=3880 GN=SCP1 PE=1 SV=3 && PF00450:Serine carboxypeptidase	C3H
110738533	265.331742010741	1.32568860322054	0.298638612220186	19.7114098867966	9.00620326292147e-06	0.000557887414423841	LOC110738533	NW_018742244.1	634939	639076	+	1505	protein_coding	uncharacterized protein ycf39-like && sp|O65502|HC244_ARATH Protein HIGH CHLOROPHYLL FLUORESCENCE PHENOTYPE 244, chloroplastic OS=Arabidopsis thaliana OX=3702 GN=HCF244 PE=1 SV=1 && PF05368:NmrA-like family	-
110736483	165.989847595851	2.0298266366191	0.455986272405881	19.7004041104265	9.05822080270857e-06	0.000560225993046887	LOC110736483	NW_018743292.1	3865958	3868868	-	1451	protein_coding	chloroplastic lipocalin-like && sp|Q9STS7|CHL_ARATH Chloroplastic lipocalin OS=Arabidopsis thaliana OX=3702 GN=CHL PE=1 SV=1 && PF08212:Lipocalin-like domain	-
110699271	510.997163704721	1.12296690978334	0.253249763431229	19.6856165314554	9.12858785014481e-06	0.000563690299746442	LOC110699271	NW_018742204.1	295373	299977	+	1328	protein_coding	uncharacterized LOC110699271 && - && -	-
110726524	71.2857743384792	1.7058734956151	0.385059486842394	19.6517393237866	9.29186924536941e-06	0.000571079156296389	LOC110726524	NW_018742879.1	3410713	3414880	-	2465	protein_coding	protein NUCLEAR FUSION DEFECTIVE 4-like && - && PF06813:Nodulin-like	NF-YC
110731108	4.44212608368802	10.7033635056102	2.3139597901431	19.6408355938637	9.34504435386427e-06	0.000573449885795799	LOC110731108	NW_018743066.1	1437887	1438865	+	979	protein_coding	stigma-specific STIG1-like protein 1 && - && PF04885:Stigma-specific protein, Stig1	-
110706602	10.0278178317376	5.88537403850779	1.28562319950585	19.5960012049751	9.56692222400585e-06	0.000585236349693741	LOC110706602	NW_018744988.1	1681983	1689709	+	1774	protein_coding	RNA-binding protein 38-like && sp|Q9M1S3|ARP1_ARATH Probable RNA-binding protein ARP1 OS=Arabidopsis thaliana OX=3702 GN=ARP1 PE=2 SV=1 && PF00076:RNA recognition motif. (a.k.a. RRM, RBD, or RNP domain)	G2-like
110695391	42.5162063261615	11.4985015691673	2.20013878705557	19.5917889184019	9.58803801835232e-06	0.00058561588972745	LOC110695391	NW_018744297.1	48076	50676	+	1256	protein_coding	peroxidase 27-like && sp|Q43735|PER27_ARATH Peroxidase 27 OS=Arabidopsis thaliana OX=3702 GN=PER27 PE=1 SV=1 && PF00141:Peroxidase	NAC
110718484	115.798239081808	6.23205956398691	1.32189155437569	19.5854645842134	9.61982921158182e-06	0.000586645268053498	LOC110718484	NW_018742461.1	281656	283344	+	1418	protein_coding	(RS)-norcoclaurine 6-O-methyltransferase-like && sp|Q9T003|ASMT_ARATH Acetylserotonin O-methyltransferase OS=Arabidopsis thaliana OX=3702 GN=ASMT PE=1 SV=1 && PF08100:Dimerisation domain|PF00891:O-methyltransferase domain	-
110724264	735.46286444526	1.58952341046428	0.358871579199193	19.5770464562981	9.66230975507077e-06	0.000588304106659561	LOC110724264	NW_018742738.1	11973992	11978773	+	1751	protein_coding	enoyl-[acyl-carrier-protein] reductase [NADH] 1%2C chloroplastic-like && sp|Q9SLA8|FABI_ARATH Enoyl-[acyl-carrier-protein] reductase [NADH], chloroplastic OS=Arabidopsis thaliana OX=3702 GN=MOD1 PE=1 SV=1 && PF13561:Enoyl-(Acyl carrier protein) reductase	C3H
110692705	114.807483390071	2.98333785831682	0.667139501957147	19.5580803236411	9.75871038661762e-06	0.000591441100329682	LOC110692705	NW_018744128.1	717778	720835	+	1604	protein_coding	serine/threonine-protein kinase SAPK1-like && sp|Q75LR7|SAPK1_ORYSJ Serine/threonine-protein kinase SAPK1 OS=Oryza sativa subsp. japonica OX=39947 GN=SAPK1 PE=1 SV=1 && PF00069:Protein kinase domain	LBD
110711714	4.53526963499766	5.23922209698122	1.19661583067927	19.5601295734924	9.74824814282998e-06	0.000591441100329682	LOC110711714	NW_018745281.1	851817	854787	+	1795	protein_coding	G2/mitotic-specific cyclin S13-7-like && sp|P25011|CCNB1_SOYBN G2/mitotic-specific cyclin S13-6 OS=Glycine max OX=3847 PE=2 SV=1 && PF00134:Cyclin, N-terminal domain|PF02984:Cyclin, C-terminal domain	M-type_MADS
110682351	5.43316152783515	4.61679907077267	1.07235938459684	19.5447544456217	9.82701992112725e-06	0.00059466341041977	LOC110682351	NW_018743574.1	6389116	6390879	-	881	protein_coding	ADP-ribosylation factor 1-like && sp|Q06396|ARF1_ORYSJ ADP-ribosylation factor 1 OS=Oryza sativa subsp. japonica OX=39947 GN=Os01g0813400 PE=2 SV=3 && PF00025:ADP-ribosylation factor family	GATA
110711840	1747.70784683312	1.06968188540626	0.242290064150543	19.5158456687775	9.97686371138406e-06	0.000602802105441825	LOC110711840	NW_018745286.1	7014545	7017796	+	1020	protein_coding	cytochrome b6-f complex iron-sulfur subunit%2C chloroplastic-like && sp|P08980|UCRIA_SPIOL Cytochrome b6-f complex iron-sulfur subunit, chloroplastic OS=Spinacia oleracea OX=3562 GN=petC PE=1 SV=2 && PF00355:Rieske [2Fe-2S] domain|PF08802:Cytochrome B6-F complex Fe-S subunit	LFY
110738041	313.466043154762	2.22984696275378	0.502635326772026	19.4870083224047	1.01286229974356e-05	0.000611031353269262	LOC110738041	NW_018743363.1	30859	32233	+	1375	protein_coding	protein EXORDIUM-like 3 && sp|Q9FHM9|EXOL3_ARATH Protein EXORDIUM-like 3 OS=Arabidopsis thaliana OX=3702 GN=EXL3 PE=2 SV=1 && PF04674:Phosphate-induced protein 1 conserved region	MYB
110713545	80.2696759976888	5.16903979358754	1.12590789162482	19.4742692295963	1.01963997605372e-05	0.000614176699072974	LOC110713545	NW_018745448.1	1775341	1776660	+	837	protein_coding	cold and drought-regulated protein CORA-like && - && PF07172:Glycine rich protein family	-
110732737	180.949069024422	1.49734999124605	0.339444355849947	19.4541269620162	1.03044946828115e-05	0.000618412247976721	LOC110732737	NW_018743175.1	5594067	5596668	-	1150	protein_coding	thylakoid lumenal protein TL20.3%2C chloroplastic-like && sp|Q8H1Q1|TL203_ARATH Thylakoid lumenal protein TL20.3, chloroplastic OS=Arabidopsis thaliana OX=3702 GN=TL20.3 PE=1 SV=1 && PF00805:Pentapeptide repeats (8 copies)	-
110740319	46.4904497795615	3.29674343849893	0.737846690408336	19.4523739273385	1.03139567240789e-05	0.000618412247976721	LOC110740319	NW_018743555.1	2497646	2512334	-	2613	protein_coding	subtilisin-like protease SBT5.3 && sp|Q9ZSP5|AIR3_ARATH Subtilisin-like protease SBT5.3 OS=Arabidopsis thaliana OX=3702 GN=AIR3 PE=2 SV=1 && PF05922:Peptidase inhibitor I9|PF00082:Subtilase family|PF02225:PA domain|PF17766:Fibronectin type-III domain	DBB
110707935	44.5108880756791	2.32853268465715	0.526523667751908	19.4420316766955	1.03699570632888e-05	0.000620822139857533	LOC110707935	NW_018745003.1	3418325	3423120	+	2180	protein_coding	protein NRT1/ PTR FAMILY 6.2-like && sp|Q9SZY4|PTR27_ARATH Protein NRT1/ PTR FAMILY 6.2 OS=Arabidopsis thaliana OX=3702 GN=NPF6.2 PE=1 SV=1 && PF00854:POT family	C3H
110699081	9.52759231736913	5.66849577485664	1.2859071074871	19.4323370966295	1.04227276473799e-05	0.000623031633022145	LOC110699081	NW_018744560.1	969454	970272	-	819	protein_coding	uncharacterized LOC110699081 && - && PF03087:Arabidopsis protein of unknown function	-
110691233	21.2362796665634	2.34927355164823	0.533117973807857	19.4038934938109	1.05791162283476e-05	0.000631418893063668	LOC110691233	NW_018744072.1	1889209	1892250	+	2323	protein_coding	uncharacterized LOC110691233 && - && -	-
110717855	1397.53184437461	1.49867570660159	0.340064209414075	19.3947056036361	1.06301348695246e-05	0.000633501193825248	LOC110717855	NW_018745684.1	6125338	6132822	-	3341	protein_coding	stearoyl-[acyl-carrier-protein] 9-desaturase%2C chloroplastic-like && sp|P22337|STAD_RICCO Stearoyl-[acyl-carrier-protein] 9-desaturase, chloroplastic OS=Ricinus communis OX=3988 PE=1 SV=1 && PF03405:Fatty acid desaturase	G2-like
110723753	13.826392148953	3.62413735194393	0.819914600518655	19.3750689330897	1.07400034293126e-05	0.000638112185596662	LOC110723753	NW_018742733.1	1296406	1300281	+	2405	protein_coding	pectinesterase-like && sp|P09607|PME21_SOLLC Pectinesterase 2.1 OS=Solanum lycopersicum OX=4081 GN=PME2.1 PE=2 SV=2 && PF04043:Plant invertase/pectin methylesterase inhibitor|PF01095:Pectinesterase	NAC
110691374	3553.44058871566	1.77282863903767	0.402345302016098	19.3334474613863	1.09766630556029e-05	0.000650205864528949	LOC110691374	NW_018744080.1	39539	41555	+	873	protein_coding	MLP-like protein 31 && sp|Q941R6|MLP31_ARATH MLP-like protein 31 OS=Arabidopsis thaliana OX=3702 GN=MLP31 PE=2 SV=2 && PF00407:Pathogenesis-related protein Bet v I family	-
110719387	373.106879967631	1.47135019075847	0.334610607828863	19.3209461950219	1.10487626728347e-05	0.000653491048870837	LOC110719387	NW_018742484.1	2872844	2881763	+	1098	protein_coding	ATP-dependent Clp protease ATP-binding subunit CLPT2%2C chloroplastic-like && sp|Q8GW78|CLPT2_ARATH ATP-dependent Clp protease ATP-binding subunit CLPT2, chloroplastic OS=Arabidopsis thaliana OX=3702 GN=CLPT2 PE=1 SV=1 && PF02861:Clp amino terminal domain, pathogenicity island component	ARF
110682294	117.052927334059	2.59058292702647	0.585153182201456	19.3072940713924	1.11280430765505e-05	0.000656303670251974	LOC110682294	NW_018743574.1	5590034	5590877	-	844	protein_coding	calmodulin-like protein 1 && sp|Q9ZQE6|CML30_ARATH Calmodulin-like protein 30 OS=Arabidopsis thaliana OX=3702 GN=CML30 PE=2 SV=1 && PF13499:EF-hand domain pair	FAR1
110710793	2.99572006219051	8.33056850276233	1.83281788688831	19.3070030803959	1.11297391181681e-05	0.000656303670251974	LOC110710793	NW_018745177.1	3436071	3441011	+	1835	protein_coding	protein trichome birefringence-like 34 && sp|O80919|TBL34_ARATH Protein trichome birefringence-like 34 OS=Arabidopsis thaliana OX=3702 GN=TBL34 PE=2 SV=2 && PF14416:PMR5 N terminal Domain|PF13839:GDSL/SGNH-like Acyl-Esterase family found in Pmr5 and Cas1p	BES1
110693822	44.1239405556278	2.35772703185725	0.536135705429028	19.290008975856	1.12292408455505e-05	0.000660188586418119	LOC110693822	NW_018744167.1	1350217	1354403	-	3464	protein_coding	probable disease resistance protein At4g33300 && sp|Q9SZA7|DRL29_ARATH Probable disease resistance protein At4g33300 OS=Arabidopsis thaliana OX=3702 GN=At4g33300 PE=2 SV=3 && PF05659:Arabidopsis broad-spectrum mildew resistance protein RPW8|PF00931:NB-ARC domain	LBD
110730085	67.9102368608092	2.04179638638708	0.463774029444976	19.2909520969478	1.12236954646861e-05	0.000660188586418119	LOC110730085	NW_018743021.1	199935	202707	-	2075	protein_coding	4-coumarate--CoA ligase-like 6 && sp|Q84P24|4CLL6_ARATH 4-coumarate--CoA ligase-like 6 OS=Arabidopsis thaliana OX=3702 GN=4CLL6 PE=1 SV=2 && PF00501:AMP-binding enzyme	NAC
110690470	17.4064416667999	4.14754965411307	0.927676310919423	19.2596983531683	1.14089344861239e-05	0.000669750499362548	LOC110690470	NW_018744041.1	1464567	1467551	-	1635	protein_coding	serine carboxypeptidase-like 45 && sp|Q93Y09|SCP45_ARATH Serine carboxypeptidase-like 45 OS=Arabidopsis thaliana OX=3702 GN=SCPL45 PE=2 SV=1 && PF00450:Serine carboxypeptidase	C3H
110721072	153.054344437961	1.12218278325194	0.256043932972555	19.2272028381781	1.16047896940696e-05	0.000679217445089711	LOC110721072	NW_018742589.1	25419	31200	+	1032	protein_coding	uncharacterized LOC110721072 && - && -	-
110732547	87.5299055022511	2.88062246022113	0.6507961705731	19.2126630774021	1.16935128626234e-05	0.000683391861091978	LOC110732547	NW_018743175.1	3707499	3708691	-	1193	protein_coding	glycine-rich cell wall structural protein 1.8-like && - && -	-
110700126	297.957776538514	1.00106177644291	0.228722124676875	19.1952808700339	1.18004753396475e-05	0.000688618228846916	LOC110700126	NW_018744620.1	287946	294241	+	1260	protein_coding	fatty-acid-binding protein 1-like && sp|Q9M1X2|FAP1_ARATH Fatty-acid-binding protein 1 OS=Arabidopsis thaliana OX=3702 GN=FAP1 PE=1 SV=1 && PF16035:Chalcone isomerase like	-
110682527	18.3125800934418	2.67655790586416	0.610003557657082	19.1544354940061	1.20557029947667e-05	0.000701643685380462	LOC110682527	NW_018743574.1	8369955	8371432	+	1478	protein_coding	uncharacterized LOC110682527 && - && -	-
110732555	729.381439114757	1.35099749456629	0.308661777667726	19.1538475390444	1.20594170965246e-05	0.000701643685380462	LOC110732555	NW_018743175.1	3816167	3821233	+	1981	protein_coding	RNA-binding protein CP33%2C chloroplastic-like%2C transcript variant X1 && sp|Q39061|CP33_ARATH RNA-binding protein CP33, chloroplastic OS=Arabidopsis thaliana OX=3702 GN=CP33 PE=2 SV=1 && PF00076:RNA recognition motif. (a.k.a. RRM, RBD, or RNP domain)	NF-YA
110686939	520.559863749982	1.53438175018375	0.350453622577828	19.1380875673024	1.21594019148156e-05	0.000704330665782525	LOC110686939	NW_018742306.1	244085	249440	+	2022	protein_coding	magnesium protoporphyrin IX methyltransferase%2C chloroplastic-like%2C transcript variant X2 && sp|Q9SW18|CHLM_ARATH Magnesium protoporphyrin IX methyltransferase, chloroplastic OS=Arabidopsis thaliana OX=3702 GN=CHLM PE=1 SV=1 && PF07109:Magnesium-protoporphyrin IX methyltransferase C-terminus	Trihelix
110685204	207.188899545545	2.23578184174069	0.508962515501216	19.1147217002212	1.23091744050738e-05	0.000710464246334318	LOC110685204	NW_018743792.1	3019917	3026596	+	1558	protein_coding	expansin-B3-like && sp|Q9M0I2|EXPB3_ARATH Expansin-B3 OS=Arabidopsis thaliana OX=3702 GN=EXPB3 PE=2 SV=2 && PF03330:Lytic transglycolase|PF01357:Pollen allergen	bHLH
110699364	136.784874829474	1.3220026655416	0.302415057080364	19.1143409571773	1.2311630202145e-05	0.000710464246334318	LOC110699364	NW_018744582.1	2752888	2754422	-	1535	protein_coding	uncharacterized LOC110699364 && - && PF07819:PGAP1-like protein	-
110728065	132.459132542047	3.11497353609978	0.703488270140039	19.113111770377	1.23195618301039e-05	0.000710464246334318	LOC110728065	NW_018742914.1	6694381	6695946	-	716	protein_coding	photosystem I reaction center subunit IV%2C chloroplastic && sp|P12354|PSAE_SPIOL Photosystem I reaction center subunit IV, chloroplastic OS=Spinacia oleracea OX=3562 GN=PSAE-1 PE=1 SV=1 && PF02427:Photosystem I reaction centre subunit IV / PsaE	-
110715859	55.0100291112692	1.96537459970507	0.448911425964251	19.1004428471255	1.24016107525973e-05	0.000714147300713717	LOC110715859	NW_018745533.1	3348359	3353438	-	1989	protein_coding	heptahelical transmembrane protein 2-like && sp|Q84N34|HHP2_ARATH Heptahelical transmembrane protein 2 OS=Arabidopsis thaliana OX=3702 GN=HHP2 PE=2 SV=1 && PF03006:Haemolysin-III related	BES1
110738375	648.353264880214	2.17856622800624	0.496581801523987	19.0720890024063	1.25872353819819e-05	0.000723775249131149	LOC110738375	NW_018743389.1	700313	705178	-	1977	protein_coding	aspartyl protease AED3-like && sp|O04496|AED3_ARATH Aspartyl protease AED3 OS=Arabidopsis thaliana OX=3702 GN=AED3 PE=1 SV=1 && PF14543:Xylanase inhibitor N-terminal|PF14541:Xylanase inhibitor C-terminal	Trihelix
110695140	199.971566102044	2.5503517056247	0.580159448806681	19.0535612823478	1.27100359167852e-05	0.000729767895555414	LOC110695140	NW_018744290.1	1198253	1200312	-	976	protein_coding	NAD(P)H-quinone oxidoreductase subunit O%2C chloroplastic-like && sp|Q9S829|NDHO_ARATH NAD(P)H-quinone oxidoreductase subunit O, chloroplastic OS=Arabidopsis thaliana OX=3702 GN=ndhO PE=2 SV=1 && PF11910:Cyanobacterial and plant NDH-1 subunit O	-
110715360	4189.57017202158	1.18575858455705	0.271830196530813	19.040722228617	1.27958373861286e-05	0.000733621783453179	LOC110715360	NW_018745523.1	2029141	2033480	-	2330	protein_coding	ruBisCO large subunit-binding protein subunit beta%2C chloroplastic-like && sp|P21240|CPNB1_ARATH Chaperonin 60 subunit beta 1, chloroplastic OS=Arabidopsis thaliana OX=3702 GN=CPN60B1 PE=1 SV=3 && PF00118:TCP-1/cpn60 chaperonin family	bZIP
110726667	615.362846982762	1.07674846185819	0.246966943592478	19.0338454464276	1.28420328593078e-05	0.000734126865332745	LOC110726667	NW_018742881.1	59729	63795	-	1432	protein_coding	glutamyl-tRNA reductase-binding protein%2C chloroplastic-like && sp|Q9LU39|GLUBP_ARATH Glutamyl-tRNA reductase-binding protein, chloroplastic OS=Arabidopsis thaliana OX=3702 GN=GLUTRBP PE=1 SV=1 && PF10615:Protein of unknown function (DUF2470)	-
110718552	344.522482468273	3.76187230130616	0.844367723999793	19.0129639578514	1.29833353278255e-05	0.00074112576792106	LOC110718552	NW_018742461.1	1092489	1093404	-	916	protein_coding	photosystem I reaction center subunit III%2C chloroplastic-like && sp|P12355|PSAF_SPIOL Photosystem I reaction center subunit III, chloroplastic OS=Spinacia oleracea OX=3562 GN=PSAF PE=1 SV=1 && PF02507:Photosystem I reaction centre subunit III	-
110685850	7.20667546669061	6.56743169331545	1.4458386031986	19.0097544241353	1.30051918612457e-05	0.000741295936091005	LOC110685850	NW_018743850.1	1065348	1067710	+	1388	protein_coding	peroxidase 72-like && sp|Q9FJZ9|PER72_ARATH Peroxidase 72 OS=Arabidopsis thaliana OX=3702 GN=PER72 PE=1 SV=1 && PF00141:Peroxidase	NAC
110717854	4.93054689061254	9.43662612680687	2.0857503767661	18.9536783619804	1.33930816380894e-05	0.000761196085633407	LOC110717854	NW_018745684.1	5913559	5915832	-	1352	protein_coding	protein IRX15-LIKE-like && sp|Q9SNE5|IRX15_ARATH Protein IRREGULAR XYLEM 15 OS=Arabidopsis thaliana OX=3702 GN=IRX15 PE=2 SV=1 && PF04669:Polysaccharide biosynthesis	FAR1
110726729	1411.12145747675	2.0715076584373	0.474246562839846	18.9300542696921	1.35599533096346e-05	0.000769566540938263	LOC110726729	NW_018742881.1	731983	735311	-	1046	protein_coding	acylpyruvase FAHD1%2C mitochondrial-like && sp|Q93ZE5|FAHD1_ARATH Probable acylpyruvase FAHD1, mitochondrial OS=Arabidopsis thaliana OX=3702 GN=FAHD1 PE=1 SV=1 && PF01557:Fumarylacetoacetate (FAA) hydrolase family	-
110697943	3.09542269566738	7.24007130632482	1.63805533743385	18.9183438793348	1.36434435591394e-05	0.000772073427807031	LOC110697943	NW_018744502.1	96892	127098	-	3603	protein_coding	probable acyl-activating enzyme 1%2C peroxisomal && sp|M4IS92|CCL13_HUMLU Probable CoA ligase CCL13 OS=Humulus lupulus OX=3486 GN=CCL13 PE=2 SV=1 && PF13193:AMP-binding enzyme C-terminal domain|PF00501:AMP-binding enzyme	C2H2
110737380	13.0481174235736	3.89688670127605	0.887807767099258	18.8732038644571	1.39701325740332e-05	0.000788591002571707	LOC110737380	NW_018743327.1	1624499	1625679	-	564	lncRNA	uncharacterized LOC110737380 && - && -	-
110725730	932.828827362358	1.16624781076409	0.268588655579238	18.869591292929	1.39966146871988e-05	0.000788649998006255	LOC110725730	NW_018742815.1	2521452	2527502	+	1270	protein_coding	uncharacterized LOC110725730 && sp|Q9XI19|PTAC6_ARATH PLASTID TRANSCRIPTIONALLY ACTIVE protein 6, chloroplastic OS=Arabidopsis thaliana OX=3702 GN=PTAC6 PE=1 SV=1 && -	-
110728089	82.5251172243705	2.01573010080225	0.463015017156841	18.8652089588214	1.40288072637039e-05	0.000789331443649631	LOC110728089	NW_018742914.1	7158704	7164849	-	2000	protein_coding	3-ketoacyl-CoA thiolase 2%2C peroxisomal-like && sp|C8YNG6|KAT1_PETHY 3-ketoacyl CoA thiolase 1, peroxisomal OS=Petunia hybrida OX=4102 GN=KAT1 PE=1 SV=1 && PF00108:Thiolase, N-terminal domain|PF02803:Thiolase, C-terminal domain	-
110710448	468.962994737898	1.07948259830166	0.248766334102544	18.8532433622883	1.41170856286897e-05	0.000793162094271147	LOC110710448	NW_018742418.1	4736272	4742538	-	1734	protein_coding	3-oxoacyl-[acyl-carrier-protein] reductase 4-like && sp|P28643|FABG_CUPLA 3-oxoacyl-[acyl-carrier-protein] reductase, chloroplastic OS=Cuphea lanceolata OX=3930 GN=CLKR27 PE=2 SV=1 && PF13561:Enoyl-(Acyl carrier protein) reductase	LBD
110688662	277.583165940525	1.8213889725759	0.418861298856785	18.8316918928047	1.4277495299904e-05	0.000799885981331144	LOC110688662	NW_018743921.1	344205	346278	-	2074	protein_coding	transcription factor HEC2-like && sp|Q9SND4|HEC2_ARATH Transcription factor HEC2 OS=Arabidopsis thaliana OX=3702 GN=HEC2 PE=1 SV=1 && -	bHLH
110695077	1685.18145434263	1.28606034698457	0.296401535831417	18.8280692787441	1.43046379220472e-05	0.00080026502152786	LOC110695077	NW_018744290.1	566436	568302	-	932	protein_coding	30S ribosomal protein S21%2C chloroplastic-like && sp|P82024|RR21_SPIOL 30S ribosomal protein S21, chloroplastic OS=Spinacia oleracea OX=3562 GN=rps21 PE=1 SV=2 && PF01165:Ribosomal protein S21	-
110693176	48.8852818736815	6.66458075260033	1.43374162309879	18.822554234992	1.43460592086691e-05	0.00080144065903565	LOC110693176	NW_018744143.1	898340	901706	+	1916	protein_coding	probable sesquiterpene synthase && sp|W0FFD7|DS_PERHD (-)-drimenol synthase OS=Persicaria hydropiper OX=46901 PE=1 SV=1 && PF03936:Terpene synthase family, metal binding domain|PF01397:Terpene synthase, N-terminal domain	GRAS
110691922	17.5034484693559	2.3082877755733	0.532995066527243	18.7881784218873	1.46069715925447e-05	0.000814046103612144	LOC110691922	NW_018744092.1	3943100	3946172	-	2011	protein_coding	two-pore potassium channel 5-like && sp|Q9FL25|KCO2_ARATH Two-pore potassium channel 2 OS=Arabidopsis thaliana OX=3702 GN=TPK2 PE=2 SV=1 && PF07885:Ion channel	C3H
110724176	258.521358161857	1.28694659969158	0.296996554266869	18.7873710228292	1.46131566991715e-05	0.000814046103612144	LOC110724176	NW_018742738.1	7183442	7192610	-	1859	protein_coding	sulfoquinovosyl transferase SQD2-like && sp|Q8S4F6|SQD2_ARATH Sulfoquinovosyl transferase SQD2 OS=Arabidopsis thaliana OX=3702 GN=SQD2 PE=1 SV=1 && PF00534:Glycosyl transferases group 1|PF13439:Glycosyltransferase Family 4	-
110698436	7.17987033408737	4.97161696587652	1.12931921387575	18.7625870968888	1.48042998032503e-05	0.000821854675265321	LOC110698436	NW_018744537.1	218813	225063	-	3197	protein_coding	phosphatidylinositol/phosphatidylcholine transfer protein SFH12-like%2C transcript variant X1 && sp|Q9SI13|SFH10_ARATH Phosphatidylinositol/phosphatidylcholine transfer protein SFH10 OS=Arabidopsis thaliana OX=3702 GN=SFH10 PE=3 SV=1 && PF03765:CRAL/TRIO, N-terminal domain|PF00650:CRAL/TRIO domain	bHLH
110721788	98.9446248917345	1.59053959608682	0.367071874236705	18.7631929605472	1.47995973411718e-05	0.000821854675265321	LOC110721788	NW_018742630.1	1270398	1273113	-	2716	pseudogene	- && sp|Q9SYG9|CCX4_ARATH Cation/calcium exchanger 4 OS=Arabidopsis thaliana OX=3702 GN=CCX4 PE=2 SV=1 && -	NF-YC
110738734	5.11847214252711	8.24717760592797	1.86778933039522	18.7610662546494	1.48161105616543e-05	0.000821854675265321	LOC110738734	NW_018743391.1	2304029	2306477	+	1490	protein_coding	protein IRX15-LIKE-like && sp|Q9SNE5|IRX15_ARATH Protein IRREGULAR XYLEM 15 OS=Arabidopsis thaliana OX=3702 GN=IRX15 PE=2 SV=1 && PF04669:Polysaccharide biosynthesis	FAR1
110683963	4.58651381076413	9.73523161765544	2.19272550456539	18.7365725351951	1.50076360005789e-05	0.000830046948248118	LOC110683963	NW_018743697.1	2775168	2776799	+	1181	protein_coding	peroxidase 57-like && sp|P22196|PER2_ARAHY Cationic peroxidase 2 OS=Arachis hypogaea OX=3818 GN=PNC2 PE=2 SV=1 && PF00141:Peroxidase	NAC
110697416	103.256025425022	2.08814103132316	0.480992207233258	18.7380592011268	1.4995940647606e-05	0.000830046948248118	LOC110697416	NW_018744460.1	1782668	1783715	+	933	protein_coding	uncharacterized LOC110697416 && - && PF07279:Protein of unknown function (DUF1442)	-
110703815	121.406218038133	1.51436852309862	0.349871410410741	18.7340877385802	1.50272039366591e-05	0.000830046948248118	LOC110703815	NW_018744784.1	171952	177959	-	3625	protein_coding	probably inactive leucine-rich repeat receptor-like protein kinase At2g25790 && sp|O82318|SKM1_ARATH Leucine-rich repeat receptor-like serine/threonine-protein kinase SKM1 OS=Arabidopsis thaliana OX=3702 GN=SKM1 PE=1 SV=1 && PF13855:Leucine rich repeat|PF08263:Leucine rich repeat N-terminal domain|PF00069:Protein kinase domain	STAT
110739398	957.28929151352	1.18547973949173	0.274029627027997	18.72892296882	1.50679588636536e-05	0.000831129141084644	LOC110739398	NW_018743476.1	2434925	2463072	+	1638	protein_coding	ribosome-binding ATPase YchF-like && sp|P37518|YCHF_BACSU Ribosome-binding ATPase YchF OS=Bacillus subtilis (strain 168) OX=224308 GN=ychF PE=2 SV=1 && PF01926:50S ribosome-binding GTPase|PF06071:Protein of unknown function (DUF933)	ERF
110697412	26.9808112335303	11.4729288087499	2.10059595969355	18.7185166430272	1.51504121305588e-05	0.000833499243468323	LOC110697412	NW_018744460.1	1321168	1323003	+	1477	protein_coding	peroxidase 66-like && sp|Q9LT91|PER66_ARATH Peroxidase 66 OS=Arabidopsis thaliana OX=3702 GN=PER66 PE=2 SV=1 && PF00141:Peroxidase	M-type_MADS
110705060	1370.73481025345	3.58347803168278	0.812423441495374	18.7157296214688	1.51725715938639e-05	0.000833499243468323	LOC110705060	NW_018744874.1	1365912	1367492	+	656	protein_coding	organ-specific protein S2-like && - && PF10950:Organ specific protein	-
110705708	440.192409890231	1.6836356071319	0.388617183603889	18.7154750522069	1.51745972826077e-05	0.000833499243468323	LOC110705708	NW_018744878.1	5094667	5097291	+	1606	protein_coding	protein RETICULATA-RELATED 4%2C chloroplastic-like && sp|Q94CJ5|RER4_ARATH Protein RETICULATA-RELATED 4, chloroplastic OS=Arabidopsis thaliana OX=3702 GN=RER4 PE=2 SV=1 && PF11891:Protein RETICULATA-related	NF-YA
110733397	4359.03576378841	1.05959053585137	0.245164441721391	18.7030592901075	1.52737238554317e-05	0.00083660384515254	LOC110733397	NW_018743199.1	1624229	1624991	+	763	protein_coding	ferredoxin-1%2C chloroplastic-like && sp|P00221|FER1_SPIOL Ferredoxin-1, chloroplastic OS=Spinacia oleracea OX=3562 GN=PETF PE=1 SV=2 && PF00111:2Fe-2S iron-sulfur cluster binding domain	-
110722599	7.4641239360883	4.12307333553116	0.94728901138663	18.6977631896316	1.5316205188763e-05	0.000837762293005971	LOC110722599	NW_018742684.1	248787	251034	+	948	protein_coding	heavy metal-associated isoprenylated plant protein 39-like && sp|O03982|HIP39_ARATH Heavy metal-associated isoprenylated plant protein 39 OS=Arabidopsis thaliana OX=3702 GN=HIPP39 PE=2 SV=1 && PF00403:Heavy-metal-associated domain	-
110724687	3.9593699682382	6.74700144453953	1.54653452449203	18.6539069184296	1.56725786935431e-05	0.000854873865321551	LOC110724687	NW_018742770.1	2543845	2549528	+	2482	protein_coding	cytochrome P450 83B1-like%2C transcript variant X2 && sp|O65782|C83B1_ARATH Cytochrome P450 83B1 OS=Arabidopsis thaliana OX=3702 GN=CYP83B1 PE=1 SV=1 && PF00067:Cytochrome P450	bHLH
110704170	66.3479736303605	2.29220321203301	0.528686513054208	18.6448719239964	1.57470249047598e-05	0.000857041742989486	LOC110704170	NW_018744821.1	2107155	2112808	+	875	protein_coding	light-harvesting complex-like protein OHP2%2C chloroplastic && sp|Q9FEC1|OHP2_ARATH Light-harvesting complex-like protein OHP2, chloroplastic OS=Arabidopsis thaliana OX=3702 GN=OHP2 PE=1 SV=1 && -	-
110729778	133.210468256217	1.692406318599	0.391608167803523	18.6411506070231	1.57777908532936e-05	0.000857041742989486	LOC110729778	NW_018742205.1	4125914	4128790	-	920	protein_coding	uncharacterized LOC110729778%2C transcript variant X1 && - && -	-
110732595	29.8785330269752	2.93317629530042	0.674405814122099	18.641885658683	1.57717090402928e-05	0.000857041742989486	LOC110732595	NW_018743175.1	4233365	4235361	-	1861	protein_coding	rhodanese-like domain-containing protein 10 && sp|Q9SR92|STR10_ARATH Rhodanese-like domain-containing protein 10 OS=Arabidopsis thaliana OX=3702 GN=STR10 PE=2 SV=1 && PF00581:Rhodanese-like domain	-
110687652	72.6143754045587	2.87728821572984	0.660596531548793	18.6188436394485	1.59634833031133e-05	0.000864736385880233	LOC110687652	NW_018743920.1	9444566	9445828	-	1263	protein_coding	uncharacterized LOC110687652 && - && PF14009:Domain of unknown function (DUF4228)	-
110739519	4.04179159941688	6.56901525799671	1.50398945688742	18.6105629375004	1.60329726205599e-05	0.000867304316428719	LOC110739519	NW_018743503.1	1684431	1697493	+	1884	protein_coding	protein trichome birefringence-like 42 && sp|F4IH21|TBL33_ARATH Protein trichome birefringence-like 33 OS=Arabidopsis thaliana OX=3702 GN=TBL33 PE=2 SV=1 && PF13839:GDSL/SGNH-like Acyl-Esterase family found in Pmr5 and Cas1p|PF14416:PMR5 N terminal Domain	BES1
110690454	31.1970829020373	3.2189965765115	0.738587865383042	18.6024566207611	1.61012928390502e-05	0.000868215250550672	LOC110690454	NW_018744041.1	1322440	1324905	+	2357	protein_coding	uncharacterized protein At4g14100-like && sp|Q67YC9|Y4141_ARATH Uncharacterized protein At4g14100 OS=Arabidopsis thaliana OX=3702 GN=At4g14100 PE=2 SV=1 && -	-
110701163	242.062958146298	1.7382479113105	0.402407415067989	18.5994918740109	1.6126352756112e-05	0.000868215250550672	LOC110701163	NW_018744633.1	4406424	4409022	-	1197	protein_coding	chloroplastic lipocalin-like && sp|Q9STS7|CHL_ARATH Chloroplastic lipocalin OS=Arabidopsis thaliana OX=3702 GN=CHL PE=1 SV=1 && PF08212:Lipocalin-like domain	-
110706627	160.399298662203	2.16278566126179	0.499664938941275	18.592871340681	1.61824552084916e-05	0.000868215250550672	LOC110706627	NW_018744988.1	1966207	1970791	-	1467	protein_coding	thylakoid lumenal 29 kDa protein%2C chloroplastic-like && sp|Q9THX6|TL29_SOLLC Thylakoid lumenal 29 kDa protein, chloroplastic OS=Solanum lycopersicum OX=4081 GN=CLEB3J9 PE=3 SV=1 && PF00141:Peroxidase	MYB_related
110728017	195.916260191826	1.93650977883726	0.447803293343666	18.6033854876583	1.60934495177908e-05	0.000868215250550672	LOC110728017	NW_018742914.1	5824688	5826316	-	1482	protein_coding	uncharacterized LOC110728017 && - && -	-
110739715	84.0140620871683	1.93703424467111	0.448295795797015	18.5951711406891	1.61629444976852e-05	0.000868215250550672	LOC110739715	NW_018743510.1	2373432	2378855	+	1467	protein_coding	nuclear transcription factor Y subunit C-1-like && sp|Q9SMP0|NFYC1_ARATH Nuclear transcription factor Y subunit C-1 OS=Arabidopsis thaliana OX=3702 GN=NFYC1 PE=1 SV=1 && PF00808:Histone-like transcription factor (CBF/NF-Y) and archaeal histone	NF-YC
110729737	9.30139736700757	3.62602706489893	0.841697697054467	18.5323601781495	1.67043989223819e-05	0.000891347634346067	LOC110729737	NW_018742987.1	2313687	2316690	+	2698	protein_coding	peroxidase 66-like && sp|Q9LT91|PER66_ARATH Peroxidase 66 OS=Arabidopsis thaliana OX=3702 GN=PER66 PE=2 SV=1 && -	M-type_MADS
110688999	94.5007214259208	2.16282527412388	0.500718879058183	18.5271798124377	1.67498607799849e-05	0.000892560763110376	LOC110688999	NW_018743946.1	3045329	3047172	+	805	protein_coding	light-harvesting complex-like protein OHP1%2C chloroplastic%2C transcript variant X1 && sp|O81208|OHP1_ARATH Light-harvesting complex-like protein OHP1, chloroplastic OS=Arabidopsis thaliana OX=3702 GN=OHP1 PE=1 SV=1 && -	-
110685841	32.6221682807001	2.80986606699908	0.649661168536785	18.5093392636089	1.69073790143381e-05	0.000898488305745326	LOC110685841	NW_018743850.1	970003	971424	+	1422	protein_coding	bZIP transcription factor 11-like && sp|Q9SI15|BZIP2_ARATH bZIP transcription factor 2 OS=Arabidopsis thaliana OX=3702 GN=BZIP2 PE=1 SV=1 && PF00170:bZIP transcription factor	bZIP
110712079	410.143802354812	1.01926268446178	0.237159562882681	18.5068211490375	1.69297315267879e-05	0.000898488305745326	LOC110712079	NW_018742418.1	7040927	7048854	+	1333	protein_coding	single-stranded DNA-binding protein WHY1%2C chloroplastic-like && sp|Q9LL85|WHY1_SOLTU Single-stranded DNA-binding protein WHY1, chloroplastic OS=Solanum tuberosum OX=4113 GN=WHY1 PE=1 SV=1 && PF08536:Whirly transcription factor	Whirly
110690396	569.412434659315	3.19734231530903	0.732697894094621	18.501325773902	1.6978615375607e-05	0.000899682862077052	LOC110690396	NW_018742329.1	3350082	3351110	-	1029	protein_coding	chlorophyll a-b binding protein of LHCII type 1-like && sp|P12333|CB2A_SPIOL Chlorophyll a-b binding protein, chloroplastic OS=Spinacia oleracea OX=3562 PE=1 SV=1 && PF00504:Chlorophyll A-B binding protein	ERF
110692989	212.190011655483	1.38095004937009	0.321052789402691	18.4991446463982	1.69980567733856e-05	0.000899682862077052	LOC110692989	NW_018744137.1	933900	936996	+	758	protein_coding	stress-response A/B barrel domain-containing protein HS1-like && sp|Q9LUV2|POP3_ARATH Stress-response A/B barrel domain-containing protein HS1 OS=Arabidopsis thaliana OX=3702 GN=HS1 PE=1 SV=1 && PF07876:Stress responsive A/B Barrel Domain	ERF
110731456	462.613807282009	1.14547201412503	0.26656280739163	18.482665170964	1.714567050365e-05	0.00090627445180329	LOC110731456	NW_018742205.1	7496872	7501644	+	1036	protein_coding	elongation factor P-like && sp|Q54760|EFP_SYNE7 Elongation factor P OS=Synechococcus elongatus (strain PCC 7942 / FACHB-805) OX=1140 GN=efp PE=3 SV=1 && PF09285:Elongation factor P, C-terminal|PF08207:Elongation factor P (EF-P) KOW-like domain|PF01132:Elongation factor P (EF-P) OB domain	-
110733567	4.85437935000474	4.86307509589498	1.13132169757219	18.4760186778394	1.720556976746e-05	0.000908218200910561	LOC110733567	NW_018743199.1	3796741	3800421	-	2487	protein_coding	L-type lectin-domain containing receptor kinase IX.1-like && sp|Q9LXA5|LRK91_ARATH L-type lectin-domain containing receptor kinase IX.1 OS=Arabidopsis thaliana OX=3702 GN=LECRK91 PE=1 SV=1 && PF00069:Protein kinase domain|PF00139:Legume lectin domain	S1Fa-like
110725219	115.930251117059	1.27728338997728	0.297247605673182	18.4640453926633	1.73140058440697e-05	0.000912715371159932	LOC110725219	NW_018742810.1	989167	993635	-	1556	protein_coding	hydroxypyruvate reductase-like && sp|A1RYE4|GYAR_THEPD Glyoxylate reductase OS=Thermofilum pendens (strain DSM 2475 / Hrk 5) OX=368408 GN=gyaR PE=3 SV=1 && PF00389:D-isomer specific 2-hydroxyacid dehydrogenase, catalytic domain|PF02826:D-isomer specific 2-hydroxyacid dehydrogenase, NAD binding domain	bHLH
110718679	17.8920644753869	4.76360803984761	1.07858913296159	18.4502498268009	1.74397968455025e-05	0.000917947941296506	LOC110718679	NW_018742461.1	2242148	2243811	+	1297	protein_coding	cysteine protease XCP2-like && sp|Q9LM66|XCP2_ARATH Cysteine protease XCP2 OS=Arabidopsis thaliana OX=3702 GN=XCP2 PE=1 SV=2 && PF08246:Cathepsin propeptide inhibitor domain (I29)|PF00112:Papain family cysteine protease	BBR-BPC
110726545	74.378393551407	3.73667585115765	0.853217640092591	18.4480419769473	1.74600135499832e-05	0.000917947941296506	LOC110726545	NW_018742879.1	3668320	3669456	+	663	lncRNA	uncharacterized LOC110726545 && sp|A3FPF2|DEF_NELNU Defensin-like protein OS=Nelumbo nucifera OX=4432 PE=3 SV=1 && -	-
110685540	310.86202110309	1.7159855388527	0.398957404076205	18.4405907018365	1.75284168823333e-05	0.000920312187459727	LOC110685540	NW_018743828.1	968819	970704	+	1353	protein_coding	cysteine protease XCP2-like && sp|Q9LM66|XCP2_ARATH Cysteine protease XCP2 OS=Arabidopsis thaliana OX=3702 GN=XCP2 PE=1 SV=2 && PF00112:Papain family cysteine protease|PF08246:Cathepsin propeptide inhibitor domain (I29)	BBR-BPC
110714366	223.162400877995	1.79745751310723	0.418051043927941	18.4159242507275	1.77567833891724e-05	0.000929816205390625	LOC110714366	NW_018745454.1	1415810	1417882	+	1339	protein_coding	probable carboxylesterase 8 && sp|O64640|CXE8_ARATH Probable carboxylesterase 8 OS=Arabidopsis thaliana OX=3702 GN=CXE8 PE=2 SV=1 && PF07859:alpha/beta hydrolase fold	Trihelix
110717195	11.9828473983135	8.47158308792785	1.84275309484296	18.4075145417833	1.78353232535361e-05	0.000931445013478888	LOC110717195	NW_018745666.1	333463	335215	+	1395	protein_coding	glucan endo-1%2C3-beta-glucosidase-like && sp|A7PQW3|E13B_VITVI Glucan endo-1,3-beta-glucosidase OS=Vitis vinifera OX=29760 GN=VIT_06s0061g00120 PE=1 SV=2 && PF00332:Glycosyl hydrolases family 17	FAR1
110739617	1.84003033447431	6.3319930374454	1.50722973012335	18.4077482836542	1.78331355863456e-05	0.000931445013478888	LOC110739617	NW_018742244.1	1969835	1972668	+	1845	protein_coding	putative amidase C869.01 && sp|A0A1P8B760|AMI4G_ARATH Probable amidase At4g34880 OS=Arabidopsis thaliana OX=3702 GN=At4g34880 PE=2 SV=1 && PF01425:Amidase	C3H
110695992	80.1877892706388	2.20785085169341	0.512943337798455	18.3974322280058	1.79299439995081e-05	0.00093514301552813	LOC110695992	NW_018744311.1	1187737	1193838	-	3132	protein_coding	uncharacterized LOC110695992 && - && PF07944:Beta-L-arabinofuranosidase, GH127	-
110731309	21.4607131135731	3.64024254874497	0.838800851075343	18.3912088712689	1.79886006320029e-05	0.000936957974297944	LOC110731309	NW_018743066.1	1408867	1426476	-	1568	protein_coding	peroxidase 29-like && sp|Q9LSP0|PER29_ARATH Peroxidase 29 OS=Arabidopsis thaliana OX=3702 GN=PER29 PE=2 SV=2 && PF00141:Peroxidase	Dof
110711864	72.728368093514	2.28226623946111	0.530459291830557	18.3640307228854	1.82470286523504e-05	0.000947462700761496	LOC110711864	NW_018745286.1	653925	655651	+	1275	protein_coding	aquaporin PIP2-7-like && sp|Q9ATM4|PIP27_MAIZE Aquaporin PIP2-7 OS=Zea mays OX=4577 GN=PIP2-7 PE=2 SV=1 && PF00230:Major intrinsic protein	C3H
110733312	32.4010602742576	10.4983610537054	2.24778146901196	18.3281969674817	1.85934692977356e-05	0.000963352664551413	LOC110733312	NW_018743199.1	450622	453151	-	2062	protein_coding	laccase-17-like && sp|Q9FJD5|LAC17_ARATH Laccase-17 OS=Arabidopsis thaliana OX=3702 GN=LAC17 PE=2 SV=1 && PF07732:Multicopper oxidase|PF07731:Multicopper oxidase|PF00394:Multicopper oxidase	bHLH
110704793	198.12919301385	2.10789106662332	0.490749100810171	18.3124472505256	1.8747820537436e-05	0.000970070034211758	LOC110704793	NW_018744858.1	1900466	1904651	+	1842	protein_coding	tubulin alpha-3 chain-like && sp|Q56WH1|TBA3_ARATH Tubulin alpha-3 chain OS=Arabidopsis thaliana OX=3702 GN=TUBA3 PE=1 SV=2 && PF00091:Tubulin/FtsZ family, GTPase domain|PF03953:Tubulin C-terminal domain	Nin-like
110730525	4.3634757874087	5.06002219393681	1.19688324249622	18.2812259783039	1.90576123952515e-05	0.000983244474621578	LOC110730525	NW_018743033.1	879951	884235	-	1060	protein_coding	rac-like GTP-binding protein RAC9%2C transcript variant X1 && sp|Q38903|RAC2_ARATH Rac-like GTP-binding protein ARAC2 OS=Arabidopsis thaliana OX=3702 GN=ARAC2 PE=1 SV=1 && PF00071:Ras family	bZIP
110690871	54.6907350932493	1.76079066551434	0.411771616844076	18.2692576944601	1.9177726155264e-05	0.000987112502353453	LOC110690871	NW_018744066.1	548033	549982	-	822	protein_coding	phospholipase A2-alpha-like && sp|Q8S8N6|PLA2A_ARATH Phospholipase A2-alpha OS=Arabidopsis thaliana OX=3702 GN=PLA2-ALPHA PE=1 SV=1 && -	-
110739431	311.398784327395	3.63141327841149	0.833048205160117	18.2661791187743	1.92087455374812e-05	0.00098741500457264	LOC110739431	NW_018742244.1	1784999	1785957	-	959	protein_coding	photosystem I reaction center subunit III%2C chloroplastic && sp|P12355|PSAF_SPIOL Photosystem I reaction center subunit III, chloroplastic OS=Spinacia oleracea OX=3562 GN=PSAF PE=1 SV=1 && PF02507:Photosystem I reaction centre subunit III	-
110705605	166.919095813206	1.56963378181811	0.367095380695404	18.2599625522347	1.92715366969901e-05	0.00098934779176587	LOC110705605	NW_018744878.1	3915248	3921194	+	1943	protein_coding	uncharacterized LOC110705605%2C transcript variant X1 && - && -	CPP
110722603	112.09403776522	4.64632428088539	1.05091074552519	18.2501980437233	1.93705808272708e-05	0.000993134230847788	LOC110722603	NW_018742684.1	307837	311298	-	1874	protein_coding	endoglucanase 20-like && sp|P22503|GUN_PHAVU Endoglucanase OS=Phaseolus vulgaris OX=3885 PE=2 SV=2 && PF00759:Glycosyl hydrolase family 9	WRKY
110718531	4.5282662187053	4.77178840098106	1.11769515878157	18.231848571721	1.95580901474936e-05	0.000999220674725037	LOC110718531	NW_018742461.1	847233	849377	-	1187	pseudogene	- && sp|P35135|UBC4_SOLLC Ubiquitin-conjugating enzyme E2-17 kDa OS=Solanum lycopersicum OX=4081 PE=2 SV=1 && PF00179:Ubiquitin-conjugating enzyme	MYB_related
110685939	904.400372477144	1.03193471868356	0.242096737562965	18.1936670558779	1.99541243053923e-05	0.00101641805946261	LOC110685939	NW_018743850.1	2716526	2722954	-	1438	protein_coding	uncharacterized LOC110685939 && sp|Q9XI19|PTAC6_ARATH PLASTID TRANSCRIPTIONALLY ACTIVE protein 6, chloroplastic OS=Arabidopsis thaliana OX=3702 GN=PTAC6 PE=1 SV=1 && -	-
110710135	48.1170759861359	2.8841897066873	0.670640369843148	18.1881923274909	2.0011567046363e-05	0.00101802366918629	LOC110710135	NW_018745170.1	3058268	3063339	-	3084	protein_coding	protein KINESIN LIGHT CHAIN-RELATED 2-like && sp|Q9LII8|KLCR2_ARATH Protein KINESIN LIGHT CHAIN-RELATED 2 OS=Arabidopsis thaliana OX=3702 GN=KLCR2 PE=1 SV=1 && PF13424:Tetratricopeptide repeat	MYB_related
110712610	420.832380539033	2.17289371563124	0.507282875283879	18.1849196954026	2.00459839354161e-05	0.00101845527437982	LOC110712610	NW_018745323.1	814138	816900	+	1421	protein_coding	1%2C4-dihydroxy-2-naphthoyl-CoA synthase%2C peroxisomal-like && sp|Q8GYN9|MENB_ARATH 1,4-dihydroxy-2-naphthoyl-CoA synthase, peroxisomal OS=Arabidopsis thaliana OX=3702 GN=MENB PE=1 SV=2 && PF00378:Enoyl-CoA hydratase/isomerase	LBD
110713914	10.1792524131108	2.61495758710841	0.616138988440632	18.1824223206555	2.00722877685587e-05	0.00101847410534187	LOC110713914	NW_018745454.1	4991448	4993205	-	1263	protein_coding	uncharacterized protein C594.04c-like && - && PF06966:Protein of unknown function (DUF1295)	bZIP
110715317	1364.25052899221	1.9861419680498	0.464528464682471	18.158585984174	2.03250976924226e-05	0.00102997104732195	LOC110715317	NW_018745521.1	314981	317882	-	865	protein_coding	uncharacterized LOC110715317 && - && -	-
110713889	411.31004136757	1.18329051025947	0.278003115397047	18.1370700448802	2.05560432486928e-05	0.00103765743766827	LOC110713889	NW_018745454.1	5030725	5036082	+	1492	protein_coding	adenylate kinase%2C chloroplastic-like%2C transcript variant X1 && sp|Q9FIJ7|KAD2_ARATH Adenylate kinase 2, chloroplastic OS=Arabidopsis thaliana OX=3702 GN=At5g47840 PE=1 SV=1 && PF00406:Adenylate kinase	-
110716416	3.70597046778643	5.14905177890309	1.21302869007714	18.1378675767328	2.05474359186314e-05	0.00103765743766827	LOC110716416	NW_018742441.1	1098615	1103032	+	2983	protein_coding	U-box domain-containing protein 44-like && - && -	GeBP
110693103	69.8818000737292	2.51228617068648	0.58656645035372	18.1242280151072	2.06951401593556e-05	0.00104333791974117	LOC110693103	NW_018744137.1	1238945	1241331	+	966	protein_coding	bark storage protein A-like && - && PF01048:Phosphorylase superfamily	-
110684864	223.256754706624	1.09956071816536	0.258662956604907	18.1087190644899	2.08643846811883e-05	0.00105008058552803	LOC110684864	NW_018743783.1	4159003	4165130	-	1558	protein_coding	protease Do-like 1%2C chloroplastic && sp|O22609|DEGP1_ARATH Protease Do-like 1, chloroplastic OS=Arabidopsis thaliana OX=3702 GN=DEGP1 PE=1 SV=2 && PF13180:PDZ domain|PF13365:Trypsin-like peptidase domain	-
110714030	6.2551406315613	6.96976442113214	1.57332631684559	18.1070792719432	2.08823603314591e-05	0.00105008058552803	LOC110714030	NW_018745454.1	7045628	7049850	+	1668	protein_coding	WAT1-related protein At4g08300-like && sp|Q501F8|WTR32_ARATH WAT1-related protein At4g08300 OS=Arabidopsis thaliana OX=3702 GN=At4g08300 PE=2 SV=1 && PF00892:EamA-like transporter family	ERF
110700533	4.15879931028857	6.57706727266259	1.52095633494157	18.0957704239733	2.10067539884074e-05	0.00105498497364031	LOC110700533	NW_018744626.1	3565195	3568289	+	2135	protein_coding	protein NRT1/ PTR FAMILY 4.6-like && sp|Q8H157|PTR19_ARATH Protein NRT1/ PTR FAMILY 4.6 OS=Arabidopsis thaliana OX=3702 GN=NPF4.6 PE=1 SV=1 && PF00854:POT family	ERF
110690704	961.718094779273	1.36771560632337	0.321735046640629	18.0657667428595	2.13404044355417e-05	0.00107037254584551	LOC110690704	NW_018744062.1	1320602	1325918	+	1052	protein_coding	elongation factor P-like && sp|Q54760|EFP_SYNE7 Elongation factor P OS=Synechococcus elongatus (strain PCC 7942 / FACHB-805) OX=1140 GN=efp PE=3 SV=1 && PF08207:Elongation factor P (EF-P) KOW-like domain|PF01132:Elongation factor P (EF-P) OB domain|PF09285:Elongation factor P, C-terminal	-
110731641	52.7244227187584	2.55761087319138	0.598622467009987	18.0520869573224	2.14942901103579e-05	0.0010753442745275	LOC110731641	NW_018742205.1	7737323	7739645	+	1743	protein_coding	serine/threonine-protein kinase STN8%2C chloroplastic && sp|Q9LZV4|STN8_ARATH Serine/threonine-protein kinase STN8, chloroplastic OS=Arabidopsis thaliana OX=3702 GN=STN8 PE=2 SV=1 && PF00069:Protein kinase domain	WRKY
110692991	23.2500224845797	3.25008912039199	0.757618037105021	18.0464783884465	2.15577034135228e-05	0.00107714463887949	LOC110692991	NW_018744137.1	937929	942636	+	3284	protein_coding	cytadherence high molecular weight protein 1-like && - && -	-
110711175	98.0723874994174	1.56078661636184	0.367907034074647	17.9987427501572	2.21050914966066e-05	0.00110309181492533	LOC110711175	NW_018745240.1	2142894	2144862	-	1969	pseudogene	- && sp|Q9LJB4|5MAT_ARATH Malonyl-CoA:anthocyanidin 5-O-glucoside-6''-O-malonyltransferase OS=Arabidopsis thaliana OX=3702 GN=5MAT PE=1 SV=1 && PF02458:Transferase family	NAC
110736874	60.1367476657767	1.7031564318939	0.401424735583784	17.9785395138153	2.23409492241762e-05	0.00111344682599121	LOC110736874	NW_018743292.1	8656373	8657563	+	1094	protein_coding	histone H2A.1-like && sp|Q2HU65|H2A2_MEDTR Probable histone H2A.2 OS=Medicago truncatula OX=3880 GN=MtrDRAFT_AC149210g4v1 PE=3 SV=1 && PF16211:C-terminus of histone H2A|PF00125:Core histone H2A/H2B/H3/H4	GeBP
110715931	36.7338704827399	3.29235683132029	0.767386121465752	17.9678428832564	2.24668464513762e-05	0.00111830223153979	LOC110715931	NW_018745533.1	2828239	2832227	+	1907	protein_coding	probable pectinesterase/pectinesterase inhibitor 12 && sp|O48711|PME12_ARATH Probable pectinesterase/pectinesterase inhibitor 12 OS=Arabidopsis thaliana OX=3702 GN=PME12 PE=2 SV=1 && PF04043:Plant invertase/pectin methylesterase inhibitor|PF01095:Pectinesterase	NAC
110702757	449.921921898526	1.17527949711633	0.277490637037805	17.9570555103344	2.25945336292018e-05	0.00112039787780258	LOC110702757	NW_018744702.1	291048	294575	+	1219	protein_coding	fatty-acid-binding protein 3%2C chloroplastic-like && sp|Q9C8L2|FAP3_ARATH Fatty-acid-binding protein 3, chloroplastic OS=Arabidopsis thaliana OX=3702 GN=FAP3 PE=1 SV=1 && PF02431:Chalcone-flavanone isomerase	-
110708474	41.7842393639444	2.63059765776882	0.617440782158287	17.9584337117085	2.25781796981438e-05	0.00112039787780258	LOC110708474	NW_018745024.1	7897025	7899656	+	763	protein_coding	guanine deaminase-like && sp|Q94BU8|GSDA_ARATH Guanosine deaminase OS=Arabidopsis thaliana OX=3702 GN=GSDA PE=1 SV=1 && PF00383:Cytidine and deoxycytidylate deaminase zinc-binding region	GeBP
110708587	403.697662603634	1.4063112691571	0.331759853539486	17.9608104324145	2.25500051301272e-05	0.00112039787780258	LOC110708587	NW_018745024.1	9984388	9987080	-	1256	pseudogene	- && sp|Q9ZVL6|U603_ARATH UPF0603 protein At1g54780, chloroplastic OS=Arabidopsis thaliana OX=3702 GN=At1g54780 PE=1 SV=1 && -	-
110715085	3.22900869453838	8.73747204463803	1.99920120367585	17.9535915073921	2.26356905430133e-05	0.00112102329722038	LOC110715085	NW_018745470.1	761663	763786	-	1468	protein_coding	uncharacterized LOC110715085%2C transcript variant X2 && - && -	-
110701465	12.6216825802625	3.15926201126357	0.743696814899785	17.9333751391183	2.28773946355853e-05	0.00113156664927373	LOC110701465	NW_018744633.1	5684552	5685187	-	636	protein_coding	uncharacterized LOC110701465 && - && -	-
110719696	105.896824334996	1.79677075248686	0.423950124268319	17.9251545183457	2.29764193028308e-05	0.00113360919005034	LOC110719696	NW_018742484.1	7923248	7926960	-	3010	protein_coding	phosphatidylinositol 4-kinase gamma 4-like && sp|Q9ZPY9|P4KG4_ARATH Phosphatidylinositol 4-kinase gamma 4 OS=Arabidopsis thaliana OX=3702 GN=PI4KG4 PE=1 SV=1 && PF00240:Ubiquitin family|PF00454:Phosphatidylinositol 3- and 4-kinase	bHLH
110715680	33.5314900242763	2.4790284570228	0.583576058973972	17.9226615614205	2.30065341969409e-05	0.00113367078734813	LOC110715680	NW_018745523.1	932743	938035	+	1790	protein_coding	proline transporter 2-like && sp|P92962|PROT2_ARATH Proline transporter 2 OS=Arabidopsis thaliana OX=3702 GN=PROT2 PE=1 SV=1 && PF01490:Transmembrane amino acid transporter protein	-
110718526	8.61906289081382	5.90512839675755	1.3476783648432	17.9080825251015	2.31834446260928e-05	0.00113810427600068	LOC110718526	NW_018742204.1	11789909	11796576	+	2997	protein_coding	linoleate 13S-lipoxygenase 2-1%2C chloroplastic-like && sp|O24370|LOX21_SOLTU Linoleate 13S-lipoxygenase 2-1, chloroplastic OS=Solanum tuberosum OX=4113 GN=LOX2.1 PE=1 SV=1 && PF00305:Lipoxygenase	NF-YA
110699256	37.3417987545368	2.67942900442351	0.629565541423442	17.8929376111148	2.33686693534763e-05	0.00114291127212836	LOC110699256	NW_018744582.1	1530218	1538270	+	2488	protein_coding	auxin transporter-like protein 2 && sp|Q9FEL7|LAX2_MEDTR Auxin transporter-like protein 2 OS=Medicago truncatula OX=3880 GN=LAX2 PE=2 SV=1 && PF01490:Transmembrane amino acid transporter protein	-
110699749	5.31563917287811	4.56917943515963	1.08981800495811	17.8582534538522	2.37984835983631e-05	0.00115960030565572	LOC110699749	NW_018744593.1	7467914	7494561	-	1289	protein_coding	chlorophyllase-2%2C chloroplastic-like && sp|Q9M7I7|CLH2_ARATH Chlorophyllase-2 OS=Arabidopsis thaliana OX=3702 GN=CLH2 PE=1 SV=1 && PF07224:Chlorophyllase	-
110684288	244.918579279571	1.02592236229701	0.243067821203503	17.8483087631675	2.39231794744599e-05	0.00116279087561938	LOC110684288	NW_018743697.1	3408760	3412028	+	1235	protein_coding	putative low molecular weight protein-tyrosine-phosphatase slr0328 && sp|Q55535|Y328_SYNY3 Putative low molecular weight protein-tyrosine-phosphatase slr0328 OS=Synechocystis sp. (strain PCC 6803 / Kazusa) OX=1111708 GN=slr0328 PE=1 SV=1 && PF01451:Low molecular weight phosphotyrosine protein phosphatase	-
110722666	55.7888521252819	2.76614790421458	0.64941131564596	17.8501110596295	2.39005319817494e-05	0.00116279087561938	LOC110722666	NW_018742684.1	1355876	1357681	+	1806	protein_coding	hydroquinone glucosyltransferase-like && sp|Q9AR73|HQGT_RAUSE Hydroquinone glucosyltransferase OS=Rauvolfia serpentina OX=4060 GN=AS PE=1 SV=1 && PF00201:UDP-glucoronosyl and UDP-glucosyl transferase	bHLH
110721810	4300.10684194299	1.07621846932327	0.254945364294737	17.8415607813012	2.40081656665389e-05	0.00116547922153521	LOC110721810	NW_018742630.1	1796450	1800295	-	1302	protein_coding	20 kDa chaperonin%2C chloroplastic-like && sp|O65282|CH20_ARATH 20 kDa chaperonin, chloroplastic OS=Arabidopsis thaliana OX=3702 GN=CPN20 PE=1 SV=2 && PF00166:Chaperonin 10 Kd subunit	ARF
110733309	62.0250160092269	2.24408311875472	0.529847016293688	17.8217513403512	2.42594084068482e-05	0.00117622190908908	LOC110733309	NW_018743199.1	430588	433489	-	2412	protein_coding	laccase-17-like && sp|Q9FJD5|LAC17_ARATH Laccase-17 OS=Arabidopsis thaliana OX=3702 GN=LAC17 PE=2 SV=1 && PF07731:Multicopper oxidase|PF07732:Multicopper oxidase|PF00394:Multicopper oxidase	bHLH
110721970	34.2595564907666	2.23929213167975	0.529713936898798	17.8190357949534	2.42940548957362e-05	0.00117644934392139	LOC110721970	NW_018742204.1	19943745	19949065	+	1843	protein_coding	uncharacterized hydrolase YugF-like && sp|A7ZI96|MHPC_ECO24 2-hydroxy-6-oxononadienedioate/2-hydroxy-6-oxononatrienedioate hydrolase OS=Escherichia coli O139:H28 (strain E24377A / ETEC) OX=331111 GN=mhpC PE=3 SV=2 && PF12697:Alpha/beta hydrolase family	CAMTA
110729478	42.8852294771456	1.91289106677011	0.453123641992652	17.8095578426119	2.44153701175107e-05	0.00118086801801108	LOC110729478	NW_018742987.1	789578	790129	+	552	protein_coding	uncharacterized protein PAM68-like && sp|Q9LTD9|Y5278_ARATH Uncharacterized protein PAM68-like OS=Arabidopsis thaliana OX=3702 GN=At5g52780 PE=2 SV=1 && PF11947:Photosynthesis affected mutant 68	M-type_MADS
110715022	71.4958509817527	7.2241697278031	1.57601442347765	17.8046370381535	2.44785949445699e-05	0.00118246969158437	LOC110715022	NW_018745465.1	18931	20029	+	649	protein_coding	keratin-associated protein 17-1-like && - && -	-
110699383	5.05242718834273	7.47724965631326	1.70644355122983	17.7829265102986	2.47595119902158e-05	0.00119457041080067	LOC110699383	NW_018744582.1	2942621	2948876	-	2287	protein_coding	4%2C5-DOPA dioxygenase extradiol 1-like && sp|I3PFJ9|DOD1W_BETVU 4,5-DOPA dioxygenase extradiol 1 OS=Beta vulgaris OX=161934 GN=DODA1 PE=2 SV=1 && PF02900:Catalytic LigB subunit of aromatic ring-opening dioxygenase	ZF-HD
110690407	3.89920363207992	8.12165960334361	1.84459625780903	17.7694896862767	2.49349943660537e-05	0.00120156077759267	LOC110690407	NW_018744041.1	664688	666488	+	1801	protein_coding	transcription factor TCP15-like && sp|Q93Z00|TCP14_ARATH Transcription factor TCP14 OS=Arabidopsis thaliana OX=3702 GN=TCP14 PE=1 SV=1 && PF03634:TCP family transcription factor	TCP
110685553	23.1650488905528	2.21640062983537	0.525863248612683	17.7618090598088	2.50358626707166e-05	0.00120234451446353	LOC110685553	NW_018743828.1	1160276	1162708	-	1366	protein_coding	cell division control protein 2 homolog D-like && sp|Q38775|CDC2D_ANTMA Cell division control protein 2 homolog D OS=Antirrhinum majus OX=4151 GN=CDC2D PE=2 SV=1 && PF00069:Protein kinase domain	FAR1
110687903	866.548774611009	1.46925140825268	0.348397360142799	17.7653016457712	2.49899444289112e-05	0.00120234451446353	LOC110687903	NW_018743920.1	2698113	2700986	+	1095	protein_coding	nucleoside diphosphate kinase 2%2C chloroplastic-like && sp|Q01402|NDK2_SPIOL Nucleoside diphosphate kinase 2, chloroplastic OS=Spinacia oleracea OX=3562 GN=NDPK2 PE=1 SV=1 && PF00334:Nucleoside diphosphate kinase	GRAS
110723923	2209.53818924003	1.61972633483033	0.383837617709226	17.7612588853386	2.50431037310919e-05	0.00120234451446353	LOC110723923	NW_018742733.1	3859800	3866463	+	2270	protein_coding	trigger factor-like protein TIG%2C Chloroplastic && sp|Q8S9L5|TIG_ARATH Trigger factor-like protein TIG, Chloroplastic OS=Arabidopsis thaliana OX=3702 GN=TIG PE=1 SV=1 && PF05698:Bacterial trigger factor protein (TF) C-terminus|PF05697:Bacterial trigger factor protein (TF)	-
110726546	1847.41922501142	2.57115359373834	0.605454928590905	17.7480211444575	2.52179666817143e-05	0.00120778683596459	LOC110726546	NW_018742879.1	3682703	3683819	+	568	lncRNA	uncharacterized LOC110726546 && sp|A3FPF2|DEF_NELNU Defensin-like protein OS=Nelumbo nucifera OX=4432 PE=3 SV=1 && -	-
110693962	9.43041472724104	4.80398494647291	1.11734183448218	17.7171782373642	2.56301580553592e-05	0.00122454160256463	LOC110693962	NW_018744167.1	2392072	2395763	-	2056	protein_coding	calmodulin-interacting protein 111-like && sp|Q9P7J5|YJNA_SCHPO Uncharacterized AAA domain-containing protein C24B10.10c OS=Schizosaccharomyces pombe (strain 972 / ATCC 24843) OX=284812 GN=SPCC24B10.10c PE=3 SV=1 && PF00004:ATPase family associated with various cellular activities (AAA)	B3
110707070	41.5915247887823	2.43556699612538	0.576208450001039	17.707167273429	2.576539679252e-05	0.00122950720319883	LOC110707070	NW_018744991.1	3804363	3806268	+	1685	protein_coding	BTB/POZ domain-containing protein At1g55760-like && sp|Q680K8|Y1576_ARATH BTB/POZ domain-containing protein At1g55760 OS=Arabidopsis thaliana OX=3702 GN=At1g55760 PE=2 SV=1 && PF00651:BTB/POZ domain	Trihelix
110706816	182.39709349997	1.87388190991067	0.444425255541176	17.7015582727078	2.58414823176649e-05	0.00123107077413792	LOC110706816	NW_018744991.1	332484	339508	-	2787	protein_coding	P-loop NTPase domain-containing protein LPA1 homolog 2-like && sp|Q9FJH9|LPAH1_ARATH P-loop NTPase domain-containing protein LPA1 homolog 1 OS=Arabidopsis thaliana OX=3702 GN=At5g60760 PE=2 SV=1 && -	-
110688520	7.25799005515426	5.81599910826549	1.36670658402072	17.6896266172155	2.60040858081575e-05	0.00123489535906139	LOC110688520	NW_018743920.1	9577495	9580858	+	1986	protein_coding	probable protein phosphatase 2C 26%2C transcript variant X4 && sp|Q942P9|P2C01_ORYSJ Probable protein phosphatase 2C 1 OS=Oryza sativa subsp. japonica OX=39947 GN=Os01g0164600 PE=1 SV=1 && PF07228:Stage II sporulation protein E (SpoIIE)	C2H2
110694521	153.344311748683	4.40789733790556	1.01633003168918	17.6909789580826	2.59856046930333e-05	0.00123489535906139	LOC110694521	NW_018742345.1	5343392	5347575	-	1587	protein_coding	WAT1-related protein At3g18200-like && sp|Q9LV20|WTR17_ARATH WAT1-related protein At3g18200 OS=Arabidopsis thaliana OX=3702 GN=At3g18200 PE=2 SV=1 && PF00892:EamA-like transporter family	ERF
110696622	62.3545281399923	5.14265333083875	1.17371329758706	17.6822248023961	2.61054733724731e-05	0.001237793486183	LOC110696622	NW_018744367.1	7645824	7649181	+	1805	protein_coding	alcohol-forming fatty acyl-CoA reductase-like && sp|Q9XGY7|FAR_SIMCH Alcohol-forming fatty acyl-CoA reductase OS=Simmondsia chinensis OX=3999 PE=1 SV=1 && PF03015:Male sterility protein|PF07993:Male sterility protein	-
110697876	22.2916339744514	3.07269338278855	0.725261344541443	17.6789441837234	2.61505371322253e-05	0.001237793486183	LOC110697876	NW_018744501.1	1718899	1719911	+	1013	protein_coding	monothiol glutaredoxin-S1-like && sp|Q9SA68|GRXS1_ARATH Monothiol glutaredoxin-S1 OS=Arabidopsis thaliana OX=3702 GN=GRXS1 PE=3 SV=1 && PF00462:Glutaredoxin	-
110712352	162.263234294476	1.13793391112399	0.270908693966816	17.6782802419361	2.61596667820613e-05	0.001237793486183	LOC110712352	NW_018742418.1	7643234	7647224	+	936	protein_coding	probable ran guanine nucleotide release factor && - && PF04603:Ran-interacting Mog1 protein	-
110718792	1823.97714905151	1.54383375051435	0.366905308692213	17.6715798057731	2.6251981772176e-05	0.00124066676310309	LOC110718792	NW_018742461.1	3461068	3462449	-	972	protein_coding	protein GOS9-like && - && PF01419:Jacalin-like lectin domain	-
110718858	23.6419367033082	2.16516611411448	0.517483643662732	17.657989658294	2.64402260278323e-05	0.00124208970908021	LOC110718858	NW_018742461.1	4212982	4217406	-	1698	protein_coding	benzyl alcohol O-benzoyltransferase-like && sp|Q8GT20|BEBT_TOBAC Benzyl alcohol O-benzoyltransferase OS=Nicotiana tabacum OX=4097 GN=HSR201 PE=1 SV=1 && PF02458:Transferase family	ERF
110725619	555.393046513429	1.20448519620155	0.286757547884952	17.658261920486	2.64364414991207e-05	0.00124208970908021	LOC110725619	NW_018742815.1	1027178	1029558	+	1074	protein_coding	thylakoid lumenal 16.5 kDa protein%2C chloroplastic-like && sp|O22773|TL16_ARATH Thylakoid lumenal 16.5 kDa protein, chloroplastic OS=Arabidopsis thaliana OX=3702 GN=At4g02530 PE=1 SV=3 && -	-
110729345	325.692873689829	2.22317865553063	0.52640736229938	17.6638672270809	2.63586468522033e-05	0.00124208970908021	LOC110729345	NW_018742205.1	3201676	3314173	+	2522	pseudogene	- && - && -	bZIP
110700624	1461.46488169922	1.12542779683951	0.26817057621177	17.6304148569432	2.68263577378868e-05	0.00125722141699287	LOC110700624	NW_018744626.1	4763487	4769360	+	1352	protein_coding	ribulose-phosphate 3-epimerase%2C chloroplastic-like && sp|Q43157|RPE_SPIOL Ribulose-phosphate 3-epimerase, chloroplastic OS=Spinacia oleracea OX=3562 GN=RPE PE=1 SV=1 && PF00834:Ribulose-phosphate 3 epimerase family	-
110682276	89.0639305941223	3.21762048595798	0.756462850521194	17.622897284507	2.69326063525443e-05	0.00125919553486127	LOC110682276	NW_018743574.1	5313628	5316977	-	2169	protein_coding	3-oxoacyl-[acyl-carrier-protein] reductase FabG-like%2C transcript variant X2 && sp|Q8P3K4|FUCDH_XANCP 2-keto-3-deoxy-L-fuconate dehydrogenase OS=Xanthomonas campestris pv. campestris (strain ATCC 33913 / DSM 3586 / NCPPB 528 / LMG 568 / P 25) OX=190485 GN=XCC4067 PE=1 SV=1 && PF00106:short chain dehydrogenase	-
110703375	151.011053083987	4.01134025670953	0.932752878584043	17.6239450493012	2.69177725846083e-05	0.00125919553486127	LOC110703375	NW_018744718.1	2665923	2667288	-	601	protein_coding	photosystem I reaction center subunit VI%2C chloroplastic && sp|P22179|PSAH_SPIOL Photosystem I reaction center subunit VI, chloroplastic OS=Spinacia oleracea OX=3562 GN=PSAH PE=1 SV=1 && PF03244:Photosystem I reaction centre subunit VI	CPP
110728087	54.9670118758416	3.85446611317848	0.90003811312508	17.6193808862225	2.69824499596226e-05	0.00126002587070661	LOC110728087	NW_018742914.1	7130397	7135566	-	3272	protein_coding	uncharacterized LOC110728087%2C transcript variant X2 && - && -	FAR1
110710853	6634.75540345218	1.37662847566364	0.328054730129784	17.5989633485246	2.72736979519834e-05	0.00127060491063848	LOC110710853	NW_018745177.1	1399180	1402889	+	1927	protein_coding	cytochrome P450 CYP72A219-like && sp|A0A0S2IHL2|C7A39_KALSE Cytochrome P450 72A397 OS=Kalopanax septemlobus OX=228393 GN=CYP72A397 PE=1 SV=1 && PF00067:Cytochrome P450	bHLH
110705304	34.775930308855	2.9162686582454	0.689535398416232	17.589030940785	2.74165198864047e-05	0.00127574524348196	LOC110705304	NW_018744878.1	3014072	3014781	+	710	protein_coding	lachrymatory-factor synthase-like && - && PF10604:Polyketide cyclase / dehydrase and lipid transport	-
110700646	39.9023279439565	3.83153139853913	0.896242063201186	17.5829352032027	2.75045447758718e-05	0.00127832661181398	LOC110700646	NW_018744626.1	5007605	5009124	-	752	protein_coding	uncharacterized protein At5g01610-like && sp|Q9M015|Y5161_ARATH Uncharacterized protein At5g01610 OS=Arabidopsis thaliana OX=3702 GN=At5g01610 PE=1 SV=1 && PF04398:Protein of unknown function, DUF538	FAR1
110686449	5.39112061707343	6.13268785992451	1.43922951249588	17.5757490804704	2.76086800837414e-05	0.00128164975523496	LOC110686449	NW_018743858.1	4964973	4966527	+	778	protein_coding	gibberellin-regulated protein 1-like && sp|P46689|GASA1_ARATH Gibberellin-regulated protein 1 OS=Arabidopsis thaliana OX=3702 GN=GASA1 PE=2 SV=2 && PF02704:Gibberellin regulated protein	-
110694878	820.234913562375	1.8579062729545	0.442912297113977	17.5070199436901	2.86248814762667e-05	0.0013241161703029	LOC110694878	NW_018744268.1	2821716	2826458	-	1753	protein_coding	glutamine synthetase%2C chloroplastic && sp|O22506|GLNA2_DAUCA Glutamine synthetase, chloroplastic OS=Daucus carota OX=4039 GN=GLN2 PE=2 SV=1 && PF00120:Glutamine synthetase, catalytic domain|PF03951:Glutamine synthetase, beta-Grasp domain	-
110708084	7.07683306983547	4.74525072981211	1.11612067257765	17.5047993505474	2.86583338364135e-05	0.0013241161703029	LOC110708084	NW_018745003.1	5235525	5241286	+	2835	protein_coding	adenylate kinase 5%2C chloroplastic-like && sp|Q8VYL1|KAD5_ARATH Adenylate kinase 5, chloroplastic OS=Arabidopsis thaliana OX=3702 GN=At5g35170 PE=1 SV=1 && PF00406:Adenylate kinase|PF09353:Domain of unknown function (DUF1995)	-
110714469	3.44612392162413	7.65315831769295	1.79271054567904	17.4999941561591	2.87308567456212e-05	0.00132590709397272	LOC110714469	NW_018745454.1	5026049	5029221	-	1748	protein_coding	amino acid permease 2-like && sp|Q38967|AAP2_ARATH Amino acid permease 2 OS=Arabidopsis thaliana OX=3702 GN=AAP2 PE=1 SV=1 && PF01490:Transmembrane amino acid transporter protein	MYB_related
110682878	182.738184444793	1.2376650683833	0.296460060727948	17.4542972675344	2.94298260325171e-05	0.00135223024317007	LOC110682878	NW_018743608.1	301851	309052	-	1673	protein_coding	protease Do-like 1%2C chloroplastic && sp|O22609|DEGP1_ARATH Protease Do-like 1, chloroplastic OS=Arabidopsis thaliana OX=3702 GN=DEGP1 PE=1 SV=2 && PF13180:PDZ domain|PF13365:Trypsin-like peptidase domain	-
110729147	37.005729101661	2.87309414446284	0.682154681314415	17.454060435064	2.9433492727799e-05	0.00135223024317007	LOC110729147	NW_018742969.1	1137355	1138196	+	842	protein_coding	auxin-binding protein ABP19a-like && sp|Q9ZRA4|AB19A_PRUPE Auxin-binding protein ABP19a OS=Prunus persica OX=3760 GN=ABP19A PE=3 SV=1 && PF00190:Cupin	bZIP
110711014	3.46704251465316	8.42686961708473	2.00096939263011	17.4337285735666	2.97499929523981e-05	0.00136332727330167	LOC110711014	NW_018745195.1	557158	559790	+	1540	protein_coding	E3 ubiquitin-protein ligase At4g11680-like && sp|Q90ZT7|R111A_XENLA E3 ubiquitin-protein ligase arkadia-A (Fragment) OS=Xenopus laevis OX=8355 GN=rnf111-a PE=2 SV=1 && PF13639:Ring finger domain	HB-other
110718793	321.864719363342	2.08904150361328	0.498475844913978	17.4347440964525	2.97341037534254e-05	0.00136332727330167	LOC110718793	NW_018742461.1	3478297	3483566	+	1445	protein_coding	uncharacterized LOC110718793 && - && PF01419:Jacalin-like lectin domain	B3
110684313	4.17043556955804	5.09978739912234	1.2180526119042	17.4016350788018	3.02565584297744e-05	0.00138331294436849	LOC110684313	NW_018743697.1	3609975	3615470	+	2266	protein_coding	protein HOTHEAD-like && sp|Q9S746|HTH_ARATH Protein HOTHEAD OS=Arabidopsis thaliana OX=3702 GN=HTH PE=1 SV=1 && PF05199:GMC oxidoreductase|PF00732:GMC oxidoreductase	G2-like
110738086	130.810624285777	1.32855619385172	0.318885972098316	17.3761008226076	3.06657778557932e-05	0.00140039196945415	LOC110738086	NW_018742244.1	187657	191780	-	2684	protein_coding	root phototropism protein 3-like && sp|Q9FMF5|RPT3_ARATH Root phototropism protein 3 OS=Arabidopsis thaliana OX=3702 GN=RPT3 PE=1 SV=2 && PF03000:NPH3 family	MYB
110687080	43.939760565207	2.13229296065401	0.510418916253627	17.3661654442201	3.08265042765853e-05	0.00140446554809088	LOC110687080	NW_018743919.1	2051862	2052976	+	666	protein_coding	nuclear transport factor 2-like && sp|Q9C7F5|NTF2B_ARATH Nuclear transport factor 2B OS=Arabidopsis thaliana OX=3702 GN=NTF2B PE=1 SV=1 && PF02136:Nuclear transport factor 2 (NTF2) domain	-
110707760	8.53650155839191	3.38517788174216	0.810261164991805	17.3682019171415	3.07934910472755e-05	0.00140446554809088	LOC110707760	NW_018745003.1	1170144	1176550	-	2244	protein_coding	polygalacturonase QRT3-like && sp|O49432|QRT3_ARATH Polygalacturonase QRT3 OS=Arabidopsis thaliana OX=3702 GN=QRT3 PE=2 SV=1 && PF12708:Pectate lyase superfamily protein	-
110721014	39.0927026954993	1.45024858747417	0.349062512616753	17.3116747615917	3.17231848195056e-05	0.00144197295997274	LOC110721014	NW_018742204.1	18382567	18383530	+	964	protein_coding	serotonin N-acetyltransferase 2%2C chloroplastic-like && sp|Q6Z1Y6|SNAT2_ORYSJ Serotonin N-acetyltransferase 2, chloroplastic OS=Oryza sativa subsp. japonica OX=39947 GN=SNAT2 PE=1 SV=1 && PF00583:Acetyltransferase (GNAT) family	-
110701098	293.696641499152	3.65724504438474	0.861936431392986	17.3012462422611	3.18977585906692e-05	0.00144823199205937	LOC110701098	NW_018744633.1	3813902	3816287	+	989	protein_coding	photosystem I reaction center subunit XI%2C chloroplastic-like && sp|Q41385|PSAL_SPIOL Photosystem I reaction center subunit XI, chloroplastic OS=Spinacia oleracea OX=3562 GN=PSAL PE=1 SV=1 && PF02605:Photosystem I reaction centre subunit XI	-
110688515	112.378071336789	1.31019700504707	0.315163960130262	17.2990138247148	3.19352546242892e-05	0.00144826010953777	LOC110688515	NW_018743920.1	9563171	9567007	+	1599	protein_coding	shewanella-like protein phosphatase 1%2C transcript variant X1 && sp|Q8L774|SLP1_ARATH Shewanella-like protein phosphatase 1 OS=Arabidopsis thaliana OX=3702 GN=SLP1 PE=1 SV=1 && PF00149:Calcineurin-like phosphoesterase	-
110702076	654.770017554588	1.45893291374536	0.350733368433413	17.2851392894473	3.2169288757065e-05	0.00145284233884389	LOC110702076	NW_018744662.1	3165844	3172934	-	1636	protein_coding	photosystem II stability/assembly factor HCF136%2C chloroplastic-like && sp|O82660|P2SAF_ARATH Photosystem II stability/assembly factor HCF136, chloroplastic OS=Arabidopsis thaliana OX=3702 GN=HCF136 PE=1 SV=1 && PF14870:Photosynthesis system II assembly factor YCF48	-
110725578	158.487639186766	3.86419658119091	0.90859470339982	17.2875033172502	3.21292911134509e-05	0.00145284233884389	LOC110725578	NW_018742205.1	2156515	2158011	+	1411	protein_coding	F-box/kelch-repeat protein At3g23880-like && sp|Q9FZF8|FB44_ARATH Putative F-box protein At1g47790 OS=Arabidopsis thaliana OX=3702 GN=At1g47790 PE=4 SV=1 && -	GRAS
110735075	7.00272908114952	8.18470061377018	1.86076446201805	17.2842545971677	3.21842699766808e-05	0.00145284233884389	LOC110735075	NW_018743252.1	5002781	5003768	-	884	protein_coding	ribulose bisphosphate carboxylase small chain 3%2C chloroplastic-like && sp|Q9XGX4|RBS3_AMAHP Ribulose bisphosphate carboxylase small subunit, chloroplastic 3 OS=Amaranthus hypochondriacus OX=28502 GN=RBCS3 PE=2 SV=1 && PF00101:Ribulose bisphosphate carboxylase, small chain|PF12338:Ribulose-1,5-bisphosphate carboxylase small subunit	M-type_MADS
110686969	10.1237123965656	4.6993550010142	1.10778945188756	17.2758145410401	3.23275453766997e-05	0.00145695622077945	LOC110686969	NW_018743906.1	2050869	2053592	+	849	protein_coding	protein PLANT CADMIUM RESISTANCE 2-like && sp|D9HP25|CNR9_MAIZE Cell number regulator 9 OS=Zea mays OX=4577 GN=CNR9 PE=2 SV=1 && PF04749:PLAC8 family	B3
110698619	3.11630209804531	7.98283789815262	1.88756792078254	17.2745187132206	3.23495995854578e-05	0.00145695622077945	LOC110698619	NW_018742381.1	2437205	2440021	-	1082	protein_coding	uncharacterized LOC110698619%2C transcript variant X1 && - && PF13456:Reverse transcriptase-like	C2H2
110699951	30.7684594302434	1.99954693734346	0.481054599007078	17.2703758277488	3.24202105060712e-05	0.00145846383414082	LOC110699951	NW_018744603.1	2028304	2052299	+	3015	pseudogene	- && sp|C3PPD1|DER_RICAE GTPase Der OS=Rickettsia africae (strain ESF-5) OX=347255 GN=der PE=3 SV=1 && -	-
110719505	85.2602797448659	1.65265066596766	0.3975723867876	17.2486642793828	3.27928009792315e-05	0.00147185334040841	LOC110719505	NW_018742484.1	5018525	5020592	+	1428	protein_coding	BAG family molecular chaperone regulator 1-like && sp|Q0WUQ1|BAG1_ARATH BAG family molecular chaperone regulator 1 OS=Arabidopsis thaliana OX=3702 GN=BAG1 PE=1 SV=1 && PF02179:BAG domain|PF00240:Ubiquitin family	ERF
110717792	305.75673376864	1.50643604964169	0.362882045590908	17.2198403504454	3.32941046831189e-05	0.00148912019866545	LOC110717792	NW_018745684.1	4033685	4037731	+	1977	protein_coding	maltose excess protein 1-like%2C chloroplastic%2C transcript variant X1 && sp|Q7XTQ5|MEX1_ORYSJ Maltose excess protein 1-like, chloroplastic OS=Oryza sativa subsp. japonica OX=39947 GN=Os04g0602400 PE=2 SV=2 && -	Trihelix
110728768	77.0340855498346	1.68335705545409	0.405391375960687	17.2186736053862	3.33145580446752e-05	0.00148912019866545	LOC110728768	NW_018742205.1	2270151	2272509	+	2359	protein_coding	pentatricopeptide repeat-containing protein At5g13770%2C chloroplastic-like && sp|Q66GP4|PP379_ARATH Pentatricopeptide repeat-containing protein At5g13770, chloroplastic OS=Arabidopsis thaliana OX=3702 GN=At5g13770 PE=2 SV=1 && PF13812:Pentatricopeptide repeat domain|PF13041:PPR repeat family|PF01535:PPR repeat	-
110738363	240.60515282045	2.85516979010109	0.680950485856037	17.2178402853189	3.33291741050321e-05	0.00148912019866545	LOC110738363	NW_018743389.1	528578	531020	-	1298	protein_coding	annexin-like protein RJ4 && sp|P51074|ANX4_FRAAN Annexin-like protein RJ4 OS=Fragaria ananassa OX=3747 PE=2 SV=2 && PF00191:Annexin	MYB
110702497	5.07507023004937	5.29587023440297	1.27718712306977	17.153778206938	3.44723049681285e-05	0.00152802577089538	LOC110702497	NW_018744693.1	1368332	1371821	+	3379	protein_coding	scarecrow-like protein 28 && sp|Q9CAN3|SCL28_ARATH Scarecrow-like protein 28 OS=Arabidopsis thaliana OX=3702 GN=SCL28 PE=1 SV=1 && PF03514:GRAS domain family	GRAS
110704923	2.22986418285241	6.49502945577112	1.61962164260648	17.1580005571749	3.43957622735091e-05	0.00152802577089538	LOC110704923	NW_018744874.1	2893275	2894093	-	819	protein_coding	auxin-induced protein 15A-like && sp|P32295|ARG7_VIGRR Indole-3-acetic acid-induced protein ARG7 OS=Vigna radiata var. radiata OX=3916 GN=ARG7 PE=2 SV=1 && PF02519:Auxin responsive protein	NF-YC
110713033	41.4734374495905	10.5409178267061	2.19047084374451	17.1561346566702	3.44295661993887e-05	0.00152802577089538	LOC110713033	NW_018745403.1	1017324	1018981	-	1274	protein_coding	peroxidase 57-like && sp|Q9SS67|PER28_ARATH Peroxidase 28 OS=Arabidopsis thaliana OX=3702 GN=PER28 PE=2 SV=1 && PF00141:Peroxidase	NAC
110720352	4.54712017999143	7.5076005981008	1.72744464044134	17.1559117815286	3.44336061892731e-05	0.00152802577089538	LOC110720352	NW_018742204.1	16824159	16830752	+	3063	protein_coding	phosphate transporter PHO1 homolog 1-like && sp|Q93ZF5|PHO11_ARATH Phosphate transporter PHO1 homolog 1 OS=Arabidopsis thaliana OX=3702 GN=PHO1-H1 PE=2 SV=1 && PF03124:EXS family|PF03105:SPX domain	NAC
110718741	132.127595747729	1.81956760474607	0.438791711731328	17.1333361783178	3.48453056049636e-05	0.00154281813644164	LOC110718741	NW_018742461.1	2996623	3000435	+	3173	protein_coding	uncharacterized acetyltransferase At3g50280-like && sp|Q9SND9|Y3028_ARATH Uncharacterized acetyltransferase At3g50280 OS=Arabidopsis thaliana OX=3702 GN=At3g50280 PE=3 SV=1 && PF02458:Transferase family	NAC
110689735	48.0189654915465	2.1314669552565	0.514116339887497	17.1292889267961	3.49196345160335e-05	0.00154371149274947	LOC110689735	NW_018743977.1	1805306	1810082	+	1482	protein_coding	probable N-succinyldiaminopimelate aminotransferase DapC && sp|Q16773|KAT1_HUMAN Kynurenine--oxoglutarate transaminase 1 OS=Homo sapiens OX=9606 GN=KYAT1 PE=1 SV=1 && PF00155:Aminotransferase class I and II	M-type_MADS
110728940	1065.31470179669	1.18446128406577	0.286303217768773	17.1279588303561	3.49440968872834e-05	0.00154371149274947	LOC110728940	NW_018742966.1	326849	328209	+	716	protein_coding	photosystem II reaction center W protein%2C chloroplastic-like && sp|Q41387|PSBW_SPIOL Photosystem II reaction center W protein, chloroplastic OS=Spinacia oleracea OX=3562 GN=psbW PE=1 SV=1 && PF07123:Photosystem II reaction centre W protein (PsbW)	-
110706003	111.619354570259	1.65292618580856	0.399331051956664	17.1164476094004	3.51565255522649e-05	0.00154960968351751	LOC110706003	NW_018744895.1	907588	924173	+	2508	protein_coding	beta-hexosaminidase 1-like && sp|A7WM73|HEXO1_ARATH Beta-hexosaminidase 1 OS=Arabidopsis thaliana OX=3702 GN=HEXO1 PE=1 SV=1 && PF00728:Glycosyl hydrolase family 20, catalytic domain|PF14845:beta-acetyl hexosaminidase like	FAR1
110729764	191.718534206176	1.70599251298942	0.41175554513871	17.110764987839	3.52618710080422e-05	0.00155251060549198	LOC110729764	NW_018742987.1	2621195	2622668	-	644	protein_coding	CDGSH iron-sulfur domain-containing protein NEET-like && sp|Q9FLI7|NEET_ARATH CDGSH iron-sulfur domain-containing protein NEET OS=Arabidopsis thaliana OX=3702 GN=NEET PE=1 SV=1 && PF09360:Iron-binding zinc finger CDGSH type	-
110736427	374.840646422704	3.50001775495961	0.831113888101607	17.1085971630861	3.53021420868936e-05	0.00155254314241721	LOC110736427	NW_018743292.1	3225051	3227412	+	991	protein_coding	photosystem I reaction center subunit XI%2C chloroplastic && sp|Q41385|PSAL_SPIOL Photosystem I reaction center subunit XI, chloroplastic OS=Spinacia oleracea OX=3562 GN=PSAL PE=1 SV=1 && PF02605:Photosystem I reaction centre subunit XI	-
110692773	14.1738750516864	3.14431652462099	0.756609080852004	17.0910839656998	3.56291798040188e-05	0.00156342433345612	LOC110692773	NW_018744128.1	1691776	1696233	-	2328	protein_coding	pectin acetylesterase 8-like%2C transcript variant X1 && sp|Q6DBP4|PAE8_ARATH Pectin acetylesterase 8 OS=Arabidopsis thaliana OX=3702 GN=PAE8 PE=2 SV=1 && PF03283:Pectinacetylesterase	bHLH
110688295	258.36643759846	1.89410856489981	0.457114332763157	17.0835608214647	3.5770598823886e-05	0.00156438611092481	LOC110688295	NW_018743920.1	7284628	7285319	+	692	protein_coding	uncharacterized LOC110688295 && - && PF11493:Thylakoid soluble phosphoprotein TSP9	-
110724531	26.4503134926703	11.1655701667209	2.43696401810749	17.0693850396672	3.60386082330512e-05	0.00157260473459625	LOC110724531	NW_018742204.1	23132325	23135051	+	1315	protein_coding	L-ascorbate peroxidase 5%2C peroxisomal-like && sp|Q7XZP5|APX5_ARATH L-ascorbate peroxidase 5, peroxisomal OS=Arabidopsis thaliana OX=3702 GN=APX5 PE=1 SV=2 && PF00141:Peroxidase	MYB_related
110719274	5.30576155486526	5.05357912265363	1.21994000847661	17.0503835854238	3.64010213412748e-05	0.00158665628316968	LOC110719274	NW_018742484.1	4470649	4471623	+	975	pseudogene	- && sp|P50701|OS13_SOLCO Osmotin-like protein OSML13 OS=Solanum commersonii OX=4109 PE=2 SV=1 && PF00314:Thaumatin family	MYB
110687240	208.690077727394	1.06052014320343	0.257104842372115	17.0432820957082	3.65374059041128e-05	0.00158776395274704	LOC110687240	NW_018743919.1	734737	738439	+	1106	protein_coding	probable NAD(P)H dehydrogenase (quinone) FQR1-like 1%2C transcript variant X1 && sp|Q6NQE2|FQRL1_ARATH Probable NAD(P)H dehydrogenase (quinone) FQR1-like 1 OS=Arabidopsis thaliana OX=3702 GN=At4g27270 PE=1 SV=1 && PF03358:NADPH-dependent FMN reductase	M-type_MADS
110734720	189.537874711316	1.19958939665798	0.290704727272869	17.0463995393425	3.64774720654512e-05	0.00158776395274704	LOC110734720	NW_018743218.1	214451	218010	+	1281	protein_coding	macrophage migration inhibitory factor homolog && sp|P81529|MIFH_TRISP Macrophage migration inhibitory factor homolog OS=Trichinella spiralis OX=6334 PE=1 SV=2 && PF01187:Macrophage migration inhibitory factor (MIF)	B3
110705121	36.8518130998466	2.07679717859946	0.502154495118095	17.0347199630177	3.67025253669522e-05	0.00159096940257871	LOC110705121	NW_018744874.1	1907816	1913451	+	2199	protein_coding	phosphatidylinositol/phosphatidylcholine transfer protein SFH12-like%2C transcript variant X1 && sp|Q9SI13|SFH10_ARATH Phosphatidylinositol/phosphatidylcholine transfer protein SFH10 OS=Arabidopsis thaliana OX=3702 GN=SFH10 PE=3 SV=1 && PF00650:CRAL/TRIO domain|PF03765:CRAL/TRIO, N-terminal domain	bHLH
110733191	12.8452383912465	3.9294251997485	0.939556253013195	17.0348503877917	3.6700004527268e-05	0.00159096940257871	LOC110733191	NW_018743197.1	404256	407567	-	1557	protein_coding	UPF0415 protein C7orf25-like && - && PF07000:Protein of unknown function (DUF1308)	HB-other
110688217	12.8899309510665	3.97062517088409	0.95008123668389	17.0202959666335	3.69823879326301e-05	0.0016013333200421	LOC110688217	NW_018743920.1	6620317	6622659	+	1084	protein_coding	uncharacterized LOC110688217 && - && PF00498:FHA domain	-
110695864	35.2887046111449	2.48089956525526	0.60037214035941	17.0156167347586	3.70736370712425e-05	0.00160351646332479	LOC110695864	NW_018744304.1	6620871	6622615	+	873	protein_coding	solute carrier family 35 member F2-like && sp|O59785|YCN8_SCHPO Uncharacterized solute carrier family 35 member C320.08 OS=Schizosaccharomyces pombe (strain 972 / ATCC 24843) OX=284812 GN=SPCC320.08 PE=1 SV=1 && PF06027:Solute carrier family 35	-
110729700	1737.90458266963	1.03405087163681	0.250917866322436	17.007338407983	3.72356264513591e-05	0.0016087511084975	LOC110729700	NW_018742987.1	1921553	1926711	-	1728	protein_coding	oxygen-dependent coproporphyrinogen-III oxidase%2C chloroplastic-like && sp|P35055|HEM6_SOYBN Oxygen-dependent coproporphyrinogen-III oxidase, chloroplastic OS=Glycine max OX=3847 GN=CPX PE=2 SV=1 && PF01218:Coproporphyrinogen III oxidase	ERF
110724857	6.09068100537044	4.17744187629251	1.01376475059399	16.9914262574088	3.75489944871476e-05	0.00161872849670005	LOC110724857	NW_018742204.1	23609362	23612815	+	2217	protein_coding	G2/mitotic-specific cyclin-2-like && sp|P46277|CCNB1_MEDSV G2/mitotic-specific cyclin-1 OS=Medicago sativa subsp. varia OX=36902 PE=2 SV=1 && PF00134:Cyclin, N-terminal domain|PF02984:Cyclin, C-terminal domain	M-type_MADS
110681811	162.436914704331	1.80444794608031	0.436988249686569	16.9883626095472	3.76096324941554e-05	0.00161956479927957	LOC110681811	NW_018743574.1	386329	387535	+	975	protein_coding	uncharacterized LOC110681811 && - && PF01190:Pollen proteins Ole e I like	Nin-like
110708354	2.68994184495728	6.40448454997215	1.53587351599063	16.9792656567715	3.77902668831238e-05	0.0016255609543274	LOC110708354	NW_018745024.1	5079255	5081089	+	948	protein_coding	uncharacterized LOC110708354 && - && -	-
110690506	45.1922821035133	2.26367679121629	0.548237836950582	16.975538039803	3.78645362689806e-05	0.00162697366837164	LOC110690506	NW_018744041.1	1839915	1841422	+	1508	protein_coding	auxin-responsive protein SAUR72-like && sp|P0DKL1|SAU50_HELAN Auxin-responsive protein SAUR50 OS=Helianthus annuus OX=4232 PE=3 SV=1 && PF02519:Auxin responsive protein	ZF-HD
110708076	93.9950803879143	2.12771983182349	0.514902110214812	16.9566635992115	3.82428507527089e-05	0.00164143330886463	LOC110708076	NW_018745003.1	5173157	5175303	+	1376	protein_coding	peptidyl-prolyl cis-trans isomerase CYP28%2C chloroplastic-like && sp|O65220|CPY28_ARATH Peptidyl-prolyl cis-trans isomerase CYP28, chloroplastic OS=Arabidopsis thaliana OX=3702 GN=CYP28 PE=1 SV=1 && PF00160:Cyclophilin type peptidyl-prolyl cis-trans isomerase/CLD	FAR1
110717125	43.9188081234028	1.82930560652685	0.44401620786821	16.9514693387786	3.83476282997467e-05	0.00164413363124012	LOC110717125	NW_018745658.1	13136	14327	+	732	protein_coding	nuclear transport factor 2-like && sp|Q9C7F5|NTF2B_ARATH Nuclear transport factor 2B OS=Arabidopsis thaliana OX=3702 GN=NTF2B PE=1 SV=1 && PF02136:Nuclear transport factor 2 (NTF2) domain	-
110726396	20.5983563245347	3.66868355887341	0.879785984621575	16.9447891968297	3.84828030547116e-05	0.00164812990661689	LOC110726396	NW_018742879.1	1414488	1416741	-	1258	protein_coding	zinc finger RNA-binding protein 2-like%2C transcript variant X1 && - && -	C2H2
110705914	91.2137102281483	5.71094427130504	1.31603037620131	16.9378400266224	3.86239300130899e-05	0.00165237211699791	LOC110705914	NW_018744887.1	519166	521386	-	1202	protein_coding	peroxidase 57-like && sp|Q43729|PER57_ARATH Peroxidase 57 OS=Arabidopsis thaliana OX=3702 GN=PER57 PE=1 SV=1 && PF00141:Peroxidase	MYB
110693711	6.36574240344448	10.9797173232084	2.4860166185491	16.9236422731018	3.89138839530557e-05	0.00166296514090137	LOC110693711	NW_018744151.1	4912311	4919873	+	1315	protein_coding	GDSL esterase/lipase At5g45960-like && sp|Q9FJ40|GDL86_ARATH GDSL esterase/lipase At5g45960 OS=Arabidopsis thaliana OX=3702 GN=At5g45960 PE=2 SV=1 && PF00657:GDSL-like Lipase/Acylhydrolase	ERF
110700281	472.520796979328	3.27400274806254	0.784185037005648	16.9057806974652	3.92817724716304e-05	0.00167686201117211	LOC110700281	NW_018744626.1	304184	307732	+	1756	protein_coding	serine carboxypeptidase-like 20 && sp|Q8L7B2|SCP20_ARATH Serine carboxypeptidase-like 20 OS=Arabidopsis thaliana OX=3702 GN=SCPL20 PE=2 SV=2 && PF00450:Serine carboxypeptidase	NAC
110731244	3.54424118516967	6.93574728400011	1.66959745535201	16.8795730913651	3.98278992961444e-05	0.00169648708140724	LOC110731244	NW_018743066.1	720162	736664	-	2322	protein_coding	tonoplast dicarboxylate transporter-like && sp|Q8LG88|TDT_ARATH Tonoplast dicarboxylate transporter OS=Arabidopsis thaliana OX=3702 GN=TDT PE=2 SV=2 && PF00939:Sodium:sulfate symporter transmembrane region	-
110720023	2.23743473352743	6.04886326962981	1.48928435525741	16.8751479647109	3.9920862553832e-05	0.00169860458838206	LOC110720023	NW_018742523.1	4518480	4520343	-	1550	protein_coding	uncharacterized LOC110720023 && - && PF14309:Domain of unknown function (DUF4378)	-
110701104	2.63245180942035	9.46826081482188	2.34750569877934	16.8647333560775	4.01405148397603e-05	0.00170241732106037	LOC110701104	NW_018744633.1	3916333	3918620	-	1542	protein_coding	auxin efflux carrier component 5-like && sp|Q9FFD0|PIN5_ARATH Auxin efflux carrier component 5 OS=Arabidopsis thaliana OX=3702 GN=PIN5 PE=2 SV=2 && PF03547:Membrane transport protein	bHLH
110721485	110.516059675862	1.98572213529269	0.482331684627877	16.8659395052604	4.01150141268413e-05	0.00170241732106037	LOC110721485	NW_018742616.1	913915	915474	-	1441	protein_coding	cyclin-U2-1-like && sp|Q9SHD3|CCU21_ARATH Cyclin-U2-1 OS=Arabidopsis thaliana OX=3702 GN=CYCU2-1 PE=1 SV=1 && PF08613:Cyclin	WRKY
110729524	4.23779727312714	4.80148191877996	1.18567435175735	16.8495077239156	4.04638237484463e-05	0.0017142780475434	LOC110729524	NW_018742987.1	246890	252236	+	3867	protein_coding	ABC transporter C family member 10-like && sp|Q9LYS2|AB10C_ARATH ABC transporter C family member 10 OS=Arabidopsis thaliana OX=3702 GN=ABCC10 PE=2 SV=2 && PF00005:ABC transporter|PF00664:ABC transporter transmembrane region	bZIP
110681633	3.4906673720758	8.92248791749486	2.13158669145992	16.8330540896035	4.08161524690339e-05	0.0017254819762286	LOC110681633	NW_018743569.1	32858	36500	-	1630	protein_coding	vacuolar-processing enzyme gamma-isozyme-like && sp|O24325|VPE1_PHAVU Vacuolar-processing enzyme OS=Phaseolus vulgaris OX=3885 PE=1 SV=1 && PF01650:Peptidase C13 family	-
110710725	2812.05907512482	1.53575141933358	0.374118330210398	16.8203459233171	4.10903874318937e-05	0.00173520729635781	LOC110710725	NW_018745177.1	829865	833492	-	749	protein_coding	outer envelope pore protein 16%2C chloroplastic && sp|Q41050|OEP16_PEA Outer envelope pore protein 16, chloroplastic OS=Pisum sativum OX=3888 GN=OEP16 PE=1 SV=1 && PF02466:Tim17/Tim22/Tim23/Pmp24 family	-
110700982	250.379289523205	2.04387256982412	0.496765704764317	16.8130527283128	4.12486061724999e-05	0.00174001773384811	LOC110700982	NW_018744633.1	2814446	2828151	+	2495	protein_coding	endoglucanase 8-like && sp|Q9CAC1|GUN8_ARATH Endoglucanase 8 OS=Arabidopsis thaliana OX=3702 GN=CEL1 PE=2 SV=1 && PF00759:Glycosyl hydrolase family 9	WRKY
110692822	14.6535086003158	6.38222022977356	1.49768588889991	16.8060086778229	4.14020013729767e-05	0.00174429652243351	LOC110692822	NW_018744128.1	2160655	2165197	-	1720	protein_coding	isoflavone reductase homolog && sp|P52581|IFRH_LUPAL Isoflavone reductase homolog OS=Lupinus albus OX=3870 PE=2 SV=1 && PF05368:NmrA-like family	bHLH
110682235	77.0149282077076	2.20884838277798	0.537002475655471	16.7949677059563	4.16435904995537e-05	0.00174991662406402	LOC110682235	NW_018743574.1	4956224	4962886	-	3762	protein_coding	ABC transporter G family member 11-like%2C transcript variant X2 && sp|H9BZ66|ABCG1_PETHY ABC transporter G family member 1 OS=Petunia hybrida OX=4102 GN=ABCG1 PE=2 SV=1 && PF01061:ABC-2 type transporter|PF00005:ABC transporter	Nin-like
110700018	1047.9027762149	1.06359522534492	0.259742920545368	16.7874907627789	4.18079989309958e-05	0.00174991662406402	LOC110700018	NW_018744616.1	674378	680452	+	1693	protein_coding	NADH--cytochrome b5 reductase 1-like && sp|Q9ZNT1|NB5R1_ARATH NADH--cytochrome b5 reductase 1 OS=Arabidopsis thaliana OX=3702 GN=CBR1 PE=1 SV=1 && PF00970:Oxidoreductase FAD-binding domain|PF00175:Oxidoreductase NAD-binding domain	C3H
110700800	1007.20493338339	2.59017072085999	0.627096180746857	16.7860511124877	4.18397298397402e-05	0.00174991662406402	LOC110700800	NW_018744626.1	4306547	4307641	+	816	protein_coding	gibberellin-regulated protein 6-like && sp|Q6NMQ7|GASA6_ARATH Gibberellin-regulated protein 6 OS=Arabidopsis thaliana OX=3702 GN=GASA6 PE=3 SV=1 && -	-
110737666	99.2750863460644	2.87989562256108	0.696273123770137	16.7927210735793	4.16929226523972e-05	0.00174991662406402	LOC110737666	NW_018743331.1	658313	660295	-	1700	protein_coding	early nodulin-like protein 2 && sp|Q9SK27|ENL1_ARATH Early nodulin-like protein 1 OS=Arabidopsis thaliana OX=3702 GN=At2g25060 PE=2 SV=2 && PF02298:Plastocyanin-like domain	HB-PHD
110739769	11228.319916331	1.01394883127998	0.247621951782624	16.7905104546883	4.174152135658e-05	0.00174991662406402	LOC110739769	NW_018743510.1	4424021	4429805	+	2075	protein_coding	beta-glucosidase 13-like && sp|B8AVF0|BGL12_ORYSI Beta-glucosidase 12 OS=Oryza sativa subsp. indica OX=39946 GN=BGLU12 PE=3 SV=1 && PF00232:Glycosyl hydrolase family 1	EIL
110720912	12.7861845557934	2.25270905392259	0.551324449294449	16.7675320786005	4.22500677887214e-05	0.00176332296733949	LOC110720912	NW_018742577.1	1541200	1545723	+	2192	protein_coding	endoglucanase 11-like && sp|O48766|GUN11_ARATH Endoglucanase 11 OS=Arabidopsis thaliana OX=3702 GN=At2g32990 PE=2 SV=1 && PF00759:Glycosyl hydrolase family 9	WRKY
110693757	39.0185459157727	2.2577852007545	0.549849195900293	16.746160616391	4.27286400720809e-05	0.00177742053026036	LOC110693757	NW_018744151.1	2080945	2083784	+	1334	protein_coding	endonuclease 4-like && sp|F4JJL0|ENDO4_ARATH Endonuclease 4 OS=Arabidopsis thaliana OX=3702 GN=ENDO4 PE=1 SV=1 && PF02265:S1/P1 Nuclease	TCP
110732433	41.4768386740027	3.72674024153848	0.895385231103487	16.7443744151113	4.27688845032474e-05	0.00177742053026036	LOC110732433	NW_018743175.1	2450184	2452132	+	1282	protein_coding	chlorophyll a-b binding protein CP29.1%2C chloroplastic-like && sp|Q07473|CB4A_ARATH Chlorophyll a-b binding protein CP29.1, chloroplastic OS=Arabidopsis thaliana OX=3702 GN=LHCB4.1 PE=1 SV=1 && PF00504:Chlorophyll A-B binding protein	ERF
110727128	13.1487328849743	6.63099502463897	1.53958381454639	16.7389481074442	4.28913770893062e-05	0.00178062690531535	LOC110727128	NW_018742899.1	2214409	2218380	-	1172	protein_coding	isoprenyl transferase-like && sp|K4D3U9|CPT4_SOLLC Cis-prenyltransferase 4, chloroplastic OS=Solanum lycopersicum OX=4081 GN=CPT4 PE=2 SV=1 && PF01255:Putative undecaprenyl diphosphate synthase	-
110710781	27.6089430365176	3.77077140797233	0.905968362706717	16.7360532036377	4.29568703864413e-05	0.00178146269343897	LOC110710781	NW_018745177.1	587804	589055	-	1252	protein_coding	glucuronoxylan 4-O-methyltransferase 1-like && sp|Q6NMK1|GXM1_ARATH Glucuronoxylan 4-O-methyltransferase 1 OS=Arabidopsis thaliana OX=3702 GN=GXM1 PE=1 SV=1 && PF04669:Polysaccharide biosynthesis	FAR1
110733933	10030.7171443535	1.50310963151393	0.367329784610155	16.7180617256072	4.33661634755565e-05	0.00179653938626111	LOC110733933	NW_018743204.1	3577247	3578539	+	946	protein_coding	early light-induced protein 1%2C chloroplastic-like && sp|Q94K66|ELIP2_ARATH Early light-induced protein 2, chloroplastic OS=Arabidopsis thaliana OX=3702 GN=ELIP2 PE=1 SV=1 && -	HSF
110722005	31.3162904916942	3.32861206465277	0.803905252622829	16.7142687545945	4.3452949975557e-05	0.00179802835466648	LOC110722005	NW_018742651.1	963037	965513	+	1379	pseudogene	- && sp|Q70PR7|VINSY_RAUSE Vinorine synthase OS=Rauvolfia serpentina OX=4060 GN=ACT PE=1 SV=2 && -	CAMTA
110735393	698.970035239666	1.17425263947451	0.287356314541676	16.7106621872366	4.35356333422791e-05	0.00179802835466648	LOC110735393	NW_018743283.1	611154	616782	+	2037	protein_coding	alanine--glyoxylate aminotransferase 2 homolog 1%2C mitochondrial-like && sp|Q940M2|AGT21_ARATH Alanine--glyoxylate aminotransferase 2 homolog 1, mitochondrial OS=Arabidopsis thaliana OX=3702 GN=AGT2 PE=1 SV=1 && PF00202:Aminotransferase class-III	ERF
110691380	15.8610965796418	3.28762860993684	0.798121461040104	16.7035763018931	4.36985437418843e-05	0.00180081102662647	LOC110691380	NW_018744080.1	221398	227078	+	2720	protein_coding	myb family transcription factor PHL5-like && sp|Q0WVU3|PHL5_ARATH Myb family transcription factor PHL5 OS=Arabidopsis thaliana OX=3702 GN=PHL5 PE=2 SV=1 && PF14379:MYB-CC type transfactor, LHEQLE motif|PF00249:Myb-like DNA-binding domain	G2-like
110719791	10.6850020097395	5.35861190020359	1.26905813733534	16.7043190931729	4.36814376362741e-05	0.00180081102662647	LOC110719791	NW_018742487.1	208469	209564	+	1096	pseudogene	- && sp|O04011|ABP20_PRUPE Auxin-binding protein ABP20 OS=Prunus persica OX=3760 GN=ABP20 PE=2 SV=1 && -	bZIP
110735041	84.7854256610401	2.37702444225064	0.579114097158276	16.6961948351078	4.38689016079257e-05	0.00180593644952628	LOC110735041	NW_018743252.1	3932511	3936611	+	1405	protein_coding	uncharacterized LOC110735041 && - && PF09366:Protein of unknown function (DUF1997)	-
110725726	1438.77000371786	2.04483776768005	0.4985906135876	16.6939844355152	4.39200455092343e-05	0.00180614863589964	LOC110725726	NW_018742815.1	2442015	2443711	+	1352	protein_coding	1-aminocyclopropane-1-carboxylate oxidase 5-like && sp|Q0WPW4|ACCO5_ARATH 1-aminocyclopropane-1-carboxylate oxidase 5 OS=Arabidopsis thaliana OX=3702 GN=At1g77330 PE=2 SV=1 && PF14226:non-haem dioxygenase in morphine synthesis N-terminal|PF03171:2OG-Fe(II) oxygenase superfamily	STAT
110730937	3.78370180890158	6.54783127287178	1.58099362557908	16.6876950326005	4.4065896973919e-05	0.00181025101658653	LOC110730937	NW_018743050.1	3139669	3146056	-	2503	protein_coding	rho GTPase-activating protein gacH-like && - && PF14389:Leucine-zipper of ternary complex factor MIP1|PF04784:Protein of unknown function, DUF547	FAR1
110702856	758.664631952951	1.40414301465982	0.343931645984495	16.6576887270804	4.47684761854754e-05	0.00182791234983995	LOC110702856	NW_018744704.1	23079	31454	-	2333	protein_coding	protein PLASTID TRANSCRIPTIONALLY ACTIVE 10-like && sp|F4JF21|PTA10_ARATH Protein PLASTID TRANSCRIPTIONALLY ACTIVE 10 OS=Arabidopsis thaliana OX=3702 GN=PTAC10 PE=1 SV=1 && -	-
110713546	164.162672512704	1.94227552716472	0.474859983831469	16.6574926300274	4.47731045247111e-05	0.00182791234983995	LOC110713546	NW_018745448.1	6150967	6158868	+	2057	protein_coding	protein NRT1/ PTR FAMILY 2.12-like && sp|Q8RX77|PTR21_ARATH Protein NRT1/ PTR FAMILY 2.13 OS=Arabidopsis thaliana OX=3702 GN=NPF2.13 PE=1 SV=1 && PF00854:POT family	BBR-BPC
110723050	1213.28207012284	1.29571849754196	0.317468585157274	16.6592894787591	4.47307127676982e-05	0.00182791234983995	LOC110723050	NW_018742720.1	567331	568046	+	716	protein_coding	probable steroid-binding protein 3 && sp|Q9SK39|SBP3_ARATH Probable steroid-binding protein 3 OS=Arabidopsis thaliana OX=3702 GN=MP3 PE=1 SV=1 && PF00173:Cytochrome b5-like Heme/Steroid binding domain	-
110732642	639.616268602034	1.91138519243387	0.467001336435533	16.6574089769207	4.47750790758544e-05	0.00182791234983995	LOC110732642	NW_018743175.1	4681136	4683959	-	1604	protein_coding	phosphoribulokinase%2C chloroplastic-like && sp|P27774|KPPR_MESCR Phosphoribulokinase, chloroplastic OS=Mesembryanthemum crystallinum OX=3544 PE=2 SV=1 && PF00485:Phosphoribulokinase / Uridine kinase family	BBR-BPC
110718895	418.337259851044	1.12352764289175	0.27561925076192	16.6394719891302	4.52004928313751e-05	0.00184336340079605	LOC110718895	NW_018742461.1	4671007	4676062	-	2014	protein_coding	uncharacterized LOC110718895%2C transcript variant X1 && sp|A1A6M1|PTAC5_ARATH Protein disulfide isomerase pTAC5, chloroplastic OS=Arabidopsis thaliana OX=3702 GN=PTAC5 PE=1 SV=1 && PF01471:Putative peptidoglycan binding domain	-
110682328	1250.52662726797	1.32164333874509	0.324147664294816	16.6228203213248	4.55990591831293e-05	0.00185768864242639	LOC110682328	NW_018742244.1	3397215	3400397	+	1206	protein_coding	caffeoyl-CoA O-methyltransferase 5-like && sp|O65162|CAMT_MESCR Caffeoyl-CoA O-methyltransferase OS=Mesembryanthemum crystallinum OX=3544 PE=2 SV=1 && PF01596:O-methyltransferase	ERF
110738692	97.16523240981	2.31018232238995	0.564172437572837	16.6019527337451	4.6103528347792e-05	0.00187435183105883	LOC110738692	NW_018743391.1	1719471	1724107	+	2648	protein_coding	BTB/POZ and TAZ domain-containing protein 3-like%2C transcript variant X2 && sp|Q9SYL0|BT3_ARATH BTB/POZ and TAZ domain-containing protein 3 OS=Arabidopsis thaliana OX=3702 GN=BT3 PE=1 SV=2 && PF02135:TAZ zinc finger|PF00651:BTB/POZ domain	G2-like
110705162	57.187073227553	1.70696892730586	0.418802785993173	16.5806142507191	4.66251847141987e-05	0.00188969130988723	LOC110705162	NW_018744874.1	2319167	2323927	+	2089	protein_coding	squalene synthase-like%2C transcript variant X1 && sp|C9E894|SQS2_PANGI Squalene synthase 2 OS=Panax ginseng OX=4054 GN=SS2 PE=2 SV=1 && PF00494:Squalene/phytoene synthase	-
110707497	1.9964642114134	6.62158255186329	1.63580776480693	16.58094976514	4.6616936732525e-05	0.00188969130988723	LOC110707497	NW_018745000.1	2650103	2654524	-	1187	protein_coding	bidirectional sugar transporter SWEET17-like && sp|Q84WN3|SWT17_ARATH Bidirectional sugar transporter SWEET17 OS=Arabidopsis thaliana OX=3702 GN=SWEET17 PE=1 SV=2 && PF03083:Sugar efflux transporter for intercellular exchange	DBB
110726510	80.3694660539294	2.60932292800254	0.636406704307011	16.5763860982774	4.67292516107068e-05	0.00189195659639927	LOC110726510	NW_018742879.1	3216122	3222127	-	1510	protein_coding	transmembrane protein DDB_G0273707/DDB_G0273361-like && - && PF04982:HPP family	-
110735235	340.225447428031	1.03537297065201	0.2545086806064	16.5712338258066	4.68563794720596e-05	0.00189514993924428	LOC110735235	NW_018743252.1	10739761	10748085	+	1531	protein_coding	probable prolyl 4-hydroxylase 7 && sp|Q8L970|P4H7_ARATH Probable prolyl 4-hydroxylase 7 OS=Arabidopsis thaliana OX=3702 GN=P4H7 PE=2 SV=1 && PF13640:2OG-Fe(II) oxygenase superfamily	MYB
110682981	178.27201966036	1.52168161670342	0.373698334879647	16.5620974092802	4.70826682932136e-05	0.00189648987885064	LOC110682981	NW_018743616.1	924832	929036	+	1794	protein_coding	metacaspase-5-like && sp|O64517|MCA4_ARATH Metacaspase-4 OS=Arabidopsis thaliana OX=3702 GN=AMC4 PE=1 SV=1 && PF00656:Caspase domain	Trihelix
110683018	32.5588247076269	2.0275019698626	0.497847776690988	16.5634558583361	4.70489531032856e-05	0.00189648987885064	LOC110683018	NW_018743616.1	1772321	1773755	-	1435	protein_coding	E3 ubiquitin-protein ligase SGR9%2C amyloplastic-like && sp|Q8GXF8|SHGR9_ARATH E3 ubiquitin-protein ligase SGR9, amyloplastic OS=Arabidopsis thaliana OX=3702 GN=SGR9 PE=1 SV=1 && PF13639:Ring finger domain	bZIP
110701730	8.30955543329205	3.95915246870101	0.966030252058475	16.566988840841	4.69613820339827e-05	0.00189648987885064	LOC110701730	NW_018744656.1	308937	310933	-	891	protein_coding	ADP-ribosylation factor-like && sp|O48920|ARF_VIGUN ADP-ribosylation factor OS=Vigna unguiculata OX=3917 GN=ARF PE=2 SV=3 && PF00025:ADP-ribosylation factor family	GATA
110723729	9.34109779778082	4.56077642690526	1.09995855449518	16.5634057084489	4.70501973359036e-05	0.00189648987885064	LOC110723729	NW_018742733.1	897656	900901	-	2123	protein_coding	probable galacturonosyltransferase 12 && sp|Q9FH36|GAUTC_ARATH Probable galacturonosyltransferase 12 OS=Arabidopsis thaliana OX=3702 GN=GAUT12 PE=2 SV=1 && PF01501:Glycosyl transferase family 8	C2H2
110697180	21.5204554064155	3.44458439330961	0.835640954973374	16.5548831757201	4.7262124994527e-05	0.00189982132539412	LOC110697180	NW_018744460.1	1727252	1729590	+	1723	protein_coding	protein YLS7-like && sp|Q8VYS5|TBL18_ARATH Protein trichome birefringence-like 18 OS=Arabidopsis thaliana OX=3702 GN=TBL18 PE=2 SV=1 && PF13839:GDSL/SGNH-like Acyl-Esterase family found in Pmr5 and Cas1p|PF14416:PMR5 N terminal Domain	bZIP
110702412	255.815310447264	1.27114725161164	0.312501193823357	16.5558741877229	4.72374325195583e-05	0.00189982132539412	LOC110702412	NW_018744693.1	118471	120592	+	2122	protein_coding	cytochrome P450 86A22-like && sp|B3RFJ6|86A22_PETHY Cytochrome P450 86A22 OS=Petunia hybrida OX=4102 GN=CYP86A22 PE=1 SV=1 && PF00067:Cytochrome P450	NAC
110722674	630.452299413198	2.58112544777913	0.629504684737635	16.5486228199552	4.74184108901285e-05	0.00190415465325973	LOC110722674	NW_018742684.1	1388573	1389243	+	570	protein_coding	protein kreg-1-like && - && -	-
110707004	177.393192590888	1.73120185391703	0.424982722180644	16.5413223171367	4.7601319833573e-05	0.001907781920491	LOC110707004	NW_018744991.1	3125406	3127310	+	1905	protein_coding	fasciclin-like arabinogalactan protein 1 && sp|Q9FM65|FLA1_ARATH Fasciclin-like arabinogalactan protein 1 OS=Arabidopsis thaliana OX=3702 GN=FLA1 PE=1 SV=1 && PF02469:Fasciclin domain	NF-YB
110715796	846.728796956494	1.25017128602052	0.307472471654811	16.5392061412816	4.76544716217673e-05	0.001907781920491	LOC110715796	NW_018745533.1	3208602	3219596	-	2082	protein_coding	protein PLASTID TRANSCRIPTIONALLY ACTIVE 12-like%2C transcript variant X2 && sp|F4IHY7|PTA12_ARATH Protein PLASTID TRANSCRIPTIONALLY ACTIVE 12, chloroplastic OS=Arabidopsis thaliana OX=3702 GN=PTAC12 PE=1 SV=1 && -	CAMTA
110718594	393.358715796847	2.41773982054333	0.590891511582282	16.5307806004051	4.78666875693226e-05	0.00191237886155647	LOC110718594	NW_018742461.1	1504581	1506453	-	773	protein_coding	gibberellin-regulated protein 1-like && sp|P46689|GASA1_ARATH Gibberellin-regulated protein 1 OS=Arabidopsis thaliana OX=3702 GN=GASA1 PE=2 SV=2 && PF02704:Gibberellin regulated protein	-
110696010	2332.29605317771	1.50120242269611	0.368977318676982	16.5278936753846	4.7939619538517e-05	0.00191334621761807	LOC110696010	NW_018742359.1	2080719	2085712	+	1796	protein_coding	glutamine synthetase%2C chloroplastic-like && sp|O22506|GLNA2_DAUCA Glutamine synthetase, chloroplastic OS=Daucus carota OX=4039 GN=GLN2 PE=2 SV=1 && PF03951:Glutamine synthetase, beta-Grasp domain|PF00120:Glutamine synthetase, catalytic domain	-
110711794	179.839406926062	2.38738871559206	0.583936600669079	16.5202815745698	4.81324590898443e-05	0.00191878170358915	LOC110711794	NW_018745281.1	3215303	3216117	-	815	protein_coding	photosystem I reaction center subunit V%2C chloroplastic-like && sp|P12357|PSAG_SPIOL Photosystem I reaction center subunit V, chloroplastic OS=Spinacia oleracea OX=3562 GN=PSAG PE=1 SV=1 && PF01241:Photosystem I psaG / psaK	-
110738115	30.3279301264834	2.24154257524425	0.550562915710424	16.5186645974103	4.8173522769814e-05	0.00191878170358915	LOC110738115	NW_018743373.1	936366	947914	+	4297	protein_coding	transcriptional activator DEMETER-like && sp|Q9SJQ6|ROS1_ARATH DNA glycosylase/AP lyase ROS1 OS=Arabidopsis thaliana OX=3702 GN=ROS1 PE=1 SV=2 && PF15628:RRM in Demeter	Trihelix
110699375	17.2648169706625	2.72775262823996	0.669880452732711	16.5079246404252	4.84471630133988e-05	0.00192772586932646	LOC110699375	NW_018744582.1	2872035	2874425	-	1280	protein_coding	peroxidase P7-like && sp|Q9FLC0|PER52_ARATH Peroxidase 52 OS=Arabidopsis thaliana OX=3702 GN=PER52 PE=2 SV=1 && PF00141:Peroxidase	NAC
110707033	3.12646821675584	7.02164485374792	1.75666576225594	16.4897109104066	4.89148028369225e-05	0.00194077190874875	LOC110707033	NW_018744991.1	3464328	3467414	-	1511	protein_coding	E3 ubiquitin-protein ligase At4g11680-like && sp|E9QAU8|RN165_MOUSE E3 ubiquitin-protein ligase RNF165 OS=Mus musculus OX=10090 GN=Rnf165 PE=1 SV=1 && PF13639:Ring finger domain	HB-other
110710686	5.08415797357716	6.36557708022049	1.52793235944296	16.4893821468123	4.89232854546702e-05	0.00194077190874875	LOC110710686	NW_018745177.1	285985	292445	+	2724	protein_coding	long-chain-alcohol oxidase FAO4A-like && sp|O65709|FAO4A_ARATH Long-chain-alcohol oxidase FAO4A OS=Arabidopsis thaliana OX=3702 GN=FAO4A PE=3 SV=2 && PF00732:GMC oxidoreductase|PF05199:GMC oxidoreductase	-
110691409	13.9474207673216	5.57204133542045	1.31953471114545	16.4681126550377	4.94752267206703e-05	0.00195673774320331	LOC110691409	NW_018744080.1	815761	817565	-	1805	protein_coding	polygalacturonase inhibitor-like && sp|A7PW81|PGIP_VITVI Polygalacturonase inhibitor OS=Vitis vinifera OX=29760 GN=pgip PE=1 SV=1 && PF13855:Leucine rich repeat|PF08263:Leucine rich repeat N-terminal domain	MYB_related
110701631	299.722392472778	2.02581096106194	0.498026148605149	16.4390102832947	5.02405895273619e-05	0.00197903577984763	LOC110701631	NW_018744641.1	40797	44864	-	1307	protein_coding	L-ascorbate peroxidase 5%2C peroxisomal-like && sp|Q7XZP5|APX5_ARATH L-ascorbate peroxidase 5, peroxisomal OS=Arabidopsis thaliana OX=3702 GN=APX5 PE=1 SV=2 && PF00141:Peroxidase	MYB_related
110706852	44.291934208086	1.98524070412018	0.488991908434414	16.4405201351095	5.02005907293775e-05	0.00197903577984763	LOC110706852	NW_018744991.1	939307	944897	-	1275	protein_coding	probable pinoresinol-lariciresinol reductase 3%2C transcript variant X2 && sp|O65679|PILR3_ARATH Probable pinoresinol-lariciresinol reductase 3 OS=Arabidopsis thaliana OX=3702 GN=PLR3 PE=3 SV=2 && PF05368:NmrA-like family	bHLH
110722764	131.711267003694	1.88702401491806	0.465051523940254	16.4142194434446	5.09019470871304e-05	0.00199907216795287	LOC110722764	NW_018742684.1	2431362	2435524	+	2711	pseudogene	- && sp|Q6R3L0|YSL1_ARATH Metal-nicotianamine transporter YSL1 OS=Arabidopsis thaliana OX=3702 GN=YSL1 PE=2 SV=2 && PF03169:OPT oligopeptide transporter protein	TCP
110691116	22.2292863972952	2.91178095432793	0.714702013782864	16.39692395844	5.13685248414932e-05	0.00201136199012957	LOC110691116	NW_018744066.1	2785720	2787335	+	1616	protein_coding	transcription repressor OFP8-like && sp|Q3E9B4|OFP8_ARATH Transcription repressor OFP8 OS=Arabidopsis thaliana OX=3702 GN=OFP8 PE=1 SV=1 && PF04844:Transcriptional repressor, ovate	E2F/DP
110695192	4.99195969701196	5.28645194209674	1.29479087675086	16.3792974333823	5.18484581531472e-05	0.00202813196917186	LOC110695192	NW_018744290.1	1691902	1693101	+	1200	protein_coding	RING-H2 finger protein ATL78-like && sp|Q6NQG7|ATL78_ARATH RING-H2 finger protein ATL78 OS=Arabidopsis thaliana OX=3702 GN=ATL78 PE=2 SV=1 && PF13639:Ring finger domain	WOX
110737646	1995.84393966363	1.52750619831094	0.37776863385664	16.3217097917793	5.34481047651432e-05	0.00208447608584059	LOC110737646	NW_018743331.1	83257	85034	-	709	lncRNA	uncharacterized LOC110737646 && - && -	-
110717458	14.2022843132162	5.13666378855793	1.230403106701	16.312371705116	5.3712131153606e-05	0.00209062093835042	LOC110717458	NW_018745684.1	3377972	3384710	-	2512	protein_coding	acid beta-fructofuranosidase-like && sp|P80065|INVB_DAUCA Beta-fructofuranosidase, soluble isoenzyme I OS=Daucus carota OX=4039 GN=INV*DC4 PE=1 SV=2 && -	-
110695319	5.29653591898642	8.43713699637585	1.94672454188429	16.2957153745909	5.41863350139173e-05	0.00210472582255587	LOC110695319	NW_018744290.1	1255834	1256850	+	1017	protein_coding	uncharacterized LOC110695319 && - && -	-
110698535	141.986059230649	1.42172793109427	0.352209574621699	16.2876817441131	5.44165542842277e-05	0.00210967555419988	LOC110698535	NW_018744537.1	1220307	1222690	+	2384	protein_coding	protein JINGUBANG-like && sp|O48716|JGB_ARATH Protein JINGUBANG OS=Arabidopsis thaliana OX=3702 GN=JGB PE=1 SV=1 && -	Dof
110720588	21.3889695627532	1.9309973157797	0.47932208604021	16.285165300266	5.44888699763604e-05	0.00211039584869981	LOC110720588	NW_018742204.1	17292073	17293513	-	1441	protein_coding	long-chain-alcohol O-fatty-acyltransferase-like && sp|Q9XGY6|WAXS1_SIMCH Long-chain-alcohol O-fatty-acyltransferase OS=Simmondsia chinensis OX=3999 PE=1 SV=1 && PF13813:Membrane bound O-acyl transferase family	-
110694145	5.20918811493919	9.70686981785289	2.2189733860098	16.2753376683012	5.47722160501333e-05	0.0021171941347804	LOC110694145	NW_018744239.1	2711994	2714230	+	1297	protein_coding	uncharacterized LOC110694145 && - && -	-
110738047	4.50322216522558	7.4020936722254	1.74702372282874	16.2666621221074	5.50235767764965e-05	0.00212273175907991	LOC110738047	NW_018743363.1	80043	81372	+	947	protein_coding	jasmonate-induced protein homolog && - && -	-
110728156	20.2310590755686	4.72184717871576	1.13729975077507	16.2448301062857	5.56612709912967e-05	0.00214522580533974	LOC110728156	NW_018742914.1	8102149	8105017	+	2044	protein_coding	protein trichome birefringence-like 19 && sp|Q9LFT0|TBL19_ARATH Protein trichome birefringence-like 19 OS=Arabidopsis thaliana OX=3702 GN=TBL19 PE=3 SV=1 && PF14416:PMR5 N terminal Domain|PF13839:GDSL/SGNH-like Acyl-Esterase family found in Pmr5 and Cas1p	BES1
110690639	4.59841236980148	8.955137092432	2.11986350603282	16.2425523964822	5.57282275897392e-05	0.00214570066875669	LOC110690639	NW_018744062.1	215105	219404	+	1904	protein_coding	(-)-germacrene D synthase-like%2C transcript variant X1 && sp|A0A167V661|TPS8_CAMSI Valerianol synthase TPS8 OS=Camellia sinensis OX=4442 GN=TPS8 PE=1 SV=2 && PF03936:Terpene synthase family, metal binding domain|PF01397:Terpene synthase, N-terminal domain	GRAS
110701883	15.2880809173267	3.67769635964054	0.902112436162	16.235733951359	5.59291502700022e-05	0.00214922262089413	LOC110701883	NW_018744662.1	399960	405754	-	1532	protein_coding	glyoxylate/hydroxypyruvate reductase HPR3-like && sp|Q9LE33|HPR3_ARATH Glyoxylate/hydroxypyruvate reductase HPR3 OS=Arabidopsis thaliana OX=3702 GN=HPR3 PE=2 SV=1 && PF00389:D-isomer specific 2-hydroxyacid dehydrogenase, catalytic domain|PF02826:D-isomer specific 2-hydroxyacid dehydrogenase, NAD binding domain	bHLH
110713214	121.836270693276	1.30737130260144	0.324549308644273	16.237541919905	5.58758030527875e-05	0.00214922262089413	LOC110713214	NW_018745410.1	1317429	1320439	+	1875	protein_coding	aspartyl protease family protein At5g10770-like && sp|Q8S9J6|ASPA_ARATH Aspartyl protease family protein At5g10770 OS=Arabidopsis thaliana OX=3702 GN=At5g10770 PE=2 SV=1 && PF14543:Xylanase inhibitor N-terminal|PF14541:Xylanase inhibitor C-terminal	Trihelix
110722675	112.366752137208	3.30627365799247	0.809078790265996	16.2288131487869	5.61338341683654e-05	0.00215287506767013	LOC110722675	NW_018742684.1	1380927	1381603	+	585	protein_coding	uncharacterized LOC110722675 && - && -	-
110718644	63.9695518843016	2.81277732851192	0.692050223698393	16.218180954307	5.64497516782882e-05	0.00216287911966967	LOC110718644	NW_018742461.1	1923019	1935912	-	2018	protein_coding	7-deoxyloganetin glucosyltransferase-like && sp|B2XBQ5|85A19_PRUDU (R)-mandelonitrile beta-glucosyltransferase OS=Prunus dulcis OX=3755 GN=UGT85A19 PE=1 SV=2 && PF00201:UDP-glucoronosyl and UDP-glucosyl transferase	GRAS
110694887	27.6531247544646	4.01210716252611	0.976705304283496	16.2127845418148	5.66107802992181e-05	0.00216693486812007	LOC110694887	NW_018742345.1	8993905	8998319	-	3713	protein_coding	putative disease resistance protein RGA3 && sp|Q7XBQ9|RGA2_SOLBU Disease resistance protein RGA2 OS=Solanum bulbocastanum OX=147425 GN=RGA2 PE=1 SV=1 && PF00931:NB-ARC domain|PF18052:Rx N-terminal domain	HRT-like
110683259	5.32296342680787	10.1180880048222	2.38960606837506	16.1940393337858	5.71737340297119e-05	0.0021821030675888	LOC110683259	NW_018743649.1	675763	687463	+	1136	protein_coding	plasma membrane-associated cation-binding protein 1-like && sp|Q96262|PCAP1_ARATH Plasma membrane-associated cation-binding protein 1 OS=Arabidopsis thaliana OX=3702 GN=PCAP1 PE=1 SV=1 && PF05558:DREPP plasma membrane polypeptide	-
110693211	374.184390637999	1.15664006922546	0.287575600626391	16.1954834759374	5.71301642878447e-05	0.0021821030675888	LOC110693211	NW_018744143.1	1463178	1472470	-	2623	protein_coding	uncharacterized protein YnbB-like && sp|P94479|YNBB_BACSU Uncharacterized protein YnbB OS=Bacillus subtilis (strain 168) OX=224308 GN=ynbB PE=4 SV=2 && PF06838:Methionine gamma-lyase	-
110720427	1737.94575395851	1.0896303477111	0.271015837850948	16.183669908042	5.7487562360768e-05	0.00219170358826262	LOC110720427	NW_018742556.1	1251448	1254442	-	1319	protein_coding	50S ribosomal protein L3%2C chloroplastic && sp|P82191|RK3_SPIOL 50S ribosomal protein L3, chloroplastic OS=Spinacia oleracea OX=3562 GN=RPL3 PE=1 SV=2 && PF00297:Ribosomal protein L3	-
110693841	328.156109215392	1.56286480962231	0.388311532174911	16.1723598152253	5.78318353777158e-05	0.00220080394456302	LOC110693841	NW_018744167.1	1675369	1680147	-	1934	protein_coding	BAHD acyltransferase DCR-like && sp|Q9FF86|DCR_ARATH BAHD acyltransferase DCR OS=Arabidopsis thaliana OX=3702 GN=DCR PE=2 SV=1 && PF02458:Transferase family	NAC
110683492	8.23664704044357	4.51211919377151	1.10393742570041	16.1624608384057	5.81348559402637e-05	0.00220564342250002	LOC110683492	NW_018743669.1	1354725	1358268	+	1524	protein_coding	protein PMR5-like && sp|Q9LUZ6|TBL44_ARATH Protein PMR5 OS=Arabidopsis thaliana OX=3702 GN=PMR5 PE=2 SV=1 && PF13839:GDSL/SGNH-like Acyl-Esterase family found in Pmr5 and Cas1p|PF14416:PMR5 N terminal Domain	BES1
110721078	402.387438204713	1.25330256551132	0.311838890835178	16.1590441864319	5.82398143542007e-05	0.00220564342250002	LOC110721078	NW_018742589.1	274585	280297	-	2142	protein_coding	uncharacterized LOC110721078%2C transcript variant X1 && - && PF13088:BNR repeat-like domain	-
110692697	1942.46576172059	1.00129717562587	0.249319851195135	16.1532884131643	5.8417060916175e-05	0.00221022469495274	LOC110692697	NW_018744128.1	655464	659336	+	1550	protein_coding	uncharacterized LOC110692697%2C transcript variant X1 && - && PF10674:Protein of unknown function (DUF2488)	-
110685810	17.9619062902544	11.1691643919483	2.41007184564272	16.1430085160285	5.87349767256076e-05	0.00221747230804284	LOC110685810	NW_018743850.1	698915	700812	-	1468	protein_coding	peroxidase 27-like && sp|Q43735|PER27_ARATH Peroxidase 27 OS=Arabidopsis thaliana OX=3702 GN=PER27 PE=1 SV=1 && PF00141:Peroxidase	NAC
110716316	2.70672349279838	8.70786146073954	2.13768454645227	16.1322324812323	5.90701042755607e-05	0.0022210835031064	LOC110716316	NW_018745569.1	630151	633371	-	2959	protein_coding	transcription factor FAMA-like%2C transcript variant X1 && sp|Q56YJ8|FAMA_ARATH Transcription factor FAMA OS=Arabidopsis thaliana OX=3702 GN=FAMA PE=1 SV=1 && PF00010:Helix-loop-helix DNA-binding domain	bHLH
110734370	21.4958805603687	2.4400899063085	0.608058643231716	16.1326888780383	5.90558717153626e-05	0.0022210835031064	LOC110734370	NW_018743212.1	2158316	2161057	-	1557	protein_coding	flavanone 3-dioxygenase 2-like && sp|Q9FLV0|DMR6_ARATH Protein DOWNY MILDEW RESISTANCE 6 OS=Arabidopsis thaliana OX=3702 GN=DMR6 PE=1 SV=1 && PF03171:2OG-Fe(II) oxygenase superfamily|PF14226:non-haem dioxygenase in morphine synthesis N-terminal	Dof
110722286	98.8649303946294	1.29365249839379	0.322438575140403	16.124552107184	5.93101319478452e-05	0.00222260191983562	LOC110722286	NW_018742204.1	20269192	20276285	+	2000	protein_coding	thiamine biosynthetic bifunctional enzyme TH1%2C chloroplastic-like && sp|Q5M731|TPS1L_ARATH Thiamine biosynthetic bifunctional enzyme TH1, chloroplastic OS=Arabidopsis thaliana OX=3702 GN=TH1 PE=1 SV=1 && PF08543:Phosphomethylpyrimidine kinase|PF02581:Thiamine monophosphate synthase	-
110681867	4.60733632768129	4.19732674420885	1.05378265011886	16.1140930344947	5.9638577960385e-05	0.00223211980435012	LOC110681867	NW_018743574.1	1047215	1054499	+	3304	protein_coding	ankyrin repeat-containing protein NPR4-like && - && PF13962:Domain of unknown function|PF12796:Ankyrin repeats (3 copies)	FAR1
110709817	252.368526624484	1.86502677325393	0.463532766911046	16.1128482765515	5.96777886733284e-05	0.00223211980435012	LOC110709817	NW_018745080.1	3043953	3048847	-	3094	protein_coding	probable inactive receptor kinase At1g48480 && sp|Q9LP77|Y1848_ARATH Probable inactive receptor kinase At1g48480 OS=Arabidopsis thaliana OX=3702 GN=RKL1 PE=1 SV=1 && PF13855:Leucine rich repeat|PF00069:Protein kinase domain	S1Fa-like
110702086	16.0186569400426	2.33832764182717	0.582319076428292	16.1003642384453	6.00724811254588e-05	0.00224474457777368	LOC110702086	NW_018744662.1	3292432	3298990	+	1991	protein_coding	serine carboxypeptidase-like 34 && sp|Q0WPR4|SCP34_ARATH Serine carboxypeptidase-like 34 OS=Arabidopsis thaliana OX=3702 GN=SCPL34 PE=2 SV=2 && PF00450:Serine carboxypeptidase	MYB_related
110693902	1687.56734450403	1.20649727432387	0.300841417515909	16.0925232159368	6.03217222889724e-05	0.00225191539872131	LOC110693902	NW_018742345.1	264960	267997	-	1026	protein_coding	cytochrome b6-f complex iron-sulfur subunit%2C chloroplastic && sp|P08980|UCRIA_SPIOL Cytochrome b6-f complex iron-sulfur subunit, chloroplastic OS=Spinacia oleracea OX=3562 GN=petC PE=1 SV=2 && PF00355:Rieske [2Fe-2S] domain|PF08802:Cytochrome B6-F complex Fe-S subunit	LFY
110690152	11.8904092475441	3.11497523743817	0.772683982296434	16.0882987112536	6.04564366943969e-05	0.00225480117597251	LOC110690152	NW_018743987.1	2876707	2880484	-	1849	protein_coding	uncharacterized LOC110690152%2C transcript variant X1 && - && -	-
110732182	194.113235933455	3.76254095554139	0.918860712954478	16.0774639059811	6.08033305028193e-05	0.00226184779667044	LOC110732182	NW_018743159.1	103758	105567	+	1160	protein_coding	chlorophyll a-b binding protein CP29.2%2C chloroplastic-like && sp|Q9XF88|CB4B_ARATH Chlorophyll a-b binding protein CP29.2, chloroplastic OS=Arabidopsis thaliana OX=3702 GN=LHCB4.2 PE=1 SV=1 && PF00504:Chlorophyll A-B binding protein	ERF
110684228	40.8089850633181	6.93597700478939	1.60790378642822	16.0642752227286	6.12282901807062e-05	0.00227218200022196	LOC110684228	NW_018743697.1	2770765	2772589	+	1464	protein_coding	cationic peroxidase 2-like && sp|P22196|PER2_ARAHY Cationic peroxidase 2 OS=Arachis hypogaea OX=3818 GN=PNC2 PE=2 SV=1 && PF00141:Peroxidase	NAC
110702190	53.1003950840186	1.63517236514167	0.408228891759117	16.0555948078549	6.15096152699464e-05	0.00227893124575151	LOC110702190	NW_018744676.1	229592	238998	-	2639	protein_coding	isochorismate synthase%2C chloroplastic-like%2C transcript variant X5 && sp|Q9ZPC0|ICS_CATRO Isochorismate synthase, chloroplastic OS=Catharanthus roseus OX=4058 PE=1 SV=1 && PF00425:chorismate binding enzyme	-
110711434	6.31343367390437	9.07579979314268	2.08633054742472	16.0454925391573	6.18386588014836e-05	0.00228494722604999	LOC110711434	NW_018745275.1	1049120	1050889	+	1251	protein_coding	peroxidase 7-like && sp|Q9SY33|PER7_ARATH Peroxidase 7 OS=Arabidopsis thaliana OX=3702 GN=PER7 PE=2 SV=1 && PF00141:Peroxidase	NAC
110712418	48.675378333595	2.03770051066244	0.507538222331725	16.0441272582037	6.1883263295581e-05	0.00228494722604999	LOC110712418	NW_018745323.1	757296	761549	-	3048	protein_coding	uncharacterized LOC110712418 && - && PF10358:N-terminal C2 in EEIG1 and EHBP1 proteins	-
110718127	12.1209971460777	3.53747815093451	0.875251820102186	16.043471022499	6.1904714397097e-05	0.00228494722604999	LOC110718127	NW_018745684.1	7714442	7721362	-	2324	protein_coding	MLO-like protein 1 && sp|O49621|MLO1_ARATH MLO-like protein 1 OS=Arabidopsis thaliana OX=3702 GN=MLO1 PE=1 SV=1 && PF03094:Mlo family	ARF
110722701	266.869239915946	1.6768904348608	0.418171572612664	16.0382218574779	6.20765690306075e-05	0.00228913905684418	LOC110722701	NW_018742684.1	1656459	1659887	-	2910	protein_coding	phosphatidylinositol 4-kinase gamma 4-like && sp|Q9ZPY9|P4KG4_ARATH Phosphatidylinositol 4-kinase gamma 4 OS=Arabidopsis thaliana OX=3702 GN=PI4KG4 PE=1 SV=1 && PF00454:Phosphatidylinositol 3- and 4-kinase|PF00240:Ubiquitin family	bHLH
110711732	6.45799496660591	6.80247324797348	1.63235849240515	16.0192961818971	6.27001782852897e-05	0.00230996632438854	LOC110711732	NW_018745281.1	2908902	2910383	-	1163	protein_coding	probable xyloglucan endotransglucosylase/hydrolase protein 16 && sp|Q8LG58|XTH16_ARATH Probable xyloglucan endotransglucosylase/hydrolase protein 16 OS=Arabidopsis thaliana OX=3702 GN=XTH16 PE=2 SV=2 && PF00722:Glycosyl hydrolases family 16|PF06955:Xyloglucan endo-transglycosylase (XET) C-terminus	MYB_related
110687668	58.7587897172485	3.56035294549279	0.8742501068728	16.0074875361185	6.30924665822149e-05	0.0023200659551342	LOC110687668	NW_018743920.1	814554	815301	+	748	protein_coding	putative ripening-related protein 1 && sp|Q7XVA8|RIP1_ORYSJ Putative ripening-related protein 1 OS=Oryza sativa subsp. japonica OX=39947 GN=Os04g0364800 PE=3 SV=2 && -	ERF
110685808	528.972601460365	1.28949989748888	0.322680438793364	15.9760575745466	6.41486550118707e-05	0.00235322682223404	LOC110685808	NW_018743850.1	685396	688828	+	1275	protein_coding	putative glucose-6-phosphate 1-epimerase && sp|Q40784|AAPC_CENCI Putative glucose-6-phosphate 1-epimerase OS=Cenchrus ciliaris OX=35872 PE=2 SV=1 && PF01263:Aldose 1-epimerase	NAC
110717183	23.911625561843	2.20922716227311	0.552198513159241	15.9669087313122	6.44594260638768e-05	0.00235926053000017	LOC110717183	NW_018745666.1	32647	36823	-	1708	protein_coding	probable magnesium transporter NIPA6%2C transcript variant X1 && sp|Q9LNK7|NIPA3_ARATH Probable magnesium transporter NIPA3 OS=Arabidopsis thaliana OX=3702 GN=At1g34470 PE=2 SV=1 && PF05653:Magnesium transporter NIPA	-
110733632	231.895821255772	1.87126071210019	0.46716918497293	15.9674223667035	6.44419386677108e-05	0.00235926053000017	LOC110733632	NW_018743199.1	4565820	4570445	-	2018	protein_coding	uncharacterized LOC110733632 && - && -	-
110724440	146.838101540692	5.64936036026273	1.34230899122971	15.9512477683106	6.49949218761892e-05	0.00237225424427842	LOC110724440	NW_018742204.1	23095246	23099149	+	1151	protein_coding	L-ascorbate peroxidase 3-like && sp|Q42564|APX3_ARATH L-ascorbate peroxidase 3 OS=Arabidopsis thaliana OX=3702 GN=APX3 PE=1 SV=1 && PF00141:Peroxidase	MYB_related
110727699	1.57019613552796	8.0729028195461	2.09404013239662	15.9231451771338	6.59670786101469e-05	0.00240130676698049	LOC110727699	NW_018742914.1	6350568	6351827	-	1260	protein_coding	uncharacterized LOC110727699 && - && PF03478:Protein of unknown function (DUF295)	-
110729068	375.822247752566	1.63693300746076	0.409749748688673	15.9211836506792	6.60354775122586e-05	0.00240130676698049	LOC110729068	NW_018742969.1	203290	209571	+	2149	protein_coding	fe-S cluster assembly factor HCF101%2C chloroplastic-like%2C transcript variant X1 && sp|Q6STH5|HF101_ARATH Fe-S cluster assembly factor HCF101, chloroplastic OS=Arabidopsis thaliana OX=3702 GN=HCF101 PE=1 SV=1 && PF10609:NUBPL iron-transfer P-loop NTPase|PF01883:Iron-sulfur cluster assembly protein|PF06155:Protein of unknown function (DUF971)	bHLH
110732296	4.28812575280477	7.81760694683482	1.86931287516087	15.9220296072932	6.60059700565523e-05	0.00240130676698049	LOC110732296	NW_018743175.1	602841	606250	+	2563	protein_coding	metal-nicotianamine transporter YSL1-like && sp|Q6R3L0|YSL1_ARATH Metal-nicotianamine transporter YSL1 OS=Arabidopsis thaliana OX=3702 GN=YSL1 PE=2 SV=2 && PF03169:OPT oligopeptide transporter protein	TCP
110703433	13.7927723759415	4.34973741175907	1.08431908708139	15.9170194007299	6.61809224778328e-05	0.0024043694435448	LOC110703433	NW_018744718.1	3259477	3263171	+	1353	protein_coding	putative ER lumen protein-retaining receptor C28H8.4 && sp|Q09473|ERD22_CAEEL ER lumen protein-retaining receptor erd-2.2 OS=Caenorhabditis elegans OX=6239 GN=erd-2.2 PE=3 SV=1 && PF00810:ER lumen protein retaining receptor	M-type_MADS
110695761	24.5680484543105	2.22986612403824	0.558933357742008	15.9070366708209	6.65309032186996e-05	0.00240595595037568	LOC110695761	NW_018744304.1	6678013	6681947	+	1336	protein_coding	solute carrier family 35 member F2-like%2C transcript variant X1 && sp|Q8IXU6|S35F2_HUMAN Solute carrier family 35 member F2 OS=Homo sapiens OX=9606 GN=SLC35F2 PE=1 SV=1 && PF06027:Solute carrier family 35	-
110709378	21.4314857189687	2.14006463656203	0.536352171726163	15.9108297453986	6.63977045023014e-05	0.00240595595037568	LOC110709378	NW_018742418.1	3076013	3079865	-	2928	protein_coding	BTB/POZ domain-containing protein At1g67900-like && sp|Q9C9V6|Y1790_ARATH BTB/POZ domain-containing protein At1g67900 OS=Arabidopsis thaliana OX=3702 GN=At1g67900 PE=1 SV=1 && PF03000:NPH3 family	MYB
110722642	5.12811428979421	9.33172455373287	2.26397973617409	15.907703920983	6.65074524010244e-05	0.00240595595037568	LOC110722642	NW_018742684.1	1086836	1091861	-	2904	protein_coding	laccase-4-like && sp|O80434|LAC4_ARATH Laccase-4 OS=Arabidopsis thaliana OX=3702 GN=IRX12 PE=2 SV=2 && PF07732:Multicopper oxidase|PF07731:Multicopper oxidase|PF00394:Multicopper oxidase	bHLH
110701056	156.83463814128	2.40105541750081	0.598514670675388	15.9044513892281	6.66218427116267e-05	0.00240702817738152	LOC110701056	NW_018744633.1	3508710	3513656	+	1537	protein_coding	phosphoglycolate phosphatase 1B%2C chloroplastic-like%2C transcript variant X1 && sp|P0DKC3|PGP1A_ARATH Phosphoglycolate phosphatase 1A, chloroplastic OS=Arabidopsis thaliana OX=3702 GN=PGLP1A PE=1 SV=1 && PF13344:Haloacid dehalogenase-like hydrolase|PF13242:HAD-hyrolase-like	MYB_related
110707009	173.345749829602	7.09961158529532	1.64276542463995	15.8979071471778	6.68526012436288e-05	0.00241314541235389	LOC110707009	NW_018742418.1	348671	349855	+	784	protein_coding	MLP-like protein 423 && sp|Q93VR4|ML423_ARATH MLP-like protein 423 OS=Arabidopsis thaliana OX=3702 GN=MLP423 PE=2 SV=1 && PF00407:Pathogenesis-related protein Bet v I family	-
110693174	164.06051404754	2.17812004511386	0.544275643043392	15.8860791942352	6.72717119148386e-05	0.00242196451164601	LOC110693174	NW_018744143.1	873121	878291	+	1978	protein_coding	probable sesquiterpene synthase && sp|W0FFD7|DS_PERHD (-)-drimenol synthase OS=Persicaria hydropiper OX=46901 PE=1 SV=1 && PF01397:Terpene synthase, N-terminal domain|PF03936:Terpene synthase family, metal binding domain	GRAS
110684665	49.0467373316447	1.10720224759545	0.278445636226227	15.8467257185434	6.86852788678324e-05	0.00246195418936648	LOC110684665	NW_018743732.1	467809	470466	+	1979	protein_coding	protein LURP-one-related 7-like && sp|Q8GWL2|LOR7_ARATH Protein LURP-one-related 7 OS=Arabidopsis thaliana OX=3702 GN=At2g30270 PE=2 SV=1 && -	WRKY
110719538	322.584922626963	1.38628670646763	0.348190172145097	15.8461471717796	6.87062814540691e-05	0.00246195418936648	LOC110719538	NW_018742484.1	5758551	5760750	-	2200	protein_coding	cytochrome P450 86A22-like && sp|B3RFJ6|86A22_PETHY Cytochrome P450 86A22 OS=Petunia hybrida OX=4102 GN=CYP86A22 PE=1 SV=1 && PF00067:Cytochrome P450	NAC
110726507	50.4781649365058	2.85081431160248	0.710646579598072	15.8317970989326	6.92292946371295e-05	0.0024784339911431	LOC110726507	NW_018742879.1	3152552	3154190	-	923	protein_coding	uncharacterized LOC110726507 && - && PF06549:Protein of unknown function (DUF1118)	FAR1
110725199	1408.07364496781	1.09509697183444	0.275430044731531	15.8259633603831	6.94430585728118e-05	0.00248382262234065	LOC110725199	NW_018742810.1	830110	834095	+	887	protein_coding	protein CURVATURE THYLAKOID 1A%2C chloroplastic-like && sp|O04616|CUT1A_ARATH Protein CURVATURE THYLAKOID 1A, chloroplastic OS=Arabidopsis thaliana OX=3702 GN=CURT1A PE=1 SV=1 && PF14159:CAAD domains of cyanobacterial aminoacyl-tRNA synthetase	-
110687880	130.448651411048	2.2102008071021	0.55335137432916	15.8153024571068	6.98354196708346e-05	0.00249331248655079	LOC110687880	NW_018743920.1	2391489	2395139	-	1229	protein_coding	CBBY-like protein && sp|Q94K71|CBBY_ARATH CBBY-like protein OS=Arabidopsis thaliana OX=3702 GN=CBBY PE=1 SV=1 && PF13419:Haloacid dehalogenase-like hydrolase	NAC
110705555	157.350943481176	1.30838639736554	0.329170249198525	15.8144871556038	6.98655174454191e-05	0.00249331248655079	LOC110705555	NW_018744878.1	3253188	3259334	+	3765	protein_coding	probably inactive leucine-rich repeat receptor-like protein kinase At2g25790 && sp|O82318|SKM1_ARATH Leucine-rich repeat receptor-like serine/threonine-protein kinase SKM1 OS=Arabidopsis thaliana OX=3702 GN=SKM1 PE=1 SV=1 && PF13855:Leucine rich repeat|PF00069:Protein kinase domain|PF08263:Leucine rich repeat N-terminal domain	STAT
110717537	2432.82574943747	1.26666627490703	0.318562017609522	15.813584977786	6.98988375650553e-05	0.00249331248655079	LOC110717537	NW_018745684.1	9701218	9705519	-	1572	protein_coding	30S ribosomal protein S1%2C chloroplastic && sp|P29344|RR1_SPIOL 30S ribosomal protein S1, chloroplastic OS=Spinacia oleracea OX=3562 GN=RPS1 PE=1 SV=1 && PF00575:S1 RNA binding domain	-
110703428	30.2144624578117	3.290071160175	0.818297398254715	15.8023374072762	7.03155882797003e-05	0.00250590208576104	LOC110703428	NW_018744718.1	3223566	3224624	+	1059	protein_coding	indole-3-acetic acid-induced protein ARG7-like && - && PF02519:Auxin responsive protein	bHLH
110708478	174.682589270064	1.24381164838044	0.313114389514995	15.7956262890356	7.05654417121759e-05	0.00251252637566844	LOC110708478	NW_018745024.1	8138225	8139166	+	942	protein_coding	rubredoxin-like && sp|O26258|RUBR_METTH Probable rubredoxin OS=Methanothermobacter thermautotrophicus (strain ATCC 29096 / DSM 1053 / JCM 10044 / NBRC 100330 / Delta H) OX=187420 GN=MTH_155 PE=3 SV=1 && PF00301:Rubredoxin	GeBP
110683957	67.0315541101123	2.67806155472233	0.669015938333191	15.7933867579124	7.06490175327655e-05	0.00251322361011259	LOC110683957	NW_018743697.1	2091966	2093031	-	1066	protein_coding	uncharacterized LOC110683957 && - && PF14009:Domain of unknown function (DUF4228)	-
110719325	26.8675857303255	2.56205141509946	0.642015563018905	15.7843675625884	7.09866090622287e-05	0.00251838942881744	LOC110719325	NW_018742484.1	772878	777908	-	2421	protein_coding	ABC transporter G family member 14-like && sp|Q9C6W5|AB14G_ARATH ABC transporter G family member 14 OS=Arabidopsis thaliana OX=3702 GN=ABCG14 PE=1 SV=1 && PF01061:ABC-2 type transporter|PF00005:ABC transporter	G2-like
110719398	105.055091870883	1.39624656583416	0.351488467387463	15.7850920145469	7.09594327476698e-05	0.00251838942881744	LOC110719398	NW_018742484.1	3151078	3154095	-	1973	protein_coding	probable aminotransferase ACS10 && sp|Q9LQ10|1A110_ARATH Probable aminotransferase ACS10 OS=Arabidopsis thaliana OX=3702 GN=ACS10 PE=1 SV=1 && PF00155:Aminotransferase class I and II	-
110709136	843.240362304196	1.21152590273804	0.305160124040747	15.7708444441188	7.14958270012932e-05	0.00252988233836692	LOC110709136	NW_018745034.1	50920	54460	-	1597	protein_coding	glycerate dehydrogenase HPR%2C peroxisomal-like && sp|Q9C9W5|HPR1_ARATH Glycerate dehydrogenase HPR, peroxisomal OS=Arabidopsis thaliana OX=3702 GN=HPR PE=1 SV=1 && PF00389:D-isomer specific 2-hydroxyacid dehydrogenase, catalytic domain|PF02826:D-isomer specific 2-hydroxyacid dehydrogenase, NAD binding domain	B3
110713460	635.670500815497	1.6081012463085	0.404459621029691	15.7726622125623	7.14271650827311e-05	0.00252988233836692	LOC110713460	NW_018745413.1	1719816	1725729	+	2969	protein_coding	probable 1-deoxy-D-xylulose-5-phosphate synthase%2C chloroplastic && sp|O78328|DXS_CAPAN Probable 1-deoxy-D-xylulose-5-phosphate synthase, chloroplastic OS=Capsicum annuum OX=4072 GN=TKT2 PE=2 SV=1 && PF13292:1-deoxy-D-xylulose-5-phosphate synthase|PF02780:Transketolase, C-terminal domain|PF02779:Transketolase, pyrimidine binding domain	-
110728839	8.76769530637881	7.39715367421346	1.76153523503871	15.7706330358439	7.15038167592821e-05	0.00252988233836692	LOC110728839	NW_018742963.1	1536140	1546565	+	1384	protein_coding	GDSL esterase/lipase At1g29660-like && sp|Q9C7N5|GDL14_ARATH GDSL esterase/lipase At1g29660 OS=Arabidopsis thaliana OX=3702 GN=At1g29660 PE=1 SV=1 && PF00657:GDSL-like Lipase/Acylhydrolase	ERF
110697154	80.2705465000204	2.19036500656095	0.549713708556265	15.7559063852544	7.2062597574221e-05	0.0025450669015579	LOC110697154	NW_018744460.1	1465424	1471646	-	1539	protein_coding	transcription factor bHLH120-like && sp|Q9LQ08|BH125_ARATH Transcription factor bHLH125 OS=Arabidopsis thaliana OX=3702 GN=BHLH125 PE=2 SV=1 && PF00010:Helix-loop-helix DNA-binding domain	bHLH
110684675	256.087063521995	1.27636938902457	0.321755728198976	15.7475810822525	7.23804301891046e-05	0.00255399517952983	LOC110684675	NW_018743732.1	558119	562052	+	1758	protein_coding	enoyl-[acyl-carrier-protein] reductase%2C mitochondrial-like && sp|Q8LCU7|MECR_ARATH Enoyl-[acyl-carrier-protein] reductase, mitochondrial OS=Arabidopsis thaliana OX=3702 GN=At3g45770 PE=1 SV=1 && PF08240:Alcohol dehydrogenase GroES-like domain|PF00107:Zinc-binding dehydrogenase	HB-other
110721426	101.286980498027	1.91028295481467	0.480477674008518	15.7428024214135	7.25635003095552e-05	0.00255815650597591	LOC110721426	NW_018742616.1	366237	368295	-	872	protein_coding	abscisic acid receptor PYL8-like && sp|Q9FGM1|PYL8_ARATH Abscisic acid receptor PYL8 OS=Arabidopsis thaliana OX=3702 GN=PYL8 PE=1 SV=1 && PF10604:Polyketide cyclase / dehydrase and lipid transport	MYB_related
110690983	82.1621903377315	2.48478894672636	0.622876541230121	15.7260402066701	7.32093498431446e-05	0.00257861057972181	LOC110690983	NW_018744066.1	2218201	2220764	-	1239	protein_coding	protein SPEAR3-like && sp|Q6IDB0|SPER3_ARATH Protein SPEAR3 OS=Arabidopsis thaliana OX=3702 GN=SPEAR3 PE=1 SV=1 && -	-
110719348	21.1636397252999	9.90392043797309	2.19869931987468	15.7238222066711	7.32952416680352e-05	0.00257932260396841	LOC110719348	NW_018742484.1	1532544	1539359	-	2825	protein_coding	long-chain-alcohol oxidase FAO4A-like && sp|O65709|FAO4A_ARATH Long-chain-alcohol oxidase FAO4A OS=Arabidopsis thaliana OX=3702 GN=FAO4A PE=3 SV=2 && PF00732:GMC oxidoreductase|PF05199:GMC oxidoreductase	-
110712941	106.741928996152	1.75055997670685	0.440921603140362	15.721286047139	7.33935784220996e-05	0.00258047090901622	LOC110712941	NW_018745395.1	542688	548269	+	1328	pseudogene	- && - && -	C2H2
110682309	437.442824614634	1.06630159108972	0.26932804564427	15.6967376663889	7.4352301113183e-05	0.00261184071701076	LOC110682309	NW_018743574.1	5762589	5765898	+	1814	protein_coding	uncharacterized LOC110682309 && - && PF03763:Remorin, C-terminal region	-
110720894	165.857143715955	2.87719553040878	0.718855399545291	15.6912365651261	7.45688655865443e-05	0.00261710729059907	LOC110720894	NW_018742577.1	1357719	1360118	-	1601	protein_coding	chloroplast stem-loop binding protein of 41 kDa a%2C chloroplastic-like && sp|Q9LYA9|CP41A_ARATH Chloroplast stem-loop binding protein of 41 kDa a, chloroplastic OS=Arabidopsis thaliana OX=3702 GN=CSP41A PE=1 SV=1 && PF01370:NAD dependent epimerase/dehydratase family	-
110712792	83.7845536754584	1.4681446666283	0.37060077826561	15.682615552015	7.49095302734679e-05	0.00262203385243307	LOC110712792	NW_018745336.1	17807	27982	+	1073	protein_coding	uncharacterized LOC110712792%2C transcript variant X2 && - && PF11938:TLR4 regulator and MIR-interacting MSAP	-
110715336	1160.59437419511	1.52785531608114	0.385476985910539	15.6834268181449	7.48774059663522e-05	0.00262203385243307	LOC110715336	NW_018745523.1	1422431	1425329	+	1819	protein_coding	cytochrome b561 and DOMON domain-containing protein At4g12980-like && sp|Q9SV71|B561O_ARATH Cytochrome b561 and DOMON domain-containing protein At4g12980 OS=Arabidopsis thaliana OX=3702 GN=At4g12980 PE=2 SV=1 && PF04526:Protein of unknown function (DUF568)|PF03188:Eukaryotic cytochrome b561	bZIP
110724256	282.006092738278	1.01126547935999	0.255601306747978	15.6850679243313	7.48124642327823e-05	0.00262203385243307	LOC110724256	NW_018742738.1	11607880	11616847	+	1116	protein_coding	thioredoxin-like 2%2C chloroplastic && sp|Q5TKD8|TRL2_ORYSJ Thioredoxin-like 2, chloroplastic OS=Oryza sativa subsp. japonica OX=39947 GN=Os05g0200100 PE=2 SV=1 && PF00085:Thioredoxin	HRT-like
110719009	491.771881125679	1.36516777577366	0.344766600638003	15.675727420418	7.51828439488987e-05	0.00262866060885261	LOC110719009	NW_018742204.1	13427549	13433222	+	1552	protein_coding	acyl-acyl carrier protein thioesterase ATL3%2C chloroplastic-like && sp|S4TE15|TE3_HUMLU Acyl-acyl carrier protein thioesterase TE3, chloroplastic OS=Humulus lupulus OX=3486 GN=TE3 PE=2 SV=1 && PF13279:Thioesterase-like superfamily	-
110720182	8.16894497441819	6.22759024895574	1.51705888837985	15.6744732042984	7.52327177539361e-05	0.00262866060885261	LOC110720182	NW_018742541.1	106814	109740	-	1649	pseudogene	- && sp|A0A068Q6L2|C7317_PRUMU Cytochrome P450 736A117 OS=Prunus mume OX=102107 GN=CYP736A117 PE=2 SV=1 && -	HSF
110709676	350.768295626233	1.20913459725667	0.305644680867648	15.6643717590044	7.56356163498301e-05	0.00264038894302834	LOC110709676	NW_018745080.1	1077011	1083307	-	1673	protein_coding	thylakoid lumenal 29 kDa protein%2C chloroplastic-like%2C transcript variant X1 && sp|Q9THX6|TL29_SOLLC Thylakoid lumenal 29 kDa protein, chloroplastic OS=Solanum lycopersicum OX=4081 GN=CLEB3J9 PE=3 SV=1 && PF00141:Peroxidase	MYB_related
110710928	10.4531737480691	4.28348562459144	1.06330087182213	15.6579986840361	7.58909240001493e-05	0.00264694871958958	LOC110710928	NW_018745188.1	489701	521680	+	1538	protein_coding	protein trichome birefringence-like 39 && sp|Q9SIN2|TBL39_ARATH Protein trichome birefringence-like 39 OS=Arabidopsis thaliana OX=3702 GN=TBL39 PE=2 SV=1 && PF13839:GDSL/SGNH-like Acyl-Esterase family found in Pmr5 and Cas1p|PF14416:PMR5 N terminal Domain	BES1
110727747	5.18190436770722	4.75495277284335	1.18843355244383	15.6559891849078	7.59716048905855e-05	0.00264741156953679	LOC110727747	NW_018742914.1	1267132	1267873	+	742	protein_coding	monothiol glutaredoxin-S1-like && sp|Q9SA68|GRXS1_ARATH Monothiol glutaredoxin-S1 OS=Arabidopsis thaliana OX=3702 GN=GRXS1 PE=3 SV=1 && PF00462:Glutaredoxin	-
110709859	13.7615485693883	4.81798607013909	1.18574692960891	15.6427147405304	7.65067425887042e-05	0.0026636961894381	LOC110709859	NW_018745080.1	3567376	3569247	-	1872	protein_coding	aldehyde oxidase GLOX-like && sp|Q9FYG4|GLOX1_ARATH Aldehyde oxidase GLOX1 OS=Arabidopsis thaliana OX=3702 GN=GLOX1 PE=2 SV=1 && PF07250:Glyoxal oxidase N-terminus|PF09118:Domain of unknown function (DUF1929)	NAC
110699350	2.6234283916303	6.36018139556395	1.65380765386785	15.6235720101587	7.72851352477188e-05	0.00268483879256643	LOC110699350	NW_018744582.1	2626364	2628505	+	1812	protein_coding	uncharacterized LOC110699350 && - && -	M-type_MADS
110701035	247.318231051892	1.1470085738343	0.290357331401728	15.6227413613179	7.73190913450115e-05	0.00268483879256643	LOC110701035	NW_018744633.1	3309412	3315307	-	2555	protein_coding	beta-hexosaminidase 3-like && sp|Q8L7S6|HEXO3_ARATH Beta-hexosaminidase 3 OS=Arabidopsis thaliana OX=3702 GN=HEXO3 PE=1 SV=1 && PF14845:beta-acetyl hexosaminidase like|PF00728:Glycosyl hydrolase family 20, catalytic domain	FAR1
110706995	7511.76591867152	1.67806640554275	0.423968499258093	15.615261849098	7.76255231862527e-05	0.00269309820856334	LOC110706995	NW_018744991.1	3038996	3044987	-	2179	protein_coding	BURP domain-containing protein 9-like && sp|Q9XI99|USPL1_ARATH BURP domain protein USPL1 OS=Arabidopsis thaliana OX=3702 GN=USPL1 PE=2 SV=1 && PF03181:BURP domain	-
110684247	247.083461642085	9.94787826286535	2.17499411158746	15.6097111974951	7.78537201083917e-05	0.00269625145486496	LOC110684247	NW_018743697.1	2952411	2953764	+	1354	protein_coding	repetitive proline-rich cell wall protein 1-like && - && -	-
110704593	11.9880349941466	4.56975402353963	1.13423145815317	15.6110752830488	7.77975777126792e-05	0.00269625145486496	LOC110704593	NW_018744855.1	359307	360390	+	749	protein_coding	MLP-like protein 31 && sp|Q941R6|MLP31_ARATH MLP-like protein 31 OS=Arabidopsis thaliana OX=3702 GN=MLP31 PE=2 SV=2 && PF00407:Pathogenesis-related protein Bet v I family	-
110689168	208.580854048445	1.28225923448904	0.324886589620587	15.5914567859362	7.8608960874084e-05	0.00272000856423604	LOC110689168	NW_018743955.1	1983431	1994994	+	1435	protein_coding	homogentisate solanesyltransferase%2C chloroplastic-like && sp|Q0D576|HPT2_ORYSJ Probable homogentisate phytyltransferase 2, chloroplastic OS=Oryza sativa subsp. japonica OX=39947 GN=HPT2 PE=3 SV=2 && PF01040:UbiA prenyltransferase family	-
110705200	34.3693658730629	1.39790769105854	0.354420113726618	15.5802814358009	7.90749522309758e-05	0.00273131978800977	LOC110705200	NW_018742410.1	424520	425904	+	1385	protein_coding	2-hydroxyisoflavanone dehydratase-like && sp|Q5NUF4|HIDM_GLYEC 2-hydroxyisoflavanone dehydratase OS=Glycyrrhiza echinata OX=46348 GN=HIDM PE=1 SV=1 && PF07859:alpha/beta hydrolase fold	MYB_related
110719441	23.0982711355355	2.92766589978225	0.736926907767805	15.5811613297465	7.90381617082713e-05	0.00273131978800977	LOC110719441	NW_018742484.1	3798374	3808276	-	1912	protein_coding	UDP-glycosyltransferase 79B30-like && sp|A0A2R6QXF8|F3GGT_ACTCC Cyanidin 3-O-galactoside 2''-O-xylosyltransferase FGGT1 OS=Actinidia chinensis var. chinensis OX=1590841 GN=F3GGT1 PE=1 SV=2 && PF00201:UDP-glucoronosyl and UDP-glucosyl transferase	GRAS
110711061	3.76006383679336	10.7068605557457	2.65447656631432	15.5703750248126	7.94903543981846e-05	0.00274084696073741	LOC110711061	NW_018745207.1	181615	183146	+	756	protein_coding	pistil-specific extensin-like protein && - && PF01190:Pollen proteins Ole e I like	-
110694192	4927.07882463177	1.14303650993811	0.289975615429298	15.5510705752665	8.03061596662213e-05	0.00275645169704728	LOC110694192	NW_018744239.1	3385613	3390463	+	1687	protein_coding	ATP-citrate synthase alpha chain protein 1 && sp|Q9SGY2|ACLA1_ARATH ATP-citrate synthase alpha chain protein 1 OS=Arabidopsis thaliana OX=3702 GN=ACLA-1 PE=1 SV=1 && PF16114:ATP citrate lyase citrate-binding|PF08442:ATP-grasp domain	-
110698522	55.9467985212573	2.17955310613233	0.550650163649722	15.5497083041512	8.03640463707671e-05	0.00275645169704728	LOC110698522	NW_018744537.1	1118940	1120734	-	1093	protein_coding	uncharacterized LOC110698522 && - && PF03107:C1 domain	LBD
110713789	12.3227367212868	4.02381864228695	1.00928038519385	15.5509242830882	8.03123740184003e-05	0.00275645169704728	LOC110713789	NW_018745448.1	10225303	10225964	-	612	protein_coding	uncharacterized LOC110713789 && - && PF10950:Organ specific protein	-
110692653	2.04930299925801	8.79863830646733	2.26794982441374	15.530241580389	8.11958427929798e-05	0.00278012583610174	LOC110692653	NW_018744128.1	20198	22150	+	1953	protein_coding	alkane hydroxylase MAH1-like && sp|Q9FVS9|C96AF_ARATH Alkane hydroxylase MAH1 OS=Arabidopsis thaliana OX=3702 GN=CYP96A15 PE=2 SV=1 && PF00067:Cytochrome P450	NAC
110719550	119.322630827998	2.59970721689278	0.655727212996482	15.5187683602319	8.16901350084661e-05	0.00279461382594729	LOC110719550	NW_018742484.1	5982928	5989163	-	2875	protein_coding	uncharacterized LOC110719550%2C transcript variant X1 && - && PF12036:Protein of unknown function (DUF3522)	-
110687860	40.9382475215889	2.30430458443941	0.583289511554715	15.5092613735754	8.2102010348798e-05	0.00280625957565565	LOC110687860	NW_018743920.1	1845048	1848562	+	2366	protein_coding	protein SIEVE ELEMENT OCCLUSION B-like && sp|Q9SS87|SEOB_ARATH Protein SIEVE ELEMENT OCCLUSION B OS=Arabidopsis thaliana OX=3702 GN=SEOB PE=1 SV=1 && PF14576:Sieve element occlusion N-terminus|PF14577:Sieve element occlusion C-terminus	bHLH
110709610	31.8233460563936	1.80028118192766	0.457337546472767	15.4873350635095	8.30599174561541e-05	0.00283406788727675	LOC110709610	NW_018745080.1	868898	870351	-	1454	pseudogene	- && sp|O82161|PHI1_TOBAC Protein PHOSPHATE-INDUCED 1 OS=Nicotiana tabacum OX=4097 GN=PHI-1 PE=2 SV=1 && PF04674:Phosphate-induced protein 1 conserved region	MYB
110718713	722.781120159896	1.02339620224801	0.260266762702415	15.4836070922153	8.32238983189214e-05	0.00283480326677295	LOC110718713	NW_018742461.1	2595840	2597949	-	1473	protein_coding	transcription termination factor MTERF6%2C chloroplastic/mitochondrial-like && sp|Q9SZL6|MTEF6_ARATH Transcription termination factor MTERF6, chloroplastic/mitochondrial OS=Arabidopsis thaliana OX=3702 GN=MTERF6 PE=2 SV=1 && PF02536:mTERF	-
110712694	71.7943290883002	1.50442385555883	0.382499631490411	15.4769452309804	8.3517742616808e-05	0.00284228102754757	LOC110712694	NW_018742418.1	8379940	8384884	-	1620	protein_coding	myb family transcription factor PHL8-like%2C transcript variant X1 && sp|F4I274|PHL8_ARATH Myb family transcription factor PHL8 OS=Arabidopsis thaliana OX=3702 GN=PHL8 PE=2 SV=1 && PF14379:MYB-CC type transfactor, LHEQLE motif	G2-like
110714100	206.76888988568	1.28419518790635	0.326641872392285	15.4740910410936	8.36439556796742e-05	0.00284411175013666	LOC110714100	NW_018745454.1	1542976	1549269	-	1277	protein_coding	uracil phosphoribosyltransferase-like && sp|P93394|UPP_TOBAC Uracil phosphoribosyltransferase OS=Nicotiana tabacum OX=4097 GN=UPP PE=2 SV=1 && PF14681:Uracil phosphoribosyltransferase	-
110708728	2.56510778737068	6.86550721794969	1.71820636532269	15.4254405043787	8.58250526224282e-05	0.00290820301263212	LOC110708728	NW_018745024.1	11737195	11744503	-	4713	protein_coding	kinesin-like protein KIN-14I && sp|F4IL57|KN14I_ARATH Kinesin-like protein KIN-14I OS=Arabidopsis thaliana OX=3702 GN=KIN14I PE=2 SV=1 && PF00307:Calponin homology (CH) domain|PF00225:Kinesin motor domain	NAC
110698084	6.17502557186002	6.96002648452818	1.7157754287671	15.4154944082032	8.6277952808966e-05	0.00291851338558701	LOC110698084	NW_018744502.1	6532865	6533892	+	1028	protein_coding	germin-like protein subfamily 1 member 1 && sp|P92998|GL11_ARATH Germin-like protein subfamily 1 member 1 OS=Arabidopsis thaliana OX=3702 GN=GLP7 PE=2 SV=2 && PF00190:Cupin	bZIP
110733325	1211.99031805289	2.15891471275761	0.547355602119193	15.4157325363594	8.62670814840447e-05	0.00291851338558701	LOC110733325	NW_018743199.1	621722	624999	-	1807	protein_coding	ribulose bisphosphate carboxylase/oxygenase activase%2C chloroplastic-like%2C transcript variant X2 && sp|P10871|RCA_SPIOL Ribulose bisphosphate carboxylase/oxygenase activase, chloroplastic OS=Spinacia oleracea OX=3562 PE=1 SV=2 && PF00004:ATPase family associated with various cellular activities (AAA)	Trihelix
110706996	404.434390883725	1.77225429122733	0.45086594243695	15.3924025932009	8.73387441002137e-05	0.00294931599058271	LOC110706996	NW_018744991.1	3051535	3057943	+	1191	protein_coding	glutaminyl-peptide cyclotransferase-like && sp|Q84WV9|QPCT_ARATH Glutaminyl-peptide cyclotransferase OS=Arabidopsis thaliana OX=3702 GN=QCT PE=1 SV=1 && PF05096:Glutamine cyclotransferase	MYB_related
110697163	170.460661964325	1.72758644808458	0.439752170407136	15.3860090375832	8.76347640886772e-05	0.00295676983681668	LOC110697163	NW_018744460.1	1559523	1565323	-	667	protein_coding	CDGSH iron-sulfur domain-containing protein NEET-like && sp|Q9FLI7|NEET_ARATH CDGSH iron-sulfur domain-containing protein NEET OS=Arabidopsis thaliana OX=3702 GN=NEET PE=1 SV=1 && PF09360:Iron-binding zinc finger CDGSH type	-
110701158	892.857140011802	1.2511261220283	0.319041930701177	15.3842368091728	8.77169963620262e-05	0.00295700394688915	LOC110701158	NW_018744633.1	4361848	4367923	+	2483	protein_coding	protein LUTEIN DEFICIENT 5%2C chloroplastic-like && sp|Q93VK5|LUT5_ARATH Protein LUTEIN DEFICIENT 5, chloroplastic OS=Arabidopsis thaliana OX=3702 GN=CYP97A3 PE=1 SV=1 && PF00067:Cytochrome P450	bHLH
110689637	159.21582292781	1.37349309929945	0.350244836660992	15.3775200252124	8.80293638302372e-05	0.00296498902719117	LOC110689637	NW_018743975.1	423400	425911	+	1790	protein_coding	probable inactive patatin-like protein 9 && sp|Q93ZQ3|PLP9_ARATH Probable inactive patatin-like protein 9 OS=Arabidopsis thaliana OX=3702 GN=PLP9 PE=2 SV=1 && PF01734:Patatin-like phospholipase	bHLH
110685985	242.413444863542	1.28910487487499	0.328974664794195	15.3684508310799	8.84529080027783e-05	0.00297651998842358	LOC110685985	NW_018743850.1	3600464	3605666	-	1631	protein_coding	organelle RRM domain-containing protein 1%2C chloroplastic-like && sp|Q8L440|ORRM1_ARATH Organelle RRM domain-containing protein 1, chloroplastic OS=Arabidopsis thaliana OX=3702 GN=ORRM1 PE=1 SV=1 && PF00076:RNA recognition motif. (a.k.a. RRM, RBD, or RNP domain)	bHLH
110686141	176.05644506204	2.01656698757918	0.512747264115147	15.3669479055234	8.85232945402374e-05	0.00297651998842358	LOC110686141	NW_018743850.1	6567948	6579294	-	3570	protein_coding	alpha-1%2C4 glucan phosphorylase L-2 isozyme%2C chloroplastic/amyloplastic-like%2C transcript variant X1 && sp|P53535|PHSL2_SOLTU Alpha-1,4 glucan phosphorylase L-2 isozyme, chloroplastic/amyloplastic OS=Solanum tuberosum OX=4113 GN=STP-1 PE=1 SV=1 && PF00343:Carbohydrate phosphorylase	GeBP
110684446	1547.18003748704	2.31396947130028	0.587129271710544	15.3540685921874	8.91287871597517e-05	0.00298920141599055	LOC110684446	NW_018742271.1	389978	392146	-	1291	protein_coding	mannose/glucose-specific lectin-like && sp|F4HQX1|JAL3_ARATH Jacalin-related lectin 3 OS=Arabidopsis thaliana OX=3702 GN=JAL3 PE=2 SV=1 && PF01419:Jacalin-like lectin domain	B3
110715976	70.9926839743587	2.66197975738918	0.67454645632665	15.3455293883527	8.95325347814838e-05	0.00299506919801807	LOC110715976	NW_018745533.1	3038363	3044206	+	3301	protein_coding	cellulose synthase A catalytic subunit 7 [UDP-forming]-like && sp|Q9SWW6|CESA7_ARATH Cellulose synthase A catalytic subunit 7 [UDP-forming] OS=Arabidopsis thaliana OX=3702 GN=CESA7 PE=1 SV=1 && PF03552:Cellulose synthase|PF14569:Zinc-binding RING-finger	LBD
110713990	25.9120343587007	4.77096132823829	1.18287292287273	15.3419349843507	8.97030340055158e-05	0.00299821893999883	LOC110713990	NW_018745454.1	4883903	4886739	-	1376	protein_coding	caffeic acid 3-O-methyltransferase-like && sp|Q8W013|COMT1_CATRO Caffeic acid 3-O-methyltransferase OS=Catharanthus roseus OX=4058 GN=COMT1 PE=2 SV=1 && PF08100:Dimerisation domain|PF00891:O-methyltransferase domain	-
110684623	191.507915281154	4.76065833855431	1.17335030966453	15.318993266501	9.07989899161025e-05	0.00302455363102213	LOC110684623	NW_018743732.1	24387	41430	-	2200	protein_coding	repetitive proline-rich cell wall protein 2-like && - && -	-
110695416	150.815200898249	2.37654547259407	0.603802194094648	15.3193444598084	9.07821118204597e-05	0.00302455363102213	LOC110695416	NW_018744297.1	1305704	1307436	-	1254	protein_coding	aquaporin PIP2-2-like && sp|Q9ATM4|PIP27_MAIZE Aquaporin PIP2-7 OS=Zea mays OX=4577 GN=PIP2-7 PE=2 SV=1 && PF00230:Major intrinsic protein	C3H
110703458	152.377333809176	2.29149918234087	0.582558635231704	15.322396704589	9.06355560321467e-05	0.00302455363102213	LOC110703458	NW_018744718.1	3617986	3629314	+	1951	protein_coding	protein PIN-LIKES 7-like%2C transcript variant X1 && sp|Q9FKY4|PILS7_ARATH Protein PIN-LIKES 7 OS=Arabidopsis thaliana OX=3702 GN=PILS7 PE=2 SV=1 && PF03547:Membrane transport protein	FAR1
110695900	278.826671636707	1.3211014537679	0.33763902809387	15.3162739645169	9.09297845201392e-05	0.00302634358259273	LOC110695900	NW_018744311.1	303914	307953	+	2481	protein_coding	glucan endo-1%2C3-beta-glucosidase 4-like%2C transcript variant X1 && sp|Q94CD8|E134_ARATH Glucan endo-1,3-beta-glucosidase 4 OS=Arabidopsis thaliana OX=3702 GN=At3g13560 PE=2 SV=1 && PF00332:Glycosyl hydrolases family 17|PF07983:X8 domain	C2H2
110707942	1252.52460243078	1.2738985802097	0.325569611715537	15.3133813121801	9.10691251356843e-05	0.00302841469217081	LOC110707942	NW_018745003.1	3496453	3498745	+	706	protein_coding	chaperone protein DnaJ-like && sp|Q9SN73|BSD2_ARATH Protein BUNDLE SHEATH DEFECTIVE 2, chloroplastic OS=Arabidopsis thaliana OX=3702 GN=BSD2 PE=1 SV=1 && -	bHLH
110728943	24.7336167096494	3.07777286315372	0.779623660984233	15.309796666245	9.12420975961095e-05	0.00303053159704289	LOC110728943	NW_018742966.1	344063	347969	-	1977	protein_coding	phospholipase A1-Igamma2%2C chloroplastic-like && sp|Q3EBR6|PLA16_ARATH Phospholipase A1-Igamma2, chloroplastic OS=Arabidopsis thaliana OX=3702 GN=DALL3 PE=1 SV=2 && PF01764:Lipase (class 3)	Trihelix
110737408	131.480075666042	1.69485621288963	0.432734649079527	15.3065337609551	9.13998322722326e-05	0.00303171082164476	LOC110737408	NW_018743327.1	3133932	3144210	-	1415	protein_coding	7-methylguanosine phosphate-specific 5'-nucleotidase A-like && sp|Q6AYP7|5NT3B_RAT 7-methylguanosine phosphate-specific 5'-nucleotidase OS=Rattus norvegicus OX=10116 GN=Nt5c3b PE=2 SV=2 && PF05822:Pyrimidine 5'-nucleotidase (UMPH-1)	-
110708062	1167.0118970767	1.71979918259053	0.439169171523736	15.2811891484401	9.26344162903193e-05	0.00306489589803682	LOC110708062	NW_018745003.1	5024686	5025363	+	678	protein_coding	uncharacterized LOC110708062 && - && PF06596:Photosystem II reaction centre X protein (PsbX)	-
110712368	27.5422894491437	2.567725090535	0.654440006704715	15.278890569996	9.27472109873759e-05	0.00306604479554479	LOC110712368	NW_018745323.1	2542666	2546486	+	2895	protein_coding	BTB/POZ domain-containing protein At1g67900-like && sp|Q9C9V6|Y1790_ARATH BTB/POZ domain-containing protein At1g67900 OS=Arabidopsis thaliana OX=3702 GN=At1g67900 PE=1 SV=1 && PF03000:NPH3 family	MYB
110739383	199.197035265497	1.57757331539238	0.403417199498779	15.2707738719977	9.31466163548189e-05	0.00307665859049857	LOC110739383	NW_018742244.1	1706443	1708208	-	931	protein_coding	actin-depolymerizing factor 5-like && sp|Q9ZNT3|ADF5_ARATH Actin-depolymerizing factor 5 OS=Arabidopsis thaliana OX=3702 GN=ADF5 PE=1 SV=1 && PF00241:Cofilin/tropomyosin-type actin-binding protein	bHLH
110707272	60.2922783791253	1.44966547341953	0.371334380600067	15.2581052544618	9.3773473750012e-05	0.00309476103746573	LOC110707272	NW_018744996.1	1889645	1902598	+	4015	protein_coding	uncharacterized LOC110707272%2C transcript variant X1 && sp|Q10MI0|SRL2_ORYSJ Protein SEMI-ROLLED LEAF 2 OS=Oryza sativa subsp. japonica OX=39947 GN=SRL2 PE=2 SV=1 && -	C2H2
110730171	637.742291080229	1.10889921344152	0.284089045761256	15.2539957928864	9.39777250075408e-05	0.00309889772814538	LOC110730171	NW_018743021.1	1029856	1035050	-	1583	protein_coding	29 kDa ribonucleoprotein B%2C chloroplastic-like%2C transcript variant X1 && sp|Q39061|CP33_ARATH RNA-binding protein CP33, chloroplastic OS=Arabidopsis thaliana OX=3702 GN=CP33 PE=2 SV=1 && PF00076:RNA recognition motif. (a.k.a. RRM, RBD, or RNP domain)	NF-YA
110738295	6.87965970392993	3.63032175969507	0.927299346390548	15.2329856439916	9.50290023718211e-05	0.00312831015100463	LOC110738295	NW_018743389.1	4109610	4111449	-	1840	pseudogene	- && sp|Q9FF86|DCR_ARATH BAHD acyltransferase DCR OS=Arabidopsis thaliana OX=3702 GN=DCR PE=2 SV=1 && PF02458:Transferase family	NAC
110735801	574.515309548294	2.05097608242926	0.523676354985274	15.2250433529655	9.54294832717891e-05	0.00313886272741455	LOC110735801	NW_018743285.1	4239629	4242365	+	830	protein_coding	basic blue protein-like && sp|P60496|BABL_LILLO Chemocyanin OS=Lilium longiflorum OX=4690 PE=1 SV=1 && PF02298:Plastocyanin-like domain	MYB
110695711	14.2887953998175	3.37756083277905	0.858279052908208	15.2117544756337	9.61033615455338e-05	0.00315838269286841	LOC110695711	NW_018742358.1	41837	45585	+	1881	protein_coding	cytochrome P450 76AD1-like && sp|W8JMV1|CYT24_CATRO Cytochrome P450 76T24 OS=Catharanthus roseus OX=4058 GN=CYP76T24 PE=2 SV=1 && PF00067:Cytochrome P450	MYB
110698231	3.62590465952102	9.3547072935086	2.33712421965134	15.1924340279739	9.70916521113628e-05	0.00318287183085939	LOC110698231	NW_018742204.1	22326927	22328739	-	1085	protein_coding	uncharacterized LOC110698231 && - && -	-
110709049	3534.64843539805	1.3985853450763	0.358752537806964	15.186526655057	9.73958662737943e-05	0.00319018169822412	LOC110709049	NW_018742418.1	1968337	1973188	+	1698	protein_coding	ATP-citrate synthase alpha chain protein 1-like && sp|Q9SGY2|ACLA1_ARATH ATP-citrate synthase alpha chain protein 1 OS=Arabidopsis thaliana OX=3702 GN=ACLA-1 PE=1 SV=1 && PF08442:ATP-grasp domain|PF16114:ATP citrate lyase citrate-binding	-
110698572	57.2020658251525	1.43151738169176	0.367732424231937	15.1816660588381	9.76468933842992e-05	0.00319128392570117	LOC110698572	NW_018744537.1	1588894	1593680	+	2070	protein_coding	peptidyl-prolyl cis-trans isomerase CYP40-like && sp|Q9C566|CYP40_ARATH Peptidyl-prolyl cis-trans isomerase CYP40 OS=Arabidopsis thaliana OX=3702 GN=CYP40 PE=2 SV=1 && PF07719:Tetratricopeptide repeat|PF00160:Cyclophilin type peptidyl-prolyl cis-trans isomerase/CLD	FAR1
110718236	73.3158136906825	1.31974172090828	0.33894462365326	15.1812544148247	9.76681827583855e-05	0.00319128392570117	LOC110718236	NW_018742455.1	1093096	1095394	-	1416	protein_coding	dehydrodolichyl diphosphate synthase 2-like && sp|K7X479|CPT5_SOLLC Dehydrodolichyl diphosphate synthase CPT5, chloroplastic OS=Solanum lycopersicum OX=4081 GN=CPT5 PE=1 SV=1 && PF01255:Putative undecaprenyl diphosphate synthase	-
110685319	180.418832254327	1.11405760883551	0.286149439858297	15.1757139362409	9.79551797495317e-05	0.00319783356134942	LOC110685319	NW_018743812.1	129746	134971	-	3226	protein_coding	uncharacterized LOC110685319%2C transcript variant X1 && - && PF07287:Acyclic terpene utilisation family protein AtuA	-
110689629	500.827081013616	1.6203696881322	0.415733723746369	15.1574667718828	9.89063974998061e-05	0.00322352775851443	LOC110689629	NW_018743975.1	364868	368870	+	1885	protein_coding	flagellar radial spoke protein 5-like%2C transcript variant X2 && sp|A1UEC6|Y1985_MYCSK Uncharacterized oxidoreductase Mkms_1985 OS=Mycobacterium sp. (strain KMS) OX=189918 GN=Mkms_1985 PE=3 SV=1 && PF00248:Aldo/keto reductase family	HD-ZIP
110707750	31.8905089024755	2.31034387185729	0.592196295065157	15.1498764160354	9.930481241509e-05	0.00322847508110748	LOC110707750	NW_018745003.1	1059546	1063112	+	1681	protein_coding	rac-like GTP-binding protein ARAC7 && sp|O82480|RAC7_ARATH Rac-like GTP-binding protein ARAC7 OS=Arabidopsis thaliana OX=3702 GN=ARAC7 PE=1 SV=1 && PF00071:Ras family	bZIP
110697198	77.5145371598264	1.534084640562	0.394206820934905	15.1454626982975	9.95372290240563e-05	0.00323335450410402	LOC110697198	NW_018744460.1	1921889	1923903	-	736	lncRNA	uncharacterized LOC110697198 && - && -	-
110690316	7.21634139866384	6.35527761860257	1.56632974102095	15.1328540006304	0.000100204195167869	0.00324696316569945	LOC110690316	NW_018744026.1	5149517	5153307	-	1604	protein_coding	peroxidase 57-like && sp|P22196|PER2_ARAHY Cationic peroxidase 2 OS=Arachis hypogaea OX=3818 GN=PNC2 PE=2 SV=1 && PF00141:Peroxidase	NAC
110690923	123.705592398199	1.47197148574922	0.378399276326591	15.1331450594653	0.000100188748342093	0.00324696316569945	LOC110690923	NW_018742329.1	5945571	5948146	-	1192	pseudogene	- && sp|O04147|CPD_ARATH Cyclic phosphodiesterase OS=Arabidopsis thaliana OX=3702 GN=At4g18930 PE=1 SV=1 && PF07823:Cyclic phosphodiesterase-like protein	FAR1
110698601	15.7185927264571	3.65483697589215	0.926904439698282	15.135650609942	0.000100055874972524	0.00324696316569945	LOC110698601	NW_018744537.1	1858126	1863056	-	1680	protein_coding	uncharacterized protein At4g15970-like && sp|P0C042|Y4597_ARATH Uncharacterized protein At4g15970 OS=Arabidopsis thaliana OX=3702 GN=At4g15970 PE=2 SV=1 && PF03407:Nucleotide-diphospho-sugar transferase	-
110735060	100.001285951668	2.53794147464712	0.648097064027117	15.1256517223812	0.000100587192697717	0.00325495767010536	LOC110735060	NW_018743252.1	4468096	4480262	-	2931	protein_coding	potassium channel SKOR-like && sp|Q9M8S6|SKOR_ARATH Potassium channel SKOR OS=Arabidopsis thaliana OX=3702 GN=SKOR PE=1 SV=1 && PF13857:Ankyrin repeats (many copies)|PF11834:KHA, dimerisation domain of potassium ion channel|PF00027:Cyclic nucleotide-binding domain|PF00520:Ion transport protein|PF12796:Ankyrin repeats (3 copies)	bZIP
110730571	100.956429782672	1.05117409014801	0.270560036698395	15.1225478912415	0.000100752699896929	0.00325667554160665	LOC110730571	NW_018743033.1	2104624	2117778	-	3029	protein_coding	uncharacterized protein YNL011C-like%2C transcript variant X1 && sp|P53980|YNB1_YEAST Uncharacterized protein YNL011C OS=Saccharomyces cerevisiae (strain ATCC 204508 / S288c) OX=559292 GN=YNL011C PE=1 SV=1 && PF01933:Uncharacterised protein family UPF0052	-
110701250	47.2187211934791	2.32076549620265	0.59450874728499	15.113751503767	0.000101223244723008	0.00326650820871546	LOC110701250	NW_018744633.1	5330209	5332610	-	515	protein_coding	hydrophobic protein RCI2B && sp|Q9ZNS6|RCI2B_ARATH Hydrophobic protein RCI2B OS=Arabidopsis thaliana OX=3702 GN=RCI2B PE=2 SV=1 && -	-
110736364	51.3516346464578	3.8688042417138	0.974247654031753	15.1148879771154	0.000101162327205781	0.00326650820871546	LOC110736364	NW_018743292.1	2614597	2617492	+	2132	protein_coding	endoglucanase 12-like && sp|Q7XUK4|GUN12_ORYSJ Endoglucanase 12 OS=Oryza sativa subsp. japonica OX=39947 GN=GLU3 PE=2 SV=2 && PF00759:Glycosyl hydrolase family 9	WRKY
110703303	149.876833350349	1.91795395290199	0.492290822652902	15.1108899592471	0.000101376793472201	0.00326877734813937	LOC110703303	NW_018744718.1	1631032	1633460	+	1834	pseudogene	- && sp|Q9FMF5|RPT3_ARATH Root phototropism protein 3 OS=Arabidopsis thaliana OX=3702 GN=RPT3 PE=1 SV=2 && -	MYB_related
110715193	353.625121302928	1.14638730085963	0.29510074140181	15.1090276093029	0.000101476851945778	0.00326931944747051	LOC110715193	NW_018745482.1	633330	642645	+	1542	protein_coding	maf-like protein DDB_G0281937%2C transcript variant X1 && sp|Q54TC5|NTPPB_DICDI 7-methyl-GTP pyrophosphatase OS=Dictyostelium discoideum OX=44689 GN=DDB_G0281937 PE=3 SV=1 && PF02545:Maf-like protein	MYB_related
110705166	56.8208382417671	1.19388276953384	0.307439942360854	15.1030797647117	0.000101797077856843	0.00327158481069704	LOC110705166	NW_018742204.1	5389917	5393777	+	762	protein_coding	uncharacterized LOC110705166 && - && -	-
110719868	196.997119580267	1.02773937792109	0.264704748040366	15.1047312289808	0.000101708062850794	0.00327158481069704	LOC110719868	NW_018742204.1	15765240	15773459	+	2029	protein_coding	uncharacterized LOC110719868%2C transcript variant X2 && - && PF13483:Beta-lactamase superfamily domain	-
110712524	266.285151009468	1.23811416373341	0.318791405021651	15.0974025640428	0.000102103681160353	0.00327875541309119	LOC110712524	NW_018745323.1	834154	839215	+	3016	protein_coding	lipoxygenase 6%2C chloroplastic-like && sp|Q9CAG3|LOX6_ARATH Lipoxygenase 6, chloroplastic OS=Arabidopsis thaliana OX=3702 GN=LOX6 PE=2 SV=1 && PF00305:Lipoxygenase|PF01477:PLAT/LH2 domain	NF-YA
110718375	51.9449100030903	1.63663488039823	0.42124505095928	15.0896576184053	0.000102523454567625	0.00328686010713006	LOC110718375	NW_018742455.1	1722646	1725728	-	2075	protein_coding	trihelix transcription factor ASIL2-like && sp|Q9LJG8|ASIL2_ARATH Trihelix transcription factor ASIL2 OS=Arabidopsis thaliana OX=3702 GN=ASIL2 PE=1 SV=1 && PF13837:Myb/SANT-like DNA-binding domain	Trihelix
110734457	32.4317644679391	2.13641066185386	0.549101994114019	15.0900980581282	0.000102499536375683	0.00328686010713006	LOC110734457	NW_018743212.1	3316850	3328061	+	2305	protein_coding	sulfate transporter 3.1-like%2C transcript variant X1 && sp|Q9SV13|SUT31_ARATH Sulfate transporter 3.1 OS=Arabidopsis thaliana OX=3702 GN=SULTR3;1 PE=2 SV=1 && PF01740:STAS domain|PF00916:Sulfate permease family	MIKC_MADS
110700033	1219.71151979906	1.03978235307241	0.267928810190026	15.0819575002773	0.000102942520146379	0.00329760325751121	LOC110700033	NW_018744616.1	1406291	1410143	-	1950	protein_coding	protein GrpE-like%2C transcript variant X1 && sp|Q8DJB3|GRPE_THEEB Protein GrpE OS=Thermosynechococcus elongatus (strain BP-1) OX=197221 GN=grpE PE=3 SV=1 && PF01025:GrpE	ARF
110717163	163.001290156681	2.10054142921692	0.539316049215699	15.068412357209	0.000103683878994363	0.00331864464526944	LOC110717163	NW_018745666.1	79470	82783	-	1574	protein_coding	serine--glyoxylate aminotransferase-like%2C transcript variant X2 && sp|Q56YA5|SGAT_ARATH Serine--glyoxylate aminotransferase OS=Arabidopsis thaliana OX=3702 GN=AGT1 PE=1 SV=2 && PF00266:Aminotransferase class-V	-
110684331	7.19418127738402	5.00161783442464	1.25764115091826	15.0634301109943	0.00010395791921324	0.00332200110761723	LOC110684331	NW_018743697.1	3803210	3807139	+	2111	protein_coding	fructan 6-exohydrolase-like && sp|Q70XE6|6FEH_BETVU Fructan 6-exohydrolase OS=Beta vulgaris OX=161934 GN=6-FEH PE=1 SV=1 && PF00251:Glycosyl hydrolases family 32 N-terminal domain|PF08244:Glycosyl hydrolases family 32 C terminal	-
110730849	388.936946557805	1.15121728316092	0.296896660099241	15.0536878082482	0.000104495886591812	0.00333647719847175	LOC110730849	NW_018743050.1	730452	733845	-	1351	protein_coding	probable aldo-keto reductase 4%2C transcript variant X1 && sp|Q7XT99|AKR2_ORYSJ Probable aldo-keto reductase 2 OS=Oryza sativa subsp. japonica OX=39947 GN=Os04g0338000 PE=2 SV=2 && PF00248:Aldo/keto reductase family	bHLH
110710981	62.9841814454878	2.12679409662418	0.54660984645763	15.0356241073857	0.000105500784235205	0.00336309439875748	LOC110710981	NW_018745195.1	194266	196949	-	2684	protein_coding	uncharacterized LOC110710981 && - && -	NAC
110702377	33.535314220579	1.45809197392384	0.376411297922123	15.0310463665052	0.000105756988550599	0.00336852734091459	LOC110702377	NW_018742393.1	627267	629930	-	1155	protein_coding	chorismate mutase 2-like && sp|D2CSU5|CM2_PETHY Chorismate mutase 2 OS=Petunia hybrida OX=4102 GN=CM2 PE=1 SV=1 && -	-
110704833	140.483021865488	1.53335560532203	0.395549069970604	15.0212882510773	0.000106305217074026	0.00337777086581573	LOC110704833	NW_018744858.1	3709755	3722863	-	2224	protein_coding	external alternative NAD(P)H-ubiquinone oxidoreductase B1%2C mitochondrial-like && sp|M1BYJ7|ENDB1_SOLTU External alternative NAD(P)H-ubiquinone oxidoreductase B1, mitochondrial OS=Solanum tuberosum OX=4113 GN=NDB1 PE=3 SV=1 && PF07992:Pyridine nucleotide-disulphide oxidoreductase	-
110701848	23.1256966914032	3.15954915239101	0.807038621932844	15.0173269632992	0.000106528584776567	0.0033821318592806	LOC110701848	NW_018744662.1	2041455	2045731	+	2373	protein_coding	WUSCHEL-related homeobox 1-like && sp|Q6X7K0|WOX1_ARATH WUSCHEL-related homeobox 1 OS=Arabidopsis thaliana OX=3702 GN=WOX1 PE=2 SV=2 && PF00046:Homeodomain	WOX
110696652	81.5211595758048	2.06135586002158	0.530607549407674	15.0040243566538	0.000107282149930962	0.0034030302992098	LOC110696652	NW_018744367.1	9514860	9540724	-	2146	protein_coding	beta-hexosaminidase 1-like && sp|A7WM73|HEXO1_ARATH Beta-hexosaminidase 1 OS=Arabidopsis thaliana OX=3702 GN=HEXO1 PE=1 SV=1 && PF00728:Glycosyl hydrolase family 20, catalytic domain|PF14845:beta-acetyl hexosaminidase like	FAR1
110735212	34.4046584873839	3.48550764158739	0.886945640964858	15.0026530862016	0.000107360133952612	0.0034030302992098	LOC110735212	NW_018743252.1	10156234	10157775	-	893	protein_coding	SKP1-like protein 1A && sp|Q6PL11|SKP1_ORYSJ SKP1-like protein 1 OS=Oryza sativa subsp. japonica OX=39947 GN=SKP1 PE=1 SV=1 && PF03931:Skp1 family, tetramerisation domain|PF01466:Skp1 family, dimerisation domain	Nin-like
110694161	258.767382309	1.65041229372718	0.425672975816116	14.9973180103128	0.000107664082392427	0.00340991250628855	LOC110694161	NW_018744239.1	2910315	2913701	-	1412	protein_coding	2-methylene-furan-3-one reductase-like && sp|K4BW79|ENOX_SOLLC 2-methylene-furan-3-one reductase OS=Solanum lycopersicum OX=4081 GN=EO PE=1 SV=1 && PF13602:Zinc-binding dehydrogenase|PF08240:Alcohol dehydrogenase GroES-like domain	HB-other
110723917	273.03025707518	2.40710863064222	0.618058007551108	14.9821364261485	0.000108533750572652	0.00342214690691478	LOC110723917	NW_018742733.1	3808294	3810883	+	1622	protein_coding	chloroplast stem-loop binding protein of 41 kDa a%2C chloroplastic-like && sp|Q9LYA9|CP41A_ARATH Chloroplast stem-loop binding protein of 41 kDa a, chloroplastic OS=Arabidopsis thaliana OX=3702 GN=CSP41A PE=1 SV=1 && PF01370:NAD dependent epimerase/dehydratase family	-
110730940	11893.3982618567	1.00241830135465	0.259172468771321	14.9814507783575	0.000108573193950445	0.00342214690691478	LOC110730940	NW_018743050.1	3336090	3340542	+	2255	protein_coding	ruBisCO large subunit-binding protein subunit alpha-like && sp|P08926|RUBA_PEA RuBisCO large subunit-binding protein subunit alpha, chloroplastic OS=Pisum sativum OX=3888 PE=1 SV=2 && PF00118:TCP-1/cpn60 chaperonin family	CO-like
110715624	381.281495494457	1.05848054267374	0.273788777857038	14.971361227722	0.000109155288285535	0.00343621236448361	LOC110715624	NW_018742433.1	1570252	1575580	+	1361	protein_coding	acyl-acyl carrier protein thioesterase ATL3%2C chloroplastic-like && sp|S4TE15|TE3_HUMLU Acyl-acyl carrier protein thioesterase TE3, chloroplastic OS=Humulus lupulus OX=3486 GN=TE3 PE=2 SV=1 && PF13279:Thioesterase-like superfamily	-
110732999	16.3337321907182	3.54866578661409	0.906233983191747	14.9691732935364	0.000109281930161689	0.00343621236448361	LOC110732999	NW_018743196.1	795797	800823	+	2913	protein_coding	long chain acyl-CoA synthetase 1-like%2C transcript variant X2 && sp|O22898|LACS1_ARATH Long chain acyl-CoA synthetase 1 OS=Arabidopsis thaliana OX=3702 GN=LACS1 PE=2 SV=1 && PF00501:AMP-binding enzyme	WRKY
110731872	64.4083387089552	3.09414366773487	0.790846734769253	14.9557295366191	0.00011006333345203	0.00345801383572925	LOC110731872	NW_018743099.1	2256305	2259188	+	1481	protein_coding	uncharacterized LOC110731872 && - && -	-
110719427	56.6686202445165	1.41474243483125	0.366089011479311	14.9477679721916	0.000110528739287041	0.00346801154282446	LOC110719427	NW_018742484.1	3557608	3561958	-	1672	protein_coding	protein STAY-GREEN 1%2C chloroplastic-like && sp|A9YF60|SGR_CAPAN Protein STAY-GREEN homolog, chloroplastic OS=Capsicum annuum OX=4072 GN=SGR PE=1 SV=2 && PF12638:Staygreen protein	MIKC_MADS
110724734	230.558427565296	1.78029110403218	0.459667439954307	14.9472658871413	0.000110558155771554	0.00346801154282446	LOC110724734	NW_018742770.1	3171315	3175622	+	1638	protein_coding	protein WALLS ARE THIN 1-like && sp|Q94AP3|WAT1_ARATH Protein WALLS ARE THIN 1 OS=Arabidopsis thaliana OX=3702 GN=WAT1 PE=1 SV=1 && PF00892:EamA-like transporter family	ERF
110687491	10.100409503156	3.44195950802802	0.883550339864244	14.9388534548905	0.000111052202546357	0.00347932858327735	LOC110687491	NW_018743919.1	4284712	4286481	+	716	protein_coding	acyl carrier protein 3%2C mitochondrial-like && sp|Q9FGJ4|ACPM3_ARATH Acyl carrier protein 3, mitochondrial OS=Arabidopsis thaliana OX=3702 GN=MTACP2 PE=1 SV=1 && PF00550:Phosphopantetheine attachment site	bHLH
110693896	1168.03158190726	1.43572001812985	0.371291192022801	14.9381074168173	0.000111096123123515	0.00347932858327735	LOC110693896	NW_018744167.1	2272246	2274564	+	2319	protein_coding	UDP-glycosyltransferase 88B1-like && sp|Q6VAA7|U88B1_STERE UDP-glycosyltransferase 88B1 OS=Stevia rebaudiana OX=55670 GN=UGT88B1 PE=2 SV=1 && PF00201:UDP-glucoronosyl and UDP-glucosyl transferase	bHLH
110702116	164.526628845605	1.08526566833224	0.281194566512744	14.9227427481105	0.000112004566352816	0.00349563777089913	LOC110702116	NW_018744662.1	3725038	3727708	+	1829	protein_coding	F-box/LRR-repeat protein 4-like && - && -	-
110707960	689.731162752136	1.41135150446129	0.365239404521073	14.9217768563215	0.000112061924313447	0.00349563777089913	LOC110707960	NW_018745003.1	3681211	3681865	-	655	protein_coding	histone H2B-like && sp|O22582|H2B_GOSHI Histone H2B OS=Gossypium hirsutum OX=3635 GN=HIS2B PE=2 SV=3 && PF00125:Core histone H2A/H2B/H3/H4	-
110711411	380.397009523429	1.13339335788428	0.293578852009595	14.9236984434671	0.000111947842974496	0.00349563777089913	LOC110711411	NW_018745272.1	169909	178341	-	2020	pseudogene	- && sp|Q94FY7|TOCC_ARATH Tocopherol cyclase, chloroplastic OS=Arabidopsis thaliana OX=3702 GN=VTE1 PE=1 SV=1 && -	-
110727125	68.8387350056563	4.45218118088522	1.12436581657443	14.923844153339	0.000111939197198329	0.00349563777089913	LOC110727125	NW_018742899.1	2158713	2160788	+	1953	protein_coding	cytochrome P450 71A6-like && sp|O04164|C71A6_NEPRA Cytochrome P450 71A6 (Fragment) OS=Nepeta racemosa OX=54731 GN=CYP71A6 PE=2 SV=1 && PF00067:Cytochrome P450	HSF
110736184	1044.85873947937	2.98162753236801	0.76283232031568	14.9125860959796	0.000112609184380114	0.00350801882584209	LOC110736184	NW_018743292.1	929730	932054	+	1261	protein_coding	oxygen-evolving enhancer protein 1%2C chloroplastic && sp|P12359|PSBO_SPIOL Oxygen-evolving enhancer protein 1, chloroplastic OS=Spinacia oleracea OX=3562 GN=PSBO PE=1 SV=1 && PF01716:Manganese-stabilising protein / photosystem II polypeptide	Nin-like
110719954	14.5940755269222	4.13348569773757	1.05212546582008	14.8963696000991	0.000113581357976643	0.00353181367523095	LOC110719954	NW_018742523.1	1055985	1059792	+	3515	protein_coding	receptor protein-tyrosine kinase CEPR1-like && sp|Q9FGL5|CEPR1_ARATH Receptor protein-tyrosine kinase CEPR1 OS=Arabidopsis thaliana OX=3702 GN=CEPR1 PE=1 SV=1 && PF00069:Protein kinase domain	MYB_related
110710922	67.0450056304665	1.52129601312388	0.394254515281355	14.8914645286228	0.000113877076186108	0.00353820760526662	LOC110710922	NW_018742418.1	5317727	5322595	+	2774	protein_coding	65-kDa microtubule-associated protein 8-like && sp|Q9C7G0|MA658_ARATH 65-kDa microtubule-associated protein 8 OS=Arabidopsis thaliana OX=3702 GN=MAP65-8 PE=1 SV=2 && PF03999:Microtubule associated protein (MAP65/ASE1 family)	LBD
110733358	6.11011166927805	3.92834631024801	1.01385569815796	14.8883118966884	0.000114067551863067	0.00354132408246501	LOC110733358	NW_018743199.1	1147296	1150969	-	3012	protein_coding	rop guanine nucleotide exchange factor 7-like%2C transcript variant X1 && sp|F4K295|ROGF5_ARATH Rop guanine nucleotide exchange factor 5 OS=Arabidopsis thaliana OX=3702 GN=ROPGEF5 PE=2 SV=1 && PF03759:PRONE (Plant-specific Rop nucleotide exchanger)	bHLH
110692895	3.48086618458241	10.6865275907925	2.74037900098312	14.8849699183718	0.000114269817634512	0.00354480138069527	LOC110692895	NW_018744128.1	1522709	1525144	+	896	protein_coding	uncharacterized LOC110692895 && - && -	-
110705488	31.6168634496736	2.50004545068224	0.646489069085833	14.86029351565	0.000115774518680002	0.00358469431735294	LOC110705488	NW_018744878.1	2274988	2280435	+	1781	protein_coding	vacuolar-processing enzyme alpha-isozyme-like && sp|Q39119|VPEG_ARATH Vacuolar-processing enzyme gamma-isozyme OS=Arabidopsis thaliana OX=3702 GN=At4g32940 PE=1 SV=2 && PF01650:Peptidase C13 family	-
110711978	120.731316328232	2.7740709394015	0.712987556063866	14.859395842745	0.000115829630757031	0.00358469431735294	LOC110711978	NW_018745286.1	5233632	5242752	+	2019	protein_coding	L-ascorbate oxidase-like && sp|Q40588|ASO_TOBAC L-ascorbate oxidase OS=Nicotiana tabacum OX=4097 GN=AAO PE=2 SV=1 && PF07732:Multicopper oxidase|PF00394:Multicopper oxidase|PF07731:Multicopper oxidase	bHLH
110719232	6.99161490449444	4.89618514127252	1.24990627994396	14.8513619127048	0.000116324046218574	0.00359716084026932	LOC110719232	NW_018742484.1	6951645	6953905	-	999	protein_coding	aluminum-activated malate transporter 9-like && sp|Q9LS46|ALMT9_ARATH Aluminum-activated malate transporter 9 OS=Arabidopsis thaliana OX=3702 GN=ALMT9 PE=2 SV=1 && PF11744:Aluminium activated malate transporter	-
110692943	12.4653631361669	3.92008788773945	1.01159200892375	14.8437775369713	0.000116792744884482	0.00360597599830838	LOC110692943	NW_018744137.1	446884	449588	-	2585	protein_coding	defensin Ec-AMP-D2-like && sp|A3FPF2|DEF_NELNU Defensin-like protein OS=Nelumbo nucifera OX=4432 PE=3 SV=1 && -	-
110736278	92.3548023697805	1.87237526297838	0.485305071971964	14.841888317885	0.00011690979013385	0.00360675427174133	LOC110736278	NW_018743292.1	1893098	1896728	+	1660	protein_coding	serine--glyoxylate aminotransferase%2C transcript variant X1 && sp|Q56YA5|SGAT_ARATH Serine--glyoxylate aminotransferase OS=Arabidopsis thaliana OX=3702 GN=AGT1 PE=1 SV=2 && PF00266:Aminotransferase class-V	-
110702524	16.4184897004559	4.25578655487429	1.0838747084442	14.8278673705571	0.000117782145956164	0.00362389724826356	LOC110702524	NW_018744693.1	1826463	1831458	-	3290	protein_coding	phospholipase D gamma 1-like%2C transcript variant X1 && sp|P93733|PLDB1_ARATH Phospholipase D beta 1 OS=Arabidopsis thaliana OX=3702 GN=PLDBETA1 PE=1 SV=4 && -	TALE
110692377	11.3071291097122	4.95718338154759	1.25323581279262	14.8187440054105	0.00011835329978312	0.0036313196424863	LOC110692377	NW_018744100.1	1418793	1420540	+	1457	protein_coding	uncharacterized LOC110692377 && sp|Q9FH13|RRAA3_ARATH Putative 4-hydroxy-4-methyl-2-oxoglutarate aldolase 3 OS=Arabidopsis thaliana OX=3702 GN=At5g56260 PE=1 SV=1 && PF00407:Pathogenesis-related protein Bet v I family|PF03737:Aldolase/RraA	-
110725601	7.91116466304165	2.75849098027977	0.719364128736544	14.8190269983687	0.000118335541628899	0.0036313196424863	LOC110725601	NW_018742815.1	798062	802382	-	1524	protein_coding	nucleotide-sugar uncharacterized transporter 3-like && sp|A8MRY9|UGNT1_ARATH UDP-N-acetylglucosamine transporter UGNT1 OS=Arabidopsis thaliana OX=3702 GN=UGNT1 PE=1 SV=1 && PF03151:Triose-phosphate Transporter family	-
110732686	2554.84934809745	1.07160832119619	0.278636054171436	14.8083922077876	0.000119004734820558	0.00364561072590309	LOC110732686	NW_018743175.1	5030874	5032523	+	593	protein_coding	acyl-CoA-binding protein-like && sp|Q75G87|ACBP3_ORYSJ Acyl-CoA-binding domain-containing protein 3 OS=Oryza sativa subsp. japonica OX=39947 GN=ACBP3 PE=2 SV=1 && -	MYB_related
110681979	307.545961711779	1.90331819787177	0.493488228461905	14.7961873118938	0.000119777422677917	0.00366642145037398	LOC110681979	NW_018743574.1	2200856	2201998	+	748	protein_coding	photosystem I reaction center subunit N%2C chloroplastic-like && sp|P49107|PSAN_ARATH Photosystem I reaction center subunit N, chloroplastic OS=Arabidopsis thaliana OX=3702 GN=PSAN PE=1 SV=2 && PF05479:Photosystem I reaction centre subunit N (PSAN or PSI-N)	MYB_related
110690381	26.1315307927077	2.42132192964688	0.627741620960319	14.78760093174	0.000120324047903764	0.00367971889085411	LOC110690381	NW_018744041.1	109163	115899	+	3231	protein_coding	uncharacterized LOC110690381 && - && PF07891:Protein of unknown function (DUF1666)	NAC
110696208	177.290873271794	1.87790702756988	0.487274031124461	14.7826347213495	0.00012064135177458	0.00368425179490131	LOC110696208	NW_018744311.1	2754191	2755791	-	1511	pseudogene	- && - && -	GRAS
110699531	1.31694736851765	7.8749783896634	2.19890095966444	14.7641116552176	0.0001218322856948	0.00371414898835931	LOC110699531	NW_018744589.1	116762	117286	+	525	protein_coding	uncharacterized LOC110699531 && - && PF04819:Family of unknown function (DUF716)	-
110720932	14.9887268819273	3.85143883389577	0.989985086168624	14.7630011919736	0.000121904057392997	0.00371414898835931	LOC110720932	NW_018742577.1	2085391	2086520	-	1130	protein_coding	glycine-rich protein 5-like && - && -	-
110732706	275.078092685214	1.38668543734192	0.360986769088612	14.7578596259086	0.000122236923344899	0.00372140363606529	LOC110732706	NW_018743175.1	5249792	5256640	-	2078	protein_coding	uncharacterized LOC110732706 && sp|P45168|POTD1_HAEIN Spermidine/putrescine-binding periplasmic protein 1 OS=Haemophilus influenzae (strain ATCC 51907 / DSM 11121 / KW20 / Rd) OX=71421 GN=potD-B PE=3 SV=1 && PF13343:Bacterial extracellular solute-binding protein	Trihelix
110729364	2.60287932712851	9.54538792640036	2.4607374356889	14.7528683439784	0.000122560935091092	0.00372520516274171	LOC110729364	NW_018742980.1	1450166	1454050	-	1789	protein_coding	UPF0481 protein At3g47200-like && sp|Q9SD53|Y3720_ARATH UPF0481 protein At3g47200 OS=Arabidopsis thaliana OX=3702 GN=At3g47200 PE=2 SV=1 && PF03140:Plant protein of unknown function	CPP
110738365	153.376472486173	2.02921289360469	0.527011501547718	14.7479175070648	0.000122883175420084	0.00372951387038097	LOC110738365	NW_018743389.1	575794	594231	+	3640	protein_coding	protein LNK2-like%2C transcript variant X2 && sp|F4JCX9|LNK2_ARATH Protein LNK2 OS=Arabidopsis thaliana OX=3702 GN=LNK2 PE=1 SV=1 && -	-
110715013	151.581847343983	1.28157049704004	0.333958739593394	14.7399656216844	0.000123402534195522	0.00374238434398514	LOC110715013	NW_018745461.1	608443	613896	-	1772	protein_coding	protein ECERIFERUM 26-like && sp|Q9SVM9|CER26_ARATH Protein ECERIFERUM 26 OS=Arabidopsis thaliana OX=3702 GN=CER26 PE=2 SV=1 && PF02458:Transferase family	C3H
110724843	2.48229618181454	4.86780790529301	1.29193424799987	14.7314440583546	0.000123961553252062	0.00375064875259494	LOC110724843	NW_018742770.1	4241770	4245278	-	1388	protein_coding	uncharacterized LOC110724843 && - && -	-
110732416	1803.21017293466	1.01154734055662	0.263746863900504	14.7317581537088	0.000123940903251456	0.00375064875259494	LOC110732416	NW_018743175.1	2211513	2213818	+	1220	protein_coding	light-harvesting complex-like protein 3 isotype 1%2C chloroplastic && sp|Q9SYX1|LIL31_ARATH Light-harvesting complex-like protein 3 isotype 1, chloroplastic OS=Arabidopsis thaliana OX=3702 GN=LIL3.1 PE=1 SV=1 && -	GATA
110723736	330.647161604021	1.39280833390003	0.363084513980249	14.7137727324178	0.000125128939718793	0.00378305531145202	LOC110723736	NW_018742733.1	1004704	1005556	+	853	protein_coding	uncharacterized LOC110723736 && - && -	RAV
110733519	58.8737731977287	1.34965246732659	0.352370204979711	14.70639418248	0.000125619643906877	0.00378714165917194	LOC110733519	NW_018743199.1	3027431	3030303	+	1573	protein_coding	staphylococcal-like nuclease CAN1 && sp|F4IH31|CAN2_ARATH Staphylococcal-like nuclease CAN2 OS=Arabidopsis thaliana OX=3702 GN=CAN2 PE=1 SV=1 && PF00565:Staphylococcal nuclease homologue	C2H2
110695752	200.810442453529	1.40713832897751	0.366950736817189	14.697742565508	0.000126197480360365	0.00379713381907359	LOC110695752	NW_018742358.1	85650	87440	+	1256	protein_coding	probable carboxylesterase 8 && sp|O64640|CXE8_ARATH Probable carboxylesterase 8 OS=Arabidopsis thaliana OX=3702 GN=CXE8 PE=2 SV=1 && PF07859:alpha/beta hydrolase fold	Trihelix
110703467	83.2499533006443	1.45891314589834	0.380637609648935	14.6966386581721	0.000126271401922698	0.00379713381907359	LOC110703467	NW_018744718.1	3767466	3776299	+	2527	protein_coding	MLO-like protein 10 && sp|Q9FKY5|MLO10_ARATH MLO-like protein 10 OS=Arabidopsis thaliana OX=3702 GN=MLO10 PE=2 SV=1 && PF03094:Mlo family	ARF
110701298	53.8479634151863	1.3587017864443	0.354829477738247	14.6941858460008	0.000126435807019636	0.00379732573951202	LOC110701298	NW_018744633.1	5925917	5929898	+	1862	protein_coding	B3 domain-containing protein REM16-like && sp|Q2QMT6|Y1208_ORYSJ B3 domain-containing protein LOC_Os12g40080 OS=Oryza sativa subsp. japonica OX=39947 GN=Os12g0591400 PE=3 SV=1 && PF02362:B3 DNA binding domain	B3
110711517	1499.18547690882	1.05255174438733	0.274766171692213	14.693658746915	0.000126471165107879	0.00379732573951202	LOC110711517	NW_018745281.1	1594470	1597782	+	1473	protein_coding	magnesium-protoporphyrin IX monomethyl ester [oxidative] cyclase%2C chloroplastic-like && sp|Q9M591|CRD1_ARATH Magnesium-protoporphyrin IX monomethyl ester [oxidative] cyclase, chloroplastic OS=Arabidopsis thaliana OX=3702 GN=CRD1 PE=1 SV=2 && PF02915:Rubrerythrin	-
110682528	2.09015458253881	4.05129307966602	1.08357241713181	14.6659656831496	0.000128342898945316	0.00384177642551784	LOC110682528	NW_018743574.1	8377631	8381374	-	1306	protein_coding	salicylate carboxymethyltransferase-like && sp|A0A061DM17|MTR3_THECC Probable methyltransferase TCM_000336 OS=Theobroma cacao OX=3641 GN=TCM_000336 PE=3 SV=1 && PF03492:SAM dependent carboxyl methyltransferase	MYB_related
110740100	90.1949648228905	2.03405494148121	0.529526629835232	14.6673169288366	0.000128250926365814	0.00384177642551784	LOC110740100	NW_018743518.1	1632307	1646653	+	1806	protein_coding	probable flavin-containing monooxygenase 1 && sp|Q9LMA1|FMO1_ARATH Probable flavin-containing monooxygenase 1 OS=Arabidopsis thaliana OX=3702 GN=FMO1 PE=2 SV=1 && PF00743:Flavin-binding monooxygenase-like	C2H2
110726088	315.328768355771	1.12702815094076	0.294544970942741	14.6607851591409	0.000128696127174083	0.0038494158434941	LOC110726088	NW_018742861.1	136004	144814	+	1453	protein_coding	phosphatase IMPL1%2C chloroplastic-like && sp|Q94F00|IMPL1_ARATH Phosphatase IMPL1, chloroplastic OS=Arabidopsis thaliana OX=3702 GN=IMPL1 PE=1 SV=2 && PF00459:Inositol monophosphatase family	Nin-like
110702611	55.1486628095755	1.49993697212247	0.391951116727761	14.6558080939031	0.000129036404574002	0.00385372373903784	LOC110702611	NW_018744693.1	3156284	3165604	-	2848	protein_coding	rop guanine nucleotide exchange factor 14-like && sp|Q56WM6|ROGFE_ARATH Rop guanine nucleotide exchange factor 14 OS=Arabidopsis thaliana OX=3702 GN=ROPGEF14 PE=1 SV=1 && PF03759:PRONE (Plant-specific Rop nucleotide exchanger)	bHLH
110718914	99.1910365127355	1.39822401660617	0.365339315413918	14.6492450775542	0.000129486497094513	0.0038642273559216	LOC110718914	NW_018742461.1	4860273	4863974	+	1873	protein_coding	purple acid phosphatase 2-like%2C transcript variant X1 && sp|Q9SDZ9|PPAF2_IPOBA Purple acid phosphatase 2 OS=Ipomoea batatas OX=4120 GN=PAP2 PE=1 SV=1 && PF14008:Iron/zinc purple acid phosphatase-like protein C|PF16656:Purple acid Phosphatase, N-terminal domain|PF00149:Calcineurin-like phosphoesterase	SRS
110709920	1246.53408802331	1.00308027299933	0.262289273855128	14.6474324673037	0.000129611084452986	0.00386500844322105	LOC110709920	NW_018745082.1	1197749	1200632	+	1158	protein_coding	uncharacterized LOC110709920 && - && PF13301:Protein of unknown function (DUF4079)	-
110703632	464.19243232398	1.11343483973868	0.291250966635883	14.6355472928032	0.000130430991458001	0.003883560521251	LOC110703632	NW_018742393.1	2111172	2122131	+	1728	protein_coding	probable fructokinase-6%2C chloroplastic && sp|Q9C524|SCRK6_ARATH Probable fructokinase-6, chloroplastic OS=Arabidopsis thaliana OX=3702 GN=At1g66430 PE=2 SV=1 && PF00294:pfkB family carbohydrate kinase	MIKC_MADS
110732559	396.537885873708	1.75383289447486	0.457613926494828	14.6317185014213	0.000130696233742112	0.00388850999072269	LOC110732559	NW_018743175.1	3867991	3869443	+	1031	protein_coding	uncharacterized LOC110732559 && - && -	-
110718165	165.805435491816	1.02697825463665	0.268719995489777	14.628927374369	0.000130889933240471	0.00389132501752688	LOC110718165	NW_018745684.1	3902112	3908084	-	1647	protein_coding	isocitrate dehydrogenase [NADP]-like && sp|P50218|IDHC_TOBAC Isocitrate dehydrogenase [NADP] OS=Nicotiana tabacum OX=4097 PE=2 SV=1 && PF00180:Isocitrate/isopropylmalate dehydrogenase	G2-like
110714620	95.7699773343294	1.79968723157578	0.470076939680223	14.6174985533572	0.000131686093371261	0.00391203324127802	LOC110714620	NW_018745454.1	3450284	3451911	+	1628	protein_coding	hydroquinone glucosyltransferase-like && sp|Q9AR73|HQGT_RAUSE Hydroquinone glucosyltransferase OS=Rauvolfia serpentina OX=4060 GN=AS PE=1 SV=1 && PF00201:UDP-glucoronosyl and UDP-glucosyl transferase	bHLH
110704598	756.868025329633	1.30495250472613	0.341496567984165	14.6025910875255	0.000132731916755979	0.00393714544317037	LOC110704598	NW_018744855.1	109078	111726	+	949	protein_coding	uncharacterized LOC110704598 && - && -	-
110681895	170.623586233085	2.1607625641031	0.563313217868179	14.5934431875387	0.000133377817567345	0.00394127061802992	LOC110681895	NW_018743574.1	1339112	1341820	+	1745	protein_coding	glutamate decarboxylase 4-like && sp|Q9ZPS3|DCE4_ARATH Glutamate decarboxylase 4 OS=Arabidopsis thaliana OX=3702 GN=GAD4 PE=1 SV=1 && PF00282:Pyridoxal-dependent decarboxylase conserved domain	GeBP
110684273	58.3006173589023	3.09528576295053	0.801116346826656	14.5920971664244	0.000133473122042619	0.00394127061802992	LOC110684273	NW_018743697.1	3214640	3216748	+	2109	protein_coding	cytochrome P450 94C1-like && sp|Q9ZUX1|C94C1_ARATH Cytochrome P450 94C1 OS=Arabidopsis thaliana OX=3702 GN=CYP94C1 PE=1 SV=1 && PF00067:Cytochrome P450	C2H2
110686063	2.72797504086385	8.44227649728751	2.20862329081292	14.5924483026972	0.000133448253374375	0.00394127061802992	LOC110686063	NW_018743850.1	5282769	5285740	+	1443	protein_coding	DNA-3-methyladenine glycosylase-like && - && PF03352:Methyladenine glycosylase	-
110731429	8.97863160314799	11.5032389976344	2.67972566193857	14.5949996545299	0.000133267697970606	0.00394127061802992	LOC110731429	NW_018742205.1	7442015	7443331	+	920	protein_coding	galactinol synthase 10-like && sp|F4KED2|GOLSA_ARATH Galactinol synthase 10 OS=Arabidopsis thaliana OX=3702 GN=GOLS10 PE=3 SV=1 && PF01501:Glycosyl transferase family 8	-
110737150	68.4928549624969	3.14597084207551	0.813566462546124	14.5921722540855	0.000133467803686242	0.00394127061802992	LOC110737150	NW_018743292.1	13676509	13681948	-	1541	protein_coding	probable pectinesterase 68 && sp|Q8LPF3|PME68_ARATH Probable pectinesterase 68 OS=Arabidopsis thaliana OX=3702 GN=PME68 PE=2 SV=1 && PF01095:Pectinesterase	bHLH
110709448	456.218758881862	1.08214563410988	0.283597807658779	14.5795591233329	0.000134364173444622	0.00396200318993127	LOC110709448	NW_018745068.1	479721	483372	+	867	protein_coding	protein SPA%2C chloroplastic-like && sp|K4BVL1|SPA_SOLLC Protein SPA, chloroplastic OS=Solanum lycopersicum OX=4081 GN=SPA PE=2 SV=1 && -	NF-YC
110709652	2.76922491012574	6.83323842526704	1.77917152571033	14.5609355567738	0.000135698776933464	0.00399726801808213	LOC110709652	NW_018745080.1	685455	692770	+	1684	protein_coding	RNA-binding protein 38-like && sp|Q9M1S3|ARP1_ARATH Probable RNA-binding protein ARP1 OS=Arabidopsis thaliana OX=3702 GN=ARP1 PE=2 SV=1 && PF00076:RNA recognition motif. (a.k.a. RRM, RBD, or RNP domain)	G2-like
110730129	262.759466777831	1.13075648005203	0.296575187128554	14.5598548839479	0.000135776628628359	0.00399726801808213	LOC110730129	NW_018743021.1	657341	658776	+	1259	protein_coding	uncharacterized LOC110730129 && - && -	-
110700848	6.93144754004725	2.61300312904695	0.687873926191843	14.5568257615809	0.00013599508643241	0.00399901331027623	LOC110700848	NW_018744626.1	901817	902266	+	450	protein_coding	uncharacterized LOC110700848 && - && -	-
110721943	11.2353665123563	3.39262721155832	0.885152365301768	14.5375904756551	0.000137390602069656	0.00402967969759642	LOC110721943	NW_018742630.1	3596579	3597181	-	603	protein_coding	diacylglycerol kinase theta-like && - && PF03107:C1 domain	LBD
110708435	174.697773273582	1.53512224851815	0.402503324632385	14.5288811637977	0.000138027193931304	0.00403885684934675	LOC110708435	NW_018745024.1	7126455	7127630	-	1037	protein_coding	auxin-induced protein 22D-like && sp|P33077|IAA4_ARATH Auxin-responsive protein IAA4 OS=Arabidopsis thaliana OX=3702 GN=IAA4 PE=1 SV=2 && PF02309:AUX/IAA family	ARF
110734513	176.374343550055	1.00228559559526	0.263305645906732	14.528204211187	0.000138076798805117	0.00403885684934675	LOC110734513	NW_018743212.1	5141496	5159718	-	2019	protein_coding	probable plastid-lipid-associated protein 13%2C chloroplastic%2C transcript variant X1 && sp|Q8S9M1|PAP13_ARATH Probable plastid-lipid-associated protein 13, chloroplastic OS=Arabidopsis thaliana OX=3702 GN=PAP13 PE=1 SV=2 && PF04755:PAP_fibrillin	C3H
110727749	26.3803965824108	2.32298573016152	0.608051609747511	14.5180765267154	0.000138821069011459	0.00405347200244389	LOC110727749	NW_018742914.1	1277004	1277873	+	870	protein_coding	monothiol glutaredoxin-S1-like && sp|Q9SA68|GRXS1_ARATH Monothiol glutaredoxin-S1 OS=Arabidopsis thaliana OX=3702 GN=GRXS1 PE=3 SV=1 && PF00462:Glutaredoxin	MIKC_MADS
110708831	48.83800732635	2.53666819218382	0.66168753875863	14.5134269174656	0.000139164114279131	0.00406046973260349	LOC110708831	NW_018745024.1	170964	174011	+	3048	protein_coding	probable acyl-activating enzyme 6 && sp|M4IQQ5|CCL4_HUMLU 2-methylpropanoate--CoA ligase CCL4 OS=Humulus lupulus OX=3486 GN=CCL4 PE=1 SV=1 && PF13193:AMP-binding enzyme C-terminal domain|PF00501:AMP-binding enzyme	NAC
110700718	214.960589352672	1.25667290723395	0.330005557305106	14.5101843594128	0.000139403853228983	0.00406142991681146	LOC110700718	NW_018744626.1	6169257	6170754	-	905	protein_coding	uncharacterized LOC110700718 && - && PF06549:Protein of unknown function (DUF1118)	-
110722304	193.650425377582	1.38345962706911	0.36319023674993	14.5111002750152	0.000139336092781525	0.00406142991681146	LOC110722304	NW_018742669.1	175011	180700	-	1416	protein_coding	tropinone reductase homolog At5g06060-like && sp|Q9LHT0|TRNHF_ARATH Tropinone reductase homolog At5g06060 OS=Arabidopsis thaliana OX=3702 GN=At5g06060 PE=2 SV=1 && PF13561:Enoyl-(Acyl carrier protein) reductase	C2H2
110730693	745.377950863339	1.27640362740834	0.335160139547877	14.5068731907457	0.000139649094040895	0.00406555883637366	LOC110730693	NW_018743047.1	2303473	2339474	+	3384	protein_coding	valine--tRNA ligase%2C chloroplastic/mitochondrial 2-like%2C transcript variant X4 && sp|F4KE63|SYVM2_ARATH Valine--tRNA ligase, chloroplastic/mitochondrial 2 OS=Arabidopsis thaliana OX=3702 GN=EMB2247 PE=3 SV=1 && PF08264:Anticodon-binding domain of tRNA|PF00133:tRNA synthetases class I (I, L, M and V)|PF10458:Valyl tRNA synthetase tRNA binding arm	GeBP
110730564	43.571327122186	1.61218630512351	0.423685741374922	14.5039494400353	0.000139866001946331	0.00406584566575741	LOC110730564	NW_018743033.1	1933640	1939082	+	3005	protein_coding	protein CHUP1%2C chloroplastic-like && sp|Q9LI74|CHUP1_ARATH Protein CHUP1, chloroplastic OS=Arabidopsis thaliana OX=3702 GN=CHUP1 PE=1 SV=1 && -	MYB_related
110719870	435.641207288097	1.81939955919676	0.476994014829763	14.484969968324	0.000141282327575054	0.00410094667468965	LOC110719870	NW_018742493.1	456939	462199	-	1399	protein_coding	glyoxylate/succinic semialdehyde reductase 2%2C chloroplastic-like && sp|F4I907|GLYR2_ARATH Glyoxylate/succinic semialdehyde reductase 2, chloroplastic OS=Arabidopsis thaliana OX=3702 GN=GLYR2 PE=1 SV=1 && PF14833:NAD-binding of NADP-dependent 3-hydroxyisobutyrate dehydrogenase|PF03446:NAD binding domain of 6-phosphogluconate dehydrogenase	M-type_MADS
110707565	977.500263456063	1.41364566712825	0.371365989169675	14.479705973272	0.000141677700213264	0.00410635300404096	LOC110707565	NW_018745000.1	7056548	7061958	+	817	protein_coding	uncharacterized LOC110707565 && - && -	-
110702528	160.744260438232	1.42870188968764	0.37559131284472	14.468429496139	0.000142528416991176	0.00412492153315731	LOC110702528	NW_018744693.1	1892216	1899290	+	1623	protein_coding	pto-interacting protein 1-like%2C transcript variant X1 && sp|Q41328|PTI1_SOLLC Pto-interacting protein 1 OS=Solanum lycopersicum OX=4081 GN=PTI1 PE=1 SV=2 && PF07714:Protein tyrosine kinase	GRAS
110722127	448.275127053217	1.38166626338481	0.363163758029151	14.4684878540251	0.000142524001158571	0.00412492153315731	LOC110722127	NW_018742204.1	20120274	20131439	-	3741	protein_coding	alpha-1%2C4 glucan phosphorylase L-2 isozyme%2C chloroplastic/amyloplastic-like%2C transcript variant X1 && sp|P53535|PHSL2_SOLTU Alpha-1,4 glucan phosphorylase L-2 isozyme, chloroplastic/amyloplastic OS=Solanum tuberosum OX=4113 GN=STP-1 PE=1 SV=1 && PF00343:Carbohydrate phosphorylase	GeBP
110722945	476.052748101216	1.05850573933072	0.278549339500182	14.4596127635797	0.000143197147802294	0.00414122355349006	LOC110722945	NW_018742204.1	21068289	21070077	-	1789	protein_coding	geranylgeranyl pyrophosphate synthase%2C chloroplastic-like && sp|Q94ID7|GGPPS_HEVBR Geranylgeranyl pyrophosphate synthase, chloroplastic OS=Hevea brasiliensis OX=3981 GN=GGPS PE=1 SV=1 && PF00348:Polyprenyl synthetase	BES1
110714220	1881.51988015183	1.01227773662974	0.266417549187637	14.4579362600257	0.000143324664137794	0.00414186132059131	LOC110714220	NW_018745454.1	3148450	3152132	-	842	protein_coding	protein CURVATURE THYLAKOID 1A%2C chloroplastic-like && sp|O04616|CUT1A_ARATH Protein CURVATURE THYLAKOID 1A, chloroplastic OS=Arabidopsis thaliana OX=3702 GN=CURT1A PE=1 SV=1 && PF14159:CAAD domains of cyanobacterial aminoacyl-tRNA synthetase	-
110702234	1248.90150014695	1.24241618646581	0.326830812232922	14.4565238702444	0.000143432180478892	0.00414192060584377	LOC110702234	NW_018744676.1	401908	402300	+	393	protein_coding	50S ribosomal protein L31%2C chloroplastic && sp|P82249|RK31_SPIOL 50S ribosomal protein L31, chloroplastic OS=Spinacia oleracea OX=3562 GN=RPL31 PE=1 SV=2 && PF01197:Ribosomal protein L31	-
110694210	47.3730863775395	2.3317428785401	0.610970094467881	14.4426093809663	0.000144495753737607	0.00416956777115139	LOC110694210	NW_018744239.1	3872538	3876695	-	1835	protein_coding	putative zinc finger protein At1g68190%2C transcript variant X1 && sp|Q9C9F4|COLX_ARATH Putative zinc finger protein At1g68190 OS=Arabidopsis thaliana OX=3702 GN=At1g68190 PE=2 SV=1 && -	DBB
110690563	7.07273995256974	3.58156467196008	0.939135281527961	14.4375306392623	0.000144885929524581	0.00417775705596098	LOC110690563	NW_018744041.1	775678	777770	-	1554	protein_coding	uncharacterized LOC110690563 && sp|P92555|M1250_ARATH Uncharacterized mitochondrial protein AtMg01250 OS=Arabidopsis thaliana OX=3702 GN=AtMg01250 PE=4 SV=1 && PF00078:Reverse transcriptase (RNA-dependent DNA polymerase)	ERF
110687761	100.222572894358	1.30506792911977	0.343937397038854	14.4202002321795	0.00014622534707632	0.00421328544073977	LOC110687761	NW_018743920.1	449770	458369	-	2205	protein_coding	oleoyl-acyl carrier protein thioesterase 1%2C chloroplastic-like && sp|Q42561|FATA1_ARATH Oleoyl-acyl carrier protein thioesterase 1, chloroplastic OS=Arabidopsis thaliana OX=3702 GN=FATA PE=1 SV=1 && PF01643:Acyl-ACP thioesterase	-
110705115	28.4675083127569	2.26060639955163	0.594365600454116	14.4102923470405	0.000146996693638576	0.00422311715381696	LOC110705115	NW_018744874.1	1875358	1876289	+	932	protein_coding	uncharacterized LOC110705115 && - && -	-
110689427	12.9819551109505	2.97496950386653	0.788655610591892	14.4075179454516	0.000147213419102684	0.00422625190673955	LOC110689427	NW_018743955.1	8125206	8132211	-	2078	pseudogene	- && sp|P0A9T4|TAS_ECOLI Protein tas OS=Escherichia coli (strain K12) OX=83333 GN=tas PE=1 SV=1 && PF00248:Aldo/keto reductase family	bHLH
110719535	21.34206090073	3.08453304375381	0.806456286693955	14.4005806158772	0.000147756745474245	0.00423565741971535	LOC110719535	NW_018742484.1	5708714	5712614	+	1675	protein_coding	probable aquaporin PIP1-4 && sp|Q39196|PIP14_ARATH Probable aquaporin PIP1-4 OS=Arabidopsis thaliana OX=3702 GN=PIP1.4 PE=1 SV=1 && PF00230:Major intrinsic protein	C3H
110713653	3.57456146871137	4.74951344622727	1.25772727267419	14.3962375025255	0.000148097922102847	0.00423924904864803	LOC110713653	NW_018745448.1	52175	54172	-	1998	protein_coding	uncharacterized LOC110713653 && - && PF03087:Arabidopsis protein of unknown function	-
110732301	185.139136082092	1.01287577990498	0.267239274805043	14.3972403654136	0.000148019071062392	0.00423924904864803	LOC110732301	NW_018743175.1	629732	635891	+	2576	protein_coding	embryogenesis-associated protein EMB8-like && sp|Q40863|EMB8_PICGL Embryogenesis-associated protein EMB8 OS=Picea glauca OX=3330 GN=EMB8 PE=2 SV=1 && PF00561:alpha/beta hydrolase fold	GRAS
110725453	7.64772529819196	6.07105275788689	1.53586557751655	14.3893269950546	0.00014864241839091	0.00425173612342769	LOC110725453	NW_018742815.1	1013656	1014825	-	771	protein_coding	cucumber peeling cupredoxin-like && sp|P29602|CPC_CUCSA Cucumber peeling cupredoxin OS=Cucumis sativus OX=3659 PE=1 SV=3 && PF02298:Plastocyanin-like domain	-
110698287	20.0880300642166	3.1695610052199	0.829131466984064	14.3845669780174	0.000149018644148789	0.0042532043689356	LOC110698287	NW_018744504.1	222127	227978	-	1671	protein_coding	VAN3-binding protein-like && sp|Q8W4K5|VAB_ARATH VAN3-binding protein OS=Arabidopsis thaliana OX=3702 GN=VAB PE=1 SV=1 && PF08458:Plant pleckstrin homology-like region|PF05703:Auxin canalisation	-
110732064	2181.89411578101	1.22162860730701	0.322150695517987	14.3864334743079	0.000148871004485106	0.0042532043689356	LOC110732064	NW_018743136.1	2919841	2925414	-	2243	protein_coding	squalene monooxygenase-like && sp|O48651|SQE1_PANGI Squalene monooxygenase SE1 OS=Panax ginseng OX=4054 GN=SQE1 PE=2 SV=1 && PF08491:Squalene epoxidase	-
110724670	4.81354977105122	8.45494190979653	2.08261132703596	14.3788765242103	0.00014946966902674	0.00425988556726209	LOC110724670	NW_018742770.1	2364205	2369787	-	2226	protein_coding	probable rhamnogalacturonate lyase B && - && PF14683:Polysaccharide lyase family 4, domain III|PF14686:Polysaccharide lyase family 4, domain II|PF06045:Rhamnogalacturonate lyase family	-
110705820	159.070095922619	2.32445829162027	0.610118294844541	14.3586471327665	0.000151084207356846	0.00429578261419333	LOC110705820	NW_018744878.1	1500343	1501203	-	861	protein_coding	transcription factor Sox-1-like && - && PF05553:Cotton fibre expressed protein|PF14364:Domain of unknown function (DUF4408)	-
110685893	30.2406597021982	1.56284639554328	0.41284694316252	14.3492479402105	0.000151840335307431	0.00430868893679822	LOC110685893	NW_018743850.1	1552464	1557072	+	576	lncRNA	uncharacterized LOC110685893%2C transcript variant X2 && - && -	-
110726469	3.42375147789407	6.1201134182386	1.68088683994358	14.3339207557281	0.00015308152922662	0.00433764134005558	LOC110726469	NW_018742879.1	2663116	2664849	+	1376	protein_coding	glutathione S-transferase U9-like && sp|Q9FUT0|GSTU9_ARATH Glutathione S-transferase U9 OS=Arabidopsis thaliana OX=3702 GN=GSTU9 PE=2 SV=1 && PF13417:Glutathione S-transferase, N-terminal domain	-
110683354	622.104958892383	1.41604424583134	0.373949811857368	14.3298821851138	0.000153410269614391	0.00434214745274275	LOC110683354	NW_018743669.1	199196	203098	-	2001	protein_coding	D-xylose-proton symporter-like 3%2C chloroplastic && sp|Q0WWW9|XYLL3_ARATH D-xylose-proton symporter-like 3, chloroplastic OS=Arabidopsis thaliana OX=3702 GN=At5g59250 PE=1 SV=2 && PF00083:Sugar (and other) transporter	GRAS
110722245	108.583546039403	1.3858240807429	0.366136319682879	14.329251364375	0.000153461682693121	0.00434214745274275	LOC110722245	NW_018742656.1	955260	957155	+	1896	protein_coding	UDP-glycosyltransferase 89B2-like && sp|Q6VAA5|U89B2_STERE UDP-glycosyltransferase 89B2 OS=Stevia rebaudiana OX=55670 GN=UGT89B2 PE=2 SV=1 && PF00201:UDP-glucoronosyl and UDP-glucosyl transferase	CO-like
110688453	6.97872126593883	3.86882400572007	1.04271965614445	14.3235949508129	0.000153923467073496	0.00435207798587287	LOC110688453	NW_018743920.1	8758332	8759851	-	979	protein_coding	jasmonate-induced protein homolog && - && -	-
110725632	19.6124587202603	2.22931452259573	0.588271046735225	14.3216089694808	0.00015408593243757	0.00435353728389977	LOC110725632	NW_018742815.1	1247278	1248508	-	1101	protein_coding	uncharacterized LOC110725632 && - && -	-
110710984	1925.64255217467	1.43579810455364	0.379226144081705	14.319843826086	0.000154230476855491	0.00435448851009755	LOC110710984	NW_018745195.1	563129	567242	+	1322	protein_coding	farnesyl pyrophosphate synthase 1-like && sp|Q4JHN6|FPS_PANGI Farnesyl pyrophosphate synthase OS=Panax ginseng OX=4054 GN=FPS PE=2 SV=1 && PF00348:Polyprenyl synthetase	-
110685837	48.3931517554223	1.40084497801597	0.370858557814079	14.3027081376069	0.000155640804065935	0.00438485028556776	LOC110685837	NW_018743850.1	939838	945113	+	2469	protein_coding	phosphatidylinositol/phosphatidylcholine transfer protein SFH12-like%2C transcript variant X1 && sp|Q94A34|SFH12_ARATH Phosphatidylinositol/phosphatidylcholine transfer protein SFH12 OS=Arabidopsis thaliana OX=3702 GN=SFH12 PE=2 SV=1 && PF00650:CRAL/TRIO domain|PF03765:CRAL/TRIO, N-terminal domain	bHLH
110713227	10.1215433476296	3.40577431236275	0.89673384186132	14.3034887396116	0.000155576276348268	0.00438485028556776	LOC110713227	NW_018745410.1	110679	111866	-	647	protein_coding	uncharacterized LOC110713227 && - && -	-
110726430	470.373249903629	1.45372031366356	0.384257513755583	14.2980467283952	0.000156026696403572	0.00439257093036378	LOC110726430	NW_018742879.1	2002719	2007113	+	966	protein_coding	photosynthetic NDH subunit of subcomplex B 4%2C chloroplastic-like && sp|Q8RXS1|PNSB4_ARATH Photosynthetic NDH subunit of subcomplex B 4, chloroplastic OS=Arabidopsis thaliana OX=3702 GN=PNSB4 PE=2 SV=1 && -	-
110698113	125.611078976666	1.95599978231412	0.516135573860766	14.2831328220971	0.000157267821107937	0.00441482930408793	LOC110698113	NW_018744502.1	7171602	7172655	+	809	protein_coding	PLAT domain-containing protein 3-like && sp|O65660|PLAT1_ARATH PLAT domain-containing protein 1 OS=Arabidopsis thaliana OX=3702 GN=PLAT1 PE=1 SV=1 && PF01477:PLAT/LH2 domain	-
110710965	56.4521084162507	3.87895352657881	1.00618284009942	14.2643422741822	0.000158845722190688	0.00444960631069535	LOC110710965	NW_018745190.1	132665	136675	+	876	protein_coding	uclacyanin-2-like && - && PF02298:Plastocyanin-like domain	C2H2
110736722	1675.72954352848	1.05501352620145	0.279520108948913	14.2645051893394	0.000158831973409981	0.00444960631069535	LOC110736722	NW_018743292.1	6797733	6811051	+	4559	protein_coding	probable inactive ATP-dependent zinc metalloprotease FTSHI 5%2C chloroplastic && sp|F4J3N2|FTSI5_ARATH Probable inactive ATP-dependent zinc metalloprotease FTSHI 5, chloroplastic OS=Arabidopsis thaliana OX=3702 GN=FTSHI5 PE=2 SV=1 && PF00004:ATPase family associated with various cellular activities (AAA)|PF01434:Peptidase family M41	C2H2
110722671	29.7785658144552	2.96792289415551	0.780406733901836	14.258028400297	0.000159379488694463	0.00446137609372606	LOC110722671	NW_018742684.1	1402925	1403985	+	957	protein_coding	histidine-rich glycoprotein-like && - && -	-
110725642	1686.76949067976	1.12404517318636	0.297852775115218	14.2560681120793	0.000159545576028005	0.00446152663845267	LOC110725642	NW_018742815.1	1319622	1322069	-	769	protein_coding	chaperone protein DnaJ-like && sp|Q9SN73|BSD2_ARATH Protein BUNDLE SHEATH DEFECTIVE 2, chloroplastic OS=Arabidopsis thaliana OX=3702 GN=BSD2 PE=1 SV=1 && -	bHLH
110736340	44.600951530978	5.35370408807289	1.37062965078936	14.2552838453879	0.000159612072595066	0.00446152663845267	LOC110736340	NW_018743292.1	2452164	2453707	+	1063	protein_coding	uncharacterized LOC110736340%2C transcript variant X2 && - && -	-
110695487	33.4070382325888	2.61577102636029	0.689089385065949	14.2538720546817	0.000159731846150172	0.00446169899989737	LOC110695487	NW_018744301.1	271332	273767	+	881	protein_coding	uncharacterized LOC110695487 && - && -	ARR-B
110711352	42.3865053186242	3.06057534525906	0.802008364147318	14.2509033797696	0.000159983998064877	0.00446556613788338	LOC110711352	NW_018745260.1	903528	904492	-	965	protein_coding	fasciclin-like arabinogalactan protein 11 && sp|Q8LEJ6|FLA11_ARATH Fasciclin-like arabinogalactan protein 11 OS=Arabidopsis thaliana OX=3702 GN=FLA11 PE=2 SV=2 && PF02469:Fasciclin domain	HSF
110728610	325.309453422644	1.08423898035361	0.287736937527065	14.2184368823138	0.000162767925847193	0.00452078129547158	LOC110728610	NW_018742951.1	7533638	7543590	+	1556	protein_coding	C-factor-like && sp|P21158|CSGA_MYXXA C-factor OS=Myxococcus xanthus OX=34 GN=csgA PE=1 SV=1 && PF00106:short chain dehydrogenase	ERF
110703431	574.724468178008	1.11727341278005	0.296538861648019	14.2115016951306	0.000163368897767312	0.00453106406922009	LOC110703431	NW_018744718.1	3252482	3256244	+	1340	protein_coding	putative ER lumen protein-retaining receptor C28H8.4 && sp|Q09473|ERD22_CAEEL ER lumen protein-retaining receptor erd-2.2 OS=Caenorhabditis elegans OX=6239 GN=erd-2.2 PE=3 SV=1 && PF00810:ER lumen protein retaining receptor	M-type_MADS
110716855	4.7689207940479	7.90080492834159	1.97837358798124	14.208457003375	0.000163633442374332	0.00453519843498035	LOC110716855	NW_018745650.1	5987024	5989644	+	1406	protein_coding	phosphoglycerate mutase-like protein 4 && sp|Q9SCS3|PGML4_ARATH Phosphoglycerate mutase-like protein 4 OS=Arabidopsis thaliana OX=3702 GN=At3g50520 PE=2 SV=1 && PF00300:Histidine phosphatase superfamily (branch 1)	-
110722084	2238.46656756331	1.26456212107511	0.335553845031707	14.2055612763273	0.00016388544412945	0.00453897958201403	LOC110722084	NW_018742651.1	1569090	1573515	-	1603	protein_coding	30S ribosomal protein S1%2C chloroplastic && sp|P29344|RR1_SPIOL 30S ribosomal protein S1, chloroplastic OS=Spinacia oleracea OX=3562 GN=RPS1 PE=1 SV=1 && PF00575:S1 RNA binding domain	-
110699317	5.63605892376328	5.42397134469312	1.41874093940789	14.182599836107	0.00016589755952522	0.00457516319133359	LOC110699317	NW_018744582.1	2320358	2321086	-	729	protein_coding	non-classical arabinogalactan protein 30-like && - && PF01190:Pollen proteins Ole e I like	ERF
110716114	10.7201240470552	3.6298937314178	0.956038038987492	14.1797732989041	0.00016614696328243	0.00457516319133359	LOC110716114	NW_018742441.1	1293131	1293944	+	814	protein_coding	dirigent protein 21-like && sp|Q9SS03|DIR21_ARATH Dirigent protein 21 OS=Arabidopsis thaliana OX=3702 GN=DIR21 PE=3 SV=1 && PF03018:Dirigent-like protein	B3
110729125	108.201200554486	1.54607335891921	0.410682580464503	14.1713400960065	0.000166893325935114	0.00458991707944659	LOC110729125	NW_018742969.1	866110	872258	+	2682	protein_coding	cytochrome P450 734A1-like && sp|O48786|C734A_ARATH Cytochrome P450 734A1 OS=Arabidopsis thaliana OX=3702 GN=CYP734A1 PE=2 SV=1 && PF00067:Cytochrome P450	bHLH
110715507	545.759146860527	3.0061087572386	0.788903082475651	14.1674820616495	0.00016723589789537	0.00459611995664442	LOC110715507	NW_018745523.1	1884589	1886395	+	1045	protein_coding	aquaporin TIP2-1-like && sp|Q41951|TIP21_ARATH Aquaporin TIP2-1 OS=Arabidopsis thaliana OX=3702 GN=TIP2-1 PE=1 SV=2 && PF00230:Major intrinsic protein	BES1
110702457	92.8770099868293	1.49408001744357	0.396926612287408	14.1631915366389	0.000167617704418938	0.00460128768525131	LOC110702457	NW_018744693.1	764294	767546	+	1435	protein_coding	serine racemase-like && sp|Q2PGG3|SRR_ARATH Serine racemase OS=Arabidopsis thaliana OX=3702 GN=SR PE=1 SV=1 && PF00291:Pyridoxal-phosphate dependent enzyme	Trihelix
110732550	214.426408321887	2.01730311326756	0.534491917735378	14.153762325127	0.0001684598815385	0.00462005930702618	LOC110732550	NW_018743175.1	3716387	3717656	-	1270	protein_coding	glycine-rich cell wall structural protein 1.8-like && - && -	-
110720885	1870.77038337039	1.43983502496017	0.382569766820099	14.150412144664	0.00016876013040806	0.00462035634257377	LOC110720885	NW_018742577.1	1265991	1273938	-	2132	protein_coding	trigger factor-like protein TIG%2C Chloroplastic && sp|Q8S9L5|TIG_ARATH Trigger factor-like protein TIG, Chloroplastic OS=Arabidopsis thaliana OX=3702 GN=TIG PE=1 SV=1 && PF05698:Bacterial trigger factor protein (TF) C-terminus|PF05697:Bacterial trigger factor protein (TF)	-
110724792	1030.73126695059	1.13426403082846	0.301659758473678	14.1516759608816	0.000168646801792315	0.00462035634257377	LOC110724792	NW_018742770.1	3813243	3814020	-	778	protein_coding	50S ribosomal protein L31%2C chloroplastic-like && sp|P82249|RK31_SPIOL 50S ribosomal protein L31, chloroplastic OS=Spinacia oleracea OX=3562 GN=RPL31 PE=1 SV=2 && PF01197:Ribosomal protein L31	-
110738276	5.47823365007837	4.00177100983558	1.07107341348865	14.1366462775314	0.000169999518700097	0.00464606200272019	LOC110738276	NW_018743389.1	247965	248841	-	877	pseudogene	- && sp|Q9SS03|DIR21_ARATH Dirigent protein 21 OS=Arabidopsis thaliana OX=3702 GN=DIR21 PE=3 SV=1 && -	B3
110692937	27.5753897670309	2.36920831172032	0.630073705846968	14.1059128504539	0.000172799738214436	0.00470948238646464	LOC110692937	NW_018744137.1	415061	420746	-	1614	protein_coding	WAT1-related protein At1g09380-like && sp|Q9FGG3|WTR45_ARATH WAT1-related protein At5g64700 OS=Arabidopsis thaliana OX=3702 GN=At5g64700 PE=2 SV=1 && PF00892:EamA-like transporter family	ERF
110700501	135.055206895832	1.5427487116013	0.410738179434785	14.0939153012466	0.00017390543917469	0.00473284178237063	LOC110700501	NW_018744626.1	3189070	3196275	+	2115	protein_coding	uncharacterized LOC110700501%2C transcript variant X1 && sp|Q0WUY1|NADKC_ARATH Calmodulin calcium-dependent NAD kinase OS=Arabidopsis thaliana OX=3702 GN=NADKC PE=1 SV=1 && PF06414:Zeta toxin	-
110715483	11.7813429914612	5.58153600342253	1.4320780532263	14.0924634038726	0.000174039729327796	0.00473284178237063	LOC110715483	NW_018745523.1	21725	26715	-	1783	pseudogene	- && sp|Q39119|VPEG_ARATH Vacuolar-processing enzyme gamma-isozyme OS=Arabidopsis thaliana OX=3702 GN=At4g32940 PE=1 SV=2 && PF01650:Peptidase C13 family	-
110719332	19.967794796275	3.14665544075015	0.830599502802685	14.0913921071302	0.000174138883597524	0.00473284178237063	LOC110719332	NW_018742484.1	989097	990443	+	1347	protein_coding	glucuronoxylan 4-O-methyltransferase 1-like && sp|Q6NMK1|GXM1_ARATH Glucuronoxylan 4-O-methyltransferase 1 OS=Arabidopsis thaliana OX=3702 GN=GXM1 PE=1 SV=1 && PF04669:Polysaccharide biosynthesis	FAR1
110715093	2.93353920317349	9.58163311905803	2.48906347096963	14.0843531142511	0.00017479179683653	0.00474730168545025	LOC110715093	NW_018745470.1	1017772	1020549	-	1695	protein_coding	phospholipase A1-IIgamma-like && sp|O49523|DSEL_ARATH Phospholipase A1-IIgamma OS=Arabidopsis thaliana OX=3702 GN=DSEL PE=1 SV=1 && PF01764:Lipase (class 3)	Trihelix
110724595	928.438211351471	1.02548911976997	0.27368059471399	14.0620929547453	0.000176872847213364	0.00478397198940113	LOC110724595	NW_018742770.1	1319573	1342665	+	3206	protein_coding	DNA gyrase subunit A%2C chloroplastic/mitochondrial-like && sp|Q5YLB5|GYRA_NICBE DNA gyrase subunit A, chloroplastic/mitochondrial OS=Nicotiana benthamiana OX=4100 GN=GYRA PE=2 SV=1 && PF03989:DNA gyrase C-terminal domain, beta-propeller|PF00521:DNA gyrase/topoisomerase IV, subunit A	-
110690916	76.0674498503069	1.94805088117524	0.518219403389892	14.0573038706491	0.000177323819576416	0.00479286879987926	LOC110690916	NW_018744066.1	1202728	1204515	+	921	protein_coding	profilin-1-like && sp|E2D0Y9|PRF02_KALTU Profilin Sal k 4.0201 OS=Kali turgidum OX=151250 PE=1 SV=1 && PF00235:Profilin	-
110727968	10.5120851780349	3.62457442146787	0.957843572441569	14.0527303384275	0.00017775557524031	0.00479987911520318	LOC110727968	NW_018742914.1	5117499	5120522	-	1612	protein_coding	uncharacterized LOC110727968 && - && -	GATA
110731662	272.198847022996	4.52886355880146	1.16873156699421	14.0519682690613	0.00017782761980548	0.00479987911520318	LOC110731662	NW_018743074.1	1801307	1806069	-	1539	protein_coding	caffeic acid 3-O-methyltransferase-like && sp|Q9FQY8|COMT1_CAPAN Caffeic acid 3-O-methyltransferase OS=Capsicum annuum OX=4072 GN=COMT PE=2 SV=2 && PF08100:Dimerisation domain|PF00891:O-methyltransferase domain	C3H
110728353	84.8592267874487	1.95811100183428	0.521656478546237	14.0240335597633	0.000180488911684696	0.00485835574269573	LOC110728353	NW_018742931.1	109574	110446	+	873	protein_coding	transcription factor Sox-1-like && sp|F4K956|A70_ARATH Pathogen-associated molecular patterns-induced protein A70 OS=Arabidopsis thaliana OX=3702 GN=A70 PE=1 SV=1 && PF14364:Domain of unknown function (DUF4408)|PF05553:Cotton fibre expressed protein	-
110732934	3.09298526588807	5.11106746254814	1.3935429962487	14.0187424881238	0.000180997483896192	0.00486619379143935	LOC110732934	NW_018743196.1	2247331	2263062	-	2890	protein_coding	uncharacterized LOC110732934 && sp|Q9FLV0|DMR6_ARATH Protein DOWNY MILDEW RESISTANCE 6 OS=Arabidopsis thaliana OX=3702 GN=DMR6 PE=1 SV=1 && PF14226:non-haem dioxygenase in morphine synthesis N-terminal|PF03171:2OG-Fe(II) oxygenase superfamily	STAT
110709472	336.341255557131	1.20440761498649	0.321987020595706	14.0056651080505	0.000182260669276725	0.00489598034507853	LOC110709472	NW_018745068.1	1504971	1515456	-	1777	protein_coding	probable S-sulfocysteine synthase%2C chloroplastic%2C transcript variant X1 && sp|O22682|CYSK4_ARATH S-sulfo-L-cysteine synthase (O-acetyl-L-serine-dependent), chloroplastic OS=Arabidopsis thaliana OX=3702 GN=CS26 PE=1 SV=1 && PF00291:Pyridoxal-phosphate dependent enzyme	GeBP
110721870	84.7756839124643	2.09837288555594	0.55924499178692	13.989685243807	0.000183816276637335	0.00493102228987572	LOC110721870	NW_018742630.1	2803792	2809449	+	3405	protein_coding	cellulose synthase A catalytic subunit 7 [UDP-forming]-like && sp|A2Z1C8|CESA9_ORYSI Cellulose synthase A catalytic subunit 9 [UDP-forming] OS=Oryza sativa subsp. indica OX=39946 GN=CESA9 PE=2 SV=1 && PF03552:Cellulose synthase|PF14569:Zinc-binding RING-finger	LBD
110736341	19.6185632982352	2.4433105835266	0.653249540621249	13.9676776215668	0.000185980591878481	0.0049754875918553	LOC110736341	NW_018743292.1	2454568	2455825	+	970	protein_coding	jasmonate-induced protein homolog%2C transcript variant X1 && - && -	-
110717956	1.95404810018749	6.99219890947028	1.93294369056183	13.9505957050887	0.000187678174408818	0.00500355234629964	LOC110717956	NW_018745684.1	7551626	7556598	-	2943	protein_coding	cytochrome P450 84A1-like && sp|Q42600|C84A1_ARATH Cytochrome P450 84A1 OS=Arabidopsis thaliana OX=3702 GN=CYP84A1 PE=1 SV=1 && PF00067:Cytochrome P450	bHLH
110696149	151.089378378562	1.24059985601617	0.332476073237362	13.9375973549381	0.000188980387041495	0.00502342183175747	LOC110696149	NW_018744311.1	460312	460755	+	444	protein_coding	uncharacterized LOC110696149 && - && -	-
110731945	28.7432895292636	1.50815446790703	0.404511393533481	13.9356775139534	0.000189173492244675	0.00502342183175747	LOC110731945	NW_018743108.1	338497	344659	-	1171	protein_coding	histone H3-like centromeric protein HTR12 && sp|Q8RVQ9|HTR12_ARATH Histone H3-like centromeric protein HTR12 OS=Arabidopsis thaliana OX=3702 GN=HTR12 PE=1 SV=3 && PF00125:Core histone H2A/H2B/H3/H4	B3
110686366	22.42422165634	2.2067471841476	0.590618183450471	13.9317900519602	0.000189565117507771	0.00502531265885234	LOC110686366	NW_018743858.1	643219	646339	+	1111	protein_coding	WEB family protein At1g75720-like && sp|F4I0N3|Y1572_ARATH WEB family protein At1g75720 OS=Arabidopsis thaliana OX=3702 GN=At1g75720 PE=3 SV=1 && -	-
110715532	59.1689015199207	1.43643434791044	0.385274329523278	13.9309587820111	0.000189648966075921	0.00502531265885234	LOC110715532	NW_018745523.1	2512682	2518769	+	3089	protein_coding	histidine-containing phosphotransfer protein 4-like%2C transcript variant X3 && sp|Q0DK78|PHP2_ORYSJ Pseudo histidine-containing phosphotransfer protein 2 OS=Oryza sativa subsp. japonica OX=39947 GN=PHP2 PE=2 SV=3 && PF01627:Hpt domain	B3
110685543	4.77304037453404	3.75943876685082	1.01860115750565	13.8971009182416	0.000193096082669272	0.00509641293996661	LOC110685543	NW_018743828.1	1006600	1009927	+	1679	protein_coding	short-chain dehydrogenase/reductase family 42E member 1-like && sp|Q32L94|D42E1_BOVIN Short-chain dehydrogenase/reductase family 42E member 1 OS=Bos taurus OX=9913 GN=SDR42E1 PE=2 SV=2 && PF14934:Domain of unknown function (DUF4499)|PF01073:3-beta hydroxysteroid dehydrogenase/isomerase family	G2-like
110732901	41.2758307237096	2.95545751874992	0.786164221275299	13.8867652112078	0.000194160898598457	0.00511077813046729	LOC110732901	NW_018743196.1	1186501	1189545	+	1200	protein_coding	beta-carotene isomerase D27%2C chloroplastic && sp|R4HZ96|D27_MEDTR Beta-carotene isomerase D27, chloroplastic OS=Medicago truncatula OX=3880 GN=D27 PE=1 SV=1 && PF13225:Domain of unknown function (DUF4033)	AP2
110738535	97.9881226447517	2.6482174824172	0.705149193788999	13.8888457805683	0.000193946077551872	0.00511077813046729	LOC110738535	NW_018743391.1	1341406	1345055	-	2000	protein_coding	polygalacturonase-like && sp|P48979|PGLR_PRUPE Polygalacturonase OS=Prunus persica OX=3760 PE=2 SV=1 && PF00295:Glycosyl hydrolases family 28	bHLH
110724762	76.3463548200227	1.36531827229162	0.366840623817051	13.8754462938404	0.000195333795341715	0.00513476850365139	LOC110724762	NW_018742770.1	3454076	3457476	+	2668	protein_coding	BEL1-like homeodomain protein 11 && sp|Q1PFD1|BLH11_ARATH BEL1-like homeodomain protein 11 OS=Arabidopsis thaliana OX=3702 GN=BLH11 PE=2 SV=1 && PF05920:Homeobox KN domain|PF07526:Associated with HOX	TALE
110692241	233.770508678752	1.06823252153334	0.287102606626679	13.8709559307239	0.000195801074001742	0.00514017084175829	LOC110692241	NW_018742329.1	7481069	7499126	-	4815	protein_coding	cellulose synthase A catalytic subunit 8 [UDP-forming]-like && sp|Q8LPK5|CESA8_ARATH Cellulose synthase A catalytic subunit 8 [UDP-forming] OS=Arabidopsis thaliana OX=3702 GN=CESA8 PE=1 SV=1 && PF00160:Cyclophilin type peptidyl-prolyl cis-trans isomerase/CLD|PF03552:Cellulose synthase|PF14569:Zinc-binding RING-finger	G2-like
110692327	111.892268899062	1.84560167563126	0.494871365673046	13.8547353780453	0.000197498427166837	0.00517780756350013	LOC110692327	NW_018742334.1	260163	261218	+	934	protein_coding	uncharacterized LOC110692327 && - && PF07279:Protein of unknown function (DUF1442)	-
110684216	156.512125421397	1.30419706645909	0.350599188978255	13.8511203591214	0.000197878725881244	0.00518086080102272	LOC110684216	NW_018743697.1	2618583	2620957	-	2375	protein_coding	CBL-interacting serine/threonine-protein kinase 11-like && sp|Q9LZW4|CIPKE_ARATH CBL-interacting serine/threonine-protein kinase 14 OS=Arabidopsis thaliana OX=3702 GN=CIPK14 PE=1 SV=1 && PF00069:Protein kinase domain|PF03822:NAF domain	YABBY
110698506	98.4127199980236	2.8615319083159	0.761595573916237	13.8445998983805	0.000198566542427635	0.00519540561010028	LOC110698506	NW_018744537.1	991494	999087	+	2409	protein_coding	protein TIC 62%2C chloroplastic-like && sp|Q8H0U5|TIC62_ARATH Protein TIC 62, chloroplastic OS=Arabidopsis thaliana OX=3702 GN=TIC62 PE=1 SV=1 && PF13460:NAD(P)H-binding	-
110718850	19.9401551175569	2.10606192337749	0.565644093203804	13.8341997491724	0.000199668599503183	0.00521728869480274	LOC110718850	NW_018742461.1	4147015	4147942	+	928	protein_coding	auxin-responsive protein SAUR50 && sp|O65695|SAU50_ARATH Auxin-responsive protein SAUR50 OS=Arabidopsis thaliana OX=3702 GN=SAUR50 PE=1 SV=1 && PF02519:Auxin responsive protein	bHLH
110719327	26.1187400472079	2.72012856851169	0.727428930546377	13.8352510364462	0.000199556919926581	0.00521728869480274	LOC110719327	NW_018742484.1	929665	932183	-	1215	protein_coding	suppressor of disruption of TFIIS-like && - && PF13419:Haloacid dehalogenase-like hydrolase	LBD
110682496	64.5565966878252	2.11379116646919	0.566541109039657	13.8272951887647	0.000200403646098977	0.00522606400613887	LOC110682496	NW_018742244.1	3577155	3586099	-	6315	protein_coding	scopoletin glucosyltransferase-like && sp|Q9AT54|SCGT_TOBAC Scopoletin glucosyltransferase OS=Nicotiana tabacum OX=4097 GN=TOGT1 PE=1 SV=1 && -	ERF
110700558	23.5725971071184	2.01002448038116	0.540872812950818	13.8279300907374	0.000200335941961718	0.00522606400613887	LOC110700558	NW_018744626.1	3833749	3838594	+	2129	protein_coding	ABC transporter A family member 7-like && sp|Q9STT5|AB7A_ARATH ABC transporter A family member 7 OS=Arabidopsis thaliana OX=3702 GN=ABCA7 PE=3 SV=2 && PF00005:ABC transporter	HSF
110727555	38.4067595143976	2.34467814369472	0.62776530897662	13.8295777656344	0.000200160346082674	0.00522606400613887	LOC110727555	NW_018742907.1	1030827	1032213	-	1387	protein_coding	transcription factor IBH1-like && sp|Q9SKX1|IBH1_ARATH Transcription factor IBH1 OS=Arabidopsis thaliana OX=3702 GN=IBH1 PE=1 SV=1 && -	bHLH
110732621	10.7111627172607	1.85694589928955	0.501189321550371	13.8224283515557	0.00020092339792185	0.00523266883725784	LOC110732621	NW_018743175.1	4517604	4523491	-	2045	protein_coding	UV-B-induced protein At3g17800%2C chloroplastic-like && sp|Q9LVJ0|UVB31_ARATH UV-B-induced protein At3g17800, chloroplastic OS=Arabidopsis thaliana OX=3702 GN=At3g17800 PE=2 SV=1 && PF05542:Protein of unknown function (DUF760)	bZIP
110712034	5.44152203478713	4.14320866885442	1.11023184076135	13.8088717456133	0.000202378341161769	0.00526357920029545	LOC110712034	NW_018745286.1	6424324	6426795	-	1984	protein_coding	cytokinin dehydrogenase 1-like && sp|O22213|CKX1_ARATH Cytokinin dehydrogenase 1 OS=Arabidopsis thaliana OX=3702 GN=CKX1 PE=1 SV=1 && PF09265:Cytokinin dehydrogenase 1, FAD and cytokinin binding|PF01565:FAD binding domain	bHLH
110696022	75.9541192332493	1.68307922892295	0.452681214900647	13.8023468103735	0.000203082399654661	0.00527578212154024	LOC110696022	NW_018744311.1	1579427	1583974	-	1683	protein_coding	aldehyde dehydrogenase family 3 member F1-like && sp|Q70E96|AL3F1_ARATH Aldehyde dehydrogenase family 3 member F1 OS=Arabidopsis thaliana OX=3702 GN=ALDH3F1 PE=2 SV=2 && PF00171:Aldehyde dehydrogenase family	bHLH
110729781	8.36491127092393	5.07823611707539	1.34049661008523	13.775613562228	0.000205992851859423	0.00533638342419203	LOC110729781	NW_018742988.1	22902	27943	+	1674	protein_coding	homeobox-leucine zipper protein ROC8-like && sp|Q9FX31|HDG11_ARATH Homeobox-leucine zipper protein HDG11 OS=Arabidopsis thaliana OX=3702 GN=HDG11 PE=1 SV=1 && PF01852:START domain	HD-ZIP
110737112	153.091363816977	1.92801891882828	0.518297946777335	13.7727073046748	0.000206311778432287	0.005341122263923	LOC110737112	NW_018743292.1	12686212	12688597	+	1360	protein_coding	probable ribose-5-phosphate isomerase 3%2C chloroplastic && sp|Q9S726|RPI3_ARATH Probable ribose-5-phosphate isomerase 3, chloroplastic OS=Arabidopsis thaliana OX=3702 GN=RPI3 PE=1 SV=1 && PF06026:Ribose 5-phosphate isomerase A (phosphoriboisomerase A)	FAR1
110737354	818.165388957843	1.11547293160311	0.300841199071043	13.7644646383978	0.000207219020153051	0.00535402143320445	LOC110737354	NW_018743327.1	225793	248117	+	3356	protein_coding	DNA gyrase subunit A%2C chloroplastic/mitochondrial-like && sp|Q5YLB5|GYRA_NICBE DNA gyrase subunit A, chloroplastic/mitochondrial OS=Nicotiana benthamiana OX=4100 GN=GYRA PE=2 SV=1 && PF03989:DNA gyrase C-terminal domain, beta-propeller|PF00521:DNA gyrase/topoisomerase IV, subunit A	-
110683698	148.920852979579	1.45513920955562	0.392231787999027	13.7614857627485	0.000207547882559947	0.00535577282453245	LOC110683698	NW_018743691.1	341881	345873	+	2258	protein_coding	AP2-like ethylene-responsive transcription factor TOE3%2C transcript variant X1 && sp|B8AXC3|AP21_ORYSI APETALA2-like protein 1 OS=Oryza sativa subsp. indica OX=39946 GN=AP2-1 PE=2 SV=2 && PF00847:AP2 domain	AP2
110715494	535.815959401365	1.12759569032114	0.304177334546048	13.7596991267557	0.000207745376107958	0.00535577282453245	LOC110715494	NW_018745523.1	4267573	4275506	-	2308	protein_coding	uncharacterized RNA methyltransferase CT0009-like && sp|Q8KGF9|Y009_CHLTE Uncharacterized RNA methyltransferase CT0009 OS=Chlorobaculum tepidum (strain ATCC 49652 / DSM 12025 / NBRC 103806 / TLS) OX=194439 GN=CT0009 PE=3 SV=1 && PF05958:tRNA (Uracil-5-)-methyltransferase	C3H
110716830	155.861441152327	1.12021475473905	0.302223028780926	13.7589410915857	0.000207829226005875	0.00535577282453245	LOC110716830	NW_018745650.1	5081715	5087811	+	1324	protein_coding	transcription factor bHLH35-like && sp|Q2HIV9|BH035_ARATH Transcription factor bHLH35 OS=Arabidopsis thaliana OX=3702 GN=BHLH35 PE=2 SV=1 && PF00010:Helix-loop-helix DNA-binding domain	bHLH
110704239	32.9889668081474	5.42290800230744	1.39815059357119	13.7432199686238	0.000209575921978419	0.00538656752870318	LOC110704239	NW_018744828.1	26329	28109	-	1339	protein_coding	peroxidase 12-like && sp|Q96520|PER12_ARATH Peroxidase 12 OS=Arabidopsis thaliana OX=3702 GN=PER12 PE=1 SV=1 && PF00141:Peroxidase	NAC
110738031	6.56094743849841	3.04219799852655	0.838259877089858	13.7441269737545	0.000209474748280257	0.00538656752870318	LOC110738031	NW_018743363.1	44150	48981	-	2509	protein_coding	albumin-2-like && sp|P08688|ALB2_PEA Albumin-2 OS=Pisum sativum OX=3888 PE=2 SV=1 && -	-
110731212	229.538234022665	1.24007515505109	0.334731030395256	13.7366617562615	0.000210308937357445	0.0054018723981942	LOC110731212	NW_018743066.1	370109	375870	-	2887	protein_coding	oligopeptide transporter 3-like && sp|O23482|OPT3_ARATH Oligopeptide transporter 3 OS=Arabidopsis thaliana OX=3702 GN=OPT3 PE=2 SV=3 && PF03169:OPT oligopeptide transporter protein	M-type_MADS
110693543	4.29263757014481	10.0507547025602	2.54276085447274	13.7330430749194	0.000210714504880442	0.00540521930122117	LOC110693543	NW_018744151.1	2030519	2032707	-	1350	protein_coding	peroxidase 3-like && sp|O23044|PER3_ARATH Peroxidase 3 OS=Arabidopsis thaliana OX=3702 GN=PER3 PE=2 SV=1 && PF00141:Peroxidase	NAC
110732354	69.2033729985163	1.44442455650243	0.389781928738254	13.7336836463838	0.000210642654803423	0.00540521930122117	LOC110732354	NW_018743175.1	1290838	1294603	+	1516	protein_coding	inositol 2-dehydrogenase/D-chiro-inositol 3-dehydrogenase-like && - && PF02894:Oxidoreductase family, C-terminal alpha/beta domain|PF01408:Oxidoreductase family, NAD-binding Rossmann fold	-
110722601	207.613841941896	1.11409595498325	0.300906533900504	13.7293825268255	0.00021112556640622	0.0054122287006994	LOC110722601	NW_018742684.1	264161	271401	-	1219	protein_coding	2-C-methyl-D-erythritol 2%2C4-cyclodiphosphate synthase%2C chloroplastic-like && sp|Q9CAK8|ISPF_ARATH 2-C-methyl-D-erythritol 2,4-cyclodiphosphate synthase, chloroplastic OS=Arabidopsis thaliana OX=3702 GN=ISPF PE=1 SV=1 && PF02542:YgbB family	MYB_related
110704787	193.046449111984	1.26401253334348	0.341312923135344	13.7280687237828	0.000211273296962825	0.00541248283863081	LOC110704787	NW_018744858.1	1727525	1730874	+	1361	protein_coding	cycloeucalenol cycloisomerase-like && sp|Q9M643|CCI1_ARATH Cycloeucalenol cycloisomerase OS=Arabidopsis thaliana OX=3702 GN=CPI1 PE=2 SV=1 && -	bHLH
110724597	95.1660007626253	1.18482172582261	0.320185870092163	13.7249672833748	0.000211622451631016	0.00541789344387541	LOC110724597	NW_018742204.1	23174471	23187612	-	3464	protein_coding	alpha-mannosidase-like%2C transcript variant X1 && sp|Q9FKW9|MANA3_ARATH Probable alpha-mannosidase At5g66150 OS=Arabidopsis thaliana OX=3702 GN=At5g66150 PE=3 SV=1 && PF17677:Glycosyl hydrolases family 38 C-terminal beta sandwich domain|PF09261:Alpha mannosidase middle domain|PF07748:Glycosyl hydrolases family 38 C-terminal domain|PF01074:Glycosyl hydrolases family 38 N-terminal domain	-
110726544	3.081279490034	4.41367883746251	1.20505091144159	13.714790324117	0.000212772244683379	0.00543741363307752	LOC110726544	NW_018742879.1	3650930	3652390	+	757	lncRNA	uncharacterized LOC110726544 && sp|P20346|DF322_SOLTU Defensin-like protein P322 OS=Solanum tuberosum OX=4113 PE=2 SV=1 && -	-
110734235	184.475103529119	1.00406613509318	0.271639428783515	13.6984082214715	0.000214636331119529	0.00547009255811632	LOC110734235	NW_018743212.1	606866	611866	+	901	protein_coding	nitrogen regulatory protein P-II homolog && sp|Q9ZST4|GLNB_ARATH Nitrogen regulatory protein P-II homolog OS=Arabidopsis thaliana OX=3702 GN=GLB1 PE=1 SV=1 && PF00543:Nitrogen regulatory protein P-II	-
110687779	4.8402293850525	4.70342955225026	1.2707455372617	13.6910196051444	0.00021548244270969	0.00548098573350885	LOC110687779	NW_018743920.1	600461	604600	-	1336	protein_coding	putative ER lumen protein-retaining receptor C28H8.4 && sp|Q09473|ERD22_CAEEL ER lumen protein-retaining receptor erd-2.2 OS=Caenorhabditis elegans OX=6239 GN=erd-2.2 PE=3 SV=1 && PF00810:ER lumen protein retaining receptor	M-type_MADS
110704334	1.60034800964754	6.87196095514821	2.00320263855058	13.6920024856137	0.000215369694088982	0.00548098573350885	LOC110704334	NW_018744830.1	1025722	1028441	+	2297	protein_coding	UDP-glycosyltransferase 73C3-like && sp|Q9ZQ96|U73C3_ARATH UDP-glycosyltransferase 73C3 OS=Arabidopsis thaliana OX=3702 GN=UGT73C3 PE=2 SV=1 && PF00201:UDP-glucoronosyl and UDP-glucosyl transferase	ERF
110724970	3.38768538356388	3.12906828497536	0.861378184718751	13.6934329406513	0.000215205709291406	0.00548098573350885	LOC110724970	NW_018742798.1	2977924	2987687	+	2443	pseudogene	- && sp|Q9FYH7|VSR6_ARATH Vacuolar-sorting receptor 6 OS=Arabidopsis thaliana OX=3702 GN=VSR6 PE=2 SV=3 && -	WRKY
110731577	1255.09823929014	1.41144074281527	0.381538438720258	13.6748589877881	0.000217344817866975	0.00552120506603474	LOC110731577	NW_018743074.1	733643	735995	-	1018	protein_coding	50S ribosomal protein L5%2C chloroplastic-like && sp|P82192|RK5_SPIOL 50S ribosomal protein L5, chloroplastic OS=Spinacia oleracea OX=3562 GN=RPL5 PE=1 SV=3 && PF00673:ribosomal L5P family C-terminus|PF00281:Ribosomal protein L5	-
110687786	11.4366335232143	4.02263060372378	1.07286190659879	13.6709388851399	0.000217799015643764	0.00552559479417154	LOC110687786	NW_018743920.1	708699	711528	-	2373	protein_coding	cytochrome P450 82G1-like && sp|Q9LSF8|C82G1_ARATH Dimethylnonatriene synthase OS=Arabidopsis thaliana OX=3702 GN=CYP82G1 PE=1 SV=1 && PF00067:Cytochrome P450	G2-like
110708437	943.884977268998	1.3583808284628	0.36740366886644	13.6649866374926	0.000218490494567995	0.00553955919507352	LOC110708437	NW_018745024.1	7151300	7152676	-	1009	protein_coding	auxin-induced protein 22D-like && sp|O24542|AX22D_VIGRR Auxin-induced protein 22D OS=Vigna radiata var. radiata OX=3916 GN=AUX22D PE=2 SV=1 && PF02309:AUX/IAA family	ARF
110690906	11.2037835493066	6.76827198864949	1.73416399118379	13.6616408898817	0.000218880144311213	0.00554585800486081	LOC110690906	NW_018744066.1	1079478	1081704	-	1746	protein_coding	UDP-glycosyltransferase 87A2-like && sp|O64733|U87A2_ARATH UDP-glycosyltransferase 87A2 OS=Arabidopsis thaliana OX=3702 GN=UGT87A2 PE=1 SV=1 && PF00201:UDP-glucoronosyl and UDP-glucosyl transferase	bHLH
110688505	30.3268249512336	3.68075398966785	0.978418417196998	13.6591641718109	0.000219169036768303	0.00554959740876955	LOC110688505	NW_018743920.1	9421778	9431095	-	3469	protein_coding	phototropin-1-like && sp|O48963|PHOT1_ARATH Phototropin-1 OS=Arabidopsis thaliana OX=3702 GN=PHOT1 PE=1 SV=1 && PF00069:Protein kinase domain|PF13426:PAS domain	NAC
110726448	77.1316681623949	1.54626661554584	0.419004919450748	13.6106666078609	0.000224904016424864	0.00567651377702679	LOC110726448	NW_018742879.1	2228893	2231390	+	2138	protein_coding	malate dehydrogenase%2C chloroplastic-like && sp|Q9SN86|MDHP_ARATH Malate dehydrogenase, chloroplastic OS=Arabidopsis thaliana OX=3702 GN=At3g47520 PE=1 SV=1 && PF02866:lactate/malate dehydrogenase, alpha/beta C-terminal domain|PF00056:lactate/malate dehydrogenase, NAD binding domain	-
110733548	831.919985055872	4.06204827059641	1.07312895031923	13.599654631646	0.00022622714192847	0.00569526829804923	LOC110733548	NW_018743199.1	3337366	3341072	-	1215	protein_coding	4%2C5-DOPA dioxygenase extradiol 1-like && sp|I3PFJ9|DOD1W_BETVU 4,5-DOPA dioxygenase extradiol 1 OS=Beta vulgaris OX=161934 GN=DODA1 PE=2 SV=1 && PF02900:Catalytic LigB subunit of aromatic ring-opening dioxygenase	ZF-HD
110697161	9.89635201950964	4.61354387523509	1.22323860788414	13.5866840331782	0.000227795666716637	0.00572374870055182	LOC110697161	NW_018744460.1	1544369	1547106	-	2738	protein_coding	xyloglucan galactosyltransferase XLT2-like && sp|F4K6F1|GT18_ARATH Xyloglucan galactosyltransferase XLT2 OS=Arabidopsis thaliana OX=3702 GN=XLT2 PE=1 SV=1 && PF03016:Exostosin family	-
110685382	387.19520773753	1.34123767128127	0.363901857933903	13.5832211629782	0.000228216279340608	0.00573065085584636	LOC110685382	NW_018743812.1	937512	943475	+	1244	protein_coding	uracil phosphoribosyltransferase-like && sp|P93394|UPP_TOBAC Uracil phosphoribosyltransferase OS=Nicotiana tabacum OX=4097 GN=UPP PE=2 SV=1 && PF14681:Uracil phosphoribosyltransferase	-
110735793	236.920754020405	2.14589955376013	0.579917693118579	13.5772126084495	0.00022894795781993	0.0057453502539694	LOC110735793	NW_018743285.1	4082655	4084369	-	894	protein_coding	thioredoxin M-type%2C chloroplastic && sp|P07591|TRXM_SPIOL Thioredoxin M-type, chloroplastic OS=Spinacia oleracea OX=3562 PE=1 SV=2 && PF00085:Thioredoxin	GATA
110736407	73.9775974969033	1.76025859865611	0.477453078267647	13.5756598189177	0.000229137429416895	0.00574643311972522	LOC110736407	NW_018743292.1	3038297	3040510	-	898	protein_coding	thioredoxin F-type%2C chloroplastic-like && sp|P09856|TRXF_SPIOL Thioredoxin F-type, chloroplastic OS=Spinacia oleracea OX=3562 PE=1 SV=2 && PF00085:Thioredoxin	HRT-like
110708475	2.55886846335694	4.28858931982372	1.19426238248281	13.5709094617471	0.000229718050311594	0.00574997896104986	LOC110708475	NW_018745024.1	7900670	7903893	+	885	protein_coding	guanine deaminase-like && sp|Q94BU8|GSDA_ARATH Guanosine deaminase OS=Arabidopsis thaliana OX=3702 GN=GSDA PE=1 SV=1 && PF00383:Cytidine and deoxycytidylate deaminase zinc-binding region	GeBP
110727041	104.634800038753	1.49383612779406	0.405457579711479	13.5725125176438	0.000229521948390817	0.00574997896104986	LOC110727041	NW_018742899.1	257977	266257	-	1920	protein_coding	3-dehydroquinate synthase homolog && sp|Q2NI00|DHQS_METST 3-dehydroquinate synthase OS=Methanosphaera stadtmanae (strain ATCC 43021 / DSM 3091 / JCM 11832 / MCB-3) OX=339860 GN=aroB' PE=3 SV=1 && PF01959:3-dehydroquinate synthase II	-
110721648	501.308503383185	1.20505862358191	0.327282645118293	13.5658969875441	0.000230332316560551	0.00575801468382083	LOC110721648	NW_018742616.1	3198168	3202168	-	2054	protein_coding	glutathione S-transferase-like && sp|P46423|GSTF_HYOMU Glutathione S-transferase OS=Hyoscyamus muticus OX=35626 PE=1 SV=1 && PF00043:Glutathione S-transferase, C-terminal domain|PF02798:Glutathione S-transferase, N-terminal domain	CAMTA
110721655	655.558857088667	2.24961448853422	0.60770872539038	13.5618841516234	0.000230825272383017	0.00576636192905788	LOC110721655	NW_018742616.1	3411026	3411815	+	790	protein_coding	plastocyanin%2C chloroplastic-like && sp|P00289|PLAS_SPIOL Plastocyanin, chloroplastic OS=Spinacia oleracea OX=3562 GN=PETE PE=1 SV=2 && PF00127:Copper binding proteins, plastocyanin/azurin family	-
110731707	271.244005424271	1.55202387947556	0.421114278015854	13.5584679796936	0.000231245768861801	0.00576983169028558	LOC110731707	NW_018743074.1	2292227	2295168	-	1264	protein_coding	uncharacterized LOC110731707 && - && PF13301:Protein of unknown function (DUF4079)	-
110725624	1198.10941716384	1.16232627524875	0.315842371923465	13.5541584002367	0.000231777336156224	0.00577942306213549	LOC110725624	NW_018742815.1	1118359	1118978	+	620	protein_coding	histone H2B-like && sp|O22582|H2B_GOSHI Histone H2B OS=Gossypium hirsutum OX=3635 GN=HIS2B PE=2 SV=3 && PF00125:Core histone H2A/H2B/H3/H4	-
110692724	118.415033858505	1.24400530927995	0.338061702352417	13.549611250722	0.000232339541745084	0.00578924106136837	LOC110692724	NW_018744128.1	957169	959787	+	2378	protein_coding	BTB/POZ domain-containing protein At5g66560-like && sp|Q94A73|Y5656_ARATH BTB/POZ domain-containing protein At5g66560 OS=Arabidopsis thaliana OX=3702 GN=At5g66560 PE=2 SV=2 && PF03000:NPH3 family	MYB
110711576	2.41151886809044	6.94837311248915	1.85879511938254	13.5485908125125	0.000232465896513582	0.00578924106136837	LOC110711576	NW_018745281.1	2231461	2252452	+	1813	protein_coding	uncharacterized LOC110711576 && - && PF01117:Aerolysin toxin|PF07468:Agglutinin domain	-
110722841	1379.52693881854	1.17657748339301	0.319908436326114	13.5365344359542	0.000233964018230425	0.00582285734344961	LOC110722841	NW_018742684.1	3347606	3348288	-	683	protein_coding	uncharacterized LOC110722841 && - && PF06596:Photosystem II reaction centre X protein (PsbX)	-
110724650	25.6989922796602	3.20522428739615	0.861871149452867	13.5263810951201	0.000235233213839262	0.00584703418171477	LOC110724650	NW_018742770.1	2103845	2106175	-	2091	pseudogene	- && sp|Q9LTA3|U91C1_ARATH UDP-glycosyltransferase 91C1 OS=Arabidopsis thaliana OX=3702 GN=UGT91C1 PE=1 SV=1 && -	HB-other
110689770	91.4266774959164	1.61772664967445	0.439722901365677	13.524127437298	0.00023551586690686	0.00585035714170343	LOC110689770	NW_018743977.1	2474702	2476539	-	1031	protein_coding	zinc finger SWIM domain-containing protein 7-like%2C transcript variant X1 && - && -	-
110690031	65.1060907740113	1.73927492025218	0.473046954020913	13.4955080857744	0.000239135210149188	0.00592153663820243	LOC110690031	NW_018743979.1	3503473	3504887	+	1415	protein_coding	auxin-induced protein 10A5-like && - && PF02519:Auxin responsive protein	bHLH
110699288	73.4520762880997	2.20393594328603	0.598010139640044	13.4877414510976	0.000240127051110045	0.00593860810972594	LOC110699288	NW_018744582.1	1981259	1983966	-	1591	protein_coding	omega-3 fatty acid desaturase%2C chloroplastic-like && sp|P48620|FAD3C_SESIN Omega-3 fatty acid desaturase, chloroplastic OS=Sesamum indicum OX=4182 GN=FAD7 PE=2 SV=1 && PF00487:Fatty acid desaturase|PF11960:Domain of unknown function (DUF3474)	HSF
110728202	11839.8526681227	1.21019423819517	0.32978974223588	13.4724944679364	0.000242086247368173	0.00597953030999388	LOC110728202	NW_018742914.1	8713100	8714585	+	826	protein_coding	ribulose bisphosphate carboxylase small chain 1%2C chloroplastic-like && sp|P16032|RBS1_MESCR Ribulose bisphosphate carboxylase small subunit, chloroplastic 1 OS=Mesembryanthemum crystallinum OX=3544 GN=RBCS1 PE=2 SV=2 && PF12338:Ribulose-1,5-bisphosphate carboxylase small subunit|PF00101:Ribulose bisphosphate carboxylase, small chain	M-type_MADS
110736362	21.8991946135037	3.68007591185041	0.987573459835441	13.4693138256436	0.000242496977823881	0.00598591062858409	LOC110736362	NW_018743292.1	2608131	2614472	+	2503	protein_coding	endoglucanase 12-like && sp|Q7XUK4|GUN12_ORYSJ Endoglucanase 12 OS=Oryza sativa subsp. japonica OX=39947 GN=GLU3 PE=2 SV=2 && PF00759:Glycosyl hydrolase family 9	WRKY
110692791	15.4213534045526	1.75531580037825	0.479269308200593	13.4667595217201	0.00024282733482935	0.00598716768852834	LOC110692791	NW_018744128.1	1826056	1831015	+	3630	protein_coding	uncharacterized LOC110692791 && - && PF14383:DUF761-associated sequence motif	BES1
110700531	40.6552369915068	1.72297191049744	0.469233426389813	13.4665627493785	0.000242852802888133	0.00598716768852834	LOC110700531	NW_018744626.1	3519785	3524548	+	1285	protein_coding	transmembrane protein DDB_G0273707/DDB_G0273361-like && - && PF04982:HPP family	-
110711609	161.442970006601	1.49498836060608	0.407264337493246	13.4644911016853	0.000243121097711362	0.00599002187604662	LOC110711609	NW_018745281.1	3185897	3187789	+	1893	protein_coding	crocetin glucosyltransferase%2C chloroplastic-like && sp|F8WKW0|UGT1_GARJA Crocetin glucosyltransferase, chloroplastic OS=Gardenia jasminoides OX=114476 GN=UGT75L6 PE=1 SV=1 && PF00201:UDP-glucoronosyl and UDP-glucosyl transferase	GRAS
110717206	384.706506364487	1.1712420279946	0.319507450845801	13.4515668208032	0.000244801652777321	0.00601988887220063	LOC110717206	NW_018745675.1	84837	116939	-	3483	protein_coding	phosphoglycerate kinase-like%2C transcript variant X3 && sp|Q9LD57|PGKH1_ARATH Phosphoglycerate kinase 1, chloroplastic OS=Arabidopsis thaliana OX=3702 GN=PGK1 PE=1 SV=1 && PF00162:Phosphoglycerate kinase|PF02390:Putative methyltransferase	MYB_related
110685801	2.36858868629155	6.82383558707829	1.83942112428939	13.4354787111538	0.00024690997034292	0.0060567740570128	LOC110685801	NW_018743850.1	581846	586445	+	1457	protein_coding	epoxide hydrolase 4-like && - && PF00561:alpha/beta hydrolase fold	FAR1
110705044	122.79206524371	1.5278955151635	0.416738381975956	13.435714643169	0.000246878920049021	0.0060567740570128	LOC110705044	NW_018744874.1	1154719	1162366	-	2281	protein_coding	protein TIC 62%2C chloroplastic-like && sp|Q8H0U5|TIC62_ARATH Protein TIC 62, chloroplastic OS=Arabidopsis thaliana OX=3702 GN=TIC62 PE=1 SV=1 && PF13460:NAD(P)H-binding	-
110717690	128.775309389668	4.05102403186565	1.07766803944926	13.4371218431116	0.000246693804466396	0.0060567740570128	LOC110717690	NW_018745684.1	7038158	7041371	+	1448	protein_coding	polygalacturonase-like && sp|P48979|PGLR_PRUPE Polygalacturonase OS=Prunus persica OX=3760 PE=2 SV=1 && PF00295:Glycosyl hydrolases family 28	C3H
110700413	335.708632665888	1.40324455696298	0.382752247514691	13.433012403003	0.000247234789352649	0.00606095623111523	LOC110700413	NW_018744626.1	1988920	1993004	-	2133	protein_coding	aldehyde dehydrogenase family 2 member B4%2C mitochondrial-like && sp|Q9SU63|AL2B4_ARATH Aldehyde dehydrogenase family 2 member B4, mitochondrial OS=Arabidopsis thaliana OX=3702 GN=ALDH2B4 PE=1 SV=1 && PF00171:Aldehyde dehydrogenase family	bHLH
110688466	1305.09971165721	1.06704496934151	0.29133848790152	13.4312515943371	0.000247466955754138	0.00606286322728151	LOC110688466	NW_018743920.1	8859778	8860502	-	725	protein_coding	histone H2B && sp|O22582|H2B_GOSHI Histone H2B OS=Gossypium hirsutum OX=3635 GN=HIS2B PE=2 SV=3 && PF00125:Core histone H2A/H2B/H3/H4	-
110687137	83.5942903187169	1.13204210189506	0.309344128175318	13.4222261036885	0.000248660440160162	0.0060817476321655	LOC110687137	NW_018743919.1	945796	947244	+	1314	protein_coding	uncharacterized LOC110687137 && - && -	-
110734376	78.4337988369147	1.33176154448275	0.363627387433805	13.4207424105209	0.00024885719056069	0.0060817476321655	LOC110734376	NW_018743212.1	2223462	2226217	-	1645	protein_coding	WAT1-related protein At1g43650-like && sp|Q501F8|WTR32_ARATH WAT1-related protein At4g08300 OS=Arabidopsis thaliana OX=3702 GN=At4g08300 PE=2 SV=1 && PF00892:EamA-like transporter family	ERF
110729624	75.2354672500032	1.06856491459906	0.291964145226708	13.4181421548919	0.000249202385203001	0.0060838436462273	LOC110729624	NW_018742987.1	1140267	1146007	+	2462	protein_coding	silicon efflux transporter LSI2-like%2C transcript variant X2 && sp|Q10SY9|LSI2_ORYSJ Silicon efflux transporter LSI2 OS=Oryza sativa subsp. japonica OX=39947 GN=LSI2 PE=1 SV=1 && PF03600:Citrate transporter	-
110704326	254.840785159292	1.19190285756083	0.325530634484615	13.4161257134057	0.000249470408298343	0.0060853735062738	LOC110704326	NW_018744830.1	766857	772145	+	1167	protein_coding	peptidyl-prolyl cis-trans isomerase FKBP16-4%2C chloroplastic-like && sp|Q9SR70|FK164_ARATH Peptidyl-prolyl cis-trans isomerase FKBP16-4, chloroplastic OS=Arabidopsis thaliana OX=3702 GN=FKBP16-4 PE=1 SV=1 && PF00254:FKBP-type peptidyl-prolyl cis-trans isomerase	GeBP
110702502	254.063509941023	1.04283906341376	0.285255982087947	13.38117372513	0.000254162624988287	0.00618830054008989	LOC110702502	NW_018744693.1	1497754	1500475	+	2425	protein_coding	BAG family molecular chaperone regulator 1-like && sp|Q0WUQ1|BAG1_ARATH BAG family molecular chaperone regulator 1 OS=Arabidopsis thaliana OX=3702 GN=BAG1 PE=1 SV=1 && PF00240:Ubiquitin family|PF02179:BAG domain	ERF
110736530	395.50356978841	1.37327232886217	0.375374014054115	13.3790167506464	0.000254455090547593	0.00619158288170733	LOC110736530	NW_018743292.1	4420525	4423097	+	1098	protein_coding	psbP domain-containing protein 1%2C chloroplastic-like && sp|O23403|PPD1_ARATH PsbP domain-containing protein 1, chloroplastic OS=Arabidopsis thaliana OX=3702 GN=PPD1 PE=1 SV=1 && PF01789:PsbP	-
110733576	2.04723122276376	7.85353403190085	2.12684295274716	13.3765967402745	0.00025478362509148	0.00619573827134223	LOC110733576	NW_018743199.1	3922392	3924194	-	1038	protein_coding	jasmonate-induced protein homolog && - && -	-
110717307	2456.48427622174	1.20947635202529	0.330862901841747	13.3695945587911	0.000255736633842316	0.00621506486441167	LOC110717307	NW_018745676.1	468470	483511	-	3308	protein_coding	alpha-1%2C4 glucan phosphorylase L isozyme%2C chloroplastic/amyloplastic-like && sp|P04045|PHSL1_SOLTU Alpha-1,4 glucan phosphorylase L-1 isozyme, chloroplastic/amyloplastic OS=Solanum tuberosum OX=4113 PE=1 SV=2 && PF00343:Carbohydrate phosphorylase	GeBP
110714750	388.678459437581	1.03443848457672	0.283211305659125	13.3636389422319	0.000256550030316389	0.00623097671033738	LOC110714750	NW_018745461.1	1170004	1179838	+	2780	protein_coding	probable acyl-activating enzyme 16%2C chloroplastic && sp|Q9LK39|AAE16_ARATH Probable acyl-activating enzyme 16, chloroplastic OS=Arabidopsis thaliana OX=3702 GN=AAE16 PE=2 SV=1 && PF00501:AMP-binding enzyme	C2H2
110734290	12.3813477495985	2.63248291229438	0.719036350942489	13.3596450114135	0.000257096967037452	0.00623866150494841	LOC110734290	NW_018743212.1	1202131	1204482	+	1112	protein_coding	uncharacterized LOC110734290 && - && -	GRAS
110711087	9.37488581295907	2.94435480560655	0.803630700303462	13.3486759285534	0.000258605148579558	0.00625713319176183	LOC110711087	NW_018745234.1	44242	45084	-	843	protein_coding	uncharacterized LOC110711087 && - && PF03087:Arabidopsis protein of unknown function	-
110729363	136.277933670059	1.44612254165684	0.395755909117746	13.3477274785541	0.00025873597274086	0.00625713319176183	LOC110729363	NW_018742980.1	1414893	1420366	+	2321	protein_coding	myb-like protein X && - && PF14309:Domain of unknown function (DUF4378)	LBD
110725229	132.274441927463	2.92844808719613	0.793001511132584	13.3413629116288	0.000259615594730837	0.00626898733146626	LOC110725229	NW_018742810.1	1237024	1239794	+	2216	protein_coding	patellin-3-like && sp|Q56Z59|PATL3_ARATH Patellin-3 OS=Arabidopsis thaliana OX=3702 GN=PATL3 PE=1 SV=2 && PF03765:CRAL/TRIO, N-terminal domain|PF00650:CRAL/TRIO domain	DBB
110683738	48.6173970105644	1.6708402338247	0.457326382075233	13.3326008948509	0.00026083149218088	0.00628829661904217	LOC110683738	NW_018743691.1	2316590	2321999	+	1631	protein_coding	general transcription factor IIF subunit 2-like && sp|Q03123|T2FB_XENLA General transcription factor IIF subunit 2 OS=Xenopus laevis OX=8355 GN=gtf2f2 PE=2 SV=1 && PF02270:TFIIF, beta subunit HTH domain	G2-like
110698362	189.964649164989	1.02833576942364	0.281895701292501	13.3287418784563	0.000261368823611658	0.00629738515932556	LOC110698362	NW_018744517.1	868715	878923	-	2508	protein_coding	glucomannan 4-beta-mannosyltransferase 9-like%2C transcript variant X2 && sp|Q9LZR3|CSLA9_ARATH Glucomannan 4-beta-mannosyltransferase 9 OS=Arabidopsis thaliana OX=3702 GN=CSLA9 PE=1 SV=1 && PF13632:Glycosyl transferase family group 2|PF00535:Glycosyl transferase family 2	C2H2
110682315	154.977396222313	1.94782049627618	0.532466571364527	13.3098103590316	0.000264021065059413	0.00633021934559117	LOC110682315	NW_018743574.1	5839127	5844721	+	1701	protein_coding	PI-PLC X domain-containing protein At5g67130-like && sp|Q93XX5|Y5713_ARATH PI-PLC X domain-containing protein At5g67130 OS=Arabidopsis thaliana OX=3702 GN=At5g67130 PE=1 SV=1 && -	bZIP
110692669	242.694382706339	2.01038684651243	0.549238599034763	13.3110318590781	0.00026384912128973	0.00633021934559117	LOC110692669	NW_018744128.1	168726	170450	+	1725	protein_coding	mitochondrial uncoupling protein 4-like && sp|Q9SB52|PUMP4_ARATH Mitochondrial uncoupling protein 4 OS=Arabidopsis thaliana OX=3702 GN=PUMP4 PE=2 SV=1 && PF00153:Mitochondrial carrier protein	ERF
110725215	33.2675110647217	2.06204909499835	0.564282151095136	13.3105095157684	0.00026392263483595	0.00633021934559117	LOC110725215	NW_018742810.1	975397	977281	-	1400	protein_coding	uncharacterized protein C594.04c-like && - && PF06966:Protein of unknown function (DUF1295)	bZIP
110715000	287.045700700734	1.72202718978033	0.471351491531925	13.3046938875088	0.000264742510494036	0.00634364406017832	LOC110715000	NW_018745461.1	729921	730699	+	779	protein_coding	photosystem I reaction center subunit V%2C chloroplastic-like && sp|P12357|PSAG_SPIOL Photosystem I reaction center subunit V, chloroplastic OS=Spinacia oleracea OX=3562 GN=PSAG PE=1 SV=1 && PF01241:Photosystem I psaG / psaK	-
110682526	11.5239137784345	7.04853572592833	1.89408661789584	13.3009558502111	0.000265270846387224	0.00635242801839356	LOC110682526	NW_018742244.1	3614031	3615859	-	1829	protein_coding	uncharacterized protein At4g06744-like && sp|Q8W3M4|Y4744_ARATH Uncharacterized protein At4g06744 OS=Arabidopsis thaliana OX=3702 GN=At4g06744 PE=2 SV=1 && -	-
110684014	410.091171825707	1.23385923970218	0.3387072220501	13.278589642169	0.000268454375355965	0.00642474630308033	LOC110684014	NW_018743697.1	529350	532635	+	2061	protein_coding	magnesium protoporphyrin IX methyltransferase%2C chloroplastic-like && sp|Q9SW18|CHLM_ARATH Magnesium protoporphyrin IX methyltransferase, chloroplastic OS=Arabidopsis thaliana OX=3702 GN=CHLM PE=1 SV=1 && PF07109:Magnesium-protoporphyrin IX methyltransferase C-terminus	Trihelix
110712424	440.961052649353	1.26586259833608	0.347516837909145	13.2748545507094	0.000268989755642285	0.00643194068455205	LOC110712424	NW_018745323.1	2318000	2322598	+	1714	protein_coding	4-diphosphocytidyl-2-C-methyl-D-erythritol kinase%2C chloroplastic-like%2C transcript variant X1 && sp|P93841|ISPE_SOLLC 4-diphosphocytidyl-2-C-methyl-D-erythritol kinase, chloroplastic/chromoplastic (Fragment) OS=Solanum lycopersicum OX=4081 GN=ISPE PE=1 SV=1 && PF00288:GHMP kinases N terminal domain	NF-YB
110702656	56.8544789846356	2.01546776899009	0.551895087352988	13.271071051843	0.000269533171815069	0.00643487918340014	LOC110702656	NW_018742204.1	3860900	3862616	+	1717	protein_coding	transcription termination factor MTEF1%2C chloroplastic-like && sp|Q84X53|MTEF1_ARATH Transcription termination factor MTEF1, chloroplastic OS=Arabidopsis thaliana OX=3702 GN=MTERF1 PE=2 SV=2 && PF02536:mTERF	E2F/DP
110690977	854.781476176547	1.00167442411868	0.275437323086124	13.2473316999327	0.000272968151892377	0.00649320304619585	LOC110690977	NW_018744066.1	2155358	2163804	+	1714	protein_coding	probable lactoylglutathione lyase%2C chloroplastic && sp|Q8W593|LGUC_ARATH Probable lactoylglutathione lyase, chloroplastic OS=Arabidopsis thaliana OX=3702 GN=At1g67280 PE=1 SV=1 && PF00903:Glyoxalase/Bleomycin resistance protein/Dioxygenase superfamily	-
110729374	1.4322229807622	7.40778610398952	2.11512407227078	13.2480440361418	0.000272864440568956	0.00649320304619585	LOC110729374	NW_018742980.1	1953289	1956344	+	2236	protein_coding	laccase-17-like && sp|Q9FJD5|LAC17_ARATH Laccase-17 OS=Arabidopsis thaliana OX=3702 GN=LAC17 PE=2 SV=1 && PF07731:Multicopper oxidase|PF07732:Multicopper oxidase|PF00394:Multicopper oxidase	bHLH
110739448	33.3432221482431	1.26358598729821	0.347963985306362	13.2455214633509	0.00027323188889559	0.00649554235629328	LOC110739448	NW_018742244.1	1810969	1815506	-	1522	protein_coding	thaumatin-like protein 1b && sp|A0A1P8B554|THLP1_ARATH Thaumatin-like protein 1 OS=Arabidopsis thaliana OX=3702 GN=TLP1 PE=2 SV=1 && PF00314:Thaumatin family	MYB
110704475	59.3036631344825	1.15948104081241	0.319251697529198	13.2184857076495	0.000277201487247189	0.00657399396658144	LOC110704475	NW_018744835.1	1420485	1426131	-	2049	protein_coding	tRNA (guanine(26)-N(2))-dimethyltransferase-like && sp|B6YUU9|TRM1_THEON tRNA (guanine(26)-N(2))-dimethyltransferase OS=Thermococcus onnurineus (strain NA1) OX=523850 GN=trm1 PE=3 SV=1 && PF02005:N2,N2-dimethylguanosine tRNA methyltransferase	Trihelix
110709863	110.65272878421	1.20298149739629	0.331169968753324	13.2188042554996	0.000277154378778369	0.00657399396658144	LOC110709863	NW_018742418.1	3810767	3816659	+	2484	protein_coding	E3 ubiquitin-protein ligase RGLG2-like && sp|Q9LY87|RGLG2_ARATH E3 ubiquitin-protein ligase RGLG2 OS=Arabidopsis thaliana OX=3702 GN=RGLG2 PE=1 SV=1 && PF07002:Copine|PF13920:Zinc finger, C3HC4 type (RING finger)	M-type_MADS
110724954	85.0005970315597	1.95771100283823	0.537538029422578	13.2050351013976	0.000279198014382649	0.00661335562053666	LOC110724954	NW_018742798.1	943929	948889	-	1230	protein_coding	cytokinin riboside 5'-monophosphate phosphoribohydrolase LOG3 && sp|Q8L8B8|LOG3_ARATH Cytokinin riboside 5'-monophosphate phosphoribohydrolase LOG3 OS=Arabidopsis thaliana OX=3702 GN=LOG3 PE=1 SV=1 && PF03641:Possible lysine decarboxylase	WRKY
110684372	38.0096924766985	2.76406101608342	0.75547089811332	13.1987234873617	0.000280139863134879	0.00662767038849163	LOC110684372	NW_018743697.1	4283521	4285964	+	1446	protein_coding	uncharacterized protein At2g37660%2C chloroplastic-like%2C transcript variant X1 && - && PF13460:NAD(P)H-binding	-
110716140	50.8300691013524	3.62550304770868	0.981051270786104	13.1950829670764	0.000280684574517075	0.00662857804871262	LOC110716140	NW_018742441.1	34542	36360	-	949	protein_coding	two-component response regulator ORR9-like && sp|Q4GZK2|ORR9_ORYSI Two-component response regulator ORR9 OS=Oryza sativa subsp. indica OX=39946 GN=RR9 PE=2 SV=1 && PF00072:Response regulator receiver domain	M-type_MADS
110682448	40.4762036591752	1.8384742170396	0.506107974419574	13.1928824344438	0.000281014345932959	0.00663237764893336	LOC110682448	NW_018743574.1	7504294	7508097	-	2209	protein_coding	beta-glucosidase BoGH3B-like && sp|A7LXU3|BGH3B_BACO1 Beta-glucosidase BoGH3B OS=Bacteroides ovatus (strain ATCC 8483 / DSM 1896 / JCM 5824 / NCTC 11153) OX=411476 GN=BACOVA_02659 PE=1 SV=1 && PF01915:Glycosyl hydrolase family 3 C-terminal domain|PF00933:Glycosyl hydrolase family 3 N terminal domain	C2H2
110727876	143.178374114284	2.01508984867392	0.553245993303993	13.1861283843689	0.000282028947710622	0.00664036142892042	LOC110727876	NW_018742914.1	2979710	2985153	+	1795	protein_coding	putative beta-glucosidase 5 && sp|B3H5Q1|BGL11_ARATH Beta-glucosidase 11 OS=Arabidopsis thaliana OX=3702 GN=BGLU11 PE=2 SV=2 && PF00232:Glycosyl hydrolase family 1	B3
110730492	1378.48116176475	1.35603918217004	0.373494250158855	13.1769909939978	0.000283407457861756	0.00666482700155973	LOC110730492	NW_018743033.1	187503	194837	-	1822	protein_coding	triose phosphate/phosphate translocator%2C chloroplastic && sp|P11869|TPT_SPIOL Triose phosphate/phosphate translocator, chloroplastic OS=Spinacia oleracea OX=3562 PE=1 SV=1 && PF03151:Triose-phosphate Transporter family	HB-other
110704886	4.30262955653494	5.37596498734969	1.46431900487529	13.1734842119333	0.000283938309528357	0.0066693237022172	LOC110704886	NW_018744874.1	2582626	2583015	+	390	protein_coding	B1-hordein-like && - && -	-
110738881	5.11998367652019	4.55549694325249	1.27805420152893	13.1738484974587	0.000283883117881938	0.0066693237022172	LOC110738881	NW_018743397.1	505381	507085	+	1330	protein_coding	syntaxin-related protein KNOLLE-like && sp|Q42374|SY111_ARATH Syntaxin-related protein KNOLLE OS=Arabidopsis thaliana OX=3702 GN=KN PE=1 SV=1 && PF00804:Syntaxin|PF05739:SNARE domain	NAC
110727884	1465.86557520228	1.01530825342558	0.280085176110395	13.1594813780207	0.000286068050278448	0.00670405024345872	LOC110727884	NW_018742914.1	3278244	3282726	-	1101	protein_coding	universal stress protein PHOS34-like && sp|Q8L4N1|PHO34_ARATH Universal stress protein PHOS34 OS=Arabidopsis thaliana OX=3702 GN=PHOS34 PE=1 SV=1 && PF00582:Universal stress protein family	-
110705233	461.097475640662	1.09740965825998	0.3027678942768	13.1568353858992	0.000286472294021112	0.00670878139719209	LOC110705233	NW_018742410.1	438205	439101	+	897	protein_coding	ATP synthase subunit b'%2C chloroplastic-like && sp|P31853|ATPF2_SPIOL ATP synthase subunit b', chloroplastic OS=Spinacia oleracea OX=3562 GN=ATPF2 PE=1 SV=2 && PF00430:ATP synthase B/B' CF(0)	-
110733900	4.51964054590585	3.13031898817733	0.869027106318181	13.1506988523634	0.000287412026126758	0.00672677741482488	LOC110733900	NW_018742211.1	780588	781243	-	578	lncRNA	uncharacterized LOC110733900 && - && -	-
110723503	1963.78381241906	1.1469169348221	0.316472938236074	13.1454592257801	0.000288216867526528	0.00674159680665237	LOC110723503	NW_018742204.1	21802667	21806673	-	1321	protein_coding	uncharacterized LOC110723503 && - && PF10674:Protein of unknown function (DUF2488)	-
110715741	54.9735742360182	1.24054879013075	0.342588572507348	13.1287953676409	0.000290791682015306	0.00678969187145487	LOC110715741	NW_018745533.1	397210	405691	+	2136	protein_coding	protein Brevis radix-like 4 && sp|Q8GZ92|BRXL4_ARATH Protein Brevis radix-like 4 OS=Arabidopsis thaliana OX=3702 GN=BRXL4 PE=2 SV=1 && PF08381:Transcription factor regulating root and shoot growth via Pin3|PF13713:Transcription factor BRX N-terminal domain	HB-other
110738939	2.75382350061596	4.49879464311029	1.26812772997518	13.1194500381751	0.000292245811126462	0.00681149539487807	LOC110738939	NW_018742244.1	1172172	1174054	+	1008	protein_coding	uncharacterized LOC110738939 && - && -	-
110712432	5.08024967008339	3.578197330675	1.00458234835632	13.1065347183062	0.000294267503605204	0.00685048468825559	LOC110712432	NW_018742418.1	7784744	7785735	-	992	protein_coding	miraculin-like && - && PF00197:Trypsin and protease inhibitor	-
110721427	9.09863935892113	3.8305140637686	1.04798233716904	13.0854265091239	0.000297602065203118	0.00692400823857941	LOC110721427	NW_018742616.1	369263	372316	+	1281	protein_coding	glutathione S-transferase 2-like && sp|P57108|GSTZ_EUPES Glutathione S-transferase zeta class OS=Euphorbia esula OX=3993 PE=2 SV=1 && PF13417:Glutathione S-transferase, N-terminal domain|PF13410:Glutathione S-transferase, C-terminal domain	-
110686656	54.7855318373365	4.23101712190272	1.13886665119719	13.0770577120641	0.000298934645380688	0.00694267316856046	LOC110686656	NW_018743893.1	462454	468473	-	1932	protein_coding	polyamine oxidase-like && sp|O64411|PAO1_MAIZE Polyamine oxidase 1 OS=Zea mays OX=4577 GN=MPAO1 PE=1 SV=1 && PF01593:Flavin containing amine oxidoreductase	bHLH
110722760	311.760511715624	1.0776573449944	0.298347108119166	13.0648614383122	0.000300887462048342	0.00697153586845106	LOC110722760	NW_018742684.1	2393960	2395606	+	1377	protein_coding	uncharacterized LOC110722760 && - && -	-
110725281	513.955307744548	1.02171257646522	0.282861250770444	13.0656893826917	0.000300754489056704	0.00697153586845106	LOC110725281	NW_018742810.1	1715486	1720226	-	2010	protein_coding	sucrose transport protein-like%2C transcript variant X1 && sp|Q03411|SUT_SPIOL Sucrose transport protein OS=Spinacia oleracea OX=3562 PE=2 SV=1 && PF13347:MFS/sugar transport protein	HD-ZIP
110738133	676.563739079681	1.27768138753133	0.353477393739122	13.0666542919607	0.000300599593413627	0.00697153586845106	LOC110738133	NW_018743373.1	1294142	1295553	-	693	protein_coding	stress-response A/B barrel domain-containing protein At5g22580-like && sp|Q9FK81|Y5258_ARATH Stress-response A/B barrel domain-containing protein At5g22580 OS=Arabidopsis thaliana OX=3702 GN=At5g22580 PE=1 SV=1 && PF07876:Stress responsive A/B Barrel Domain	ERF
110685969	94.1386681036392	1.52941242272243	0.423118614018253	13.0561996532288	0.000302282157176854	0.00699972120212653	LOC110685969	NW_018743850.1	3248128	3252272	+	2833	protein_coding	piriformospora indica-insensitive protein 2-like%2C transcript variant X1 && sp|Q5PP26|PII2_ARATH Piriformospora indica-insensitive protein 2 OS=Arabidopsis thaliana OX=3702 GN=PII-2 PE=2 SV=1 && PF13855:Leucine rich repeat	-
110681813	638.145423693928	1.47278540400043	0.407407099527363	13.0549497951162	0.000302483943050646	0.00700026629076489	LOC110681813	NW_018743574.1	399081	402078	-	1896	protein_coding	omega-hydroxypalmitate O-feruloyl transferase-like && sp|Q94CD1|HHT1_ARATH Omega-hydroxypalmitate O-feruloyl transferase OS=Arabidopsis thaliana OX=3702 GN=HHT1 PE=1 SV=1 && PF02458:Transferase family	FAR1
110684752	3.33862804445755	6.2890906891791	1.71538310088146	13.0416727123159	0.000304635890796809	0.00702476144085554	LOC110684752	NW_018742275.1	557055	561299	-	1992	protein_coding	UPF0481 protein At3g47200-like && sp|Q9SD53|Y3720_ARATH UPF0481 protein At3g47200 OS=Arabidopsis thaliana OX=3702 GN=At3g47200 PE=2 SV=1 && PF03140:Plant protein of unknown function	CPP
110710004	72.7828631801989	6.83320133950636	1.75492077981863	13.0447196780895	0.000304140678283239	0.00702476144085554	LOC110710004	NW_018745105.1	2876606	2879507	+	1283	protein_coding	peroxidase 24-like && sp|Q9ZV04|PER24_ARATH Peroxidase 24 OS=Arabidopsis thaliana OX=3702 GN=PER24 PE=2 SV=1 && PF00141:Peroxidase	NAC
110715984	246.30195292957	1.65764637351634	0.458423236180535	13.041039227786	0.000304738950820908	0.00702476144085554	LOC110715984	NW_018745533.1	857935	862360	-	1903	protein_coding	metacaspase-5-like && sp|O64517|MCA4_ARATH Metacaspase-4 OS=Arabidopsis thaliana OX=3702 GN=AMC4 PE=1 SV=1 && PF00656:Caspase domain	Trihelix
110724682	4.43144785841935	4.84405194240117	1.32710742537598	13.0452168244457	0.000304059955904641	0.00702476144085554	LOC110724682	NW_018742204.1	23238080	23240450	-	1381	protein_coding	thaumatin-like protein 1b && sp|A0A1P8B554|THLP1_ARATH Thaumatin-like protein 1 OS=Arabidopsis thaliana OX=3702 GN=TLP1 PE=2 SV=1 && PF00314:Thaumatin family	MYB
110700734	99.1814895781361	3.00330143751965	0.82237582736626	13.0339481244405	0.000305894986694007	0.00704186038243479	LOC110700734	NW_018742390.1	8128120	8129685	+	1566	protein_coding	protein ENHANCED PSEUDOMONAS SUSCEPTIBILTY 1-like && sp|Q9LJB4|5MAT_ARATH Malonyl-CoA:anthocyanidin 5-O-glucoside-6''-O-malonyltransferase OS=Arabidopsis thaliana OX=3702 GN=5MAT PE=1 SV=1 && PF02458:Transferase family	NAC
110725590	2177.83796402655	2.13711865585107	0.589696666718164	13.0179202948002	0.000308524261802962	0.00708577387940802	LOC110725590	NW_018742815.1	665949	667656	+	1153	protein_coding	pEARLI1-like lipid transfer protein 2 && sp|Q00451|PRF1_SOLLC 36.4 kDa proline-rich protein OS=Solanum lycopersicum OX=4081 GN=TPRP-F1 PE=2 SV=1 && PF14547:Hydrophobic seed protein	Trihelix
110718360	1892.86469912904	1.16191609909042	0.32227173278469	13.0095796095507	0.000309901506286844	0.00711324480210592	LOC110718360	NW_018742455.1	1461097	1466410	+	1618	protein_coding	porphobilinogen deaminase%2C chloroplastic-like && sp|Q43082|HEM3_PEA Porphobilinogen deaminase, chloroplastic OS=Pisum sativum OX=3888 GN=HEMC PE=1 SV=1 && PF01379:Porphobilinogen deaminase, dipyromethane cofactor binding domain|PF03900:Porphobilinogen deaminase, C-terminal domain	-
110692899	12.1403946519508	13.4998414165753	2.89145585906899	12.9930561489558	0.000312648252455029	0.00716373093271082	LOC110692899	NW_018744128.1	1538049	1539352	+	724	protein_coding	non-specific lipid-transfer protein-like protein At5g64080 && - && PF14368:Probable lipid transfer	-
110727146	1455.87628794124	1.22474199574221	0.33984342583743	12.9940980471007	0.000312474331642556	0.00716373093271082	LOC110727146	NW_018742899.1	2657789	2662996	+	1637	protein_coding	porphobilinogen deaminase%2C chloroplastic-like && sp|Q43082|HEM3_PEA Porphobilinogen deaminase, chloroplastic OS=Pisum sativum OX=3888 GN=HEMC PE=1 SV=1 && PF01379:Porphobilinogen deaminase, dipyromethane cofactor binding domain|PF03900:Porphobilinogen deaminase, C-terminal domain	-
110688281	49.0578398858431	1.72602995615077	0.47900199555593	12.9879565269867	0.00031350092550693	0.00717739827334397	LOC110688281	NW_018743920.1	7150897	7154907	-	2585	protein_coding	anthranilate synthase alpha subunit 2%2C chloroplastic-like && sp|P32069|TRPX_ARATH Anthranilate synthase alpha subunit 2, chloroplastic OS=Arabidopsis thaliana OX=3702 GN=ASA2 PE=2 SV=1 && PF04715:Anthranilate synthase component I, N terminal region|PF00425:chorismate binding enzyme	C2H2
110727547	1440.29240802878	1.01766112546388	0.282582890123091	12.9873036830326	0.000313610252261305	0.00717739827334397	LOC110727547	NW_018742205.1	875075	877240	-	1176	protein_coding	nascent polypeptide-associated complex subunit alpha-like protein 5 && sp|Q94JX9|NACA2_ARATH Nascent polypeptide-associated complex subunit alpha-like protein 2 OS=Arabidopsis thaliana OX=3702 GN=At3g49470 PE=2 SV=2 && PF01849:NAC domain	ZF-HD
110719566	44.1148823817107	1.87839530250318	0.520821370047433	12.9844388668629	0.000314090455630826	0.00718002006052936	LOC110719566	NW_018742204.1	15254336	15255468	+	931	protein_coding	uncharacterized LOC110719566 && - && -	-
110730141	1.62710363113824	6.25667042565598	1.72437464522167	12.9849944828316	0.000313997264807838	0.00718002006052936	LOC110730141	NW_018743021.1	795281	797417	-	1414	protein_coding	protein SRG1-like && sp|Q39224|SRG1_ARATH Protein SRG1 OS=Arabidopsis thaliana OX=3702 GN=SRG1 PE=2 SV=1 && PF03171:2OG-Fe(II) oxygenase superfamily|PF14226:non-haem dioxygenase in morphine synthesis N-terminal	STAT
110682030	7.65855807859671	2.93743706174861	0.816306922327854	12.9786646597175	0.000315060588343216	0.00719800726352712	LOC110682030	NW_018743574.1	2719543	2720748	+	1206	protein_coding	RING-H2 finger protein ATL78-like && sp|Q6NQG7|ATL78_ARATH RING-H2 finger protein ATL78 OS=Arabidopsis thaliana OX=3702 GN=ATL78 PE=2 SV=1 && PF13639:Ring finger domain	WOX
110713444	148.358883263475	1.01133586162472	0.281082347563804	12.9725951756711	0.000316083588202366	0.00721718067411136	LOC110713444	NW_018742418.1	9719095	9725138	+	3112	protein_coding	probable beta-D-xylosidase 6 && sp|Q9LXA8|BXL6_ARATH Probable beta-D-xylosidase 6 OS=Arabidopsis thaliana OX=3702 GN=BXL6 PE=2 SV=1 && PF00933:Glycosyl hydrolase family 3 N terminal domain|PF01915:Glycosyl hydrolase family 3 C-terminal domain|PF14310:Fibronectin type III-like domain	C2H2
110687776	904.608331565477	1.21307791811906	0.337056167809263	12.9621277569098	0.000317855726749803	0.00724539221005316	LOC110687776	NW_018743920.1	594288	598503	-	1406	protein_coding	putative ER lumen protein-retaining receptor C28H8.4 && sp|Q09473|ERD22_CAEEL ER lumen protein-retaining receptor erd-2.2 OS=Caenorhabditis elegans OX=6239 GN=erd-2.2 PE=3 SV=1 && PF00810:ER lumen protein retaining receptor	M-type_MADS
110702549	3.84943951021601	4.79165999566302	1.32769339475378	12.9620283517106	0.000317872604026216	0.00724539221005316	LOC110702549	NW_018742393.1	803333	806701	+	1998	protein_coding	transcription factor MYB83 && sp|Q9C6U1|MYB83_ARATH Transcription factor MYB83 OS=Arabidopsis thaliana OX=3702 GN=MYB83 PE=2 SV=1 && PF00249:Myb-like DNA-binding domain	MYB
110729164	20.406555445448	3.60689260422186	0.988538981625448	12.9552355011807	0.000319028055264694	0.00726751091323105	LOC110729164	NW_018742969.1	1320384	1321328	-	664	lncRNA	uncharacterized LOC110729164 && - && -	-
110736192	17.0073097700019	2.32787955807022	0.645939810678586	12.9537894443399	0.000319274573053236	0.00726891032319986	LOC110736192	NW_018743292.1	1031481	1035197	-	1951	protein_coding	serine/threonine-protein kinase Nek6-like%2C transcript variant X1 && sp|Q6YY75|NEK6_ORYSJ Serine/threonine-protein kinase Nek6 OS=Oryza sativa subsp. japonica OX=39947 GN=NEK6 PE=1 SV=2 && PF00069:Protein kinase domain	CAMTA
110707199	221.165173045468	4.23781805615022	1.14466298998497	12.9491613336462	0.000320064846059633	0.00728268059055619	LOC110707199	NW_018744996.1	150144	151708	-	1565	protein_coding	polygalacturonase inhibitor-like && sp|Q9M5J8|PGIP2_ARATH Polygalacturonase inhibitor 2 OS=Arabidopsis thaliana OX=3702 GN=PGIP2 PE=2 SV=2 && PF08263:Leucine rich repeat N-terminal domain|PF13855:Leucine rich repeat	MYB_related
110695917	19.7019134508647	3.59463524919039	0.989915551848838	12.9282391241638	0.000323662103769879	0.00734750393141876	LOC110695917	NW_018744311.1	393855	395159	-	877	protein_coding	uncharacterized LOC110695917 && - && PF04398:Protein of unknown function, DUF538	FAR1
110739968	13.2772029572372	4.21602005741962	1.1495378256879	12.9157320797212	0.000325831942422692	0.00738584300820206	LOC110739968	NW_018743518.1	290762	293362	+	1604	protein_coding	G2/mitotic-specific cyclin S13-7-like && sp|P25011|CCNB1_SOYBN G2/mitotic-specific cyclin S13-6 OS=Glycine max OX=3847 PE=2 SV=1 && PF00134:Cyclin, N-terminal domain|PF02984:Cyclin, C-terminal domain	M-type_MADS
110724712	34.1405487616807	1.6226467928636	0.451940762928631	12.9128025136778	0.000326342307567206	0.00739125804214929	LOC110724712	NW_018742770.1	2887810	2891708	-	3899	protein_coding	probable LRR receptor-like serine/threonine-protein kinase At4g36180 && sp|C0LGS2|Y4361_ARATH Probable LRR receptor-like serine/threonine-protein kinase At4g36180 OS=Arabidopsis thaliana OX=3702 GN=At4g36180 PE=1 SV=1 && PF08263:Leucine rich repeat N-terminal domain|PF00069:Protein kinase domain|PF13855:Leucine rich repeat	STAT
110718495	10.942297522367	2.66608109453662	0.746366808603483	12.9106646038455	0.000326715265525513	0.00739544012852074	LOC110718495	NW_018742461.1	438631	440613	+	997	protein_coding	uncharacterized LOC110718495 && - && -	-
110715802	1.45046080743341	6.97261661474153	1.9857890555052	12.9074064538867	0.000327284475949614	0.00740405715666428	LOC110715802	NW_018745533.1	3363602	3370356	+	2015	protein_coding	AP2-like ethylene-responsive transcription factor At1g79700 && sp|Q94AN4|AP2L1_ARATH AP2-like ethylene-responsive transcription factor At1g16060 OS=Arabidopsis thaliana OX=3702 GN=At1g16060 PE=2 SV=1 && PF00847:AP2 domain	AP2
110715809	166.914295510629	1.82056494480888	0.505821329451201	12.9044071839251	0.000327809343049975	0.00740739719769946	LOC110715809	NW_018745533.1	2226585	2228477	+	1082	protein_coding	photosystem I chlorophyll a/b-binding protein 6%2C chloroplastic-like && sp|Q8LCQ4|LHCA6_ARATH Photosystem I chlorophyll a/b-binding protein 6, chloroplastic OS=Arabidopsis thaliana OX=3702 GN=LHCA6 PE=1 SV=1 && PF00504:Chlorophyll A-B binding protein	ERF
110713994	11.0312884517823	4.42605712016258	1.23593228060428	12.89482794808	0.00032949138428172	0.00743570758805937	LOC110713994	NW_018745454.1	4899199	4899777	-	579	protein_coding	caffeic acid 3-O-methyltransferase-like && sp|Q8LL87|COMT1_COFCA Caffeic acid 3-O-methyltransferase OS=Coffea canephora OX=49390 GN=COMT PE=2 SV=1 && PF08100:Dimerisation domain	-
110719652	7.20865069607392	4.58781693782038	1.26172692316374	12.8879746791381	0.000330700104533859	0.00745555981937902	LOC110719652	NW_018742484.1	7498748	7502037	+	2032	protein_coding	high mobility group B protein 13-like%2C transcript variant X1 && sp|Q9SUP7|HMGB6_ARATH High mobility group B protein 6 OS=Arabidopsis thaliana OX=3702 GN=HMGB6 PE=2 SV=1 && PF00505:HMG (high mobility group) box|PF09011:HMG-box domain	-
110697255	14.8356251856491	2.35813411091792	0.657351391734495	12.8680162106625	0.00033424573997091	0.00751392841778909	LOC110697255	NW_018744460.1	2523275	2524054	-	703	protein_coding	protein PROTON GRADIENT REGULATION 5%2C chloroplastic-like && sp|Q9SL05|PGR5_ARATH Protein PROTON GRADIENT REGULATION 5, chloroplastic OS=Arabidopsis thaliana OX=3702 GN=PGR5 PE=1 SV=1 && -	-
110711888	2571.30936052831	1.0900420159948	0.304247010544152	12.8508940393001	0.00033731804249395	0.00757432331781869	LOC110711888	NW_018745286.1	5722834	5726402	+	1076	protein_coding	50S ribosomal protein L6%2C chloroplastic-like && sp|P82193|RK6_SPIOL 50S ribosomal protein L6, chloroplastic OS=Spinacia oleracea OX=3562 GN=RPL6 PE=1 SV=2 && PF00347:Ribosomal protein L6	NF-YA
110697120	100.908413925769	1.11910872534978	0.312526014457731	12.8430841288996	0.000338728849245868	0.00760165605510456	LOC110697120	NW_018744460.1	1152118	1153350	-	1035	protein_coding	uncharacterized LOC110697120 && - && -	-
110707032	1453.09729347416	1.46559806256503	0.408831802040864	12.8348644930671	0.000340220097637052	0.00762352608576041	LOC110707032	NW_018744991.1	3455921	3459971	-	1382	protein_coding	farnesyl pyrophosphate synthase 1-like && sp|Q4JHN6|FPS_PANGI Farnesyl pyrophosphate synthase OS=Panax ginseng OX=4054 GN=FPS PE=2 SV=1 && PF00348:Polyprenyl synthetase	-
110716497	26.904041655129	6.37623399918744	1.76865174567845	12.8360602140784	0.00034000275299468	0.00762352608576041	LOC110716497	NW_018745587.1	274083	275355	+	1273	protein_coding	uncharacterized LOC110716497 && sp|C0HJG8|BSP_BOSSE Basic secretory protease (Fragments) OS=Boswellia serrata OX=613112 PE=1 SV=1 && PF04450:Peptidase of plants and bacteria	Nin-like
110689738	149.412375094343	2.21558641391138	0.616447319347067	12.8204300270158	0.000342854912963588	0.00765577148893196	LOC110689738	NW_018743977.1	1852214	1857913	+	1600	protein_coding	probable N-succinyldiaminopimelate aminotransferase DapC && sp|Q16773|KAT1_HUMAN Kynurenine--oxoglutarate transaminase 1 OS=Homo sapiens OX=9606 GN=KYAT1 PE=1 SV=1 && PF00155:Aminotransferase class I and II	M-type_MADS
110724305	5.78691499112429	4.63135177239862	1.27991349063568	12.8191497628576	0.000343089598974366	0.00765577148893196	LOC110724305	NW_018742738.1	14326231	14331132	-	2094	protein_coding	probable inactive purple acid phosphatase 27 && sp|Q5MAU8|PPA27_ARATH Probable inactive purple acid phosphatase 27 OS=Arabidopsis thaliana OX=3702 GN=PAP27 PE=2 SV=1 && PF16656:Purple acid Phosphatase, N-terminal domain|PF17808:Fn3-like domain from Purple Acid Phosphatase|PF14008:Iron/zinc purple acid phosphatase-like protein C|PF00149:Calcineurin-like phosphoesterase	GRAS
110686212	1593.26443027202	1.47988614660628	0.413143545420303	12.8144644826897	0.00034394984271101	0.00767060884315132	LOC110686212	NW_018743850.1	7562643	7564557	-	1915	protein_coding	geranylgeranyl pyrophosphate synthase%2C chloroplastic-like && sp|Q94ID7|GGPPS_HEVBR Geranylgeranyl pyrophosphate synthase, chloroplastic OS=Hevea brasiliensis OX=3981 GN=GGPS PE=1 SV=1 && PF00348:Polyprenyl synthetase	BES1
110697469	15.2848934863703	2.5838369436325	0.719256822975759	12.8114962935783	0.000344495944073206	0.00767460818541101	LOC110697469	NW_018744464.1	75339	78155	+	1683	protein_coding	uncharacterized LOC110697469 && - && PF12697:Alpha/beta hydrolase family	GRAS
110721131	241.470505408037	1.26894848317559	0.354617519905938	12.8113656156515	0.00034452000689735	0.00767460818541101	LOC110721131	NW_018742597.1	431081	435809	+	3600	protein_coding	receptor protein kinase CLAVATA1-like && sp|Q9SYQ8|CLV1_ARATH Receptor protein kinase CLAVATA1 OS=Arabidopsis thaliana OX=3702 GN=CLV1 PE=1 SV=3 && PF08263:Leucine rich repeat N-terminal domain|PF13855:Leucine rich repeat|PF00069:Protein kinase domain	MYB_related
110687945	268.758556888637	1.13091170698287	0.316558009495889	12.7812634261221	0.000350108389360628	0.00776614714377025	LOC110687945	NW_018743920.1	3202488	3212372	+	2075	protein_coding	uncharacterized LOC110687945%2C transcript variant X1 && - && -	-
110724136	74.2701286599672	1.37316477562276	0.384444565251852	12.7807138901628	0.000350211254338021	0.00776614714377025	LOC110724136	NW_018742738.1	2465471	2466386	-	744	protein_coding	uncharacterized LOC110724136 && - && -	-
110692997	900.542776014119	1.47913840056169	0.41362980969208	12.7704975484336	0.000352129162239692	0.00779123040405905	LOC110692997	NW_018744137.1	1031035	1034612	+	1592	protein_coding	anthocyanidin 3-O-glucosyltransferase 7-like && sp|P51094|UFOG_VITVI Anthocyanidin 3-O-glucosyltransferase UFGT OS=Vitis vinifera OX=29760 GN=UFGT PE=1 SV=2 && PF00201:UDP-glucoronosyl and UDP-glucosyl transferase	FAR1
110703583	26.862662589122	3.06189734595192	0.84828828028661	12.7720970519507	0.000351828190444105	0.00779123040405905	LOC110703583	NW_018744745.1	7782	9391	-	962	protein_coding	SKP1-like protein 1A && sp|Q6PL11|SKP1_ORYSJ SKP1-like protein 1 OS=Oryza sativa subsp. japonica OX=39947 GN=SKP1 PE=1 SV=1 && PF03931:Skp1 family, tetramerisation domain|PF01466:Skp1 family, dimerisation domain	Nin-like
110740327	11.8280043121734	2.97227900898581	0.828694033475978	12.7704616529579	0.000352135919517348	0.00779123040405905	LOC110740327	NW_018742244.1	2675359	2679472	-	1734	protein_coding	7-deoxyloganetin glucosyltransferase-like && sp|F8WKW1|UGT2_GARJA 7-deoxyloganetin glucosyltransferase OS=Gardenia jasminoides OX=114476 GN=UGT85A24 PE=1 SV=1 && PF00201:UDP-glucoronosyl and UDP-glucosyl transferase	GRAS
110691414	24.8167113543068	1.92200542283	0.53788219195864	12.7536160503883	0.000355321558579552	0.00784844970196555	LOC110691414	NW_018744080.1	887949	890470	+	2315	lncRNA	uncharacterized LOC110691414 && - && -	-
110689376	155.594902676023	3.98148915573491	1.08810543475741	12.7504878637509	0.000355916315958187	0.00785275363855387	LOC110689376	NW_018743955.1	7565929	7566905	+	977	protein_coding	pectinesterase inhibitor 7-like && sp|Q9SB37|PMEI7_ARATH Pectinesterase inhibitor 7 OS=Arabidopsis thaliana OX=3702 GN=PMEI7 PE=2 SV=1 && PF04043:Plant invertase/pectin methylesterase inhibitor	Trihelix
110694109	60.3359217083274	1.0222551268026	0.286673717185649	12.7512439438153	0.000355772471655245	0.00785275363855387	LOC110694109	NW_018744239.1	1689420	1694933	-	1514	protein_coding	WAT1-related protein At4g15540-like && sp|Q94JU2|WTR18_ARATH WAT1-related protein At3g28050 OS=Arabidopsis thaliana OX=3702 GN=At3g28050 PE=2 SV=1 && PF00892:EamA-like transporter family	GRAS
110710044	7.47590205926571	3.48623719884642	0.970264199120567	12.7477575700748	0.000356436243106975	0.00785980941916914	LOC110710044	NW_018745105.1	2384277	2385387	+	1111	protein_coding	uncharacterized LOC110710044 && - && -	-
110701196	1755.1472266653	1.26951093608996	0.355693155033474	12.7406463989881	0.000357794015080778	0.00788089980609501	LOC110701196	NW_018744633.1	4753485	4754471	+	987	protein_coding	uncharacterized LOC110701196 && - && PF04398:Protein of unknown function, DUF538	-
110739528	5.43033617640332	4.80565362185579	1.32852758857889	12.7203756338335	0.000361693112908487	0.00795237682414888	LOC110739528	NW_018743503.1	2508095	2517909	+	2117	protein_coding	protein trichome birefringence-like 3 && sp|Q9LHL6|TBL1_ARATH Protein trichome birefringence-like 1 OS=Arabidopsis thaliana OX=3702 GN=TBL1 PE=2 SV=1 && PF13839:GDSL/SGNH-like Acyl-Esterase family found in Pmr5 and Cas1p|PF14416:PMR5 N terminal Domain	BES1
110715903	7.82889977945385	2.91771720187993	0.817555385651641	12.7101506272001	0.000363676133562831	0.00798359574813474	LOC110715903	NW_018745533.1	2384029	2384418	-	390	protein_coding	auxin-responsive protein SAUR72-like && sp|Q29PU2|SAU76_ARATH Auxin-responsive protein SAUR76 OS=Arabidopsis thaliana OX=3702 GN=SAUR76 PE=1 SV=1 && PF02519:Auxin responsive protein	ZF-HD
110712689	42.3806031166079	1.80922955949676	0.507385446726102	12.6891456420685	0.000367784275064494	0.00805711927422739	LOC110712689	NW_018742204.1	9318212	9319996	-	1785	protein_coding	serine carboxypeptidase-like 50 && sp|Q9M9Q6|SCP50_ARATH Serine carboxypeptidase-like 50 OS=Arabidopsis thaliana OX=3702 GN=SCPL50 PE=2 SV=1 && PF00450:Serine carboxypeptidase	C3H
110726831	244.461400930377	1.48265681623643	0.415984573852369	12.6888319915528	0.000367845972008497	0.00805711927422739	LOC110726831	NW_018742205.1	154633	157359	-	861	protein_coding	stress-response A/B barrel domain-containing protein HS1-like && sp|Q9LUV2|POP3_ARATH Stress-response A/B barrel domain-containing protein HS1 OS=Arabidopsis thaliana OX=3702 GN=HS1 PE=1 SV=1 && PF07876:Stress responsive A/B Barrel Domain	ERF
110686907	3.27943426317805	5.85316513007352	1.72832407573679	12.67992576845	0.000369602243202305	0.00808656763079896	LOC110686907	NW_018743906.1	290603	293315	+	1688	protein_coding	protein trichome birefringence-like 31%2C transcript variant X1 && sp|Q1PFD9|TBL31_ARATH Protein trichome birefringence-like 31 OS=Arabidopsis thaliana OX=3702 GN=TBL31 PE=2 SV=1 && PF13839:GDSL/SGNH-like Acyl-Esterase family found in Pmr5 and Cas1p|PF14416:PMR5 N terminal Domain	BES1
110714053	441.399417989002	1.73121002908644	0.485379570644527	12.6775185590808	0.000370078385411433	0.00809247685426683	LOC110714053	NW_018745454.1	2445940	2449523	-	2895	protein_coding	cytochrome P450 86A8-like && sp|O23066|C86A2_ARATH Cytochrome P450 86A2 OS=Arabidopsis thaliana OX=3702 GN=CYP86A2 PE=1 SV=1 && PF00067:Cytochrome P450	NAC
110710176	62.2973578867908	2.84112678186822	0.791529232842138	12.6715191904569	0.000371267745222823	0.00810945392554835	LOC110710176	NW_018745170.1	381777	386241	-	1359	protein_coding	thermospermine synthase ACAULIS5-like && sp|Q9S7X6|ACL5_ARATH Thermospermine synthase ACAULIS5 OS=Arabidopsis thaliana OX=3702 GN=ACL5 PE=1 SV=1 && PF01564:Spermine/spermidine synthase domain|PF17284:Spermidine synthase tetramerisation domain	-
110723291	179.981039169288	1.28661910934886	0.361523679281495	12.6717931899004	0.000371213341593054	0.00810945392554835	LOC110723291	NW_018742726.1	2232783	2240480	-	4187	pseudogene	- && sp|F4HQX1|JAL3_ARATH Jacalin-related lectin 3 OS=Arabidopsis thaliana OX=3702 GN=JAL3 PE=2 SV=1 && -	bZIP
110688069	128.89321848694	1.04757434875737	0.29483202096571	12.6454944015591	0.000376471895414269	0.00820487277946981	LOC110688069	NW_018743920.1	4744729	4746597	+	1463	protein_coding	uncharacterized LOC110688069 && - && PF07911:Protein of unknown function (DUF1677)	-
110696975	18.180290579612	1.32725681258162	0.374834118149363	12.6456753607348	0.000376435456338961	0.00820487277946981	LOC110696975	NW_018744441.1	24334	26552	+	763	protein_coding	uncharacterized LOC110696975 && - && -	-
110686545	49.8494565422984	2.78851947137814	0.777556700479673	12.6386801882573	0.000377846640793492	0.00823026684630217	LOC110686545	NW_018743873.1	1840	8516	-	1961	pseudogene	- && sp|Q9FFK3|EGY2_ARATH Probable zinc metalloprotease EGY2, chloroplastic OS=Arabidopsis thaliana OX=3702 GN=EGY2 PE=3 SV=1 && -	-
110734495	18.2059656005668	3.02450582696145	0.844653215363488	12.6376134226155	0.000378062315235929	0.00823039983717329	LOC110734495	NW_018743212.1	4610358	4611166	-	809	protein_coding	dirigent protein 21-like && sp|Q9FIG7|DIR2_ARATH Dirigent protein 2 OS=Arabidopsis thaliana OX=3702 GN=DIR2 PE=2 SV=1 && PF03018:Dirigent-like protein	NAC
110694697	2262.76874995016	1.06804680606347	0.300645911864748	12.6354893980241	0.000378492111931588	0.00823519153013254	LOC110694697	NW_018744240.1	801573	805705	+	1651	protein_coding	naringenin%2C2-oxoglutarate 3-dioxygenase-like && sp|Q05964|FL3H_DIACA Naringenin,2-oxoglutarate 3-dioxygenase OS=Dianthus caryophyllus OX=3570 GN=FHT PE=2 SV=1 && PF14226:non-haem dioxygenase in morphine synthesis N-terminal|PF03171:2OG-Fe(II) oxygenase superfamily	Dof
110728367	536.661206219809	1.6977088677907	0.476872674209999	12.6339784296423	0.00037879815658362	0.00823728682364811	LOC110728367	NW_018742205.1	1741015	1744594	+	1116	protein_coding	thylakoid lumenal 17.4 kDa protein%2C chloroplastic-like && sp|P81760|TL17_ARATH Thylakoid lumenal 17.4 kDa protein, chloroplastic OS=Arabidopsis thaliana OX=3702 GN=TL17 PE=1 SV=2 && PF13599:Pentapeptide repeats (9 copies)	-
110736028	14.5549168211324	3.06837276752846	0.857192293692552	12.623325250498	0.000380963039938187	0.00827062546572273	LOC110736028	NW_018743292.1	5359128	5361149	-	2022	protein_coding	uncharacterized LOC110736028 && - && -	-
110687446	813.602760186071	3.32137975627692	0.920195389908648	12.6168081867215	0.000382293551856143	0.00829488297263313	LOC110687446	NW_018743919.1	3829729	3831680	+	1024	protein_coding	major latex allergen Hev b 5-like && - && -	-
110700140	95.4723918936789	1.19971729134461	0.338066118029215	12.6147533924242	0.000382714026084364	0.00829488297263313	LOC110700140	NW_018744620.1	647606	651356	+	2156	protein_coding	patellin-3-like && sp|Q56Z59|PATL3_ARATH Patellin-3 OS=Arabidopsis thaliana OX=3702 GN=PATL3 PE=1 SV=2 && PF03765:CRAL/TRIO, N-terminal domain|PF00650:CRAL/TRIO domain	DBB
110700304	62.2265325329766	2.52548906385638	0.706571698720872	12.6153570854531	0.00038259044351769	0.00829488297263313	LOC110700304	NW_018744626.1	648924	650416	-	1493	protein_coding	transcription factor IBH1-like && sp|Q9SKX1|IBH1_ARATH Transcription factor IBH1 OS=Arabidopsis thaliana OX=3702 GN=IBH1 PE=1 SV=1 && -	bHLH
110703965	176.800677491192	1.23023128844184	0.346562146325548	12.6133000098331	0.000383011714587601	0.00829675624213946	LOC110703965	NW_018744790.1	2565262	2571595	-	1687	protein_coding	nuclear transcription factor Y subunit C-1-like && sp|Q9SMP0|NFYC1_ARATH Nuclear transcription factor Y subunit C-1 OS=Arabidopsis thaliana OX=3702 GN=NFYC1 PE=1 SV=1 && PF00808:Histone-like transcription factor (CBF/NF-Y) and archaeal histone	NF-YC
110702136	285.003912985935	1.30713584820497	0.368075850901527	12.6102845544876	0.000383630099256139	0.00830557050059887	LOC110702136	NW_018744662.1	4105570	4107716	+	955	protein_coding	high mobility group B protein 7-like && sp|Q8LDF9|HMGB7_ARATH High mobility group B protein 7 OS=Arabidopsis thaliana OX=3702 GN=HMGB7 PE=1 SV=1 && PF00505:HMG (high mobility group) box	WOX
110689169	5.71305010182691	9.66483656117683	2.48396611041115	12.6073380868038	0.000384235309306318	0.00831408997376696	LOC110689169	NW_018742329.1	5735770	5740875	+	1366	protein_coding	GDSL esterase/lipase At1g29660-like && sp|Q9C7N5|GDL14_ARATH GDSL esterase/lipase At1g29660 OS=Arabidopsis thaliana OX=3702 GN=At1g29660 PE=1 SV=1 && PF00657:GDSL-like Lipase/Acylhydrolase	ERF
110692271	86.3470131538084	1.10853042273817	0.312714362710933	12.6062180071939	0.000384465628345571	0.00831449263326851	LOC110692271	NW_018744100.1	576339	582589	+	1768	protein_coding	homogentisate phytyltransferase 1%2C chloroplastic-like && sp|Q8VWJ1|HPT1_ARATH Homogentisate phytyltransferase 1, chloroplastic OS=Arabidopsis thaliana OX=3702 GN=HPT1 PE=1 SV=1 && PF01040:UbiA prenyltransferase family	-
110695243	307.233694330706	1.08816948451833	0.306723300908083	12.6025618780237	0.000385218398258575	0.00832160734587954	LOC110695243	NW_018744290.1	2227273	2230989	-	1042	protein_coding	very-long-chain (3R)-3-hydroxyacyl-CoA dehydratase PASTICCINO 2-like && sp|Q8VZB2|HACD_ARATH Very-long-chain (3R)-3-hydroxyacyl-CoA dehydratase PASTICCINO 2 OS=Arabidopsis thaliana OX=3702 GN=PAS2 PE=1 SV=1 && PF04387:Protein tyrosine phosphatase-like protein, PTPLA	bHLH
110730202	393.049296585925	1.93115369935764	0.542397547053611	12.6034575074366	0.000385033857415624	0.00832160734587954	LOC110730202	NW_018743021.1	1439102	1443476	-	1157	protein_coding	protein LSD1-like%2C transcript variant X1 && sp|Q0J7V9|LSD1_ORYSJ Protein LSD1 OS=Oryza sativa subsp. japonica OX=39947 GN=LSD1 PE=2 SV=1 && PF06943:LSD1 zinc finger	LSD
110736102	249.862927058387	1.10914936810877	0.31285498416763	12.5855389222272	0.000388742923059304	0.00838606282575617	LOC110736102	NW_018743292.1	194885	196692	-	1808	protein_coding	probable polyamine transporter At3g13620 && sp|Q9LHN7|PHSC_ARATH Probable polyamine transporter At3g13620 OS=Arabidopsis thaliana OX=3702 GN=At3g13620 PE=2 SV=1 && PF13520:Amino acid permease	-
110722425	104.798707983832	1.10958638268962	0.313110741499431	12.5809565439152	0.000389697228099641	0.0083998788359809	LOC110722425	NW_018742681.1	3179894	3183958	-	2042	protein_coding	protein disulfide isomerase-like 1-3 && sp|Q8VX13|PDI13_ARATH Protein disulfide isomerase-like 1-3 OS=Arabidopsis thaliana OX=3702 GN=PDIL1-3 PE=2 SV=1 && PF13848:Thioredoxin-like domain|PF00085:Thioredoxin	MYB_related
110698729	320.47657391698	1.14416337726978	0.322769532468818	12.5787493117506	0.000390157739060224	0.00840132900905665	LOC110698729	NW_018744537.1	3868558	3870440	-	1330	protein_coding	auxin-responsive protein IAA1-like && sp|P93830|IAA17_ARATH Auxin-responsive protein IAA17 OS=Arabidopsis thaliana OX=3702 GN=IAA17 PE=1 SV=2 && PF02309:AUX/IAA family	ARF
110737748	27.1386154944813	2.11122671216058	0.594058017532827	12.5775591929088	0.000390406269995375	0.00840132900905665	LOC110737748	NW_018742244.1	1332090	1333881	+	1574	protein_coding	mavicyanin-like && sp|O82081|UCC1_ARATH Uclacyanin 1 OS=Arabidopsis thaliana OX=3702 GN=UCC1 PE=1 SV=1 && PF02298:Plastocyanin-like domain	HD-ZIP
110709660	15.9714544815808	2.45286092218697	0.692166232354114	12.5709326143513	0.000391793012640129	0.00842194142606227	LOC110709660	NW_018745080.1	894133	895458	-	1326	protein_coding	protein EXORDIUM-like && sp|O82161|PHI1_TOBAC Protein PHOSPHATE-INDUCED 1 OS=Nicotiana tabacum OX=4097 GN=PHI-1 PE=2 SV=1 && PF04674:Phosphate-induced protein 1 conserved region	MYB
110700567	159.562501590511	1.2477648903786	0.352218884222528	12.5628875318247	0.000393483285471594	0.00844440932804694	LOC110700567	NW_018744626.1	3909245	3914713	+	1819	protein_coding	microtubule-associated protein RP/EB family member 1A-like && sp|Q7XJ60|EB1A_ARATH Microtubule-associated protein RP/EB family member 1A OS=Arabidopsis thaliana OX=3702 GN=EB1A PE=1 SV=1 && PF00307:Calponin homology (CH) domain|PF03271:EB1-like C-terminal motif	C2H2
110726728	2.55177399228517	5.42600251886459	1.55637778392644	12.5573270932198	0.000394655831652691	0.00846032667931011	LOC110726728	NW_018742881.1	736338	738829	-	2492	protein_coding	exocyst complex component EXO70A1-like && sp|O54922|EXOC7_RAT Exocyst complex component 7 OS=Rattus norvegicus OX=10116 GN=Exoc7 PE=1 SV=1 && PF03081:Exo70 exocyst complex subunit	GRAS
110730170	8.50412507979118	3.01024789597526	0.847946980680834	12.5531407247025	0.000395540948909347	0.00847467522450453	LOC110730170	NW_018743021.1	1022887	1024427	-	1541	protein_coding	RING-H2 finger protein ATL52-like && sp|Q7XLY8|ATL41_ORYSJ E3 ubiquitin-protein ligase Os04g0590900 OS=Oryza sativa subsp. japonica OX=39947 GN=Os04g0590900 PE=2 SV=2 && PF13639:Ring finger domain	bHLH
110700024	433.909097783047	1.18725295592181	0.335324543940808	12.5475116069343	0.000396734261885485	0.00848635330448184	LOC110700024	NW_018744616.1	857798	869851	+	2039	protein_coding	putative inactive cysteine synthase 2%2C transcript variant X1 && sp|O22682|CYSK4_ARATH S-sulfo-L-cysteine synthase (O-acetyl-L-serine-dependent), chloroplastic OS=Arabidopsis thaliana OX=3702 GN=CS26 PE=1 SV=1 && PF00291:Pyridoxal-phosphate dependent enzyme	GeBP
110738405	55.2686690655532	1.82981937289019	0.516059709961178	12.5433608978431	0.000397616493671984	0.0085005947501251	LOC110738405	NW_018743389.1	1300045	1303197	+	2162	protein_coding	trihelix transcription factor ASIL2-like && sp|Q9LJG8|ASIL2_ARATH Trihelix transcription factor ASIL2 OS=Arabidopsis thaliana OX=3702 GN=ASIL2 PE=1 SV=1 && PF13837:Myb/SANT-like DNA-binding domain	Trihelix
110711214	1646.04329115549	1.91557834319517	0.539677920045945	12.5252768587326	0.000401483404132925	0.00856461582320062	LOC110711214	NW_018745240.1	2199364	2203047	-	1580	protein_coding	glyceraldehyde-3-phosphate dehydrogenase A%2C chloroplastic && sp|P19866|G3PA_SPIOL Glyceraldehyde-3-phosphate dehydrogenase A, chloroplastic OS=Spinacia oleracea OX=3562 GN=GAPA PE=1 SV=2 && PF00044:Glyceraldehyde 3-phosphate dehydrogenase, NAD binding domain|PF02800:Glyceraldehyde 3-phosphate dehydrogenase, C-terminal domain	Trihelix
110687862	17.1922978693547	3.17588327243722	0.895610866171305	12.4977737658378	0.000407437246127492	0.00866339088639144	LOC110687862	NW_018743920.1	1851334	1854254	-	765	protein_coding	protein MHF2 homolog && sp|Q8L7N3|CENPX_ARATH Protein MHF2 homolog OS=Arabidopsis thaliana OX=3702 GN=MHF2 PE=3 SV=1 && PF09415:CENP-S associating Centromere protein X	-
110732448	10.494480759533	2.37134219325885	0.671093509900286	12.4908209241735	0.000408956444716553	0.0086815926774882	LOC110732448	NW_018743175.1	2595574	2600047	-	1783	protein_coding	poly(U)-specific endoribonuclease-B-like && sp|Q503V9|ENDUB_DANRE Poly(U)-specific endoribonuclease-B OS=Danio rerio OX=7955 GN=endoub PE=2 SV=1 && PF09412:Endoribonuclease XendoU	-
110698526	753.983271117906	1.27297103069796	0.360236267856927	12.4891030679992	0.000409332676547642	0.00868488503838766	LOC110698526	NW_018744537.1	1149791	1156067	+	2529	protein_coding	long chain acyl-CoA synthetase 2-like && sp|M4ISH1|CCL6_HUMLU Probable CoA ligase CCL6 OS=Humulus lupulus OX=3486 GN=CCL6 PE=2 SV=1 && PF00501:AMP-binding enzyme	WRKY
110689776	42.927748293705	1.67399368067545	0.474088639764052	12.4863185912284	0.000409943253402082	0.00869314329960041	LOC110689776	NW_018743977.1	2566988	2574616	+	4047	protein_coding	kinesin-like protein KIN-14I && sp|F4IL57|KN14I_ARATH Kinesin-like protein KIN-14I OS=Arabidopsis thaliana OX=3702 GN=KIN14I PE=2 SV=1 && PF00225:Kinesin motor domain|PF00307:Calponin homology (CH) domain	NAC
110682303	41.3533502366133	1.57962324539124	0.447142996547551	12.4853053502198	0.000410165663660215	0.00869316573606455	LOC110682303	NW_018743574.1	5687554	5689161	-	1056	protein_coding	red chlorophyll catabolite reductase%2C chloroplastic-like && sp|Q8LDU4|RCCR_ARATH Red chlorophyll catabolite reductase, chloroplastic OS=Arabidopsis thaliana OX=3702 GN=RCCR PE=1 SV=2 && PF06405:Red chlorophyll catabolite reductase (RCC reductase)	HSF
110701306	74.2027201852909	1.62749245086684	0.460366139292531	12.4838814706979	0.00041047841638761	0.00869510185911036	LOC110701306	NW_018744633.1	6055418	6063511	-	2410	protein_coding	beta-galactosidase 6 && sp|Q9FFN4|BGAL6_ARATH Beta-galactosidase 6 OS=Arabidopsis thaliana OX=3702 GN=BGAL6 PE=2 SV=1 && PF17834:Beta-sandwich domain in beta galactosidase|PF01301:Glycosyl hydrolases family 35	MYB_related
110701397	1398.03618270313	1.00789751603856	0.28553815270028	12.4786493232389	0.000411629716464597	0.00871009367172097	LOC110701397	NW_018744633.1	7100218	7112851	+	4622	protein_coding	probable inactive ATP-dependent zinc metalloprotease FTSHI 5%2C chloroplastic && sp|F4J3N2|FTSI5_ARATH Probable inactive ATP-dependent zinc metalloprotease FTSHI 5, chloroplastic OS=Arabidopsis thaliana OX=3702 GN=FTSHI5 PE=2 SV=1 && PF01434:Peptidase family M41|PF00004:ATPase family associated with various cellular activities (AAA)	C2H2
110715383	1005.11206777281	1.21034931258526	0.343080792967798	12.4534826175778	0.000417213174732911	0.00882018088672416	LOC110715383	NW_018745523.1	2987775	2993627	-	2164	protein_coding	hexokinase-1-like && sp|Q9SEK2|HXK1_TOBAC Hexokinase-1 OS=Nicotiana tabacum OX=4097 GN=HXK1 PE=2 SV=1 && PF03727:Hexokinase|PF00349:Hexokinase	NAC
110725562	9.02400206340441	3.9729745727322	1.1157474230097	12.453176789187	0.000417281493329603	0.00882018088672416	LOC110725562	NW_018742815.1	390397	395771	+	2264	protein_coding	monogalactosyldiacylglycerol synthase 2%2C chloroplastic-like%2C transcript variant X1 && sp|O82730|MGDG2_ARATH Monogalactosyldiacylglycerol synthase 2, chloroplastic OS=Arabidopsis thaliana OX=3702 GN=MGD2 PE=1 SV=1 && PF06925:Monogalactosyldiacylglycerol (MGDG) synthase|PF04101:Glycosyltransferase family 28 C-terminal domain	-
110699038	248.153674258786	1.95107553518783	0.551388761679848	12.4479028459556	0.000418461409639896	0.00883086240773114	LOC110699038	NW_018744560.1	653430	656360	+	857	protein_coding	protein C2-DOMAIN ABA-RELATED 7-like && sp|Q9S7J9|CAR9_ARATH Protein C2-DOMAIN ABA-RELATED 9 OS=Arabidopsis thaliana OX=3702 GN=CAR9 PE=2 SV=1 && PF00168:C2 domain	G2-like
110717771	1.81049748663596	5.57416991752083	1.6636677352349	12.448553202537	0.000418315726440726	0.00883086240773114	LOC110717771	NW_018745684.1	7875938	7879112	+	1564	pseudogene	- && sp|Q75HE6|MTHR_ORYSJ Probable methylenetetrahydrofolate reductase OS=Oryza sativa subsp. japonica OX=39947 GN=Os03g0815200 PE=2 SV=1 && PF02219:Methylenetetrahydrofolate reductase	HD-ZIP
110735046	246.683403101483	1.1652725685804	0.330401793930379	12.4494916237438	0.000418105605474059	0.00883086240773114	LOC110735046	NW_018743252.1	4032033	4034456	+	726	protein_coding	light-harvesting complex-like protein OHP1%2C chloroplastic && sp|O81208|OHP1_ARATH Light-harvesting complex-like protein OHP1, chloroplastic OS=Arabidopsis thaliana OX=3702 GN=OHP1 PE=1 SV=1 && -	-
110739445	1.38730635980261	6.52824711976051	1.88805369517833	12.4248778605749	0.000423652244759626	0.00893080762664777	LOC110739445	NW_018743487.1	81432	89415	+	2247	protein_coding	protein ECERIFERUM 1-like && sp|F4HVY0|CER1_ARATH Very-long-chain aldehyde decarbonylase CER1 OS=Arabidopsis thaliana OX=3702 GN=CER1 PE=1 SV=1 && PF04116:Fatty acid hydroxylase superfamily|PF12076:WAX2 C-terminal domain	-
110687104	2.48381134040516	4.70383981932881	1.34537012332402	12.4217430618017	0.000424363971899862	0.00893621783829666	LOC110687104	NW_018743919.1	3905416	3906195	+	780	protein_coding	cysteine proteinase inhibitor 1-like && sp|Q6TPK4|CYT1_ACTDE Cysteine proteinase inhibitor 1 OS=Actinidia deliciosa OX=3627 PE=1 SV=1 && PF16845:Aspartic acid proteinase inhibitor	MYB_related
110735124	175.605765060876	1.1360227624232	0.322542500968757	12.4227151068079	0.000424143149103521	0.00893621783829666	LOC110735124	NW_018743252.1	6776698	6784987	-	1331	protein_coding	protein PTST%2C chloroplastic-like && sp|Q94AX2|PTST_ARATH Protein PTST, chloroplastic OS=Arabidopsis thaliana OX=3702 GN=PTST PE=1 SV=1 && PF16561:Glycogen recognition site of AMP-activated protein kinase	E2F/DP
110712351	174.345730742671	1.9832566061717	0.561102268456667	12.4175356868577	0.000425321114090195	0.00894198935420997	LOC110712351	NW_018745323.1	2685171	2692607	-	1957	protein_coding	protein DETOXIFICATION 29-like && sp|Q38956|DTX29_ARATH Protein DETOXIFICATION 29 OS=Arabidopsis thaliana OX=3702 GN=DTX29 PE=1 SV=1 && PF01554:MatE	MYB_related
110723103	3459.52936902486	1.37315882561182	0.389565236278174	12.4177060952903	0.000425282305324186	0.00894198935420997	LOC110723103	NW_018742720.1	1240733	1241621	+	611	protein_coding	abscisic acid and environmental stress-inducible protein-like && - && PF07172:Glycine rich protein family	-
110711951	211.183753208418	1.57340163732056	0.446300294169413	12.4109390324257	0.000426826183811098	0.00895924356858005	LOC110711951	NW_018742418.1	6892029	6893104	-	966	protein_coding	uncharacterized protein At4g14100-like%2C transcript variant X1 && sp|Q67YC9|Y4141_ARATH Uncharacterized protein At4g14100 OS=Arabidopsis thaliana OX=3702 GN=At4g14100 PE=2 SV=1 && -	-
110683023	6.90644662710375	4.34158790925428	1.21523997700766	12.4080544791398	0.000427486000975806	0.00896830006213827	LOC110683023	NW_018743616.1	1839164	1842969	-	1543	protein_coding	GDSL esterase/lipase At1g28650-like && sp|Q3E7I6|GDL11_ARATH GDSL esterase/lipase At1g28650 OS=Arabidopsis thaliana OX=3702 GN=At1g28650 PE=2 SV=1 && PF00657:GDSL-like Lipase/Acylhydrolase	B3
110688306	21.7379411108375	7.12892356079047	1.99103619119718	12.4064960161379	0.000427842914314712	0.00897099560805215	LOC110688306	NW_018743920.1	7416364	7419334	-	2107	protein_coding	laccase-4-like && sp|Q0IQU1|LAC22_ORYSJ Laccase-22 OS=Oryza sativa subsp. japonica OX=39947 GN=LAC22 PE=2 SV=2 && PF07731:Multicopper oxidase|PF00394:Multicopper oxidase|PF07732:Multicopper oxidase	bHLH
110719439	5.84301231908053	2.50343086758778	0.716286989794545	12.3986303329746	0.000429648876892922	0.0089992535158484	LOC110719439	NW_018742204.1	15051728	15083127	+	2263	protein_coding	ubiquitin receptor RAD23d-like%2C transcript variant X1 && sp|Q84L31|RD23C_ARATH Ubiquitin receptor RAD23c OS=Arabidopsis thaliana OX=3702 GN=RAD23C PE=1 SV=2 && PF00240:Ubiquitin family|PF00627:UBA/TS-N domain|PF09280:XPC-binding domain	LBD
110733512	42.9607011443408	1.4511069165707	0.412980998396048	12.3883871029329	0.000432012260345289	0.00903077055641686	LOC110733512	NW_018743199.1	2942150	2944174	+	1698	protein_coding	uncharacterized LOC110733512 && - && -	M-type_MADS
110711977	14.9062876866692	1.99537549163914	0.567287430735396	12.3843797953356	0.000432940417634677	0.00903927114394825	LOC110711977	NW_018745286.1	7307241	7340587	+	1935	pseudogene	- && sp|Q0ZS27|PAAS_ROSHC Phenylacetaldehyde synthase OS=Rosa hybrid cultivar OX=128735 GN=PAAS PE=1 SV=1 && PF00282:Pyridoxal-dependent decarboxylase conserved domain	-
110714881	28.1253209864963	1.80923580563023	0.514076240637566	12.3833443896921	0.00043318056125859	0.00903947937423411	LOC110714881	NW_018742429.1	12895	16294	+	820	pseudogene	- && sp|Q7XSZ4|HACDA_ORYSJ Very-long-chain (3R)-3-hydroxyacyl-CoA dehydratase PASTICCINO 2A OS=Oryza sativa subsp. japonica OX=39947 GN=PAS2A PE=2 SV=2 && PF04387:Protein tyrosine phosphatase-like protein, PTPLA	bHLH
110715356	15.8858676155467	2.33584074733051	0.663351837196989	12.3780770964154	0.000434404297287748	0.00906020178830681	LOC110715356	NW_018745523.1	230062	234271	+	1728	protein_coding	pollen-specific protein SF21-like && sp|Q9ASU8|NDL2_ARATH Protein NDL2 OS=Arabidopsis thaliana OX=3702 GN=NDL2 PE=1 SV=1 && PF03096:Ndr family	-
110690953	39.4763368993705	2.20771914501794	0.625697712770198	12.3720748488673	0.000435803036082001	0.00907248554967174	LOC110690953	NW_018742329.1	6007087	6025127	-	3142	protein_coding	cysteine-rich receptor-like protein kinase 10%2C transcript variant X1 && sp|O65468|CRK8_ARATH Cysteine-rich receptor-like protein kinase 8 OS=Arabidopsis thaliana OX=3702 GN=CRK8 PE=3 SV=2 && PF01657:Salt stress response/antifungal|PF00069:Protein kinase domain	ERF
110697421	63.2369925069759	2.09361589869292	0.593313569155324	12.3719424081675	0.000435833950700168	0.00907248554967174	LOC110697421	NW_018744460.1	2596173	2597534	+	1362	protein_coding	probable carboxylesterase 1 && sp|Q9LMA7|CXE1_ARATH Probable carboxylesterase 1 OS=Arabidopsis thaliana OX=3702 GN=CXE1 PE=2 SV=1 && PF07859:alpha/beta hydrolase fold	NAC
110691014	13.8190730257594	3.53017649746558	1.00765957218532	12.3704348602166	0.000436186002054185	0.00907326952260276	LOC110691014	NW_018744066.1	2545386	2555482	+	1012	protein_coding	MLP-like protein 43%2C transcript variant X1 && sp|Q9SSK5|MLP43_ARATH MLP-like protein 43 OS=Arabidopsis thaliana OX=3702 GN=MLP43 PE=1 SV=1 && PF00407:Pathogenesis-related protein Bet v I family	-
110683419	727.311466307685	1.0559426704461	0.300505462059002	12.3641699365494	0.000437652099967375	0.00908282524068354	LOC110683419	NW_018743669.1	750220	754079	+	1387	protein_coding	superoxide dismutase [Fe] 3%2C chloroplastic-like%2C transcript variant X2 && sp|Q9FMX0|SODF3_ARATH Superoxide dismutase [Fe] 3, chloroplastic OS=Arabidopsis thaliana OX=3702 GN=FSD3 PE=1 SV=1 && PF00081:Iron/manganese superoxide dismutases, alpha-hairpin domain|PF02777:Iron/manganese superoxide dismutases, C-terminal domain	-
110696281	45.439367678864	1.99643562546521	0.566650618226333	12.3635316383522	0.000437801751346063	0.00908282524068354	LOC110696281	NW_018744348.1	283780	288069	+	1030	protein_coding	AIG2-like protein D && sp|A8MRP2|AIGLD_ARATH AIG2-like protein D OS=Arabidopsis thaliana OX=3702 GN=AIG2LD PE=2 SV=1 && PF06094:Gamma-glutamyl cyclotransferase, AIG2-like	WRKY
110708597	15.3085247844414	2.39334924302993	0.680648127102578	12.3612605710076	0.000438334630306	0.00908428281583512	LOC110708597	NW_018745024.1	10145319	10150787	-	2180	protein_coding	sugar transporter ERD6-like 5 && sp|Q3ECP7|ERDL5_ARATH Sugar transporter ERD6-like 5 OS=Arabidopsis thaliana OX=3702 GN=At1g54730 PE=2 SV=2 && PF00083:Sugar (and other) transporter	SBP
110694535	2.65740421567615	8.32405284770127	2.3785567864448	12.3581002775158	0.000439077244784022	0.0090900794066436	LOC110694535	NW_018744239.1	2657844	2658851	+	674	lncRNA	uncharacterized LOC110694535 && - && -	-
110721178	1619.84407140476	1.25978805241676	0.358437435035717	12.3556106359332	0.000439663161482482	0.00909262313896867	LOC110721178	NW_018742598.1	764031	765524	+	770	protein_coding	dehydrin HIRD11-like && - && -	-
110702213	13.9437058075854	2.44708112238909	0.696214321241846	12.3431944737158	0.000442597002674661	0.00913405784868207	LOC110702213	NW_018744676.1	436926	440731	-	1814	protein_coding	abscisic acid 8'-hydroxylase 4-like%2C transcript variant X1 && sp|Q9FH76|ABAH3_ARATH Abscisic acid 8'-hydroxylase 3 OS=Arabidopsis thaliana OX=3702 GN=CYP707A3 PE=1 SV=1 && PF00067:Cytochrome P450	G2-like
110707994	1226.63023359403	2.80401950933734	0.79072049886022	12.319886983296	0.000448157834590805	0.0092342616148398	LOC110707994	NW_018745003.1	4232577	4234284	-	1151	protein_coding	36.4 kDa proline-rich protein-like && sp|Q00451|PRF1_SOLLC 36.4 kDa proline-rich protein OS=Solanum lycopersicum OX=4081 GN=TPRP-F1 PE=2 SV=1 && PF14547:Hydrophobic seed protein	Trihelix
110705637	16.4374242000891	3.64430321566981	1.02427975292454	12.3108382832548	0.000450335675122708	0.00926961002832103	LOC110705637	NW_018744878.1	4386365	4395141	-	2978	pseudogene	- && sp|Q9MAX3|SUT12_ARATH Sulfate transporter 1.2 OS=Arabidopsis thaliana OX=3702 GN=SULTR1;2 PE=1 SV=1 && -	MIKC_MADS
110718275	140.739538486741	1.13986967168568	0.32511706289183	12.3099844101019	0.000450541735877953	0.00926961002832103	LOC110718275	NW_018745684.1	5827399	5831101	-	1225	protein_coding	(DL)-glycerol-3-phosphatase 2-like && sp|F4JTE7|GPP1_ARATH (DL)-glycerol-3-phosphatase 1, mitochondrial OS=Arabidopsis thaliana OX=3702 GN=GPP1 PE=1 SV=1 && PF13419:Haloacid dehalogenase-like hydrolase	-
110738177	1.88181733313527	7.23468086897781	2.01323970020988	12.3096472986502	0.000450623115420576	0.00926961002832103	LOC110738177	NW_018742244.1	250223	251894	+	962	protein_coding	uncharacterized LOC110738177 && - && -	-
110715029	53.5976264708872	1.56142140102242	0.445304312497868	12.2971193501217	0.000453657934773834	0.00930955752616812	LOC110715029	NW_018745470.1	80022	85275	+	3463	protein_coding	uncharacterized LOC110715029%2C transcript variant X1 && sp|A0A1P8BH59|PICBP_ARATH Calmodulin binding protein PICBP OS=Arabidopsis thaliana OX=3702 GN=PICBP PE=2 SV=1 && PF07839:Plant calmodulin-binding domain	M-type_MADS
110690571	4.38908314258938	5.33223898689697	1.50970285823681	12.2949861250505	0.00045417674673983	0.00930996541715304	LOC110690571	NW_018744041.1	1368522	1369582	+	807	protein_coding	uncharacterized LOC110690571 && - && PF14223:gag-polypeptide of LTR copia-type	NAC
110725784	390.874687490093	1.44732824717129	0.41260281232716	12.2946327320214	0.000454262751640549	0.00930996541715304	LOC110725784	NW_018742815.1	3625526	3627627	+	910	protein_coding	thioredoxin M-type%2C chloroplastic-like && sp|P07591|TRXM_SPIOL Thioredoxin M-type, chloroplastic OS=Spinacia oleracea OX=3562 PE=1 SV=2 && PF00085:Thioredoxin	GATA
110681738	6.04376147568597	3.72057818105937	1.06303746702469	12.2770367947972	0.000458565903468728	0.00936737186961275	LOC110681738	NW_018743574.1	913577	924422	-	5416	pseudogene	- && sp|Q9LMN7|WAK5_ARATH Wall-associated receptor kinase 5 OS=Arabidopsis thaliana OX=3702 GN=WAK5 PE=2 SV=1 && -	WRKY
110729337	13.305615253878	2.40944911420133	0.687646552871944	12.2759111696377	0.00045884257507188	0.00936737186961275	LOC110729337	NW_018742980.1	478829	482011	+	2158	protein_coding	12S seed storage globulin 2-like && sp|P07728|GLUA1_ORYSJ Glutelin type-A 1 OS=Oryza sativa subsp. japonica OX=39947 GN=GLUA1 PE=1 SV=2 && PF00190:Cupin	Dof
110693747	8.22360620451335	2.12460216247159	0.611620448575467	12.2698516474145	0.000460334864422148	0.0093868192595423	LOC110693747	NW_018744151.1	1105564	1106470	+	792	protein_coding	PH domain-containing protein YHR131C-like && - && -	DBB
110701454	83.1162778716369	1.18255485647544	0.338049591709141	12.2543699499143	0.000464169850395736	0.00944962712773561	LOC110701454	NW_018744633.1	5127692	5141452	-	5437	pseudogene	- && sp|Q5W274|PDR3_TOBAC Pleiotropic drug resistance protein 3 OS=Nicotiana tabacum OX=4097 GN=PDR3 PE=2 SV=1 && -	MYB_related
110705510	239.917130044322	1.50940500170275	0.430919292076216	12.2535064288815	0.000464384700851214	0.00944962712773561	LOC110705510	NW_018744878.1	2649932	2651648	-	1717	protein_coding	zinc finger CCCH domain-containing protein 23-like && sp|O82199|C3H20_ARATH Zinc finger CCCH domain-containing protein 20 OS=Arabidopsis thaliana OX=3702 GN=At2g19810 PE=2 SV=1 && -	C3H
110710554	12.9042262082607	8.62378584800935	2.2610595348551	12.2339284128009	0.000469282880311882	0.00951970380087217	LOC110710554	NW_018745174.1	1005781	1006854	-	623	protein_coding	keratin-associated protein 17-1-like%2C transcript variant X2 && - && -	-
110682551	13.4648646846442	4.33153177891779	1.2127165535213	12.2313925678563	0.000469921120076768	0.00952772955538199	LOC110682551	NW_018743574.1	8582290	8585087	-	2266	protein_coding	laccase-11-like && sp|Q8VZA1|LAC11_ARATH Laccase-11 OS=Arabidopsis thaliana OX=3702 GN=LAC11 PE=2 SV=1 && PF07732:Multicopper oxidase|PF07731:Multicopper oxidase|PF00394:Multicopper oxidase	bHLH
110694676	21.5005647140859	1.6808101158801	0.481895982122326	12.2262411832166	0.000471220356302393	0.00954421714959457	LOC110694676	NW_018744240.1	490820	493845	+	3026	protein_coding	copper transporter 6-like && sp|Q84Q77|HS17A_ORYSJ 17.9 kDa class I heat shock protein OS=Oryza sativa subsp. japonica OX=39947 GN=HSP17.9A PE=1 SV=1 && -	NF-YB
110691768	51.1316406638976	2.03242451269817	0.58029637129536	12.2214203774774	0.000472439500368682	0.00955412795982454	LOC110691768	NW_018744092.1	1169094	1173222	+	1580	protein_coding	transcription factor FER-LIKE IRON DEFICIENCY-INDUCED TRANSCRIPTION FACTOR-like && sp|Q0V7X4|FIT_ARATH Transcription factor FER-LIKE IRON DEFICIENCY-INDUCED TRANSCRIPTION FACTOR OS=Arabidopsis thaliana OX=3702 GN=FIT PE=1 SV=1 && PF00010:Helix-loop-helix DNA-binding domain	bHLH
110695979	412.205821547739	1.09175707595106	0.312479554357331	12.2220547871118	0.000472278881425244	0.00955412795982454	LOC110695979	NW_018744311.1	960146	966738	+	1679	protein_coding	uncharacterized protein YMR315W-like%2C transcript variant X1 && - && PF01408:Oxidoreductase family, NAD-binding Rossmann fold	-
110727573	67.3487434649032	1.53086516528304	0.437958383409372	12.211678505496	0.000474912868203227	0.00957456523251814	LOC110727573	NW_018742907.1	1321656	1322889	+	1234	protein_coding	uncharacterized LOC110727573 && - && -	-
110727926	40.8939151607367	1.94071979911965	0.554363428273062	12.2119642072192	0.00047484014560443	0.00957456523251814	LOC110727926	NW_018742914.1	4185657	4188535	+	2057	protein_coding	endoglucanase 17-like && sp|O81416|GUN17_ARATH Endoglucanase 17 OS=Arabidopsis thaliana OX=3702 GN=At4g02290 PE=2 SV=1 && PF00759:Glycosyl hydrolase family 9	WRKY
110684745	113.105591009149	1.47733302802904	0.42280253957847	12.2084833733698	0.000475726924206265	0.00958605617976022	LOC110684745	NW_018742275.1	445167	451668	+	2180	protein_coding	uncharacterized LOC110684745 && - && PF14309:Domain of unknown function (DUF4378)	LBD
110698924	13.7397709628244	2.27291904529161	0.650155768563985	12.2019384327251	0.000477398844197205	0.00959513040335559	LOC110698924	NW_018744537.1	1114430	1114897	-	468	protein_coding	uncharacterized LOC110698924 && - && PF14009:Domain of unknown function (DUF4228)	-
110729146	2.15133605855056	6.20594186887428	1.79153433764956	12.2026690458204	0.000477211913762943	0.00959513040335559	LOC110729146	NW_018742969.1	1102904	1103850	+	947	protein_coding	auxin-binding protein ABP19a-like && sp|Q9ZRA4|AB19A_PRUPE Auxin-binding protein ABP19a OS=Prunus persica OX=3760 GN=ABP19A PE=3 SV=1 && PF00190:Cupin	bZIP
110714364	10.8327332604362	3.47682723359262	0.985562602931568	12.1984777446863	0.000478285280303281	0.00960802957204642	LOC110714364	NW_018745454.1	4544916	4546832	+	1917	protein_coding	transcription factor bHLH14-like && sp|O23090|BH014_ARATH Transcription factor bHLH14 OS=Arabidopsis thaliana OX=3702 GN=BHLH14 PE=1 SV=1 && PF00010:Helix-loop-helix DNA-binding domain|PF14215:bHLH-MYC and R2R3-MYB transcription factors N-terminal	bHLH
110699190	8.5669688132424	2.98704126575015	0.853633139728378	12.1946524866876	0.000479267031959992	0.00961300007465003	LOC110699190	NW_018744582.1	829370	832670	-	2417	protein_coding	rop guanine nucleotide exchange factor 7-like && sp|F4K295|ROGF5_ARATH Rop guanine nucleotide exchange factor 5 OS=Arabidopsis thaliana OX=3702 GN=ROPGEF5 PE=2 SV=1 && PF03759:PRONE (Plant-specific Rop nucleotide exchanger)	bHLH
110736419	19.1121249597855	2.76575241053895	0.787504477088328	12.1909569174948	0.000480217430515915	0.00962714606873482	LOC110736419	NW_018742241.1	865226	869926	-	3473	protein_coding	uncharacterized LOC110736419 && - && -	STAT
110698496	89.7520118499111	1.31643117413051	0.377626986761811	12.164138593367	0.000487171591462586	0.00975162584684513	LOC110698496	NW_018744537.1	861995	865625	+	1831	protein_coding	deSI-like protein At4g17486 && sp|Q93VG8|PPDEX_ARATH DeSI-like protein At4g17486 OS=Arabidopsis thaliana OX=3702 GN=At4g17486 PE=2 SV=1 && PF05903:PPPDE putative peptidase domain	ERF
110731637	19.9491373272156	1.58250894816936	0.454983532393058	12.1501319177466	0.000490843925563341	0.009795179618216	LOC110731637	NW_018743074.1	1546813	1548541	-	1729	protein_coding	uncharacterized LOC110731637 && - && PF13578:Methyltransferase domain	bHLH
110729753	115.201524929094	1.53830011444272	0.441664221949879	12.1206443350812	0.000498666703716742	0.00993110418613977	LOC110729753	NW_018742987.1	2492371	2497959	-	1975	protein_coding	transcription factor bHLH126-like && sp|Q9LQ08|BH125_ARATH Transcription factor bHLH125 OS=Arabidopsis thaliana OX=3702 GN=BHLH125 PE=2 SV=1 && -	bHLH
110709905	432.82682659475	1.44389208863532	0.414584207926373	12.1172279257809	0.000499581141646063	0.00993420262069157	LOC110709905	NW_018742418.1	3975012	3976639	+	1628	protein_coding	protein JINGUBANG-like && sp|O48716|JGB_ARATH Protein JINGUBANG OS=Arabidopsis thaliana OX=3702 GN=JGB PE=1 SV=1 && -	Dof
110736309	469.375768427769	1.057242420593	0.303980027044832	12.1139839100101	0.000500451003151758	0.00994143259826959	LOC110736309	NW_018742241.1	589364	602508	-	2818	protein_coding	uncharacterized LOC110736309%2C transcript variant X3 && - && PF13460:NAD(P)H-binding|PF08547:Complex I intermediate-associated protein 30 (CIA30)	M-type_MADS
110738476	212.704350426932	2.04322920283265	0.58508992687745	12.1074972092645	0.000502194956670707	0.0099659942058255	LOC110738476	NW_018743389.1	5023999	5024599	-	601	protein_coding	probable histone H2B.1 && sp|A2WWU2|H2B11_ORYSI Histone H2B.11 OS=Oryza sativa subsp. indica OX=39946 GN=H2B.11 PE=3 SV=1 && PF00125:Core histone H2A/H2B/H3/H4	-
110685363	115.353410319642	1.49903009593071	0.430712674574524	12.1042235089911	0.000503077420740204	0.00997197035393259	LOC110685363	NW_018743812.1	767225	782475	+	1806	protein_coding	uncharacterized LOC110685363 && - && -	-
110731553	667.185956803977	1.60338922617786	0.460504529023839	12.0946293510395	0.000505672663366252	0.0100147667717513	LOC110731553	NW_018743074.1	461784	465397	+	1687	protein_coding	bifunctional L-3-cyanoalanine synthase/cysteine synthase%2C mitochondrial-like && sp|Q43153|CYSC_SPIOL Bifunctional L-3-cyanoalanine synthase/cysteine synthase, mitochondrial OS=Spinacia oleracea OX=3562 GN=CYSC PE=1 SV=1 && PF00291:Pyridoxal-phosphate dependent enzyme	GeBP
110709607	2.37469285825058	7.02455205559341	2.07781325422099	12.0925846597812	0.00050622750176324	0.0100207019540059	LOC110709607	NW_018745080.1	3553196	3555879	-	2684	protein_coding	aldehyde oxidase GLOX-like && sp|Q9FYG4|GLOX1_ARATH Aldehyde oxidase GLOX1 OS=Arabidopsis thaliana OX=3702 GN=GLOX1 PE=2 SV=1 && PF07250:Glyoxal oxidase N-terminus|PF09118:Domain of unknown function (DUF1929)	NAC
110706296	4.13784016913908	3.84319408637122	1.10682949068389	12.0883498714141	0.000507378590281854	0.0100384278972994	LOC110706296	NW_018744955.1	1057351	1060874	-	1090	protein_coding	transcription factor bHLH25-like && sp|Q9T072|BH025_ARATH Transcription factor bHLH25 OS=Arabidopsis thaliana OX=3702 GN=BHLH25 PE=2 SV=2 && PF00010:Helix-loop-helix DNA-binding domain	bHLH
110711396	105.605439229722	1.8933434863431	0.543368989644508	12.0863928817296	0.000507911426019014	0.0100439100876358	LOC110711396	NW_018745272.1	336541	354318	+	1704	protein_coding	uncharacterized LOC110711396 && - && -	CPP
110729899	807.286413040116	1.88081355965686	0.539572816577732	12.0854376256581	0.000508171721694821	0.0100440000131458	LOC110729899	NW_018743014.1	1904642	1907659	-	1442	protein_coding	GDSL esterase/lipase APG-like && sp|Q9LU14|APG2_ARATH GDSL esterase/lipase APG OS=Arabidopsis thaliana OX=3702 GN=APG PE=2 SV=1 && PF00657:GDSL-like Lipase/Acylhydrolase	ERF
110727110	5.50860176518878	2.74859918258533	0.798059407448467	12.0726106022128	0.000511680000933383	0.0100908394170816	LOC110727110	NW_018742899.1	1793962	1797410	-	1871	pseudogene	- && sp|O48922|C98A2_SOYBN Cytochrome P450 98A2 OS=Glycine max OX=3847 GN=CYP98A2 PE=2 SV=1 && PF00067:Cytochrome P450	MYB
110723283	109.478286015207	1.58895902556406	0.457135433586017	12.0692466806394	0.000512604096309432	0.0101011042018868	LOC110723283	NW_018742726.1	2147184	2150008	-	2515	protein_coding	BEL1-like homeodomain protein 11%2C transcript variant X2 && sp|Q1PFD1|BLH11_ARATH BEL1-like homeodomain protein 11 OS=Arabidopsis thaliana OX=3702 GN=BLH11 PE=2 SV=1 && PF07526:Associated with HOX|PF05920:Homeobox KN domain	TALE
110683956	1.56483066963297	6.3794073998011	1.82388295815922	12.0654527111671	0.000513648350757839	0.0101064687772107	LOC110683956	NW_018743697.1	2083264	2087168	+	3427	protein_coding	cation/H(+) antiporter 11-like && sp|Q9FFB8|CHX3_ARATH Cation/H(+) antiporter 3 OS=Arabidopsis thaliana OX=3702 GN=CHX3 PE=2 SV=1 && PF00999:Sodium/hydrogen exchanger family	bHLH
110689730	590.687599177846	1.22912492474147	0.353945300418576	12.0670606979406	0.000513205505580423	0.0101064687772107	LOC110689730	NW_018743977.1	1757923	1762734	+	1306	protein_coding	mitochondrial amidoxime-reducing component 1-like && sp|Q655R6|MOCOS_ORYSJ Molybdenum cofactor sulfurase OS=Oryza sativa subsp. japonica OX=39947 GN=MCSU3 PE=2 SV=2 && PF03473:MOSC domain|PF03476:MOSC N-terminal beta barrel domain	-
110703910	6.41006387443927	5.09749434063798	1.43175963260063	12.0662759090787	0.000513421591009509	0.0101064687772107	LOC110703910	NW_018742393.1	2458417	2459662	-	1246	protein_coding	uncharacterized LOC110703910 && - && PF14009:Domain of unknown function (DUF4228)	-
110739616	5.86463751527424	4.04530096102718	1.15854229055466	12.0613281666595	0.000514786029148498	0.0101187145759504	LOC110739616	NW_018743510.1	1078088	1078573	+	486	protein_coding	auxin-responsive protein SAUR32-like && - && PF02519:Auxin responsive protein	ZF-HD
110731661	156.306233107684	2.12725554077897	0.61018925878655	12.0597141014862	0.000515231930943791	0.010122413018487	LOC110731661	NW_018743074.1	1787347	1789817	+	1061	protein_coding	protein CURVATURE THYLAKOID 1B%2C chloroplastic-like && sp|Q8LCA1|CUT1B_ARATH Protein CURVATURE THYLAKOID 1B, chloroplastic OS=Arabidopsis thaliana OX=3702 GN=CURT1B PE=1 SV=2 && PF14159:CAAD domains of cyanobacterial aminoacyl-tRNA synthetase	-
110699376	54.8266538042896	1.91119573899212	0.54930718334378	12.0575231940351	0.000515837815070097	0.010129249255624	LOC110699376	NW_018744582.1	2875224	2877281	-	1215	protein_coding	peroxidase P7-like && sp|P22195|PER1_ARAHY Cationic peroxidase 1 OS=Arachis hypogaea OX=3818 GN=PNC1 PE=1 SV=2 && PF00141:Peroxidase	NAC
110689241	183.630577281761	1.13749647972836	0.327928490095334	12.0518894191089	0.000517399110889573	0.0101497578831	LOC110689241	NW_018743955.1	5640961	5657079	+	1473	protein_coding	probable plastid-lipid-associated protein 13%2C chloroplastic && sp|Q8S9M1|PAP13_ARATH Probable plastid-lipid-associated protein 13, chloroplastic OS=Arabidopsis thaliana OX=3702 GN=PAP13 PE=1 SV=2 && PF04755:PAP_fibrillin	C3H
110737129	21.4810400529203	6.66978013737215	1.8146409858514	12.0519106078254	0.000517393229903922	0.0101497578831	LOC110737129	NW_018743292.1	13233003	13238786	-	2250	pseudogene	- && - && PF06101:Vacuolar protein sorting-associated protein 62	-
110715826	121.191204006649	1.38788681287564	0.399725986709969	12.0496778467156	0.000518013310010444	0.0101554297578827	LOC110715826	NW_018745533.1	1625740	1628231	-	2492	protein_coding	cation/calcium exchanger 4-like && sp|Q9SYG9|CCX4_ARATH Cation/calcium exchanger 4 OS=Arabidopsis thaliana OX=3702 GN=CCX4 PE=2 SV=1 && PF01699:Sodium/calcium exchanger protein	NF-YC
110722571	464.428613685961	1.85230058881605	0.532443032849226	12.0428273419851	0.000519920510681584	0.010183959209974	LOC110722571	NW_018742684.1	2039980	2043378	-	1375	protein_coding	bidirectional sugar transporter SWEET4-like && sp|A2X3S3|SWET4_ORYSI Bidirectional sugar transporter SWEET4 OS=Oryza sativa subsp. indica OX=39946 GN=SWEET4 PE=2 SV=1 && PF03083:Sugar efflux transporter for intercellular exchange	DBB
110682494	1.84895725416017	7.89546215997366	2.31887160523836	12.0393564407715	0.000520889523598311	0.010192772426645	LOC110682494	NW_018743574.1	8033650	8038068	+	1516	protein_coding	epoxide hydrolase 4-like && - && PF00561:alpha/beta hydrolase fold	FAR1
110687891	19.9581529598686	2.12975225839729	0.613359241497178	12.0400343399969	0.000520700123229479	0.010192772426645	LOC110687891	NW_018743920.1	2561317	2563398	-	2082	protein_coding	adenine/guanine permease AZG2-like && sp|Q84MA8|AZG2_ARATH Adenine/guanine permease AZG2 OS=Arabidopsis thaliana OX=3702 GN=AZG2 PE=2 SV=1 && PF00860:Permease family	-
110721793	50.0937214785978	1.47051448065278	0.424280411382605	12.035759791872	0.000521895566378404	0.0102055145196271	LOC110721793	NW_018742630.1	1353373	1367682	-	2597	protein_coding	ATP-dependent DNA helicase Q-like 3 && sp|Q9FT72|RQL3_ARATH ATP-dependent DNA helicase Q-like 3 OS=Arabidopsis thaliana OX=3702 GN=RECQL3 PE=1 SV=1 && PF00270:DEAD/DEAH box helicase|PF16124:RecQ zinc-binding|PF00271:Helicase conserved C-terminal domain	NAC
110697028	4.61257388674805	2.64975224381047	0.769176313517086	12.0321517637332	0.000522906762863063	0.0102068177425055	LOC110697028	NW_018744460.1	21844	26002	-	2884	pseudogene	- && sp|A2RVM0|TIC32_ARATH Short-chain dehydrogenase TIC 32, chloroplastic OS=Arabidopsis thaliana OX=3702 GN=TIC32 PE=2 SV=1 && PF00106:short chain dehydrogenase	C2H2
110722533	15.5088577327892	2.12600250520873	0.612788055575009	12.0307925161629	0.000523288222223621	0.0102091894443061	LOC110722533	NW_018742684.1	2665381	2666001	-	621	protein_coding	uncharacterized LOC110722533 && - && PF14009:Domain of unknown function (DUF4228)	-
110714287	37.2239686422908	1.50505505232337	0.434643747827412	12.0253985989494	0.000524804742773057	0.0102252827073992	LOC110714287	NW_018745454.1	635239	640045	+	1010	protein_coding	cysteine-rich repeat secretory protein 15-like && sp|Q6NKQ9|PDLP8_ARATH Plasmodesmata-located protein 8 OS=Arabidopsis thaliana OX=3702 GN=PDLP8 PE=1 SV=1 && PF01657:Salt stress response/antifungal	C2H2
110685886	1834.7346965994	1.57404932586745	0.453747680997055	12.0081672812117	0.000529679183372402	0.0102938956587946	LOC110685886	NW_018743850.1	1369435	1372060	-	1821	protein_coding	probable pectinesterase 53%2C transcript variant X1 && sp|Q8VYZ3|PME53_ARATH Probable pectinesterase 53 OS=Arabidopsis thaliana OX=3702 GN=PME53 PE=2 SV=1 && PF01095:Pectinesterase	bHLH
110686428	15.8309034980136	2.34555631694043	0.676541158748524	12.0079995205522	0.000529726863912202	0.0102938956587946	LOC110686428	NW_018743858.1	3868798	3874065	+	2871	protein_coding	AP2-like ethylene-responsive transcription factor ANT%2C transcript variant X1 && sp|Q38914|ANT_ARATH AP2-like ethylene-responsive transcription factor ANT OS=Arabidopsis thaliana OX=3702 GN=ANT PE=1 SV=2 && PF00847:AP2 domain	AP2
110721606	4.57122102948727	3.26760310155149	0.947517939559332	11.9927573248636	0.000534077094837144	0.010364030652939	LOC110721606	NW_018742204.1	19407450	19409652	-	1418	protein_coding	uncharacterized LOC110721606 && - && PF00582:Universal stress protein family	-
110685606	5.96723766360985	3.48743457470625	1.00672627910817	11.9855911074653	0.000536134830492818	0.0103824571981975	LOC110685606	NW_018743850.1	852490	854302	+	1813	protein_coding	uncharacterized LOC110685606 && - && -	-
110717427	1196.85008322611	1.15632176807873	0.334133905842157	11.9865769978758	0.000535851263960631	0.0103824571981975	LOC110717427	NW_018745684.1	3164441	3166840	-	817	protein_coding	50S ribosomal protein L28%2C chloroplastic && sp|P82245|RK28_SPIOL 50S ribosomal protein L28, chloroplastic OS=Spinacia oleracea OX=3562 GN=RPL28 PE=1 SV=2 && PF00830:Ribosomal L28 family	-
110735050	505.52683535656	1.60302202607213	0.462886399325127	11.9665465272885	0.000541642349134011	0.0104530319299951	LOC110735050	NW_018743252.1	4199912	4208553	-	1523	protein_coding	uncharacterized LOC110735050 && - && PF12204:Domain of unknown function (DUF3598)	WRKY
110695206	53.4086944150963	3.23233680650737	0.922119286969928	11.9632667427014	0.000542596581895911	0.010466304302946	LOC110695206	NW_018744290.1	1834437	1838068	+	1016	protein_coding	skin secretory protein xP2-like%2C transcript variant X2 && - && -	-
110731660	9.50231593003325	5.29875863206194	1.48810060178895	11.9398977233971	0.000549444959212338	0.0105776234721305	LOC110731660	NW_018743074.1	1790003	1793987	-	1367	protein_coding	caffeic acid 3-O-methyltransferase-like && sp|Q8W013|COMT1_CATRO Caffeic acid 3-O-methyltransferase OS=Catharanthus roseus OX=4058 GN=COMT1 PE=2 SV=1 && PF00891:O-methyltransferase domain|PF08100:Dimerisation domain	C3H
110689165	265.361390596916	1.30683615753906	0.378313483168849	11.9346635388934	0.000550990779437098	0.0106021856349011	LOC110689165	NW_018743955.1	1832803	1837008	+	1895	protein_coding	tubulin alpha-3 chain-like && sp|Q56WH1|TBA3_ARATH Tubulin alpha-3 chain OS=Arabidopsis thaliana OX=3702 GN=TUBA3 PE=1 SV=2 && PF00091:Tubulin/FtsZ family, GTPase domain|PF03953:Tubulin C-terminal domain	Nin-like
110698761	12.4929640093549	1.95570352618084	0.567102183317585	11.9320737747239	0.00055175724158521	0.0106065404546138	LOC110698761	NW_018744537.1	4473391	4479499	-	3462	protein_coding	ATP-dependent DNA helicase DDX11-like && sp|F1R345|DDX11_DANRE ATP-dependent DNA helicase DDX11 OS=Danio rerio OX=7955 GN=ddx11 PE=2 SV=1 && PF06733:DEAD_2|PF13307:Helicase C-terminal domain	C2H2
110732154	749.089041760592	1.52048385911259	0.439822397167813	11.9327694037854	0.000551551258734071	0.0106065404546138	LOC110732154	NW_018743144.1	1856296	1859517	-	1485	protein_coding	protochlorophyllide reductase-like && sp|Q9SDT1|POR_DAUCA Protochlorophyllide reductase, chloroplastic OS=Daucus carota OX=4039 GN=POR1 PE=2 SV=1 && PF00106:short chain dehydrogenase	C2H2
110722459	16.326825338909	3.80758687416057	1.0837321612642	11.925098447633	0.00055382700572196	0.0106411193716823	LOC110722459	NW_018742204.1	20481128	20482962	-	1253	protein_coding	probable xyloglucan endotransglucosylase/hydrolase protein 6 && sp|Q8LF99|XTH6_ARATH Probable xyloglucan endotransglucosylase/hydrolase protein 6 OS=Arabidopsis thaliana OX=3702 GN=XTH6 PE=2 SV=2 && PF06955:Xyloglucan endo-transglycosylase (XET) C-terminus|PF00722:Glycosyl hydrolases family 16	GRAS
110726375	1930.17266416726	1.04993698259786	0.304316584712227	11.9193376832231	0.000555542285903056	0.0106678811744638	LOC110726375	NW_018742879.1	1018100	1020944	-	1192	protein_coding	50S ribosomal protein L17%2C chloroplastic-like && sp|O80363|RK17_TOBAC 50S ribosomal protein L17, chloroplastic OS=Nicotiana tabacum OX=4097 GN=RPL17 PE=2 SV=1 && PF01196:Ribosomal protein L17	-
110720321	608.098494618786	1.09195815991132	0.316529101878841	11.9166616071377	0.000556340916852891	0.0106689065796494	LOC110720321	NW_018742556.1	81108	86098	+	1772	protein_coding	probable fructokinase-6%2C chloroplastic && sp|Q9C524|SCRK6_ARATH Probable fructokinase-6, chloroplastic OS=Arabidopsis thaliana OX=3702 GN=At1g66430 PE=2 SV=1 && PF00294:pfkB family carbohydrate kinase	MIKC_MADS
110727118	1288.92176418543	1.49329308099547	0.432282751275913	11.9156888166324	0.000556631517370755	0.0106689065796494	LOC110727118	NW_018742899.1	1970645	1972157	+	1513	protein_coding	cytosolic sulfotransferase 5-like && sp|Q9M1V2|SOT5_ARATH Cytosolic sulfotransferase 5 OS=Arabidopsis thaliana OX=3702 GN=SOT5 PE=1 SV=1 && PF00685:Sulfotransferase domain	ERF
110706605	97.9976945797808	2.03168641441639	0.586974453691783	11.9062314160996	0.000559464714660816	0.0107179793848167	LOC110706605	NW_018744988.1	1704488	1707372	-	1789	protein_coding	7-deoxyloganetin glucosyltransferase-like && sp|F8WLS6|UGT6_CATRO 7-deoxyloganetin glucosyltransferase OS=Catharanthus roseus OX=4058 GN=UGT85A23 PE=1 SV=1 && PF00201:UDP-glucoronosyl and UDP-glucosyl transferase	GRAS
110688862	36.9934753662176	2.18051029152202	0.630161138063022	11.9045654065068	0.000559965315063096	0.0107223392581536	LOC110688862	NW_018743942.1	2507480	2516099	+	2814	protein_coding	ABC transporter G family member 22-like && sp|Q93YS4|AB22G_ARATH ABC transporter G family member 22 OS=Arabidopsis thaliana OX=3702 GN=ABCG22 PE=1 SV=1 && PF01061:ABC-2 type transporter|PF00005:ABC transporter	Nin-like
110704519	1.63676885130021	4.98461366470449	1.53512041337792	11.9013719302739	0.000560926151266056	0.0107355032839531	LOC110704519	NW_018744835.1	2108276	2110633	-	2243	protein_coding	uncharacterized LOC110704519 && - && -	-
110705785	2.53860779897466	5.39956232755972	1.5557730004255	11.8972304285354	0.000562174703905997	0.0107489226613925	LOC110705785	NW_018744878.1	5899341	5903076	-	2018	protein_coding	PI-PLC X domain-containing protein At5g67130-like%2C transcript variant X1 && sp|Q93XX5|Y5713_ARATH PI-PLC X domain-containing protein At5g67130 OS=Arabidopsis thaliana OX=3702 GN=At5g67130 PE=1 SV=1 && -	bZIP
110696559	37.868060500733	2.22859093728541	0.644591545464389	11.8927491237062	0.000563528859016183	0.0107643331129098	LOC110696559	NW_018744367.1	3704455	3706622	-	2168	protein_coding	BRI1 kinase inhibitor 1-like && sp|Q9FMZ0|BKI1_ARATH BRI1 kinase inhibitor 1 OS=Arabidopsis thaliana OX=3702 GN=BKI1 PE=1 SV=1 && -	-
110687483	90.6196224447001	1.9716697842858	0.570388524700586	11.8876708111312	0.000565067398274747	0.0107832322315083	LOC110687483	NW_018743919.1	4211313	4214562	+	2045	protein_coding	two-pore potassium channel 1-like%2C transcript variant X3 && sp|Q8LBL1|KCO1_ARATH Two-pore potassium channel 1 OS=Arabidopsis thaliana OX=3702 GN=TPK1 PE=1 SV=2 && PF07885:Ion channel	C3H
110739981	78.4761894454223	1.10247912218354	0.319976443806372	11.8829228691141	0.000566509683519749	0.0108002596120734	LOC110739981	NW_018743518.1	408714	416037	+	1359	protein_coding	uncharacterized LOC110739981%2C transcript variant X1 && - && -	-
110720402	115.348547428287	2.40914547288611	0.694826449995855	11.8791889915403	0.000567646536173872	0.0108166823945446	LOC110720402	NW_018742556.1	995514	996383	-	768	protein_coding	ribulose bisphosphate carboxylase small chain 3%2C chloroplastic-like && sp|P04715|RBS2_PETHY Ribulose bisphosphate carboxylase small subunit, chloroplastic 2 OS=Petunia hybrida OX=4102 GN=RBCS2 PE=3 SV=1 && PF00101:Ribulose bisphosphate carboxylase, small chain|PF12338:Ribulose-1,5-bisphosphate carboxylase small subunit	M-type_MADS
110692794	1294.27706920126	1.05706620296364	0.307239742486897	11.8529944851274	0.000575686998954915	0.0109433472942674	LOC110692794	NW_018744128.1	1839263	1849392	+	2385	protein_coding	glucose-6-phosphate isomerase%2C cytosolic && sp|O82059|G6PI_SPIOL Glucose-6-phosphate isomerase, cytosolic OS=Spinacia oleracea OX=3562 GN=PGIC PE=2 SV=2 && PF00342:Phosphoglucose isomerase	BES1
110698351	326.626579913283	1.37363476377965	0.398921586274137	11.8503820850046	0.000576495160676116	0.0109534080528462	LOC110698351	NW_018744517.1	41266	44233	+	2437	protein_coding	histone H2B-like && sp|A2WWU2|H2B11_ORYSI Histone H2B.11 OS=Oryza sativa subsp. indica OX=39946 GN=H2B.11 PE=3 SV=1 && PF00125:Core histone H2A/H2B/H3/H4	-
110696141	16.5209185486879	2.43715596488147	0.707252715672288	11.8417322684564	0.000579179218211189	0.0109842395066286	LOC110696141	NW_018744311.1	3015064	3020114	-	3328	protein_coding	titin homolog%2C transcript variant X3 && - && -	-
110685847	68.2803256722908	4.01210985990316	1.13837330348597	11.8340624714501	0.000581569726283619	0.0110178426726177	LOC110685847	NW_018743850.1	1038754	1040524	+	1178	protein_coding	peroxidase 72-like && sp|Q9FJZ9|PER72_ARATH Peroxidase 72 OS=Arabidopsis thaliana OX=3702 GN=PER72 PE=1 SV=1 && PF00141:Peroxidase	NAC
110682410	124.463024130508	2.22978384582797	0.645333324281797	11.830293745798	0.000582748003516326	0.0110189033905136	LOC110682410	NW_018743574.1	6997162	6999821	+	1424	protein_coding	peroxidase 50-like && sp|Q43731|PER50_ARATH Peroxidase 50 OS=Arabidopsis thaliana OX=3702 GN=PER50 PE=1 SV=1 && PF00141:Peroxidase	NAC
110707283	1759.88831204616	1.24992046758692	0.363455960404513	11.8303065898872	0.000582743983771766	0.0110189033905136	LOC110707283	NW_018744996.1	2068305	2075117	-	4626	protein_coding	magnesium-chelatase subunit ChlH%2C chloroplastic && sp|Q9FNB0|CHLH_ARATH Magnesium-chelatase subunit ChlH, chloroplastic OS=Arabidopsis thaliana OX=3702 GN=CHLH PE=1 SV=1 && PF11965:Domain of unknown function (DUF3479)|PF02514:CobN/Magnesium Chelatase	HSF
110698298	7.53115270711302	3.72267310134569	1.08684103038941	11.8135444323253	0.000588013841384775	0.0111131220369126	LOC110698298	NW_018744504.1	426393	427319	+	927	protein_coding	glycine-rich protein 23-like && - && -	-
110734010	23.3474418444113	2.92697221314821	0.848053360821648	11.7971325719924	0.000593220192133923	0.0111846071078615	LOC110734010	NW_018743206.1	254876	258678	+	1091	protein_coding	pathogen-related protein-like && sp|P16273|PRPX_HORVU Pathogen-related protein OS=Hordeum vulgare OX=4513 PE=2 SV=2 && -	MYB
110683785	93.0013948354801	1.71162311497941	0.497927022801204	11.7931351533437	0.000594495331267151	0.0111978969519687	LOC110683785	NW_018743691.1	3461746	3466058	-	2496	protein_coding	root phototropism protein 2-like && sp|Q682S0|RPT2_ARATH Root phototropism protein 2 OS=Arabidopsis thaliana OX=3702 GN=RPT2 PE=1 SV=2 && PF00651:BTB/POZ domain|PF03000:NPH3 family	C3H
110695748	1224.06758367213	1.14961496221424	0.334954922786036	11.7886952853594	0.000595914852073423	0.0112025949340203	LOC110695748	NW_018744304.1	6149168	6159609	-	1546	protein_coding	uncharacterized LOC110695748 && - && PF12697:Alpha/beta hydrolase family	bZIP
110697786	11.7270134745294	2.81709888272385	0.81712577201643	11.7855206082445	0.000596931962441992	0.0112025949340203	LOC110697786	NW_018744501.1	71956	77011	-	2087	protein_coding	probable indole-3-acetic acid-amido synthetase GH3.6 && sp|Q60EY1|GH36_ORYSJ Probable indole-3-acetic acid-amido synthetase GH3.6 OS=Oryza sativa subsp. japonica OX=39947 GN=GH3.6 PE=2 SV=2 && PF03321:GH3 auxin-responsive promoter	ERF
110715865	8.86038812969592	3.29867622838661	0.956429139411402	11.7858405962649	0.000596829364552564	0.0112025949340203	LOC110715865	NW_018745533.1	114673	125429	-	1856	protein_coding	UDP-glycosyltransferase 90A1-like && sp|Q9ZVX4|U90A1_ARATH UDP-glycosyltransferase 90A1 OS=Arabidopsis thaliana OX=3702 GN=UGT90A1 PE=2 SV=1 && PF00201:UDP-glucoronosyl and UDP-glucosyl transferase	CO-like
110719000	11.1882952702714	3.57506971931627	1.029764302082	11.7878326278059	0.000596191059008996	0.0112025949340203	TRNAY-GUA	NW_018742461.1	3710008	3710098	+	73	tRNA	tRNA-Tyr && - && -	-
110704945	3.99868554992758	6.31862199508555	1.79225858897078	11.7801327068903	0.000598662164460703	0.0112200497836924	LOC110704945	NW_018744874.1	197574	201218	+	1787	protein_coding	uncharacterized protein At4g15970-like && sp|P0C042|Y4597_ARATH Uncharacterized protein At4g15970 OS=Arabidopsis thaliana OX=3702 GN=At4g15970 PE=2 SV=1 && PF03407:Nucleotide-diphospho-sugar transferase	-
110721498	68.3741625596953	1.79497417104051	0.522489045776962	11.7719986847372	0.000601283819151089	0.0112555860007248	LOC110721498	NW_018742616.1	1085909	1091656	-	1807	protein_coding	serine carboxypeptidase-like 18%2C transcript variant X1 && sp|Q9C7Z9|SCP18_ARATH Serine carboxypeptidase-like 18 OS=Arabidopsis thaliana OX=3702 GN=SCPL18 PE=2 SV=2 && PF00450:Serine carboxypeptidase	C3H
110730563	1.80952791741473	8.43896569642136	2.53759388513353	11.7681254510679	0.000602536262136511	0.0112682888680415	LOC110730563	NW_018743033.1	1907553	1910206	-	1752	protein_coding	phospholipase A1-IIgamma-like && sp|O49523|DSEL_ARATH Phospholipase A1-IIgamma OS=Arabidopsis thaliana OX=3702 GN=DSEL PE=1 SV=1 && PF01764:Lipase (class 3)	Trihelix
110737847	1.2871758369274	7.13892469239934	2.23146079318752	11.7630212001129	0.000604190789262116	0.0112938528637273	LOC110737847	NW_018743331.1	6719951	6724854	+	1485	protein_coding	protein trichome birefringence-like 41 && sp|F4IWA8|TBL41_ARATH Protein trichome birefringence-like 41 OS=Arabidopsis thaliana OX=3702 GN=TBL41 PE=2 SV=1 && PF13839:GDSL/SGNH-like Acyl-Esterase family found in Pmr5 and Cas1p|PF14416:PMR5 N terminal Domain	BES1
110730206	277.084397488337	1.57391273404564	0.458573159973428	11.7606421515803	0.000604963517212066	0.0112975426588062	LOC110730206	NW_018743021.1	1483206	1490504	-	2368	protein_coding	protein NRT1/ PTR FAMILY 7.3-like && sp|Q9LQL2|PTR14_ARATH Protein NRT1/ PTR FAMILY 7.3 OS=Arabidopsis thaliana OX=3702 GN=NPF7.3 PE=1 SV=2 && PF00854:POT family	G2-like
110740290	1752.61991204642	1.1706100294102	0.341500433180197	11.7592218216453	0.00060542532380352	0.0113007931282014	LOC110740290	NW_018743555.1	1078903	1082239	-	985	protein_coding	50S ribosomal protein L6%2C chloroplastic && sp|P82193|RK6_SPIOL 50S ribosomal protein L6, chloroplastic OS=Spinacia oleracea OX=3562 GN=RPL6 PE=1 SV=2 && PF00347:Ribosomal protein L6	NF-YA
110687385	203.920043346728	1.04896202835386	0.306246113236481	11.7543003738884	0.000607028240653029	0.0113199525618074	LOC110687385	NW_018743919.1	2886626	2891135	+	2123	protein_coding	glucan endo-1%2C3-beta-glucosidase 1-like && sp|O65399|E131_ARATH Glucan endo-1,3-beta-glucosidase 1 OS=Arabidopsis thaliana OX=3702 GN=At1g11820 PE=2 SV=3 && PF07983:X8 domain|PF00332:Glycosyl hydrolases family 17	C2H2
110730530	65.6912411020995	1.70960712352012	0.498206339160349	11.750100676444	0.000608399471735827	0.0113347592284066	LOC110730530	NW_018743033.1	1092240	1097156	+	1243	protein_coding	D-tyrosyl-tRNA(Tyr) deacylase-like && sp|Q54EY1|DTD_DICDI D-aminoacyl-tRNA deacylase OS=Dictyostelium discoideum OX=44689 GN=dtd PE=3 SV=1 && PF02580:D-Tyr-tRNA(Tyr) deacylase	C3H
110681927	156.865149980667	1.83041268630321	0.533039322690236	11.7443709437415	0.000610275316591969	0.011364316030591	LOC110681927	NW_018742244.1	2970930	2972448	-	1519	protein_coding	uncharacterized LOC110681927 && - && -	-
110690643	224.869300096192	1.02044309129842	0.297939382713269	11.7433633775598	0.000610605784838775	0.0113650810369541	LOC110690643	NW_018744062.1	291138	295867	+	2464	protein_coding	CBL-interacting protein kinase 2-like%2C transcript variant X1 && sp|Q5W736|CIPKI_ORYSJ CBL-interacting protein kinase 18 OS=Oryza sativa subsp. japonica OX=39947 GN=CIPK18 PE=2 SV=1 && PF00069:Protein kinase domain|PF03822:NAF domain	YABBY
110724362	1.33728561306099	7.06309986802988	2.29396504583137	11.7395501035394	0.000611858124779563	0.0113829958003163	LOC110724362	NW_018742763.1	4059122	4060921	-	1400	protein_coding	transcription factor bHLH139-like && sp|Q84WK0|RSL2_ARATH Transcription factor RSL2 OS=Arabidopsis thaliana OX=3702 GN=RSL2 PE=2 SV=1 && PF00010:Helix-loop-helix DNA-binding domain	bHLH
110728962	150.893693738654	2.03889556400466	0.593040599695166	11.7365164002668	0.00061285629363023	0.0113961672441951	LOC110728962	NW_018742966.1	575882	579695	+	954	protein_coding	probable histone H2A variant 3%2C transcript variant X2 && sp|Q8H7Y8|H2AV1_ORYSJ Probable histone H2A variant 1 OS=Oryza sativa subsp. japonica OX=39947 GN=Os03g0162200 PE=2 SV=1 && PF16211:C-terminus of histone H2A|PF00125:Core histone H2A/H2B/H3/H4	TCP
110726910	72.0676211209313	1.67314371967913	0.488286370467811	11.7298337602635	0.000615060864177143	0.0114209386850255	LOC110726910	NW_018742890.1	445189	447414	+	1662	protein_coding	probable sarcosine oxidase && sp|Q9SJA7|SOX_ARATH Probable sarcosine oxidase OS=Arabidopsis thaliana OX=3702 GN=At2g24580 PE=2 SV=1 && PF01266:FAD dependent oxidoreductase	WRKY
110723863	49.101184182705	2.24108364932419	0.652373175899549	11.7215606018107	0.000617801236982795	0.0114609862919345	LOC110723863	NW_018742733.1	2975234	2979966	+	1676	pseudogene	- && sp|Q9FIA1|GDL87_ARATH GDSL esterase/lipase At5g55050 OS=Arabidopsis thaliana OX=3702 GN=At5g55050 PE=2 SV=1 && -	HB-PHD
110689803	11.5460347045493	3.12594488712049	0.90966769417549	11.7006799695246	0.000624772627066054	0.0115681910058143	LOC110689803	NW_018742329.1	571034	577212	+	1309	protein_coding	cytochrome b561 domain-containing protein At4g18260-like && sp|Q0WPS2|B561M_ARATH Cytochrome b561 domain-containing protein At4g18260 OS=Arabidopsis thaliana OX=3702 GN=At4g18260 PE=2 SV=1 && PF03188:Eukaryotic cytochrome b561	-
110711547	2.71295616735828	6.79616026040355	1.9810651837236	11.6954525394742	0.000626530302137866	0.0115846160809136	LOC110711547	NW_018745281.1	206265	206700	-	318	protein_coding	putative uncharacterized protein DDB_G0274535 && - && -	-
110685632	3.1399597804327	9.60737014564195	2.75545376626922	11.6923628275614	0.0006275715364827	0.0115984079775459	LOC110685632	NW_018743850.1	4332865	4334654	-	1590	protein_coding	peroxidase 57-like && sp|Q43729|PER57_ARATH Peroxidase 57 OS=Arabidopsis thaliana OX=3702 GN=PER57 PE=1 SV=1 && PF00141:Peroxidase	NAC
110694094	203.461266900856	1.24474906555231	0.364214559396035	11.6890230836571	0.00062869899726577	0.0116137797364151	LOC110694094	NW_018744239.1	1114507	1116626	-	2120	protein_coding	serine/threonine-protein kinase WAG1-like && sp|Q9C8M5|WAG1_ARATH Serine/threonine-protein kinase WAG1 OS=Arabidopsis thaliana OX=3702 GN=WAG1 PE=2 SV=1 && -	NAC
110718872	4714.21742575835	1.59133899358326	0.465106831556877	11.6786694837581	0.00063220727624406	0.011666264480422	LOC110718872	NW_018742461.1	4423466	4426369	-	1530	protein_coding	fructose-bisphosphate aldolase 1%2C chloroplastic-like && sp|Q944G9|ALFP2_ARATH Fructose-bisphosphate aldolase 2, chloroplastic OS=Arabidopsis thaliana OX=3702 GN=FBA2 PE=1 SV=2 && PF00274:Fructose-bisphosphate aldolase class-I	FAR1
110718866	2.79422483077085	4.96978527467477	1.45672815740605	11.6704351129936	0.000635011572623402	0.0117028669599432	LOC110718866	NW_018742461.1	4375143	4377543	-	1966	protein_coding	uncharacterized LOC110718866 && - && -	-
110686861	31.8513990273661	1.31574375429668	0.385721084501569	11.6675438501365	0.000635999197892627	0.011708805750961	LOC110686861	NW_018743894.1	5269717	5277697	+	573	protein_coding	uncharacterized LOC110686861%2C transcript variant X1 && - && -	-
110712447	14.6863626272848	1.89345574666018	0.554812824649804	11.6663688322025	0.000636401014980959	0.011708805750961	LOC110712447	NW_018745323.1	553362	555773	+	944	protein_coding	uncharacterized protein At3g27210-like && - && -	-
110727955	47.6273928789816	1.79767289498305	0.526186524785123	11.6589733990092	0.000638935899097074	0.0117421289495739	LOC110727955	NW_018742914.1	4732174	4739378	-	3993	protein_coding	kinesin-like protein KIN-14I && sp|F4IL57|KN14I_ARATH Kinesin-like protein KIN-14I OS=Arabidopsis thaliana OX=3702 GN=KIN14I PE=2 SV=1 && PF00225:Kinesin motor domain|PF00307:Calponin homology (CH) domain	NAC
110718767	125.418575449652	1.69795492919089	0.496694877944536	11.6548815189116	0.000640342825477554	0.0117624807226286	LOC110718767	NW_018742461.1	3250779	3255681	+	2367	protein_coding	cyclin-D3-1-like && sp|P42753|CCD31_ARATH Cyclin-D3-1 OS=Arabidopsis thaliana OX=3702 GN=CYCD3-1 PE=1 SV=3 && PF00134:Cyclin, N-terminal domain|PF02984:Cyclin, C-terminal domain	LBD
110718462	58.6192209430011	6.08985256873942	1.68159244382408	11.6514452444969	0.000641526749339059	0.0117787190401089	LOC110718462	NW_018742461.1	4866068	4868065	-	1802	protein_coding	uncharacterized LOC110718462 && - && PF06830:Root cap	-
110724842	149.207395624301	1.37669324707559	0.403518377198676	11.6477980876818	0.000642785748558635	0.0117963199547399	LOC110724842	NW_018742770.1	4234819	4240088	-	1317	protein_coding	thylakoid membrane protein slr0575-like && sp|Q55403|Y575_SYNY3 Thylakoid membrane protein slr0575 OS=Synechocystis sp. (strain PCC 6803 / Kazusa) OX=1111708 GN=slr0575 PE=4 SV=1 && PF11016:Protein of unknown function (DUF2854)	-
110711286	27.5071101361278	1.11769603700234	0.327794139163088	11.6455512271091	0.000643562607156168	0.0118050603787222	LOC110711286	NW_018742418.1	6018805	6022299	-	1513	pseudogene	- && sp|Q5XV40|LAZY1_ARATH Protein LAZY 1 OS=Arabidopsis thaliana OX=3702 GN=LAZY1 PE=1 SV=1 && -	-
110727208	765.488094719403	1.62653957185022	0.476213703350764	11.6351550956206	0.000647169462810406	0.0118601429365157	LOC110727208	NW_018742903.1	1371162	1387100	+	3396	protein_coding	probable alpha-mannosidase At5g13980 && sp|Q8LPJ3|MANA2_ARATH Probable alpha-mannosidase At5g13980 OS=Arabidopsis thaliana OX=3702 GN=At5g13980 PE=2 SV=1 && PF07748:Glycosyl hydrolases family 38 C-terminal domain|PF09261:Alpha mannosidase middle domain|PF17677:Glycosyl hydrolases family 38 C-terminal beta sandwich domain|PF01074:Glycosyl hydrolases family 38 N-terminal domain	CAMTA
110692343	9.36969243946915	2.9636113830526	0.864880825650337	11.6304308975471	0.000648815226138195	0.0118736814427425	LOC110692343	NW_018744100.1	6	4098	-	1419	pseudogene	- && sp|P31684|4CL1_SOLTU 4-coumarate--CoA ligase 1 OS=Solanum tuberosum OX=4113 GN=4CL1 PE=3 SV=1 && PF00501:AMP-binding enzyme	C2H2
110692849	1.54559079506195	5.529597099528	1.64450288710465	11.6183463827848	0.000653044356669113	0.0119177560499378	LOC110692849	NW_018744128.1	804212	812394	-	1926	protein_coding	protein JINGUBANG-like && sp|O48716|JGB_ARATH Protein JINGUBANG OS=Arabidopsis thaliana OX=3702 GN=JGB PE=1 SV=1 && PF00400:WD domain, G-beta repeat|PF11715:Nucleoporin Nup120/160	Dof
110730181	110.864204217927	1.91935339473738	0.561912572773513	11.6117211278591	0.000655374754809137	0.0119547295613652	LOC110730181	NW_018743021.1	1155175	1160011	+	2031	protein_coding	glycine-rich cell wall structural protein 1.8-like && - && -	-
110714167	2033.36897563728	1.1544796176091	0.338954093275299	11.6107436147807	0.00065571930017725	0.0119554615022568	LOC110714167	NW_018745454.1	2771689	2774041	-	1011	protein_coding	50S ribosomal protein L5%2C chloroplastic && sp|P82192|RK5_SPIOL 50S ribosomal protein L5, chloroplastic OS=Spinacia oleracea OX=3562 GN=RPL5 PE=1 SV=3 && PF00673:ribosomal L5P family C-terminus|PF00281:Ribosomal protein L5	-
110703397	298.168402614944	1.35480206952971	0.39791290578306	11.5925274517639	0.000662173553511925	0.0120563476898812	LOC110703397	NW_018744718.1	2938058	2941151	-	1224	protein_coding	probable inactive nicotinamidase At3g16190 && sp|Q93Z51|NIC4_ARATH Probable inactive nicotinamidase At3g16190 OS=Arabidopsis thaliana OX=3702 GN=At3g16190 PE=2 SV=1 && PF00857:Isochorismatase family	NAC
110683382	1532.00078075631	1.10469928732039	0.324692037400505	11.58871907605	0.000663531006111579	0.0120754648762836	LOC110683382	NW_018743669.1	401009	402821	+	903	protein_coding	universal stress protein PHOS34-like && sp|Q8L4N1|PHO34_ARATH Universal stress protein PHOS34 OS=Arabidopsis thaliana OX=3702 GN=PHOS34 PE=1 SV=1 && PF00582:Universal stress protein family	-
110692059	5.54480907738031	3.84560850922939	1.12971198155183	11.582432482622	0.000665777943791765	0.0120861436989403	LOC110692059	NW_018744092.1	3123742	3125280	+	1539	protein_coding	acetyl-CoA-benzylalcohol acetyltransferase-like && sp|I3PLR4|AT1_PAPSO (13S,14R)-1,13-dihydroxy-N-methylcanadine 13-O-acetyltransferase AT1 OS=Papaver somniferum OX=3469 GN=AT1 PE=1 SV=1 && PF02458:Transferase family	CAMTA
110736084	36.2685927917028	1.74854772537382	0.513188764059554	11.5849283234132	0.000664884968474019	0.0120861436989403	LOC110736084	NW_018743292.1	13604561	13605361	-	801	protein_coding	uncharacterized LOC110736084 && - && -	NAC
110726803	663.776638083872	1.19290898871503	0.350661957977854	11.580167388072	0.000666589410013462	0.0120863185131388	LOC110726803	NW_018742881.1	1617768	1620566	+	1088	protein_coding	nucleoside diphosphate kinase 2%2C chloroplastic && sp|Q01402|NDK2_SPIOL Nucleoside diphosphate kinase 2, chloroplastic OS=Spinacia oleracea OX=3562 GN=NDPK2 PE=1 SV=1 && PF00334:Nucleoside diphosphate kinase	GRAS
110736268	838.453346758421	1.16566464656722	0.342835019480579	11.5705269725221	0.000670054261360559	0.0121211612189835	LOC110736268	NW_018743292.1	1803464	1811034	-	2653	protein_coding	magnesium-chelatase subunit ChlD%2C chloroplastic-like && sp|O24133|CHLD_TOBAC Magnesium-chelatase subunit ChlD, chloroplastic OS=Nicotiana tabacum OX=4097 GN=CHLD PE=2 SV=1 && PF01078:Magnesium chelatase, subunit ChlI|PF17863:AAA lid domain|PF13519:von Willebrand factor type A domain	GRAS
110724228	4.23023980715705	8.21458094112075	2.39323027059093	11.5678173813721	0.000671031383627294	0.0121276647626299	LOC110724228	NW_018742738.1	10351689	10356675	+	1876	protein_coding	lysine histidine transporter 1-like && sp|Q9FKS8|LHT1_ARATH Lysine histidine transporter 1 OS=Arabidopsis thaliana OX=3702 GN=LHT1 PE=1 SV=1 && PF01490:Transmembrane amino acid transporter protein	MYB_related
110739135	25.0733140321155	2.84466246557243	0.83149663762865	11.5595434903666	0.000674023998906468	0.012162064379643	LOC110739135	NW_018743434.1	297725	301610	+	1741	protein_coding	probable protein phosphatase 2C 32 && sp|Q9XEE8|P2C30_ARATH Probable protein phosphatase 2C 30 OS=Arabidopsis thaliana OX=3702 GN=PP2C5 PE=2 SV=1 && PF00481:Protein phosphatase 2C	NAC
110733546	20.1362545135284	11.7445357260506	2.92445755720944	11.5495790559747	0.000677645973703338	0.0122189543550132	LOC110733546	NW_018743199.1	3319869	3324503	-	1784	protein_coding	4%2C5-DOPA dioxygenase extradiol 1-like && sp|I3PFJ9|DOD1W_BETVU 4,5-DOPA dioxygenase extradiol 1 OS=Beta vulgaris OX=161934 GN=DODA1 PE=2 SV=1 && PF02900:Catalytic LigB subunit of aromatic ring-opening dioxygenase	ZF-HD
110694708	1128.61837631245	1.19797266034979	0.352653924430568	11.5466868913597	0.000678700924047119	0.0122212844521332	LOC110694708	NW_018744240.1	961237	965043	+	1542	protein_coding	ferredoxin--NADP reductase%2C chloroplastic-like && sp|P00455|FENR_SPIOL Ferredoxin--NADP reductase, chloroplastic OS=Spinacia oleracea OX=3562 GN=PETH PE=1 SV=1 && PF00175:Oxidoreductase NAD-binding domain	NAC
110737122	13.9596396505589	3.45432663816769	1.00602910299255	11.5467894061545	0.000678663502251478	0.0122212844521332	LOC110737122	NW_018743292.1	12942060	12946741	-	1564	protein_coding	homeobox-leucine zipper protein ATHB-6-like && sp|P46668|ATHB6_ARATH Homeobox-leucine zipper protein ATHB-6 OS=Arabidopsis thaliana OX=3702 GN=ATHB-6 PE=1 SV=1 && PF02183:Homeobox associated leucine zipper|PF00046:Homeodomain	HD-ZIP
110693380	10.1575071712853	3.63754283145499	1.05910933095037	11.5445121282468	0.000679495286533475	0.0122299809294359	LOC110693380	NW_018744151.1	1100527	1100889	-	363	protein_coding	calcium-binding protein PBP1-like && sp|O81831|CARP1_ARATH Calcium-binding protein KRP1 OS=Arabidopsis thaliana OX=3702 GN=KRP1 PE=2 SV=1 && PF13833:EF-hand domain pair	MYB_related
110726823	897.956154718577	1.17186879210856	0.345108274392952	11.5392880176032	0.000681407305380089	0.0122554662112279	LOC110726823	NW_018742881.1	1834839	1837233	-	1602	protein_coding	GDSL esterase/lipase At3g48460-like && sp|Q9STM6|GDL57_ARATH GDSL esterase/lipase At3g48460 OS=Arabidopsis thaliana OX=3702 GN=At3g48460 PE=2 SV=1 && PF00657:GDSL-like Lipase/Acylhydrolase	B3
110739182	461.176251163539	1.18113013365837	0.347999265566486	11.5307097878539	0.000684558724552032	0.012290882896151	LOC110739182	NW_018742244.1	1425437	1429047	-	1701	protein_coding	glycerate dehydrogenase HPR%2C peroxisomal && sp|Q9C9W5|HPR1_ARATH Glycerate dehydrogenase HPR, peroxisomal OS=Arabidopsis thaliana OX=3702 GN=HPR PE=1 SV=1 && PF00389:D-isomer specific 2-hydroxyacid dehydrogenase, catalytic domain|PF02826:D-isomer specific 2-hydroxyacid dehydrogenase, NAD binding domain	B3
110711948	146.375871515638	1.09348768360438	0.32234694982582	11.5278791109398	0.000685601869278642	0.0122919117368869	LOC110711948	NW_018745286.1	5560024	5566163	+	1363	protein_coding	farnesol kinase%2C chloroplastic-like && sp|Q67ZM7|FOLK_ARATH Farnesol kinase, chloroplastic OS=Arabidopsis thaliana OX=3702 GN=FOLK PE=1 SV=2 && -	G2-like
110687506	37.479914665439	1.51632110870769	0.44714758930153	11.5252961210533	0.000686555138852038	0.0123006751679453	LOC110687506	NW_018743919.1	4535093	4539621	+	2239	protein_coding	BTB/POZ domain-containing protein At3g19850-like && sp|Q9LT24|Y3985_ARATH BTB/POZ domain-containing protein At3g19850 OS=Arabidopsis thaliana OX=3702 GN=At3g19850 PE=2 SV=1 && PF03000:NPH3 family	GRAS
110710068	509.643102925479	1.25454365959119	0.369675610627208	11.5227540857651	0.000687494601077051	0.0123118903183306	LOC110710068	NW_018742418.1	4304114	4304948	+	835	protein_coding	photosystem II core complex proteins psbY%2C chloroplastic-like && sp|P80470|PSBY_SPIOL Photosystem II core complex proteins psbY, chloroplastic OS=Spinacia oleracea OX=3562 GN=PSBY PE=1 SV=2 && PF06298:Photosystem II protein Y (PsbY)	-
110714942	9.96892205467958	5.31508469124385	1.51477922963399	11.5126658627927	0.000691235735188068	0.0123580316718699	LOC110714942	NW_018745461.1	1065443	1066883	+	1134	protein_coding	probable xyloglucan endotransglucosylase/hydrolase protein 16 && sp|Q8LG58|XTH16_ARATH Probable xyloglucan endotransglucosylase/hydrolase protein 16 OS=Arabidopsis thaliana OX=3702 GN=XTH16 PE=2 SV=2 && PF06955:Xyloglucan endo-transglycosylase (XET) C-terminus|PF00722:Glycosyl hydrolases family 16	MYB_related
110739666	35.5974680005765	2.64873440920385	0.775957326534328	11.5131253540825	0.000691064890472506	0.0123580316718699	LOC110739666	NW_018743510.1	756554	759832	+	1430	protein_coding	bidirectional sugar transporter N3-like && sp|B8BKP4|SWT14_ORYSI Bidirectional sugar transporter SWEET14 OS=Oryza sativa subsp. indica OX=39946 GN=SWEET14 PE=2 SV=1 && PF03083:Sugar efflux transporter for intercellular exchange	DBB
110708405	1263.52292198055	1.03306274224885	0.304710225800978	11.5106090354392	0.000692001012900696	0.0123587793449973	LOC110708405	NW_018745024.1	6506182	6508518	-	1265	protein_coding	probable ribose-5-phosphate isomerase 3%2C chloroplastic && sp|Q9S726|RPI3_ARATH Probable ribose-5-phosphate isomerase 3, chloroplastic OS=Arabidopsis thaliana OX=3702 GN=RPI3 PE=1 SV=1 && PF06026:Ribose 5-phosphate isomerase A (phosphoriboisomerase A)	FAR1
110685547	37.137065289963	2.25662251495553	0.663550593473899	11.5065370602991	0.000693518586104623	0.0123802524691304	LOC110685547	NW_018743828.1	1035533	1037624	+	1182	protein_coding	psbP domain-containing protein 3%2C chloroplastic-like && sp|Q9S720|PPD3_ARATH PsbP domain-containing protein 3, chloroplastic OS=Arabidopsis thaliana OX=3702 GN=PPD3 PE=1 SV=2 && PF01789:PsbP	-
110723309	210.120883011274	1.62818361775804	0.479860060295048	11.4893893037198	0.000699946314675039	0.0124723192451147	LOC110723309	NW_018742726.1	2439075	2443394	-	1648	protein_coding	protein WALLS ARE THIN 1-like && sp|Q94AP3|WAT1_ARATH Protein WALLS ARE THIN 1 OS=Arabidopsis thaliana OX=3702 GN=WAT1 PE=1 SV=1 && PF00892:EamA-like transporter family	ERF
110719982	313.95236370932	3.85630012427733	1.11279883959918	11.4701673068658	0.000707223134671867	0.0125905594596411	LOC110719982	NW_018742204.1	15926104	15927736	-	1633	protein_coding	AP2/ERF and B3 domain-containing transcription factor RAV1-like && sp|Q9ZWM9|RAV1_ARATH AP2/ERF and B3 domain-containing transcription factor RAV1 OS=Arabidopsis thaliana OX=3702 GN=RAV1 PE=1 SV=1 && PF02362:B3 DNA binding domain|PF00847:AP2 domain	RAV
110695993	1757.83120650101	1.64233813106847	0.484378489230909	11.4642350540607	0.000709484288418482	0.0126250912818573	LOC110695993	NW_018744311.1	1198037	1200417	+	1290	protein_coding	oxygen-evolving enhancer protein 1%2C chloroplastic-like && sp|P12359|PSBO_SPIOL Oxygen-evolving enhancer protein 1, chloroplastic OS=Spinacia oleracea OX=3562 GN=PSBO PE=1 SV=1 && PF01716:Manganese-stabilising protein / photosystem II polypeptide	Nin-like
110715729	130.514570421078	1.28443120930126	0.37968829462049	11.457973068467	0.000711879048384761	0.0126447878187312	LOC110715729	NW_018745533.1	2698453	2701303	-	1903	protein_coding	cytochrome P450 71D10-like && sp|O48923|C71DA_SOYBN Cytochrome P450 71D10 OS=Glycine max OX=3847 GN=CYP71D10 PE=2 SV=1 && PF00067:Cytochrome P450	HSF
110715734	1046.4624131395	1.22093943321131	0.360819036820955	11.4565379149624	0.00071242904081867	0.0126488362206472	LOC110715734	NW_018745533.1	3295824	3298361	-	851	protein_coding	50S ribosomal protein L35%2C chloroplastic-like && sp|P23326|RK35_SPIOL 50S ribosomal protein L35, chloroplastic OS=Spinacia oleracea OX=3562 GN=RPL35 PE=1 SV=1 && PF01632:Ribosomal protein L35	-
110692896	15.3105240424991	26.583854825237	2.96627295869307	11.454669477112	0.000713145723673169	0.0126558391350277	LOC110692896	NW_018744128.1	1530242	1532438	+	1041	protein_coding	uncharacterized LOC110692896 && - && -	-
110694209	9.41355348554847	3.61384628608516	1.05671770245855	11.4493147681082	0.000715203684399597	0.0126809003600115	LOC110694209	NW_018744239.1	3859188	3862077	+	1424	protein_coding	photosynthetic NDH subunit of subcomplex B 5%2C chloroplastic-like%2C transcript variant X2 && sp|Q9FG89|PNSB5_ARATH Photosynthetic NDH subunit of subcomplex B 5, chloroplastic OS=Arabidopsis thaliana OX=3702 GN=PNSB5 PE=2 SV=1 && -	-
110682177	158.920630111742	1.82023475338917	0.536919086825328	11.4457465245296	0.000716578387856344	0.0126880897323184	LOC110682177	NW_018743574.1	4287892	4290058	-	1422	protein_coding	photosynthetic NDH subunit of lumenal location 4%2C chloroplastic-like%2C transcript variant X4 && sp|Q9SCY3|PNSL4_ARATH Photosynthetic NDH subunit of lumenal location 4, chloroplastic OS=Arabidopsis thaliana OX=3702 GN=PNSL4 PE=1 SV=1 && PF00254:FKBP-type peptidyl-prolyl cis-trans isomerase	-
110704599	239.456489342588	1.00754717902085	0.29800588686657	11.4458649952884	0.000716532702932098	0.0126880897323184	LOC110704599	NW_018744855.1	114552	115646	+	1095	protein_coding	pectinesterase inhibitor 9-like && sp|Q9SI72|PMEI9_ARATH Pectinesterase inhibitor 9 OS=Arabidopsis thaliana OX=3702 GN=PMEI9 PE=2 SV=1 && PF04043:Plant invertase/pectin methylesterase inhibitor	Nin-like
110682787	40.6573503515297	1.69892071793442	0.502208850469883	11.4442341793647	0.000717161839956312	0.0126926980354233	LOC110682787	NW_018743593.1	2640818	2644897	+	1261	protein_coding	uncharacterized LOC110682787 && sp|Q8VY80|FLZ5_ARATH FCS-Like Zinc finger 5 OS=Arabidopsis thaliana OX=3702 GN=FLZ5 PE=1 SV=1 && PF04570:zinc-finger of the FCS-type, C2-C2	-
110685748	30.6827955674602	2.47739920155635	0.729551904169334	11.4421285397175	0.000717974980262202	0.0127013654954223	LOC110685748	NW_018743850.1	94874	98663	-	2192	protein_coding	beta-glucosidase BoGH3B-like && sp|A7LXU3|BGH3B_BACO1 Beta-glucosidase BoGH3B OS=Bacteroides ovatus (strain ATCC 8483 / DSM 1896 / JCM 5824 / NCTC 11153) OX=411476 GN=BACOVA_02659 PE=1 SV=1 && PF00933:Glycosyl hydrolase family 3 N terminal domain|PF01915:Glycosyl hydrolase family 3 C-terminal domain	C2H2
110688084	107.155754768989	1.27584990102595	0.377399799562538	11.4404218286781	0.000718634748682588	0.0127073131404823	LOC110688084	NW_018743920.1	5088792	5091402	+	1906	protein_coding	serine/threonine-protein kinase RIPK-like && sp|Q9ZUF4|RIPK_ARATH Serine/threonine-protein kinase RIPK OS=Arabidopsis thaliana OX=3702 GN=RIPK PE=1 SV=1 && PF07714:Protein tyrosine kinase	WRKY
110725762	35.592438313858	1.51738588594058	0.448864710502671	11.428468125965	0.000723272928350712	0.0127720763107543	LOC110725762	NW_018742815.1	3280771	3283280	-	1704	protein_coding	uncharacterized LOC110725762 && - && -	-
110728512	27.6419910428694	2.37810364153373	0.700797366148654	11.4235294515814	0.000725198011055603	0.0128003152755895	LOC110728512	NW_018742951.1	2632594	2634401	+	1808	protein_coding	transcription termination factor MTEF1%2C chloroplastic-like && sp|Q84X53|MTEF1_ARATH Transcription termination factor MTEF1, chloroplastic OS=Arabidopsis thaliana OX=3702 GN=MTERF1 PE=2 SV=2 && PF02536:mTERF	E2F/DP
110738718	3.08605385035239	4.81485627076769	1.51429433654062	11.4207650661452	0.000726277820354299	0.0128136158305366	LOC110738718	NW_018743391.1	2028783	2029630	+	848	protein_coding	uncharacterized LOC110738718 && - && -	-
110732263	252.277845248972	2.1226954959131	0.625691161011724	11.4131176719907	0.000729273474376078	0.0128549179349963	LOC110732263	NW_018743175.1	164537	165099	-	563	protein_coding	histone H4 && sp|P62785|H41_WHEAT Histone H4 variant TH011 OS=Triticum aestivum OX=4565 PE=3 SV=2 && PF15511:Centromere kinetochore component CENP-T histone fold	CO-like
110717614	12.2442899089032	4.1488080604512	1.2102747199497	11.4083484292669	0.00073114800976195	0.0128821784600184	LOC110717614	NW_018745684.1	3946920	3947780	-	861	protein_coding	zinc finger CCCH domain-containing protein 23-like && sp|O65036|C3H54_ARATH Zinc finger CCCH domain-containing protein 54 OS=Arabidopsis thaliana OX=3702 GN=TZF6 PE=1 SV=1 && -	C3H
110734571	31.2022367366632	2.78331060306049	0.817049492946452	11.407484718309	0.000731488008826444	0.012882389493561	LOC110734571	NW_018743212.1	202420	203120	-	465	protein_coding	putative glycine-rich cell wall structural protein 1 && - && -	-
110703367	8.44508686969501	2.63242914107155	0.77893613283167	11.4049281603048	0.000732495332127668	0.0128885704205421	LOC110703367	NW_018744718.1	2571536	2575144	+	1554	protein_coding	UDP-glycosyltransferase 82A1-like && sp|Q9LHJ2|U82A1_ARATH UDP-glycosyltransferase 82A1 OS=Arabidopsis thaliana OX=3702 GN=UGT82A1 PE=2 SV=1 && PF00201:UDP-glucoronosyl and UDP-glucosyl transferase	GRAS
110686014	4.10214482680799	9.53583146548947	2.81386690705651	11.3982914116191	0.000735116860020802	0.0129231174769906	LOC110686014	NW_018743850.1	4289691	4291569	-	1477	protein_coding	peroxidase 57-like && sp|Q43729|PER57_ARATH Peroxidase 57 OS=Arabidopsis thaliana OX=3702 GN=PER57 PE=1 SV=1 && PF00141:Peroxidase	NAC
110721821	81.7775607418752	2.28792776928348	0.674557228282911	11.3947655627144	0.000736513430388199	0.0129360876348997	LOC110721821	NW_018742630.1	2034442	2036346	+	1058	protein_coding	photosystem I chlorophyll a/b-binding protein 6%2C chloroplastic-like && sp|Q8LCQ4|LHCA6_ARATH Photosystem I chlorophyll a/b-binding protein 6, chloroplastic OS=Arabidopsis thaliana OX=3702 GN=LHCA6 PE=1 SV=1 && PF00504:Chlorophyll A-B binding protein	ERF
110736162	18.6132553710079	6.43428511946995	1.79640052666956	11.3908440574585	0.000738069867189708	0.0129576298140999	LOC110736162	NW_018743292.1	733270	739533	-	2960	protein_coding	linoleate 13S-lipoxygenase 2-1%2C chloroplastic-like && sp|O24370|LOX21_SOLTU Linoleate 13S-lipoxygenase 2-1, chloroplastic OS=Solanum tuberosum OX=4113 GN=LOX2.1 PE=1 SV=1 && PF00305:Lipoxygenase|PF01477:PLAT/LH2 domain	NF-YA
110703628	458.047179307287	2.48992286402004	0.732558264556082	11.3888587866452	0.000738859083413537	0.0129598985184903	LOC110703628	NW_018744745.1	1125120	1125958	-	839	protein_coding	plastocyanin%2C chloroplastic && sp|P00289|PLAS_SPIOL Plastocyanin, chloroplastic OS=Spinacia oleracea OX=3562 GN=PETE PE=1 SV=2 && PF00127:Copper binding proteins, plastocyanin/azurin family	-
110694214	149.552923911136	1.25034444760428	0.37085133274034	11.3857507741336	0.000740096342321667	0.0129741062124813	LOC110694214	NW_018744239.1	3948671	3956907	-	1347	protein_coding	lipid phosphate phosphatase 2-like && sp|Q9XI60|LPP2_ARATH Lipid phosphate phosphatase 2 OS=Arabidopsis thaliana OX=3702 GN=LPP2 PE=2 SV=1 && PF01569:PAP2 superfamily	-
110709967	180.034854127119	1.41108286652052	0.418178940924569	11.3764889172098	0.000743795793728446	0.0130116223639631	LOC110709967	NW_018745105.1	2470512	2479876	+	1476	protein_coding	probable indole-3-pyruvate monooxygenase YUCCA10 && sp|Q9FVQ0|YUC10_ARATH Probable indole-3-pyruvate monooxygenase YUCCA10 OS=Arabidopsis thaliana OX=3702 GN=YUC10 PE=2 SV=1 && PF00743:Flavin-binding monooxygenase-like	B3
110728856	290.134615461836	3.21663892343245	0.940941712507151	11.3535914685843	0.000753022089954253	0.0131495938367156	LOC110728856	NW_018742963.1	2051088	2052289	+	684	protein_coding	dormancy-associated protein 2-like && - && PF07172:Glycine rich protein family	-
110735031	73.803340809114	2.54114390941449	0.74903916747654	11.3509485862402	0.000754094429845087	0.013162466908136	LOC110735031	NW_018743252.1	3674081	3676040	+	1615	protein_coding	NAC domain-containing protein 92-like%2C transcript variant X2 && sp|Q9FLJ2|NC100_ARATH NAC domain-containing protein 100 OS=Arabidopsis thaliana OX=3702 GN=NAC100 PE=2 SV=1 && PF02365:No apical meristem (NAM) protein	NAC
110698766	40.9587787195875	1.95231999525449	0.578712935542869	11.3432479754391	0.000757227730496912	0.0131806034962447	LOC110698766	NW_018744537.1	4548977	4550761	+	1785	protein_coding	cytosolic sulfotransferase 15-like && sp|Q8L5A7|SOT15_ARATH Cytosolic sulfotransferase 15 OS=Arabidopsis thaliana OX=3702 GN=SOT15 PE=1 SV=1 && PF00685:Sulfotransferase domain	ERF
110730390	11.2909868429387	3.31668132126659	0.976387066695866	11.3441338780791	0.000756866597072154	0.0131806034962447	LOC110730390	NW_018743032.1	2358813	2383733	+	2341	protein_coding	amino acid transporter AVT1I-like && sp|F4J1Q9|AVT1I_ARATH Amino acid transporter AVT1I OS=Arabidopsis thaliana OX=3702 GN=AVT1I PE=3 SV=1 && -	-
110733348	35.5854962743081	1.49754578266694	0.445063143462246	11.3422601256254	0.000757630627455447	0.0131806034962447	LOC110733348	NW_018743199.1	887008	891862	-	1876	protein_coding	BEL1-like homeodomain protein 9 && sp|Q9LZM8|BLH9_ARATH BEL1-like homeodomain protein 9 OS=Arabidopsis thaliana OX=3702 GN=BLH9 PE=1 SV=1 && PF05920:Homeobox KN domain|PF07526:Associated with HOX	TALE
110696588	5.57076611581962	2.26915496359167	0.680670411272121	11.3379146490544	0.000759405514388516	0.0131906823381602	LOC110696588	NW_018744367.1	4668189	4671241	+	1478	protein_coding	nodulation protein H-like%2C transcript variant X1 && - && PF00685:Sulfotransferase domain	bZIP
110687986	596.337289726969	1.01139141273847	0.300683135139263	11.3316849564435	0.000761957331019666	0.0132291557299449	LOC110687986	NW_018743920.1	3672820	3698734	-	3715	protein_coding	glycine--tRNA ligase%2C chloroplastic/mitochondrial 2-like && sp|Q8L785|SYGM2_ARATH Glycine--tRNA ligase, chloroplastic/mitochondrial 2 OS=Arabidopsis thaliana OX=3702 GN=EDD1 PE=1 SV=1 && PF02092:Glycyl-tRNA synthetase beta subunit|PF02091:Glycyl-tRNA synthetase alpha subunit	-
110735684	1295.41274439785	1.05004936576326	0.312274111049544	11.322085703747	0.000765906364725477	0.0132742456583688	LOC110735684	NW_018743285.1	1814269	1821748	-	1218	protein_coding	soluble inorganic pyrophosphatase 6%2C chloroplastic-like && sp|Q9LXC9|IPYR6_ARATH Soluble inorganic pyrophosphatase 6, chloroplastic OS=Arabidopsis thaliana OX=3702 GN=PPA6 PE=1 SV=1 && PF00719:Inorganic pyrophosphatase	MYB_related
110682985	3.73858829707425	4.27951184391874	1.29252038360131	11.3208472292123	0.00076641736437974	0.0132772426781145	LOC110682985	NW_018743616.1	1089438	1092555	-	2126	pseudogene	- && sp|Q9FEW9|OPR3_SOLLC 12-oxophytodienoate reductase 3 OS=Solanum lycopersicum OX=4081 GN=OPR3 PE=1 SV=1 && PF00724:NADH:flavin oxidoreductase / NADH oxidase family	NAC
110701984	96.3028385672768	1.43724815737684	0.427275413997531	11.3137878031576	0.000769336697846605	0.0133032237094219	LOC110701984	NW_018744662.1	2049319	2057289	-	3513	protein_coding	7-deoxyloganetic acid glucosyltransferase-like%2C transcript variant X1 && sp|U3U992|UGT8_CATRO 7-deoxyloganetic acid glucosyltransferase OS=Catharanthus roseus OX=4058 GN=UGT709C2 PE=1 SV=1 && PF00201:UDP-glucoronosyl and UDP-glucosyl transferase	GRAS
110719289	16.8823668846436	3.60603740633574	1.05725977364978	11.312131473857	0.000770023277096754	0.0133032237094219	LOC110719289	NW_018742484.1	7572040	7572909	+	734	protein_coding	abscisic acid and environmental stress-inducible protein-like && - && -	-
110737757	2.52863674714392	5.91876279996897	1.7492422155698	11.3114926256865	0.000770288256950715	0.0133032237094219	LOC110737757	NW_018743331.1	2906015	2908455	-	1575	protein_coding	protein trichome birefringence-like 31 && sp|Q1PFD9|TBL31_ARATH Protein trichome birefringence-like 31 OS=Arabidopsis thaliana OX=3702 GN=TBL31 PE=2 SV=1 && PF13839:GDSL/SGNH-like Acyl-Esterase family found in Pmr5 and Cas1p|PF14416:PMR5 N terminal Domain	BES1
110703448	82.7693042694502	1.39440050128202	0.414889605253121	11.2988978498894	0.000775531142537503	0.0133761240934894	LOC110703448	NW_018744718.1	3485547	3491871	+	1591	protein_coding	oleoyl-acyl carrier protein thioesterase 1%2C chloroplastic-like && sp|Q9SV64|FATA2_ARATH Oleoyl-acyl carrier protein thioesterase 2, chloroplastic OS=Arabidopsis thaliana OX=3702 GN=FATA2 PE=2 SV=1 && PF01643:Acyl-ACP thioesterase	-
110710271	47.3951944179686	1.86936029722227	0.555632772998752	11.2978742736464	0.000775958812455395	0.0133776253035824	LOC110710271	NW_018745170.1	4943891	4954997	-	2085	protein_coding	protein NRT1/ PTR FAMILY 2.7-like && sp|Q9M1E2|PTR37_ARATH Protein NRT1/ PTR FAMILY 2.7 OS=Arabidopsis thaliana OX=3702 GN=NPF2.7 PE=1 SV=1 && PF00854:POT family	BBR-BPC
110739969	11.56213082445	3.94551266954116	1.15625370839905	11.2907437763538	0.000778944692009013	0.013411440109281	LOC110739969	NW_018743518.1	293649	296175	+	1699	protein_coding	photosynthetic NDH subunit of subcomplex B 1%2C chloroplastic-like && sp|Q9S9N6|PNSB1_ARATH Photosynthetic NDH subunit of subcomplex B 1, chloroplastic OS=Arabidopsis thaliana OX=3702 GN=PNSB1 PE=2 SV=1 && -	WRKY
110701220	3.45855605583065	4.27603432617618	1.27402805466823	11.2713721852851	0.000787115252803673	0.0134988547263575	LOC110701220	NW_018744633.1	5002527	5006090	-	2432	protein_coding	polygalacturonase At1g48100-like && sp|Q949Z1|PGLR4_ARATH Polygalacturonase At1g48100 OS=Arabidopsis thaliana OX=3702 GN=At1g48100 PE=2 SV=1 && PF00295:Glycosyl hydrolases family 28	C3H
110718161	8.27280033246044	4.13943036105747	1.21309654388935	11.2725450740655	0.000786618097020641	0.0134988547263575	LOC110718161	NW_018745684.1	2333866	2335306	+	1441	protein_coding	ethylene-responsive transcription factor 1B-like && sp|A0A3Q7I5Y9|ERFC3_SOLLC Ethylene-response factor C3 OS=Solanum lycopersicum OX=4081 GN=ERF.C.3 PE=2 SV=1 && PF00847:AP2 domain	ERF
110718756	73.6119502594797	1.55175368510262	0.462060798354271	11.2722531638165	0.000786741800200481	0.0134988547263575	LOC110718756	NW_018742461.1	3150042	3152322	-	2281	pseudogene	- && sp|Q9AT54|SCGT_TOBAC Scopoletin glucosyltransferase OS=Nicotiana tabacum OX=4097 GN=TOGT1 PE=1 SV=1 && -	ERF
110736681	96.6641519493494	1.96599898225614	0.584251523285846	11.2673611154285	0.00078881783759271	0.0135221488152678	LOC110736681	NW_018743292.1	6246130	6250938	-	2387	protein_coding	pentatricopeptide repeat-containing protein At2g35130-like%2C transcript variant X1 && sp|O82178|PP186_ARATH Pentatricopeptide repeat-containing protein At2g35130 OS=Arabidopsis thaliana OX=3702 GN=At2g35130 PE=3 SV=1 && PF13812:Pentatricopeptide repeat domain|PF13041:PPR repeat family|PF17177:Pentacotripeptide-repeat region of PRORP	C3H
110708658	4.68033255498265	2.79787153506488	0.861411602089356	11.2643337257043	0.000790105342316804	0.0135265070221481	LOC110708658	NW_018745024.1	10920647	10921639	+	993	protein_coding	uncharacterized LOC110708658 && - && -	-
110719265	19.3075767894401	2.5103753970224	0.744684226436636	11.2645095744138	0.000790030498363362	0.0135265070221481	LOC110719265	NW_018742484.1	3392872	3395009	-	1000	protein_coding	transcription factor bHLH36-like && sp|Q9LQ08|BH125_ARATH Transcription factor bHLH125 OS=Arabidopsis thaliana OX=3702 GN=BHLH125 PE=2 SV=1 && PF00010:Helix-loop-helix DNA-binding domain	bHLH
110731915	122.814168106015	1.69444648886184	0.504373614164233	11.2600681876988	0.000791923018344254	0.0135458156356419	LOC110731915	NW_018743099.1	1973000	1973353	-	354	protein_coding	glycine-rich protein 5-like && - && -	-
110701201	356.773968805787	1.05074028338147	0.313418399718039	11.2519634715052	0.000795388336430771	0.0135991667987138	LOC110701201	NW_018744633.1	4783198	4785818	+	1124	protein_coding	psbP domain-containing protein 1%2C chloroplastic-like && sp|O23403|PPD1_ARATH PsbP domain-containing protein 1, chloroplastic OS=Arabidopsis thaliana OX=3702 GN=PPD1 PE=1 SV=1 && PF01789:PsbP	-
110684456	6.11092288963077	2.81026351884894	0.839938206309249	11.2493024904665	0.000796529425367566	0.0136127502708705	LOC110684456	NW_018743697.1	1274626	1276684	+	616	protein_coding	class I heat shock protein-like && sp|Q943E7|HS16C_ORYSJ 16.9 kDa class I heat shock protein 3 OS=Oryza sativa subsp. japonica OX=39947 GN=HSP16.9C PE=2 SV=1 && PF00011:Hsp20/alpha crystallin family	NF-YB
110691264	312.236291388087	3.52366830762912	1.03257230210844	11.2238808695357	0.000807514541106778	0.0137736628047492	LOC110691264	NW_018744072.1	2650862	2652507	-	1646	protein_coding	AP2/ERF and B3 domain-containing transcription factor RAV1-like && sp|Q9ZWM9|RAV1_ARATH AP2/ERF and B3 domain-containing transcription factor RAV1 OS=Arabidopsis thaliana OX=3702 GN=RAV1 PE=1 SV=1 && PF02362:B3 DNA binding domain|PF00847:AP2 domain	RAV
110687521	199.64809526971	2.07695720159386	0.618002763024609	11.2087263571564	0.000814135776379529	0.0138335586006504	LOC110687521	NW_018743919.1	2949808	2950152	+	345	protein_coding	glycine-rich protein 5-like && - && -	-
110696003	25.0259891634717	1.81799178566406	0.542794599186703	11.2102893679603	0.000813450343266321	0.0138335586006504	LOC110696003	NW_018744311.1	1317431	1321123	-	1926	protein_coding	serine/threonine-protein kinase Nek6-like && sp|Q6YY75|NEK6_ORYSJ Serine/threonine-protein kinase Nek6 OS=Oryza sativa subsp. japonica OX=39947 GN=NEK6 PE=1 SV=2 && PF00069:Protein kinase domain	CAMTA
110731742	416.64724603027	1.22642703353338	0.366438198802601	11.2086532046742	0.000814167870512511	0.0138335586006504	LOC110731742	NW_018743074.1	2636204	2640383	+	1746	protein_coding	cell division protein FtsY homolog%2C chloroplastic-like%2C transcript variant X1 && sp|O80842|CFTSY_ARATH Cell division protein FtsY homolog, chloroplastic OS=Arabidopsis thaliana OX=3702 GN=CPFTSY PE=1 SV=2 && PF00448:SRP54-type protein, GTPase domain|PF02881:SRP54-type protein, helical bundle domain	-
110720388	18.2397723603976	2.22914061113416	0.664634852387887	11.2073482611495	0.000814740602290641	0.0138336825221618	LOC110720388	NW_018742556.1	896159	898053	-	1895	protein_coding	rho GTPase-activating protein gacU-like && - && -	-
110691801	275.586413002767	3.8306584426794	1.11887975840147	11.2031994972888	0.000816564176035759	0.0138526673371284	LOC110691801	NW_018744092.1	1810096	1812366	-	1689	protein_coding	fasciclin-like arabinogalactan protein 2 && sp|Q9SU13|FLA2_ARATH Fasciclin-like arabinogalactan protein 2 OS=Arabidopsis thaliana OX=3702 GN=FLA2 PE=2 SV=1 && PF02469:Fasciclin domain	NF-YB
110718381	496.349073079335	1.01497813005568	0.303507978757589	11.2003062294415	0.000817838342089886	0.013868292404532	LOC110718381	NW_018742455.1	1880201	1882524	+	2048	protein_coding	uncharacterized LOC110718381 && - && -	-
110723548	39.3586411924076	1.86680385585186	0.55673099402071	11.1980818905419	0.000818819284640735	0.0138789338652117	LOC110723548	NW_018742733.1	718273	719567	-	1082	protein_coding	uncharacterized LOC110723548 && - && PF14368:Probable lipid transfer	bHLH
110683384	94.8162168780217	1.14138914908228	0.341572109577299	11.1838036331835	0.000825144432744983	0.0139440177741797	LOC110683384	NW_018743669.1	408523	411029	-	1229	protein_coding	uncharacterized LOC110683384 && - && -	-
110720240	21.9879827042674	1.84823463496001	0.552400345920309	11.1844604769895	0.000824852375747765	0.0139440177741797	LOC110720240	NW_018742550.1	12470	16102	+	1946	protein_coding	sugar transport protein 7-like && sp|O04249|STP7_ARATH Sugar transport protein 7 OS=Arabidopsis thaliana OX=3702 GN=STP7 PE=1 SV=1 && PF00083:Sugar (and other) transporter	ERF
110731250	2431.88712647732	2.01020821279664	0.599216856572849	11.1743503623693	0.000829359300487677	0.0140058398799588	LOC110731250	NW_018743066.1	805216	807213	-	964	protein_coding	fruit protein pKIWI501-like && - && -	-
110734226	51.8452667397213	1.32713205675589	0.397110128252543	11.1739997509625	0.000829516043103001	0.0140058398799588	LOC110734226	NW_018743212.1	521464	523767	+	1255	protein_coding	uncharacterized LOC110734226%2C transcript variant X2 && - && PF03364:Polyketide cyclase / dehydrase and lipid transport	-
110695057	36.0829916535979	1.49356551622512	0.447769106377589	11.1659363717148	0.000833129091629709	0.0140547589413976	LOC110695057	NW_018744290.1	271330	275335	-	2430	protein_coding	protein NRT1/ PTR FAMILY 8.3-like%2C transcript variant X1 && sp|P46032|PTR2_ARATH Protein NRT1/ PTR FAMILY 8.3 OS=Arabidopsis thaliana OX=3702 GN=NPF8.3 PE=1 SV=1 && PF00854:POT family	G2-like
110704628	45.4362417432021	3.03409862251205	0.898445826470851	11.1609045153735	0.000835391827426282	0.0140747933241151	LOC110704628	NW_018744855.1	509646	510514	+	869	protein_coding	putative lipid-binding protein AIR1 && sp|Q39176|ERLI1_ARATH Lipid transfer protein EARLI 1 OS=Arabidopsis thaliana OX=3702 GN=EARLI1 PE=1 SV=1 && PF14547:Hydrophobic seed protein	Trihelix
110712373	121.968984219455	1.01718084560047	0.305029521793673	11.1538870266954	0.000838557842129267	0.0141001428878144	LOC110712373	NW_018745323.1	387085	390599	-	1597	protein_coding	flavonoid 3'%2C5'-methyltransferase-like%2C transcript variant X2 && sp|C7AE94|FAOMT_VITVI Flavonoid 3',5'-methyltransferase OS=Vitis vinifera OX=29760 GN=FAOMT PE=1 SV=1 && PF01596:O-methyltransferase	ERF
110724713	98.2420968391461	1.62579354651501	0.486349861946518	11.1559650536546	0.000837619056340529	0.0141001428878144	LOC110724713	NW_018742770.1	2901013	2905052	-	4040	protein_coding	probable LRR receptor-like serine/threonine-protein kinase At4g36180 && sp|C0LGS2|Y4361_ARATH Probable LRR receptor-like serine/threonine-protein kinase At4g36180 OS=Arabidopsis thaliana OX=3702 GN=At4g36180 PE=1 SV=1 && PF13855:Leucine rich repeat|PF07714:Protein tyrosine kinase|PF08263:Leucine rich repeat N-terminal domain	STAT
110706856	38.4057330042966	2.54067267554375	0.756504713103281	11.1517839548112	0.000839509025181411	0.0141018126372753	LOC110706856	NW_018744991.1	1048775	1052978	-	3351	protein_coding	uncharacterized protein At4g04980-like && sp|Q1PEB4|Y4498_ARATH Uncharacterized protein At4g04980 OS=Arabidopsis thaliana OX=3702 GN=At4g04980 PE=2 SV=1 && -	bHLH
110717180	40.7721735652448	3.01569603371163	0.894144873235294	11.1307917572248	0.000849063410560616	0.0142342992552097	LOC110717180	NW_018745666.1	308493	310272	+	1404	protein_coding	glucan endo-1%2C3-beta-glucosidase-like && sp|A7PQW3|E13B_VITVI Glucan endo-1,3-beta-glucosidase OS=Vitis vinifera OX=29760 GN=VIT_06s0061g00120 PE=1 SV=2 && PF00332:Glycosyl hydrolases family 17	FAR1
110693136	10.011567412673	3.08985088063647	0.922085832999782	11.1258555470661	0.000851325991835086	0.0142637054937455	LOC110693136	NW_018744143.1	21646	24565	+	2112	protein_coding	probable galacturonosyltransferase 12 && sp|Q9FH36|GAUTC_ARATH Probable galacturonosyltransferase 12 OS=Arabidopsis thaliana OX=3702 GN=GAUT12 PE=2 SV=1 && PF01501:Glycosyl transferase family 8	C2H2
110739586	4.06441660056462	5.44665534566451	1.60071271494388	11.1189533687092	0.000854499924582212	0.0143051678340665	LOC110739586	NW_018743506.1	41278	44819	-	1143	protein_coding	alpha carbonic anhydrase 7-like && sp|Q8L817|ATCA7_ARATH Alpha carbonic anhydrase 7 OS=Arabidopsis thaliana OX=3702 GN=ACA7 PE=2 SV=1 && PF00194:Eukaryotic-type carbonic anhydrase	MYB
110714851	8.96433124598129	2.53187866106702	0.760761416499492	11.1165367940601	0.000855613999218436	0.0143160089311105	LOC110714851	NW_018745461.1	773645	774359	-	715	protein_coding	protein RALF-like 32 && sp|Q9MA62|RLF22_ARATH Protein RALF-like 22 OS=Arabidopsis thaliana OX=3702 GN=RALFL22 PE=3 SV=1 && PF05498:Rapid ALkalinization Factor (RALF)	HSF
110695532	79.4996818697703	1.34548598277315	0.403794522992247	11.1053637058567	0.000860784066329023	0.0143792312364695	LOC110695532	NW_018744301.1	4584195	4587055	+	2082	protein_coding	putative cyclin-A3-1 && sp|Q9C6A9|CCA32_ARATH Cyclin-A3-2 OS=Arabidopsis thaliana OX=3702 GN=CYCA3-2 PE=2 SV=1 && PF00134:Cyclin, N-terminal domain|PF02984:Cyclin, C-terminal domain	B3
110703337	248.611792772143	1.24185678543209	0.372775380357378	11.1032961346408	0.000861744239978956	0.0143873738718419	LOC110703337	NW_018744718.1	2220247	2227057	-	2893	protein_coding	MAR-binding filament-like protein 1-1%2C transcript variant X1 && sp|Q9M7J4|MFP1_TOBAC MAR-binding filament-like protein 1-1 OS=Nicotiana tabacum OX=4097 GN=MFP1-1 PE=2 SV=1 && -	-
110712877	870.440472426391	1.92072062038856	0.574725296205063	11.1027367677513	0.00086200419424144	0.0143873738718419	LOC110712877	NW_018745395.1	1517738	1524786	+	1732	protein_coding	cytochrome P450 CYP72A219-like && sp|H2DH21|C7A29_PANGI Cytochrome P450 CYP72A219 OS=Panax ginseng OX=4054 PE=2 SV=1 && PF00067:Cytochrome P450	bHLH
110726772	3.27457648384901	5.34323546442237	1.59610991052345	11.1001335637269	0.000863215023005669	0.0144014628710712	LOC110726772	NW_018742881.1	1225477	1238908	-	1156	protein_coding	glutathione S-transferase U8-like && sp|Q9SR36|GSTU8_ARATH Glutathione S-transferase U8 OS=Arabidopsis thaliana OX=3702 GN=GSTU8 PE=2 SV=1 && PF00043:Glutathione S-transferase, C-terminal domain|PF02798:Glutathione S-transferase, N-terminal domain	ERF
110731181	4.68602634616851	3.10569659422595	0.98333912539635	11.0932351288491	0.000866432014319786	0.0144428626903145	LOC110731181	NW_018743066.1	2762244	2764342	-	1977	protein_coding	uncharacterized LOC110731181 && - && PF14214:Helitron helicase-like domain at N-terminus|PF05970:PIF1-like helicase	B3
110722932	11.7333585435614	4.16648591670789	1.22671334333114	11.0847364515641	0.000870411923988292	0.0144723486413176	LOC110722932	NW_018742720.1	1367624	1371495	-	789	protein_coding	photosynthetic NDH subunit of subcomplex B 3%2C chloroplastic-like && sp|Q9LU21|PNSB3_ARATH Photosynthetic NDH subunit of subcomplex B 3, chloroplastic OS=Arabidopsis thaliana OX=3702 GN=PNSB3 PE=2 SV=1 && PF00111:2Fe-2S iron-sulfur cluster binding domain	-
110704771	26.2513769825739	1.54087226732594	0.463042763540887	11.0803037968325	0.000872495052894638	0.014500845625193	LOC110704771	NW_018744858.1	1241524	1242661	-	1029	protein_coding	uncharacterized LOC110704771 && - && -	-
110690728	21.6926663113923	3.87331444411277	1.14056564644654	11.0769031543449	0.000874096602585402	0.0145026845095121	LOC110690728	NW_018744062.1	1648488	1652158	-	1749	protein_coding	mannan endo-1%2C4-beta-mannosidase 6-like%2C transcript variant X2 && sp|Q9LZV3|MAN6_ARATH Mannan endo-1,4-beta-mannosidase 6 OS=Arabidopsis thaliana OX=3702 GN=MAN6 PE=2 SV=1 && PF00150:Cellulase (glycosyl hydrolase family 5)	WRKY
110706527	3.44005913484188	6.35701046992253	1.98447460703129	11.075839716203	0.000874598043829737	0.0145026845095121	LOC110706527	NW_018744988.1	2392252	2400024	+	1106	pseudogene	- && sp|Q9FZN8|TCS1_CAMSI 3,7-dimethylxanthine N-methyltransferase TCS1 OS=Camellia sinensis OX=4442 GN=TCS1 PE=1 SV=1 && PF03492:SAM dependent carboxyl methyltransferase	MYB_related
110707916	4.39499461470425	8.43133133145623	2.49265986394787	11.0761079754059	0.00087447152458995	0.0145026845095121	LOC110707916	NW_018745003.1	3166805	3167929	+	848	lncRNA	uncharacterized LOC110707916 && - && -	-
110722406	8.07146494489571	3.74351536644179	1.1448382876953	11.0773567327531	0.000873882815921934	0.0145026845095121	LOC110722406	NW_018742681.1	2108354	2111442	-	1906	protein_coding	zinc transporter 1-like && sp|O81123|ZIP1_ARATH Zinc transporter 1 OS=Arabidopsis thaliana OX=3702 GN=ZIP1 PE=2 SV=1 && PF02535:ZIP Zinc transporter	NF-YC
110730916	357.007676370267	1.06366980532736	0.319982834083417	11.0647067106693	0.000879865060730662	0.0145801436835761	LOC110730916	NW_018742205.1	6587311	6592099	+	2311	protein_coding	CBL-interacting protein kinase 18-like && sp|Q5W736|CIPKI_ORYSJ CBL-interacting protein kinase 18 OS=Oryza sativa subsp. japonica OX=39947 GN=CIPK18 PE=2 SV=1 && PF00069:Protein kinase domain|PF03822:NAF domain	YABBY
110733606	62.5543023736993	1.60658521648644	0.482867248074181	11.0562798993482	0.00088387308986472	0.0146305018034078	LOC110733606	NW_018743199.1	4228766	4233258	+	1471	protein_coding	adenine phosphoribosyltransferase 5-like && sp|Q9LFP0|APT5_ARATH Adenine phosphoribosyltransferase 5 OS=Arabidopsis thaliana OX=3702 GN=APT5 PE=1 SV=1 && PF00156:Phosphoribosyl transferase domain	bHLH
110707981	10.0967148538275	2.64746295460027	0.796519199367074	11.0464315374852	0.000888580644947868	0.0146670441066049	LOC110707981	NW_018745003.1	4063430	4067732	+	1655	protein_coding	nucleotide-sugar uncharacterized transporter 3-like && sp|A8MRY9|UGNT1_ARATH UDP-N-acetylglucosamine transporter UGNT1 OS=Arabidopsis thaliana OX=3702 GN=UGNT1 PE=1 SV=1 && PF03151:Triose-phosphate Transporter family	-
110711695	306.920610904868	1.14440079805258	0.344551970090052	11.0458824376791	0.000888843861526232	0.0146670441066049	LOC110711695	NW_018745281.1	2317456	2321604	-	3922	protein_coding	probably inactive leucine-rich repeat receptor-like protein kinase At3g28040 && sp|Q9LRT1|Y3804_ARATH Probably inactive leucine-rich repeat receptor-like protein kinase At3g28040 OS=Arabidopsis thaliana OX=3702 GN=At3g28040 PE=1 SV=1 && PF13855:Leucine rich repeat|PF08263:Leucine rich repeat N-terminal domain|PF00069:Protein kinase domain	STAT
110714742	364.584415476362	1.02527354037563	0.308711054309299	11.0467239774307	0.000888440493044032	0.0146670441066049	LOC110714742	NW_018745461.1	2008922	2011225	+	1643	protein_coding	transcription factor SRM1-like && sp|Q9FNN6|SRM1_ARATH Transcription factor SRM1 OS=Arabidopsis thaliana OX=3702 GN=SRM1 PE=1 SV=1 && PF00249:Myb-like DNA-binding domain	MYB
110711761	21.8720001314143	5.68831474592499	1.63242451823798	11.027742858694	0.000897583708187938	0.0147360899296956	LOC110711761	NW_018745281.1	2911982	2913697	-	1292	protein_coding	xyloglucan endotransglucosylase/hydrolase 2-like && sp|Q8LG58|XTH16_ARATH Probable xyloglucan endotransglucosylase/hydrolase protein 16 OS=Arabidopsis thaliana OX=3702 GN=XTH16 PE=2 SV=2 && PF06955:Xyloglucan endo-transglycosylase (XET) C-terminus|PF00722:Glycosyl hydrolases family 16	MYB_related
110725973	20.1747825419475	2.18766712992699	0.657132336115349	11.0331371647466	0.000894975635002334	0.0147360899296956	LOC110725973	NW_018742205.1	86944	88759	-	1518	protein_coding	anthocyanidin 3-O-glucosyltransferase 7-like && sp|Q40289|UFOG7_MANES Anthocyanidin 3-O-glucosyltransferase 7 (Fragment) OS=Manihot esculenta OX=3983 GN=GT7 PE=2 SV=1 && PF00201:UDP-glucoronosyl and UDP-glucosyl transferase	FAR1
110729594	3.49334101779008	2.81510900413695	0.856295726345736	11.0254073486396	0.000898715277487105	0.0147370543184764	LOC110729594	NW_018742987.1	891665	895104	+	2753	protein_coding	U-box domain-containing protein 35-like && sp|Q9SW11|PUB35_ARATH U-box domain-containing protein 35 OS=Arabidopsis thaliana OX=3702 GN=PUB35 PE=2 SV=2 && PF04564:U-box domain|PF00069:Protein kinase domain	C2H2
110688984	45.523250905975	2.1539155272971	0.646605693914197	11.0227199585249	0.000900019119461185	0.0147522749910681	LOC110688984	NW_018743946.1	2312786	2314777	+	1431	protein_coding	NAC domain-containing protein 92-like && sp|Q9FLJ2|NC100_ARATH NAC domain-containing protein 100 OS=Arabidopsis thaliana OX=3702 GN=NAC100 PE=2 SV=1 && PF02365:No apical meristem (NAM) protein	NAC
110702087	3.37811855554901	5.8534437016597	1.72182689188039	11.0124241316534	0.000905032071554632	0.0148158918491726	LOC110702087	NW_018744662.1	3300838	3305118	+	2116	protein_coding	serine carboxypeptidase-like 34%2C transcript variant X1 && sp|Q0WPR4|SCP34_ARATH Serine carboxypeptidase-like 34 OS=Arabidopsis thaliana OX=3702 GN=SCPL34 PE=2 SV=2 && PF00450:Serine carboxypeptidase	C3H
110739866	3.08486098242404	4.94783819499632	1.48147642194599	11.0082241322996	0.000907085113518023	0.0148433140263305	LOC110739866	NW_018742244.1	2286969	2288927	-	1477	protein_coding	type III polyketide synthase B-like && sp|Q8LDM2|PKSB_ARATH Type III polyketide synthase B OS=Arabidopsis thaliana OX=3702 GN=PKSB PE=1 SV=1 && PF00195:Chalcone and stilbene synthases, N-terminal domain|PF02797:Chalcone and stilbene synthases, C-terminal domain	B3
110698525	29.6694330556387	1.41425815676743	0.426475631017457	11.0058346619501	0.000908255234090459	0.0148562714737337	LOC110698525	NW_018744537.1	1143300	1145159	+	1860	protein_coding	RING-H2 finger protein ATL65-like && sp|Q67YI6|ATL65_ARATH RING-H2 finger protein ATL65 OS=Arabidopsis thaliana OX=3702 GN=ATL65 PE=2 SV=2 && PF13639:Ring finger domain	TCP
110729552	347.398531890998	2.28391006578402	0.685046211850663	10.9962913209528	0.000912943834305948	0.0149205340011226	LOC110729552	NW_018742987.1	471756	477582	+	3223	protein_coding	putative cell division cycle ATPase && sp|Q6NW58|SPAST_DANRE Spastin OS=Danio rerio OX=7955 GN=spast PE=2 SV=2 && PF17862:AAA+ lid domain|PF00004:ATPase family associated with various cellular activities (AAA)	Trihelix
110709595	34.0592918352068	1.20184233701236	0.362795232492744	10.9914962793042	0.000915308844953516	0.014946746057322	LOC110709595	NW_018742204.1	7606487	7616758	-	1392	protein_coding	gamma-glutamylcyclotransferase 2-3-like%2C transcript variant X1 && sp|Q84QC1|GCT23_ARATH Gamma-glutamylcyclotransferase 2-3 OS=Arabidopsis thaliana OX=3702 GN=GGCT2;3 PE=1 SV=1 && PF04752:ChaC-like protein	-
110738483	695.992533331392	1.33096345914811	0.401712561730655	10.9762213061813	0.000922884142434489	0.0150256827444424	LOC110738483	NW_018743389.1	5166866	5173371	+	2085	protein_coding	carotene epsilon-monooxygenase%2C chloroplastic-like && sp|Q6TBX7|LUT1_ARATH Carotene epsilon-monooxygenase, chloroplastic OS=Arabidopsis thaliana OX=3702 GN=CYP97C1 PE=1 SV=1 && PF00067:Cytochrome P450	bHLH
110682230	396.123861961597	1.19189454606046	0.359977713556983	10.9737351733916	0.000924123071218208	0.0150296573985897	LOC110682230	NW_018743574.1	4903415	4907987	-	1442	protein_coding	haloacid dehalogenase-like hydrolase domain-containing protein At4g39970 && sp|Q680K2|GPPL1_ARATH Haloacid dehalogenase-like hydrolase domain-containing protein At4g39970 OS=Arabidopsis thaliana OX=3702 GN=At4g39970 PE=2 SV=1 && PF13419:Haloacid dehalogenase-like hydrolase	-
110736179	576.247179157849	1.95102793002858	0.587130310142981	10.973554567155	0.000924213139245643	0.0150296573985897	LOC110736179	NW_018743292.1	873850	874505	+	656	protein_coding	histone H3.2 && sp|P59226|H32_ARATH Histone H3.2 OS=Arabidopsis thaliana OX=3702 GN=HTR2 PE=1 SV=2 && PF00125:Core histone H2A/H2B/H3/H4	B3
110727539	19.1882906992377	2.42569911329111	0.730734811276132	10.966706992814	0.000927634568335377	0.0150697287987383	LOC110727539	NW_018742205.1	873178	874975	+	1141	protein_coding	peroxidase 5-like && sp|A7QEU4|PER5_VITVI Peroxidase 5 OS=Vitis vinifera OX=29760 GN=GSVIVT00037159001 PE=1 SV=2 && PF00141:Peroxidase	NAC
110732700	82.3350868856504	1.54828757115885	0.467485825189324	10.958961074227	0.000931520299392649	0.0151109445345095	LOC110732700	NW_018742205.1	6456209	6456808	-	600	protein_coding	uncharacterized LOC110732700 && - && -	LBD
110682184	974.593494475275	1.08547756067058	0.328143828305319	10.95490017492	0.00093356401596458	0.0151367009571552	LOC110682184	NW_018742244.1	3265177	3267272	-	1429	protein_coding	transcription termination factor MTERF6%2C chloroplastic/mitochondrial-like && sp|Q9SZL6|MTEF6_ARATH Transcription termination factor MTERF6, chloroplastic/mitochondrial OS=Arabidopsis thaliana OX=3702 GN=MTERF6 PE=2 SV=1 && PF02536:mTERF	-
110697885	35.3124431368775	1.96345833516075	0.592150946369552	10.9540431100525	0.000933995927448919	0.0151367009571552	LOC110697885	NW_018744501.1	1884097	1885365	+	1269	protein_coding	monothiol glutaredoxin-S1-like && sp|Q9SA68|GRXS1_ARATH Monothiol glutaredoxin-S1 OS=Arabidopsis thaliana OX=3702 GN=GRXS1 PE=3 SV=1 && PF00462:Glutaredoxin	-
110735310	515.872160761615	1.0522069921212	0.318438003523693	10.9328651280054	0.000944732830041474	0.0152748013315022	LOC110735310	NW_018743262.1	3129529	3131087	+	1559	protein_coding	divinyl chlorophyllide a 8-vinyl-reductase%2C chloroplastic-like && sp|Q1H537|DCVR_ARATH Divinyl chlorophyllide a 8-vinyl-reductase, chloroplastic OS=Arabidopsis thaliana OX=3702 GN=DVR PE=1 SV=1 && PF13460:NAD(P)H-binding	-
110711707	34.7736315868077	1.67657133443734	0.507281866043203	10.9309870655884	0.00094569098151805	0.0152777136639895	LOC110711707	NW_018745281.1	3674500	3678357	-	1709	protein_coding	PLASMODESMATA CALLOSE-BINDING PROTEIN 3-like && sp|Q9SD84|PDCB2_ARATH PLASMODESMATA CALLOSE-BINDING PROTEIN 2 OS=Arabidopsis thaliana OX=3702 GN=PDCB2 PE=1 SV=1 && PF07983:X8 domain	C2H2
110731611	53.1306288072165	1.40377685111435	0.424846722214782	10.931142352485	0.000945611719869345	0.0152777136639895	LOC110731611	NW_018743074.1	1171542	1176023	-	834	protein_coding	chaperone protein dnaJ 8%2C chloroplastic-like && sp|Q3A8C3|DNAJ_PELCD Chaperone protein DnaJ OS=Pelobacter carbinolicus (strain DSM 2380 / NBRC 103641 / GraBd1) OX=338963 GN=dnaJ PE=3 SV=1 && PF00226:DnaJ domain	-
110700775	104.49203344051	1.09631825934071	0.331965447198977	10.9287894078296	0.000946813432070001	0.0152895575319429	LOC110700775	NW_018742390.1	8400249	8403560	-	1456	protein_coding	tetraspanin-6-like%2C transcript variant X2 && sp|Q9C7C1|TET6_ARATH Tetraspanin-6 OS=Arabidopsis thaliana OX=3702 GN=TET6 PE=2 SV=1 && PF00335:Tetraspanin family	-
110730097	195.950790185164	4.81977293365325	1.40398659746229	10.9233665939793	0.00094958889277221	0.0153154844295043	LOC110730097	NW_018742205.1	4766712	4769426	-	1509	protein_coding	secoisolariciresinol dehydrogenase-like && sp|A3F5F0|SDH_SINHE Secoisolariciresinol dehydrogenase OS=Sinopodophyllum hexandrum OX=93608 GN=SDH PE=1 SV=1 && PF13561:Enoyl-(Acyl carrier protein) reductase	NAC
110707694	24.8903184697657	1.43865296485708	0.436260467293767	10.9154301985199	0.00095366567130738	0.0153686138322752	LOC110707694	NW_018745003.1	334240	335406	+	1167	protein_coding	uncharacterized LOC110707694 && - && PF05553:Cotton fibre expressed protein	-
110736815	184.671873065869	1.13592532881989	0.344172356376734	10.9062816299168	0.000958387084443312	0.0154299834042622	LOC110736815	NW_018743292.1	7935908	7938540	-	1237	protein_coding	lipoprotein NlpI-like && - && -	-
110738243	1.59942887224716	6.14235015127143	1.95870003781218	10.9057687005372	0.000958652496789136	0.0154299834042622	LOC110738243	NW_018743381.1	528566	529670	+	956	protein_coding	jasmonate-induced protein homolog && - && -	-
110722104	2.13196389714098	5.47299057977684	1.68587178417134	10.8804297593506	0.000971856933141827	0.0155913959702937	LOC110722104	NW_018742651.1	2029297	2048002	+	2153	protein_coding	probable L-gulonolactone oxidase 4 && sp|O81030|GGLO5_ARATH L-gulonolactone oxidase 5 OS=Arabidopsis thaliana OX=3702 GN=GULLO5 PE=1 SV=1 && PF04030:D-arabinono-1,4-lactone oxidase|PF01565:FAD binding domain	CPP
110708589	93.8682774637561	1.06788586698588	0.324047937002707	10.8757613838015	0.000974309670780205	0.0156179851838984	LOC110708589	NW_018745024.1	10004707	10014712	+	2023	protein_coding	sodium/hydrogen exchanger 1-like && sp|Q68KI4|NHX1_ARATH Sodium/hydrogen exchanger 1 OS=Arabidopsis thaliana OX=3702 GN=NHX1 PE=1 SV=2 && PF00999:Sodium/hydrogen exchanger family	WRKY
110688746	53.3684550437714	1.52459417853937	0.462463040794806	10.8711908323305	0.000976717076264236	0.0156374275320527	LOC110688746	NW_018743937.1	3872273	3876080	+	3519	protein_coding	receptor protein-tyrosine kinase CEPR1-like && sp|Q9FGL5|CEPR1_ARATH Receptor protein-tyrosine kinase CEPR1 OS=Arabidopsis thaliana OX=3702 GN=CEPR1 PE=1 SV=1 && PF00069:Protein kinase domain|PF13855:Leucine rich repeat	MYB_related
110718397	90.357831887826	1.48783674152167	0.451365418266593	10.8572177865245	0.00098411434274055	0.0157174146329604	LOC110718397	NW_018742455.1	2159638	2160856	+	1100	protein_coding	two-component response regulator ORR10-like && sp|B8BLZ4|ORR10_ORYSI Two-component response regulator ORR10 OS=Oryza sativa subsp. indica OX=39946 GN=RR10 PE=2 SV=1 && PF00072:Response regulator receiver domain	M-type_MADS
110731521	110.118892371232	1.38493991768403	0.420305416010636	10.8584491439312	0.000983460197729798	0.0157174146329604	LOC110731521	NW_018743074.1	116615	119134	-	1854	protein_coding	riboflavin biosynthesis protein PYRD%2C chloroplastic-like && sp|Q8GWP5|RIBD_ARATH Riboflavin biosynthesis protein PYRD, chloroplastic OS=Arabidopsis thaliana OX=3702 GN=PYRD PE=1 SV=1 && PF00383:Cytidine and deoxycytidylate deaminase zinc-binding region	-
110739949	47.2035854267166	1.36987666626615	0.416137371328683	10.8487452655327	0.000988627220665619	0.015783071885041	LOC110739949	NW_018743518.1	3516	9969	+	2665	protein_coding	dehydrogenase/reductase SDR family member on chromosome X-like%2C transcript variant X2 && sp|A2RVM0|TIC32_ARATH Short-chain dehydrogenase TIC 32, chloroplastic OS=Arabidopsis thaliana OX=3702 GN=TIC32 PE=2 SV=1 && PF00106:short chain dehydrogenase	C2H2
110707200	40.8731093564159	3.93873451923833	1.16987292706391	10.8462685444184	0.000989950391875389	0.0157977739699806	LOC110707200	NW_018744996.1	156778	158009	-	1232	protein_coding	polygalacturonase inhibitor 1-like && sp|Q9M5J9|PGIP1_ARATH Polygalacturonase inhibitor 1 OS=Arabidopsis thaliana OX=3702 GN=PGIP1 PE=1 SV=1 && PF08263:Leucine rich repeat N-terminal domain	MYB_related
110687653	2.31107318154188	4.62780627485604	1.4112118626368	10.8276641020003	0.000999947109387781	0.0159443454433562	LOC110687653	NW_018743920.1	9592237	9593812	-	1030	protein_coding	zinc finger protein CONSTANS-LIKE 7-like && sp|Q9LU68|CIA2_ARATH Protein CHLOROPLAST IMPORT APPARATUS 2 OS=Arabidopsis thaliana OX=3702 GN=CIA2 PE=1 SV=1 && PF06203:CCT motif	CO-like
110738628	2682.1198349487	1.04695233814194	0.318493060844354	10.8199908321135	0.00100409986295884	0.0159945292061631	LOC110738628	NW_018743391.1	549507	552431	+	788	protein_coding	50S ribosomal protein L18%2C chloroplastic && sp|P82195|RK18_SPIOL 50S ribosomal protein L18, chloroplastic OS=Spinacia oleracea OX=3562 GN=RPL18 PE=1 SV=3 && PF00861:Ribosomal L18 of archaea, bacteria, mitoch. and chloroplast	-
110709992	330.081228429601	1.93833374224894	0.58762919789797	10.8150844934524	0.00100676429749615	0.0160205244147351	LOC110709992	NW_018745105.1	3234366	3235641	+	736	protein_coding	histone H2A%2C sperm-like && sp|P35063|H2AX_PICAB Histone H2AX OS=Picea abies OX=3329 PE=2 SV=1 && PF00125:Core histone H2A/H2B/H3/H4|PF16211:C-terminus of histone H2A	GeBP
110722101	312.837986162894	1.08677872613667	0.330933381623755	10.7968698070387	0.00101671865961616	0.0161071367160571	LOC110722101	NW_018742651.1	2001947	2004420	-	811	protein_coding	uncharacterized LOC110722101 && - && PF05899:Protein of unknown function (DUF861)	-
110725173	134.019680241657	2.10227435272653	0.637643174342656	10.7861405883839	0.00102262872384967	0.0161877057121113	LOC110725173	NW_018742810.1	536175	538040	-	1866	protein_coding	hydroquinone glucosyltransferase-like && sp|Q9AR73|HQGT_RAUSE Hydroquinone glucosyltransferase OS=Rauvolfia serpentina OX=4060 GN=AS PE=1 SV=1 && PF00201:UDP-glucoronosyl and UDP-glucosyl transferase	bHLH
110721582	440.752733938738	1.05202340250849	0.320582803801848	10.7848815136215	0.00102332454441794	0.016192193728012	LOC110721582	NW_018742616.1	2046647	2049419	+	906	protein_coding	50S ribosomal protein L18-like%2C transcript variant X1 && - && PF00861:Ribosomal L18 of archaea, bacteria, mitoch. and chloroplast	C2H2
110702308	8773.26793660848	1.2470612310735	0.37992840431198	10.7769383593177	0.00102772533653669	0.016235662567098	LOC110702308	NW_018742393.1	486219	489193	+	1658	protein_coding	BURP domain-containing protein 5-like && sp|Q942D4|BURP3_ORYSJ BURP domain-containing protein 3 OS=Oryza sativa subsp. japonica OX=39947 GN=BURP3 PE=2 SV=1 && PF03181:BURP domain	-
110717884	37.9898288161923	1.73049864813982	0.526687932394859	10.7757410950611	0.00102839032178988	0.0162396353468652	LOC110717884	NW_018745684.1	3727305	3731797	+	3693	protein_coding	leucine-rich repeat receptor-like protein kinase TDR && sp|Q9FII5|TDR_ARATH Leucine-rich repeat receptor-like protein kinase TDR OS=Arabidopsis thaliana OX=3702 GN=TDR PE=1 SV=1 && PF08263:Leucine rich repeat N-terminal domain|PF13855:Leucine rich repeat|PF00069:Protein kinase domain	MYB_related
110686759	1.45687635399875	8.12746230570328	2.66789456010272	10.7704132142021	0.00103135481773252	0.016273361895062	LOC110686759	NW_018743893.1	860420	860956	-	537	protein_coding	agamous-like MADS-box protein AGL61 && sp|Q4PSU4|AGL61_ARATH Agamous-like MADS-box protein AGL61 OS=Arabidopsis thaliana OX=3702 GN=AGL61 PE=1 SV=1 && PF00319:SRF-type transcription factor (DNA-binding and dimerisation domain)	M-type_MADS
110724862	17.1850425789648	3.32513148386192	1.001997659723	10.7629593564504	0.00103551674245051	0.0163193615675196	LOC110724862	NW_018742770.1	4421494	4424832	-	1813	protein_coding	protein trichome birefringence-like 19 && sp|Q9LFT0|TBL19_ARATH Protein trichome birefringence-like 19 OS=Arabidopsis thaliana OX=3702 GN=TBL19 PE=3 SV=1 && PF14416:PMR5 N terminal Domain|PF13839:GDSL/SGNH-like Acyl-Esterase family found in Pmr5 and Cas1p	BES1
110729835	1477.87832103995	2.35665106663535	0.713942062551627	10.7634660179045	0.00103523330643608	0.0163193615675196	LOC110729835	NW_018743014.1	381039	382735	+	1065	protein_coding	aquaporin TIP2-1-like && sp|Q41951|TIP21_ARATH Aquaporin TIP2-1 OS=Arabidopsis thaliana OX=3702 GN=TIP2-1 PE=1 SV=2 && PF00230:Major intrinsic protein	BES1
110707892	22.198992805561	1.35187418944578	0.412876037181517	10.7557604960732	0.00103955241164764	0.0163763906388439	LOC110707892	NW_018745003.1	2861519	2863354	+	1836	protein_coding	auxin-binding protein ABP19a-like && sp|Q9ZRA4|AB19A_PRUPE Auxin-binding protein ABP19a OS=Prunus persica OX=3760 GN=ABP19A PE=3 SV=1 && PF00190:Cupin	E2F/DP
110683597	40.1068461925386	1.98629678062936	0.604921537008934	10.7527277423798	0.00104125732719909	0.0163966716163151	LOC110683597	NW_018743669.1	2625038	2627034	-	760	protein_coding	photosystem I subunit O-like && sp|Q949Q5|PSAO_ARATH Photosystem I subunit O OS=Arabidopsis thaliana OX=3702 GN=PSAO PE=1 SV=1 && -	-
110739964	59.0400397507481	3.2093588109617	0.966126779539815	10.7470893090558	0.00104443459138988	0.0164335255239001	LOC110739964	NW_018743518.1	229681	234080	+	1399	protein_coding	cinnamoyl-CoA reductase 1-like && sp|A0A059TC02|CCR1_PETHY Cinnamoyl-CoA reductase 1 OS=Petunia hybrida OX=4102 GN=CCR1 PE=1 SV=1 && PF01370:NAD dependent epimerase/dehydratase family	ERF
110700602	66.3535319554306	1.33816133482557	0.408567538928811	10.7461581710832	0.00104496023137212	0.0164352115204955	LOC110700602	NW_018744626.1	4390903	4392952	-	1688	protein_coding	malate dehydrogenase%2C chloroplastic-like && sp|Q9SN86|MDHP_ARATH Malate dehydrogenase, chloroplastic OS=Arabidopsis thaliana OX=3702 GN=At3g47520 PE=1 SV=1 && PF00056:lactate/malate dehydrogenase, NAD binding domain|PF02866:lactate/malate dehydrogenase, alpha/beta C-terminal domain	-
110690395	8.44080825272325	3.10595872682803	0.942663730596783	10.7337630125469	0.00105198300775363	0.0164994124055545	LOC110690395	NW_018744041.1	544865	546836	+	1827	protein_coding	protein PHYTOCHROME KINASE SUBSTRATE 1-like && sp|Q9SWI1|PKS1_ARATH Protein PHYTOCHROME KINASE SUBSTRATE 1 OS=Arabidopsis thaliana OX=3702 GN=PKS1 PE=1 SV=2 && -	-
110735355	22.8668961705281	1.69763019072315	0.518852475180725	10.7350730373034	0.00105123853112424	0.0164994124055545	LOC110735355	NW_018743280.1	27419	29113	+	1178	protein_coding	UPF0301 protein CHU_1773-like && - && PF02622:Uncharacterized ACR, COG1678	M-type_MADS
110728617	121.223245104476	1.03472051063006	0.316286058997133	10.7277857291959	0.00105538662351499	0.0165282475500351	LOC110728617	NW_018742205.1	2017852	2026483	+	4241	protein_coding	uncharacterized LOC110728617 && sp|Q9SSE9|JMJ25_ARATH Lysine-specific demethylase JMJ25 OS=Arabidopsis thaliana OX=3702 GN=JMJ25 PE=1 SV=1 && PF02373:JmjC domain, hydroxylase	MIKC_MADS
110739276	89.6354542015023	1.55773762547528	0.475388223514208	10.7268406774651	0.00105592577860205	0.0165282475500351	LOC110739276	NW_018743448.1	1998082	2006535	+	2899	protein_coding	cell division control protein 2 homolog%2C transcript variant X2 && sp|P93101|CDC2_OXYRB Cell division control protein 2 homolog OS=Oxybasis rubra OX=3560 GN=CDC2 PE=2 SV=1 && -	WRKY
110721831	19.7224372729138	2.85902531051178	0.866640457591353	10.7247958118909	0.00105709333480866	0.0165399308916098	LOC110721831	NW_018742630.1	2168258	2172698	+	2212	protein_coding	uncharacterized LOC110721831%2C transcript variant X1 && sp|P32295|ARG7_VIGRR Indole-3-acetic acid-induced protein ARG7 OS=Vigna radiata var. radiata OX=3916 GN=ARG7 PE=2 SV=1 && PF02519:Auxin responsive protein	ZF-HD
110695995	27.7626390010163	1.12703693012988	0.344775772603615	10.7233369114179	0.00105792712076131	0.0165424600654132	LOC110695995	NW_018744311.1	1214050	1215700	-	1651	protein_coding	serine/threonine-protein kinase UCNL-like && sp|Q9LT38|UNCL_ARATH Serine/threonine-protein kinase UCNL OS=Arabidopsis thaliana OX=3702 GN=UCNL PE=2 SV=1 && PF00069:Protein kinase domain	NAC
110735784	267.981877106753	1.23519738339107	0.377285521761757	10.723039089696	0.00105809741258162	0.0165424600654132	LOC110735784	NW_018743285.1	3924458	3927804	+	1793	protein_coding	serine carboxypeptidase-like 42 && sp|Q9FH05|SCP42_ARATH Serine carboxypeptidase-like 42 OS=Arabidopsis thaliana OX=3702 GN=SCPL42 PE=2 SV=1 && PF00450:Serine carboxypeptidase	C3H
110736841	1094.55931281003	1.49965340367726	0.457726933939537	10.7184886501335	0.00106070276435282	0.0165765935791596	LOC110736841	NW_018742244.1	430320	431024	+	705	protein_coding	periaxin-like && - && -	-
110688825	1394.41840007705	1.00190039892754	0.306342482916403	10.7125531861825	0.00106411086556532	0.0166166306255852	LOC110688825	NW_018743942.1	1198903	1204451	+	2243	protein_coding	beta-glucosidase BoGH3B-like && sp|A7LXU3|BGH3B_BACO1 Beta-glucosidase BoGH3B OS=Bacteroides ovatus (strain ATCC 8483 / DSM 1896 / JCM 5824 / NCTC 11153) OX=411476 GN=BACOVA_02659 PE=1 SV=1 && PF01915:Glycosyl hydrolase family 3 C-terminal domain|PF00933:Glycosyl hydrolase family 3 N terminal domain	C2H2
110700497	638.537255882557	2.48968493713973	0.755562235518447	10.703913890543	0.00106909129195773	0.0166745124340968	LOC110700497	NW_018744626.1	3153453	3155303	-	774	lncRNA	uncharacterized LOC110700497 && sp|A3FPF2|DEF_NELNU Defensin-like protein OS=Nelumbo nucifera OX=4432 PE=3 SV=1 && -	-
110724854	56.4343495577735	2.46023209735748	0.747773185857719	10.7030600735578	0.00106958478331446	0.016675586818225	LOC110724854	NW_018742770.1	4351120	4352965	-	1294	protein_coding	protein CROWDED NUCLEI 1-like%2C transcript variant X1 && sp|A0A166B1A6|NMCP1_DAUCS Nuclear matrix constituent protein 1 OS=Daucus carota subsp. sativus OX=79200 GN=NMCP1 PE=1 SV=2 && -	-
110720175	1199.29928588088	1.57970287534676	0.48264678240637	10.6890741614176	0.00107770127618927	0.0167423110046602	LOC110720175	NW_018742541.1	2213581	2214960	-	688	lncRNA	uncharacterized LOC110720175 && - && -	-
110723897	3.90870468513378	3.10946545935535	0.958123922628963	10.6871688134163	0.00107881182489863	0.0167529366545053	LOC110723897	NW_018742733.1	3627621	3631980	-	2283	protein_coding	endoglucanase 11-like && sp|O48766|GUN11_ARATH Endoglucanase 11 OS=Arabidopsis thaliana OX=3702 GN=At2g32990 PE=2 SV=1 && PF00759:Glycosyl hydrolase family 9	WRKY
110698712	37.1134445175679	1.26321025281536	0.386811834878328	10.6800197424627	0.00108298905346681	0.0167955800900963	LOC110698712	NW_018744537.1	3628209	3631406	+	2062	protein_coding	F-box/LRR-repeat protein At4g14103-like && sp|Q9M190|FBL49_ARATH Putative F-box/LRR-repeat protein At3g42770 OS=Arabidopsis thaliana OX=3702 GN=At3g42770 PE=4 SV=1 && PF08387:FBD	BES1
110690444	165.747545071644	1.09607179198505	0.335701618632739	10.6784141150239	0.00108392947521782	0.0167991958485515	LOC110690444	NW_018742329.1	3523898	3533013	-	1630	protein_coding	C-factor-like && sp|P21158|CSGA_MYXXA C-factor OS=Myxococcus xanthus OX=34 GN=csgA PE=1 SV=1 && PF00106:short chain dehydrogenase	AP2
110684163	348.200516096851	1.05412682071623	0.322849036322164	10.6764836834961	0.00108506122955749	0.0168101024332983	LOC110684163	NW_018743697.1	2198906	2208658	+	1485	protein_coding	malonyl CoA-acyl carrier protein transacylase-like && sp|P71019|FABD_BACSU Malonyl CoA-acyl carrier protein transacylase OS=Bacillus subtilis (strain 168) OX=224308 GN=fabD PE=3 SV=2 && PF00698:Acyl transferase domain	bHLH
110692911	35.5083150533267	4.08345374401384	1.22627280780459	10.672820253748	0.00108721227666718	0.0168367853870466	LOC110692911	NW_018744137.1	157386	159143	+	1758	protein_coding	NDR1/HIN1-like protein 1 && sp|Q9FI03|NHL26_ARATH NDR1/HIN1-like protein 26 OS=Arabidopsis thaliana OX=3702 GN=NHL26 PE=2 SV=1 && PF03168:Late embryogenesis abundant protein	bZIP
110737641	1360.75039216692	1.50051887756634	0.45905281278765	10.6682203094	0.00108991932445808	0.0168720542488933	LOC110737641	NW_018743331.1	22998	24134	+	520	lncRNA	uncharacterized LOC110737641 && - && -	-
110716299	1.38307618964474	5.72646125054568	1.75946236515302	10.66177132069	0.00109372601129328	0.0169047962853403	LOC110716299	NW_018745569.1	418354	420498	+	2145	protein_coding	DNA damage-repair/toleration protein DRT100-like && - && PF13855:Leucine rich repeat|PF08263:Leucine rich repeat N-terminal domain|PF12799:Leucine Rich repeats (2 copies)	C3H
110718545	234.017727128327	1.52898948142638	0.467985247610549	10.6617202630574	0.00109375620301606	0.0169047962853403	LOC110718545	NW_018742461.1	981105	982842	-	896	protein_coding	actin-depolymerizing factor 5-like && sp|Q9ZNT3|ADF5_ARATH Actin-depolymerizing factor 5 OS=Arabidopsis thaliana OX=3702 GN=ADF5 PE=1 SV=1 && PF00241:Cofilin/tropomyosin-type actin-binding protein	bHLH
110698546	3.93125242141974	3.54709830210499	1.08983743788767	10.6417780012291	0.00110561329705236	0.017046197131891	LOC110698546	NW_018744537.1	1328726	1331987	-	3174	protein_coding	subtilisin-like protease SBT1.5 && sp|Q9LUM3|SBT15_ARATH Subtilisin-like protease SBT1.5 OS=Arabidopsis thaliana OX=3702 GN=SBT1.5 PE=2 SV=1 && PF00082:Subtilase family|PF05922:Peptidase inhibitor I9|PF02225:PA domain	bHLH
110705177	3499.85782349027	1.74262539303631	0.533242787080597	10.6381821209486	0.00110776510070246	0.017046197131891	LOC110705177	NW_018744874.1	2473889	2476793	+	1520	protein_coding	fructose-bisphosphate aldolase 1%2C chloroplastic && sp|Q944G9|ALFP2_ARATH Fructose-bisphosphate aldolase 2, chloroplastic OS=Arabidopsis thaliana OX=3702 GN=FBA2 PE=1 SV=2 && PF00274:Fructose-bisphosphate aldolase class-I	FAR1
110729591	160.729045799337	1.04695910569762	0.321210743990411	10.6410141785898	0.00110607002069143	0.017046197131891	LOC110729591	NW_018742987.1	860884	866134	-	1814	protein_coding	probable polygalacturonase && sp|A7PZL3|PGLR_VITVI Probable polygalacturonase OS=Vitis vinifera OX=29760 GN=GSVIVT00026920001 PE=1 SV=1 && PF00295:Glycosyl hydrolases family 28	MYB_related
110709227	98.7530889648075	1.16503350488912	0.357724603199143	10.6301327095819	0.00111259730246632	0.0170778446198161	LOC110709227	NW_018742418.1	2718747	2723735	-	2217	protein_coding	ribose-phosphate pyrophosphokinase 3%2C mitochondrial-like && sp|Q9XGA0|KPRS3_SPIOL Ribose-phosphate pyrophosphokinase 3, mitochondrial OS=Spinacia oleracea OX=3562 GN=PRS3 PE=2 SV=1 && PF13793:N-terminal domain of ribose phosphate pyrophosphokinase|PF00156:Phosphoribosyl transferase domain	B3
110718675	162.666761711519	1.00393410648689	0.308259824023027	10.6298292618218	0.0011127798839434	0.0170778446198161	LOC110718675	NW_018742461.1	2217155	2219737	-	1596	protein_coding	uncharacterized LOC110718675 && - && -	-
110696211	2.84981151669967	4.17107606297232	1.28821551496388	10.6232620090682	0.0011167387691843	0.0171136205943764	LOC110696211	NW_018744311.1	3012191	3013523	-	1185	protein_coding	uncharacterized LOC110696211 && - && -	ERF
110714427	280.169232714122	1.01248213524516	0.310825412089765	10.6240421652309	0.00111626772900534	0.0171136205943764	LOC110714427	NW_018745454.1	1048885	1050086	+	1202	protein_coding	calcium-binding protein CML24-like && sp|Q9FYK2|CML25_ARATH Probable calcium-binding protein CML25 OS=Arabidopsis thaliana OX=3702 GN=CML25 PE=2 SV=1 && PF13499:EF-hand domain pair	HSF
110715839	610.797195446951	1.15248174797562	0.353824328356995	10.620334457676	0.00111850815049859	0.0171136205943764	LOC110715839	NW_018745533.1	2286994	2291222	-	1032	protein_coding	peroxiredoxin Q%2C chloroplastic && sp|Q6UBI3|PERQ_SUASA Peroxiredoxin Q, chloroplastic OS=Suaeda salsa OX=126914 GN=PRXQ PE=2 SV=1 && PF00578:AhpC/TSA family	-
110738757	15.1245544994396	3.55289984592862	1.07545514775842	10.6221743019414	0.00111739583712539	0.0171136205943764	LOC110738757	NW_018743391.1	2609841	2615612	+	2459	protein_coding	wall-associated receptor kinase 5-like && sp|Q9LMN7|WAK5_ARATH Wall-associated receptor kinase 5 OS=Arabidopsis thaliana OX=3702 GN=WAK5 PE=2 SV=1 && PF07645:Calcium-binding EGF domain|PF13947:Wall-associated receptor kinase galacturonan-binding|PF00069:Protein kinase domain	WRKY
110727843	78.957405902314	4.32616164597994	1.29023787967182	10.6185033375134	0.00111961630174326	0.0171225432314499	LOC110727843	NW_018742914.1	1699440	1701024	+	914	protein_coding	glutathione S-transferase-like && sp|Q04522|GSTF_SILVU Glutathione S-transferase OS=Silene vulgaris OX=42043 GN=GST PE=1 SV=3 && PF02798:Glutathione S-transferase, N-terminal domain|PF00043:Glutathione S-transferase, C-terminal domain	CAMTA
110681871	36.5020748209334	1.71896598463153	0.527147054016355	10.6138235692553	0.00112245343759555	0.0171568255320817	LOC110681871	NW_018743574.1	1090564	1097637	+	4690	lncRNA	uncharacterized LOC110681871 && - && -	-
110687367	332.708583632539	1.60163538908642	0.491540855309765	10.5927874121978	0.00113529682947766	0.0173151504404179	LOC110687367	NW_018743919.1	2657754	2660860	-	1077	protein_coding	NEP1-interacting protein-like 1%2C transcript variant X1 && sp|Q8LBA0|NIPL2_ARATH NEP1-interacting protein-like 2 OS=Arabidopsis thaliana OX=3702 GN=ATL24 PE=1 SV=2 && PF13639:Ring finger domain	WOX
110697573	1044.10658578676	1.07941922979635	0.331880407538978	10.5917127965446	0.00113595690136363	0.0173184919981575	LOC110697573	NW_018744469.1	3101331	3110369	-	2612	protein_coding	protoporphyrinogen oxidase 1%2C chloroplastic-like%2C transcript variant X3 && sp|Q9LRI8|PPOC_SPIOL Protoporphyrinogen oxidase 1, chloroplastic OS=Spinacia oleracea OX=3562 GN=POX1 PE=1 SV=1 && PF01593:Flavin containing amine oxidoreductase	-
110693567	1.47652741318815	5.76411809473595	1.80660087699826	10.5901637026983	0.00113690910003205	0.0173211865945198	LOC110693567	NW_018744151.1	2440622	2445194	+	1862	protein_coding	serine carboxypeptidase-like 31 && sp|O04084|SCP31_ARATH Serine carboxypeptidase-like 31 OS=Arabidopsis thaliana OX=3702 GN=SCPL31 PE=2 SV=2 && PF00450:Serine carboxypeptidase	MYB_related
110701377	698.785637181366	1.63523828451683	0.501891908695471	10.5862105908283	0.00113934266433605	0.01732303695566	LOC110701377	NW_018744633.1	6904393	6907287	+	2014	protein_coding	7-deoxyloganetic acid glucosyltransferase-like && sp|U5NH37|7DLGT_CATRO 7-deoxyloganetic acid glucosyl transferase OS=Catharanthus roseus OX=4058 GN=7DLGT PE=1 SV=1 && PF00201:UDP-glucoronosyl and UDP-glucosyl transferase	GRAS
110738338	59.8832541894648	2.54929741748012	0.778349556265342	10.5844806680155	0.00114040927442827	0.0173325438988473	LOC110738338	NW_018743389.1	97204	101907	-	1440	protein_coding	uncharacterized LOC110738338%2C transcript variant X1 && - && PF14368:Probable lipid transfer	bHLH
110737395	2953.17834100544	1.13435983791954	0.348892273751261	10.5807956793199	0.00114268467909896	0.0173566691554456	LOC110737395	NW_018743327.1	2748043	2751147	-	1191	protein_coding	20 kDa chaperonin%2C chloroplastic && sp|Q02073|CH10C_SPIOL 20 kDa chaperonin, chloroplastic OS=Spinacia oleracea OX=3562 GN=CPN21 PE=2 SV=1 && PF00166:Chaperonin 10 Kd subunit	ARF
110707948	55.2605198956106	3.87618598988313	1.16665265657933	10.5654214763634	0.00115222759889968	0.0174540940280041	LOC110707948	NW_018745003.1	3547091	3551513	+	2964	protein_coding	phospholipase D alpha 1-like && sp|Q41142|PLDA1_RICCO Phospholipase D alpha 1 OS=Ricinus communis OX=3988 GN=PLD1 PE=1 SV=1 && PF12357:Phospholipase D C terminal|PF00614:Phospholipase D Active site motif|PF00168:C2 domain	TALE
110735689	7.04935962361508	4.06617723746604	1.23902724218723	10.5644215223025	0.00115285106583767	0.0174540940280041	LOC110735689	NW_018743285.1	1907073	1908338	-	728	protein_coding	abscisic stress-ripening protein 2-like && - && PF02496:ABA/WDS induced protein	-
110696107	65.4612313363993	1.37823420863398	0.424128799882371	10.558619995513	0.00115647503281397	0.0174939277829752	LOC110696107	NW_018744311.1	2591981	2594047	-	2067	protein_coding	pentatricopeptide repeat-containing protein At5g13770%2C chloroplastic-like && sp|Q66GP4|PP379_ARATH Pentatricopeptide repeat-containing protein At5g13770, chloroplastic OS=Arabidopsis thaliana OX=3702 GN=At5g13770 PE=2 SV=1 && PF13041:PPR repeat family|PF01535:PPR repeat|PF13812:Pentatricopeptide repeat domain	-
110705370	152.490611078649	1.27919869682581	0.393793476428167	10.5573595848423	0.00115726388053292	0.0174939277829752	LOC110705370	NW_018744878.1	486172	501410	-	3295	protein_coding	copper-transporting ATPase PAA2%2C chloroplastic && sp|B9DFX7|HMA8_ARATH Copper-transporting ATPase PAA2, chloroplastic OS=Arabidopsis thaliana OX=3702 GN=PAA2 PE=1 SV=1 && PF00702:haloacid dehalogenase-like hydrolase|PF00403:Heavy-metal-associated domain|PF00122:E1-E2 ATPase	NF-YB
110721692	105.005950647513	1.48734292814512	0.457766225865115	10.5556914010131	0.00115830877662011	0.0175029859885347	LOC110721692	NW_018742616.1	4533055	4540319	-	1949	protein_coding	probable cinnamyl alcohol dehydrogenase 6%2C transcript variant X2 && sp|Q7XWU3|CADH6_ORYSJ Probable cinnamyl alcohol dehydrogenase 6 OS=Oryza sativa subsp. japonica OX=39947 GN=CAD6 PE=2 SV=2 && -	G2-like
110713992	30.9169344573357	3.38672470515653	1.02959105672032	10.5457205750594	0.00116457411155397	0.0175797213322156	LOC110713992	NW_018745454.1	4888226	4891780	-	1512	protein_coding	caffeic acid 3-O-methyltransferase-like && sp|Q9FQY8|COMT1_CAPAN Caffeic acid 3-O-methyltransferase OS=Capsicum annuum OX=4072 GN=COMT PE=2 SV=2 && PF00891:O-methyltransferase domain|PF08100:Dimerisation domain	C3H
110717250	116.397315318348	1.689919894033	0.520182801192313	10.5331563031149	0.00117251793436641	0.0176701062303807	LOC110717250	NW_018745675.1	4359216	4360240	+	1025	protein_coding	fasciclin-like arabinogalactan protein 11 && sp|Q8LEJ6|FLA11_ARATH Fasciclin-like arabinogalactan protein 11 OS=Arabidopsis thaliana OX=3702 GN=FLA11 PE=2 SV=2 && PF02469:Fasciclin domain	HSF
110681974	270.653353439836	1.19694070442994	0.369095241765902	10.524882500011	0.00117777900519096	0.0177221896056952	LOC110681974	NW_018743574.1	2175465	2177579	-	989	protein_coding	NAD(P)H-quinone oxidoreductase subunit O%2C chloroplastic-like && sp|Q9S829|NDHO_ARATH NAD(P)H-quinone oxidoreductase subunit O, chloroplastic OS=Arabidopsis thaliana OX=3702 GN=ndhO PE=2 SV=1 && PF11910:Cyanobacterial and plant NDH-1 subunit O	-
110698702	125.455240525913	1.01179419134727	0.312053644096434	10.52304122846	0.0011789530617307	0.017730948722859	LOC110698702	NW_018744537.1	3427706	3432235	-	705	protein_coding	probable small nuclear ribonucleoprotein F%2C transcript variant X2 && sp|Q9SUM2|RUXF_ARATH Probable small nuclear ribonucleoprotein F OS=Arabidopsis thaliana OX=3702 GN=At4g30220 PE=3 SV=1 && -	-
110684193	167.537979417927	1.20660382581181	0.37241754283312	10.5147576979781	0.00118424958360178	0.0177848156898333	LOC110684193	NW_018743697.1	2410649	2414795	-	1892	protein_coding	enoyl-[acyl-carrier-protein] reductase%2C mitochondrial-like && sp|Q8LCU7|MECR_ARATH Enoyl-[acyl-carrier-protein] reductase, mitochondrial OS=Arabidopsis thaliana OX=3702 GN=At3g45770 PE=1 SV=1 && PF00107:Zinc-binding dehydrogenase|PF08240:Alcohol dehydrogenase GroES-like domain	HB-other
110702929	10.412721291389	3.72216995701321	1.131815935674	10.514120342722	0.00118465810721371	0.0177848156898333	LOC110702929	NW_018744704.1	4177310	4197920	-	2424	protein_coding	LEAF RUST 10 DISEASE-RESISTANCE LOCUS RECEPTOR-LIKE PROTEIN KINASE-like 1.2 && sp|P0C5E2|LRL12_ARATH LEAF RUST 10 DISEASE-RESISTANCE LOCUS RECEPTOR-LIKE PROTEIN KINASE-like 1.2 OS=Arabidopsis thaliana OX=3702 GN=LRK10L-1.2 PE=2 SV=3 && PF00069:Protein kinase domain|PF14380:Wall-associated receptor kinase C-terminal|PF13947:Wall-associated receptor kinase galacturonan-binding	bHLH
110707634	161.178744912225	1.40806946769333	0.434405922996986	10.5142822431735	0.00118455432087759	0.0177848156898333	LOC110707634	NW_018745003.1	2009741	2014036	-	2612	protein_coding	aldehyde dehydrogenase family 2 member C4-like && sp|Q56YU0|AL2C4_ARATH Aldehyde dehydrogenase family 2 member C4 OS=Arabidopsis thaliana OX=3702 GN=ALDH2C4 PE=1 SV=2 && PF00171:Aldehyde dehydrogenase family	NAC
110686055	41.4870842344276	2.3535967261723	0.722765192560101	10.5025316941091	0.00119211096491092	0.0178898639376945	LOC110686055	NW_018743850.1	5215747	5221393	+	1764	protein_coding	uncharacterized LOC110686055 && - && -	-
110723870	2.45542264879633	5.9477602858575	1.92438387960829	10.4984775194941	0.00119472946092708	0.0179086298164081	LOC110723870	NW_018742733.1	3139788	3144977	-	2198	protein_coding	WRKY transcription factor 42-like && sp|Q9C519|WRKY6_ARATH WRKY transcription factor 6 OS=Arabidopsis thaliana OX=3702 GN=WRKY6 PE=1 SV=1 && PF03106:WRKY DNA -binding domain	WRKY
110721930	3.79196275394125	5.47393058157324	1.65456813643796	10.4928868592958	0.00119834988604541	0.0179381133084188	LOC110721930	NW_018742630.1	3753473	3756961	-	1110	pseudogene	- && sp|Q9M0B8|WTR37_ARATH WAT1-related protein At4g30420 OS=Arabidopsis thaliana OX=3702 GN=At4g30420 PE=3 SV=1 && PF00892:EamA-like transporter family	ERF
110693901	258.765632602412	3.16245071850043	0.962796830407652	10.4917591680984	0.00119908150583392	0.0179396297061392	LOC110693901	NW_018744167.1	2360572	2366403	-	3184	protein_coding	calmodulin-interacting protein 111-like && sp|Q6NW58|SPAST_DANRE Spastin OS=Danio rerio OX=7955 GN=spast PE=2 SV=2 && PF00004:ATPase family associated with various cellular activities (AAA)|PF17862:AAA+ lid domain	Trihelix
110709987	25.5571090702422	1.53029355704079	0.473248988316323	10.4854828868397	0.00120316167684369	0.0179664519143278	LOC110709987	NW_018745105.1	3601252	3604133	-	2882	protein_coding	LRR receptor-like serine/threonine-protein kinase ERL1 && - && PF08263:Leucine rich repeat N-terminal domain|PF13855:Leucine rich repeat	-
110683992	6.72821967441845	3.38556976037178	1.04022431191062	10.476716102188	0.0012088844373161	0.0180244944976139	LOC110683992	NW_018743697.1	252	4839	+	2723	pseudogene	- && sp|P92941|CLCA_ARATH Chloride channel protein CLC-a OS=Arabidopsis thaliana OX=3702 GN=CLC-A PE=1 SV=2 && -	-
110732233	21.2556933118774	2.40723970775098	0.740675151302344	10.4771973507893	0.00120856957569612	0.0180244944976139	LOC110732233	NW_018743175.1	3141508	3142700	+	843	pseudogene	- && - && PF07534:TLD	-
110692153	124.407734575743	1.00569930337963	0.310917147396624	10.4757866737694	0.00120949275995344	0.0180267207444597	LOC110692153	NW_018744093.1	3127808	3130821	-	1933	protein_coding	aspartyl protease family protein At5g10770-like && sp|Q8S9J6|ASPA_ARATH Aspartyl protease family protein At5g10770 OS=Arabidopsis thaliana OX=3702 GN=At5g10770 PE=2 SV=1 && PF14541:Xylanase inhibitor C-terminal|PF14543:Xylanase inhibitor N-terminal	Trihelix
110686943	573.212606768129	1.79647927503296	0.553997309036771	10.4697658911823	0.00121344094793856	0.0180718492030303	LOC110686943	NW_018743906.1	1507160	1507865	-	706	protein_coding	histone H3.2 && sp|P59226|H32_ARATH Histone H3.2 OS=Arabidopsis thaliana OX=3702 GN=HTR2 PE=1 SV=2 && PF00125:Core histone H2A/H2B/H3/H4	B3
110733547	1000.70540134523	3.25112259285197	0.990055997837274	10.4610170540965	0.0012192013420042	0.018123275664092	LOC110733547	NW_018743199.1	3330474	3333788	+	1871	protein_coding	cytochrome P450 76AD1 && sp|I3PFJ5|C76AD_BETVU Cytochrome P450 76AD1 OS=Beta vulgaris OX=161934 GN=CYP76AD1 PE=2 SV=1 && PF00067:Cytochrome P450	MYB
110683094	498.222545205621	1.10025034816877	0.340511384954597	10.4534712143863	0.00122419188291425	0.0181836943334687	LOC110683094	NW_018743616.1	3691758	3698446	+	2316	protein_coding	carotene epsilon-monooxygenase%2C chloroplastic-like%2C transcript variant X2 && sp|Q6TBX7|LUT1_ARATH Carotene epsilon-monooxygenase, chloroplastic OS=Arabidopsis thaliana OX=3702 GN=CYP97C1 PE=1 SV=1 && PF00067:Cytochrome P450	bHLH
110697812	7.18798293470816	3.2116580145577	0.992529562450856	10.4468241370962	0.00122860513859506	0.0182285642644669	LOC110697812	NW_018744501.1	1071458	1076016	+	1427	protein_coding	secoisolariciresinol dehydrogenase-like && sp|Q9SCU0|SDR2A_ARATH Short-chain dehydrogenase reductase 2a OS=Arabidopsis thaliana OX=3702 GN=SDR2a PE=3 SV=1 && PF13561:Enoyl-(Acyl carrier protein) reductase	bHLH
110707678	48.9159219330037	1.99418595586451	0.615798308490989	10.4429090149405	0.0012312120727376	0.0182473580899986	LOC110707678	NW_018745003.1	116104	118213	-	1456	protein_coding	2-methylene-furan-3-one reductase-like && sp|K4BW79|ENOX_SOLLC 2-methylene-furan-3-one reductase OS=Solanum lycopersicum OX=4081 GN=EO PE=1 SV=1 && PF13602:Zinc-binding dehydrogenase|PF08240:Alcohol dehydrogenase GroES-like domain	HB-other
110718474	19.8652834629797	2.24504307142557	0.693333015965367	10.4421218524668	0.00123173689043705	0.0182473580899986	LOC110718474	NW_018742461.1	149071	153984	-	2865	protein_coding	uncharacterized LOC110718474 && - && PF03168:Late embryogenesis abundant protein	-
110724535	3.06567929032903	5.65169531836931	1.84169793396972	10.4389333921649	0.00123386502039515	0.0182652020150693	LOC110724535	NW_018742770.1	2720358	2723035	-	2678	protein_coding	aldehyde oxidase GLOX-like && sp|Q9FYG4|GLOX1_ARATH Aldehyde oxidase GLOX1 OS=Arabidopsis thaliana OX=3702 GN=GLOX1 PE=2 SV=1 && PF09118:Domain of unknown function (DUF1929)|PF07250:Glyoxal oxidase N-terminus	NAC
110710913	124.837286523237	1.08428988550161	0.3363084705521	10.4217701951626	0.00124538464391193	0.0183872147068998	LOC110710913	NW_018745188.1	1083283	1099974	-	1382	protein_coding	uncharacterized protein HI_0077 && sp|P43935|Y077_HAEIN Uncharacterized protein HI_0077 OS=Haemophilus influenzae (strain ATCC 51907 / DSM 11121 / KW20 / Rd) OX=71421 GN=HI_0077 PE=4 SV=1 && PF04305:Protein of unknown function (DUF455)	G2-like
110718421	1108.64044827324	2.76168882168409	0.847201770636602	10.4195468607282	0.00124688484700553	0.0184024459212508	LOC110718421	NW_018742461.1	228433	231184	-	1618	protein_coding	alpha-amylase-like && sp|P17859|AMYA_VIGMU Alpha-amylase OS=Vigna mungo OX=3915 GN=AMY1.1 PE=2 SV=1 && PF07821:Alpha-amylase C-terminal beta-sheet domain|PF00128:Alpha amylase, catalytic domain	ERF
110735669	2.63024741387115	4.65441857670139	1.44490220430658	10.4175770792619	0.00124821549216356	0.018415164171202	LOC110735669	NW_018743285.1	1337613	1339332	-	1286	pseudogene	- && sp|Q96520|PER12_ARATH Peroxidase 12 OS=Arabidopsis thaliana OX=3702 GN=PER12 PE=1 SV=1 && PF00141:Peroxidase	M-type_MADS
110682935	87.7556952562659	2.41725843484758	0.744393811839055	10.4167384908606	0.00124878241927765	0.0184166098206126	LOC110682935	NW_018743616.1	479886	480809	+	924	protein_coding	germin-like protein subfamily 3 member 3 && sp|P94072|GL33_ARATH Germin-like protein subfamily 3 member 3 OS=Arabidopsis thaliana OX=3702 GN=GER3 PE=1 SV=1 && PF00190:Cupin	bZIP
110734550	37.0085840323746	2.20750155780831	0.681821002565455	10.4150883274794	0.0012498987721319	0.0184261540833094	LOC110734550	NW_018743212.1	6101816	6104915	+	1055	protein_coding	rhodanese-like domain-containing protein 9%2C chloroplastic && sp|O48529|STR9_ARATH Rhodanese-like domain-containing protein 9, chloroplastic OS=Arabidopsis thaliana OX=3702 GN=STR9 PE=2 SV=1 && PF00581:Rhodanese-like domain	SBP
110727329	75.9250813205315	1.38787807043652	0.430405851198345	10.4140833614716	0.00125057913696865	0.0184292662086941	LOC110727329	NW_018742904.1	1070605	1089410	-	1793	protein_coding	haloacid dehalogenase-like hydrolase domain-containing protein At2g33255%2C transcript variant X1 && sp|Q8RYE9|GPPL3_ARATH Haloacid dehalogenase-like hydrolase domain-containing protein At2g33255 OS=Arabidopsis thaliana OX=3702 GN=At2g33255 PE=1 SV=1 && PF13419:Haloacid dehalogenase-like hydrolase	-
110703230	49.2684422543274	1.63402203311147	0.506433068357507	10.400965114266	0.00125949468280813	0.0185258931377991	LOC110703230	NW_018744718.1	758390	760091	+	960	protein_coding	uncharacterized LOC110703230 && - && -	-
110706847	4.65976347926444	4.52697759935509	1.39156269974695	10.3959090003978	0.00126294811634442	0.0185627849450578	LOC110706847	NW_018744991.1	897896	902685	+	1701	protein_coding	serine carboxypeptidase-like 31 && sp|O04084|SCP31_ARATH Serine carboxypeptidase-like 31 OS=Arabidopsis thaliana OX=3702 GN=SCPL31 PE=2 SV=2 && PF00450:Serine carboxypeptidase	MYB_related
110697962	4261.10589544006	2.77353782383843	0.852352339354665	10.37902938283	0.00127454681036923	0.0186810794112905	LOC110697962	NW_018744502.1	1140074	1142217	-	922	protein_coding	cold and drought-regulated protein CORA-like && - && PF07172:Glycine rich protein family	-
110699339	3.81608089270219	3.34451467925472	1.04474789435939	10.3782167147938	0.00127510794105458	0.0186810794112905	LOC110699339	NW_018744582.1	2531027	2534241	+	1799	protein_coding	protein trichome birefringence-like 33 && sp|F4IH21|TBL33_ARATH Protein trichome birefringence-like 33 OS=Arabidopsis thaliana OX=3702 GN=TBL33 PE=2 SV=1 && PF13839:GDSL/SGNH-like Acyl-Esterase family found in Pmr5 and Cas1p|PF14416:PMR5 N terminal Domain	BES1
110692293	10.2703102352365	2.46203084430947	0.763313136841897	10.3760052570122	0.00127663617377912	0.0186940091173852	LOC110692293	NW_018744100.1	768556	770457	-	1778	protein_coding	uncharacterized oxidoreductase At4g09670-like && sp|Q9SZ83|Y4967_ARATH Uncharacterized oxidoreductase At4g09670 OS=Arabidopsis thaliana OX=3702 GN=At4g09670 PE=1 SV=1 && PF01408:Oxidoreductase family, NAD-binding Rossmann fold	-
110706318	30.6361085551989	3.0390747384459	0.933263743584202	10.373555595058	0.00127833118217674	0.0186979145317047	LOC110706318	NW_018744955.1	255000	257894	+	957	protein_coding	ribonuclease 1-like%2C transcript variant X1 && sp|P42813|RNS1_ARATH Ribonuclease 1 OS=Arabidopsis thaliana OX=3702 GN=RNS1 PE=1 SV=1 && PF00445:Ribonuclease T2 family	bZIP
110736727	166.898382815992	1.21101283306343	0.376193105956602	10.3705466786856	0.00128041627609352	0.0187144727990402	LOC110736727	NW_018743292.1	6956929	6964174	-	2162	protein_coding	uncharacterized LOC110736727 && - && PF14365:Neprosin activation peptide|PF03080:Neprosin	G2-like
110724610	11.396944299109	3.54286876717739	1.09118465289358	10.354881419275	0.0012913276010673	0.0188319008082867	LOC110724610	NW_018742770.1	1697153	1711401	-	1610	protein_coding	two-component response regulator ORR9-like%2C transcript variant X3 && sp|Q4GZK2|ORR9_ORYSI Two-component response regulator ORR9 OS=Oryza sativa subsp. indica OX=39946 GN=RR9 PE=2 SV=1 && PF00072:Response regulator receiver domain	M-type_MADS
110684637	14.2495045448431	30	3.50424221337064	10.3472675484278	0.00129666483096153	0.0189027163720683	LOC110684637	NW_018743732.1	228240	229962	-	1308	protein_coding	peroxidase 57-like && sp|P22196|PER2_ARAHY Cationic peroxidase 2 OS=Arachis hypogaea OX=3818 GN=PNC2 PE=2 SV=1 && PF00141:Peroxidase	NAC
110717418	281.55084987857	1.02837756152392	0.320158162600596	10.3361328207271	0.00130451036874755	0.0189818583593267	LOC110717418	NW_018745684.1	6363709	6369432	-	2466	protein_coding	2-isopropylmalate synthase A-like && sp|Q9LPR4|LEU11_ARATH 2-isopropylmalate synthase 1, chloroplastic OS=Arabidopsis thaliana OX=3702 GN=IPMS1 PE=1 SV=2 && PF00682:HMGL-like|PF08502:LeuA allosteric (dimerisation) domain	FAR1
110718217	114.293220909698	1.88968952312459	0.586768496202105	10.3317210207583	0.00130763220108288	0.0190061581913872	LOC110718217	NW_018745684.1	132520	138717	+	3157	protein_coding	filament-like plant protein 7 && sp|Q9SLN1|FPP7_ARATH Filament-like plant protein 7 OS=Arabidopsis thaliana OX=3702 GN=FPP7 PE=3 SV=2 && PF05911:Filament-like plant protein, long coiled-coil	SBP
110725914	20.4327519534167	1.83531467853071	0.571570253147571	10.3276746024476	0.00131050213400052	0.0190408251234194	LOC110725914	NW_018742817.1	374866	377122	+	699	lncRNA	uncharacterized LOC110725914 && - && -	-
110695117	11.8590732019903	2.23986293322367	0.69760743645515	10.317091531012	0.00131803838620063	0.0191149636415278	LOC110695117	NW_018744290.1	964586	968284	+	1375	protein_coding	patatin-like protein 1 && sp|O23179|PLP1_ARATH Patatin-like protein 1 OS=Arabidopsis thaliana OX=3702 GN=PLP1 PE=1 SV=2 && PF01734:Patatin-like phospholipase	-
110682043	42.0835606171027	1.83526837859178	0.571317979709951	10.3011196079456	0.00132949521336277	0.0191941187164029	LOC110682043	NW_018743574.1	2889677	2896628	+	3287	protein_coding	transcriptional regulatory protein AlgP-like%2C transcript variant X2 && - && -	ERF
110688146	74.1997824969052	1.84301020856345	0.573296262010434	10.3006272993555	0.00132984994849725	0.0191941187164029	LOC110688146	NW_018743920.1	5845718	5849026	+	1826	protein_coding	uncharacterized calcium-binding protein At1g02270-like && sp|O81916|YC22_ARATH Uncharacterized calcium-binding protein At1g02270 OS=Arabidopsis thaliana OX=3702 GN=At1g02270 PE=2 SV=2 && -	NAC
110694743	8.93238567135329	2.58182819332484	0.807486174937411	10.3037238644536	0.00132762029766893	0.0191941187164029	LOC110694743	NW_018744240.1	1351459	1353143	-	1010	protein_coding	heavy metal-associated isoprenylated plant protein 27-like%2C transcript variant X1 && sp|Q9SZN7|HIP26_ARATH Heavy metal-associated isoprenylated plant protein 26 OS=Arabidopsis thaliana OX=3702 GN=HIPP26 PE=1 SV=1 && PF00403:Heavy-metal-associated domain	MIKC_MADS
110707495	1069.08584093449	1.02992098424175	0.321094418547529	10.3029676918817	0.00132816442274856	0.0191941187164029	LOC110707495	NW_018745000.1	2217193	2246791	-	3511	protein_coding	probable polyribonucleotide nucleotidyltransferase 1%2C chloroplastic%2C transcript variant X3 && sp|Q69LE7|PNP1_ORYSJ Probable polyribonucleotide nucleotidyltransferase 1, chloroplastic OS=Oryza sativa subsp. japonica OX=39947 GN=PNP1 PE=2 SV=1 && PF01138:3' exoribonuclease family, domain 1|PF00575:S1 RNA binding domain|PF03725:3' exoribonuclease family, domain 2|PF00013:KH domain	HD-ZIP
110732566	834.978203864996	1.08741993114202	0.338972336404705	10.3041305549647	0.00132732774548082	0.0191941187164029	LOC110732566	NW_018743175.1	3927118	3938228	-	4217	protein_coding	ABC transporter B family member 2-like && sp|Q8LPK2|AB2B_ARATH ABC transporter B family member 2 OS=Arabidopsis thaliana OX=3702 GN=ABCB2 PE=1 SV=3 && PF00005:ABC transporter|PF00664:ABC transporter transmembrane region	ERF
110690991	58.0341697597502	1.18001381799692	0.368178077780595	10.2946004022716	0.00133420042978453	0.0192498359584599	LOC110690991	NW_018744066.1	2322289	2325542	+	1365	protein_coding	rac-like GTP-binding protein ARAC7 && sp|O82480|RAC7_ARATH Rac-like GTP-binding protein ARAC7 OS=Arabidopsis thaliana OX=3702 GN=ARAC7 PE=1 SV=1 && PF00071:Ras family	bZIP
110687813	14.0835113979684	1.78638174955945	0.557723397528048	10.288626655561	0.00133852676184806	0.0193051639801906	LOC110687813	NW_018743920.1	999497	1001649	+	2153	protein_coding	germin-like protein subfamily 3 member 4 && sp|Q2R352|GL111_ORYSJ Germin-like protein 11-1 OS=Oryza sativa subsp. japonica OX=39947 GN=Os11g0537350 PE=2 SV=1 && PF00190:Cupin	bZIP
110736373	10.151160322961	2.13222198082395	0.666044037734288	10.2794142599431	0.00134522645606159	0.0193804396951235	LOC110736373	NW_018742241.1	787695	790864	+	1212	protein_coding	disease resistance protein RPP8-like && sp|Q9SX38|DRL4_ARATH Putative disease resistance protein At1g50180 OS=Arabidopsis thaliana OX=3702 GN=At1g50180 PE=3 SV=2 && PF00931:NB-ARC domain	B3
110690490	1996.23967643183	1.23718554012456	0.386034076522924	10.2750655197938	0.00134840085200017	0.0194190490137891	LOC110690490	NW_018742329.1	4047598	4050047	+	1470	protein_coding	uncharacterized protein ycf23-like && sp|Q1XDB4|YCF23_PYRYE Uncharacterized protein ycf23 OS=Pyropia yezoensis OX=2788 GN=ycf23 PE=3 SV=1 && PF04481:Protein of unknown function (DUF561)	bHLH
110731287	1.36327409668771	7.89951380465124	2.68171492646725	10.2722194584591	0.00135048246034607	0.0194418979711038	LOC110731287	NW_018743066.1	1195915	1199880	-	1485	protein_coding	probable pectinesterase 8 && sp|O23038|PME8_ARATH Probable pectinesterase 8 OS=Arabidopsis thaliana OX=3702 GN=PME8 PE=2 SV=2 && PF01095:Pectinesterase	bHLH
110710938	46.5491125629714	2.54616153762024	0.789495154242499	10.2673713597752	0.00135403585146954	0.0194716404228354	LOC110710938	NW_018742418.1	5395682	5398403	+	1914	protein_coding	cytochrome P450 78A4-like && sp|O65012|C78A4_PINRA Cytochrome P450 78A4 OS=Pinus radiata OX=3347 GN=CYP78A4 PE=2 SV=1 && PF00067:Cytochrome P450	G2-like
110687821	187.508156028889	1.71238198068375	0.533787499277937	10.2618326754426	0.00135810698909762	0.019501621858439	LOC110687821	NW_018743920.1	1418808	1421670	-	1791	protein_coding	cytochrome b561 and DOMON domain-containing protein At4g12980-like && sp|Q9SV71|B561O_ARATH Cytochrome b561 and DOMON domain-containing protein At4g12980 OS=Arabidopsis thaliana OX=3702 GN=At4g12980 PE=2 SV=1 && PF03188:Eukaryotic cytochrome b561|PF04526:Protein of unknown function (DUF568)	bZIP
110734411	29.1504093795857	2.69516640308119	0.835902098004865	10.2569854998346	0.00136168000870153	0.0195386404756066	LOC110734411	NW_018743212.1	2759449	2761816	-	1830	protein_coding	phospholipase A1-Igamma2%2C chloroplastic-like && sp|Q3EBR6|PLA16_ARATH Phospholipase A1-Igamma2, chloroplastic OS=Arabidopsis thaliana OX=3702 GN=DALL3 PE=1 SV=2 && PF01764:Lipase (class 3)	Trihelix
110731243	929.5823475668	1.33842766790926	0.417894282723587	10.2561879695998	0.0013622688066474	0.019539949906305	LOC110731243	NW_018743066.1	697317	698124	-	808	protein_coding	cysteine proteinase inhibitor 1-like && sp|Q6TPK4|CYT1_ACTDE Cysteine proteinase inhibitor 1 OS=Actinidia deliciosa OX=3627 PE=1 SV=1 && PF16845:Aspartic acid proteinase inhibitor	MYB_related
110707630	10.1100099745143	2.5154013337358	0.787196663452999	10.2548872024562	0.00136322968570279	0.0195465934452741	LOC110707630	NW_018745003.1	1037507	1039861	-	723	protein_coding	uncharacterized LOC110707630 && - && -	bHLH
110730572	1157.96949006684	1.13735492647489	0.355540096050534	10.2436425099464	0.00137156481625329	0.0196517566686302	LOC110730572	NW_018743033.1	2101664	2103947	+	650	protein_coding	50S ribosomal protein L34%2C chloroplastic-like && sp|P82244|RK34_SPIOL 50S ribosomal protein L34, chloroplastic OS=Spinacia oleracea OX=3562 GN=RPL34 PE=1 SV=1 && PF00468:Ribosomal protein L34	-
110713694	5.48954529617537	3.5872521995452	1.12112147523106	10.2252838820431	0.00138528418634786	0.0197977677767247	LOC110713694	NW_018745448.1	10226013	10227272	-	1260	protein_coding	uncharacterized LOC110713694 && - && PF10950:Organ specific protein	-
110720103	2408.84460463842	1.1826501213905	0.369968348851546	10.225413928944	0.00138518651555737	0.0197977677767247	LOC110720103	NW_018742541.1	496196	500231	+	894	protein_coding	50S ribosomal protein L24%2C chloroplastic-like && sp|P27683|RK24_SPIOL 50S ribosomal protein L24, chloroplastic OS=Spinacia oleracea OX=3562 GN=RPL24 PE=1 SV=2 && PF17136:Ribosomal proteins 50S L24/mitochondrial 39S L24|PF00467:KOW motif	-
110739977	4.83219753051077	2.41766355077279	0.760515818168956	10.2212524678413	0.00138831541168834	0.019819918744606	LOC110739977	NW_018743518.1	346874	348249	-	1111	protein_coding	uncharacterized LOC110739977 && - && -	-
110698515	10.2779746100917	2.54508456899588	0.795563937441224	10.2180508204898	0.0013907275178211	0.0198466721683822	LOC110698515	NW_018744537.1	1084947	1088589	+	2260	protein_coding	uncharacterized LOC110698515 && - && PF04784:Protein of unknown function, DUF547|PF14389:Leucine-zipper of ternary complex factor MIP1	SBP
110706698	24.212975495365	5.50708195304443	1.65496978313377	10.2166862128598	0.00139175689600397	0.0198469384810326	LOC110706698	NW_018744988.1	3023805	3025842	-	1296	protein_coding	basic endochitinase-like && sp|P51613|CHIB_VITVI Basic endochitinase OS=Vitis vinifera OX=29760 GN=CHIT1B PE=2 SV=1 && PF00182:Chitinase class I|PF00187:Chitin recognition protein	NAC
110708668	136.452760139352	2.44846653116394	0.761031110323947	10.2145893473385	0.00139334014917869	0.0198565276310419	LOC110708668	NW_018745024.1	11029923	11034022	+	1447	protein_coding	tetraketide alpha-pyrone reductase 1-like && sp|A0A0B6VQ48|PAR1_ROSHC Phenylacetaldehyde reductase OS=Rosa hybrid cultivar OX=128735 GN=PAR PE=1 SV=1 && PF01370:NAD dependent epimerase/dehydratase family	NAC
110698584	85.8927230614452	2.24794792332888	0.701046515022772	10.1967619723349	0.00140687470582763	0.0199971734788159	LOC110698584	NW_018744537.1	1658370	1659643	+	1274	protein_coding	probable carboxylesterase 2 && sp|Q9SX78|CXE2_ARATH Probable carboxylesterase 2 OS=Arabidopsis thaliana OX=3702 GN=CXE2 PE=2 SV=1 && PF07859:alpha/beta hydrolase fold	NAC
110715771	1.95431935224746	7.43837742084857	2.37129726221026	10.193492992281	0.00140937092239606	0.0200254067421347	LOC110715771	NW_018745533.1	1022606	1023698	-	1093	protein_coding	auxin-binding protein ABP19a-like && sp|P94072|GL33_ARATH Germin-like protein subfamily 3 member 3 OS=Arabidopsis thaliana OX=3702 GN=GER3 PE=1 SV=1 && PF00190:Cupin	bZIP
110711649	2054.54412161253	1.00903036853922	0.316367049468282	10.1873104086596	0.00141410425487494	0.0200490739874413	LOC110711649	NW_018745281.1	3335310	3339288	+	1296	protein_coding	30S ribosomal protein 2%2C chloroplastic-like && sp|P82277|RRP2_SPIOL 30S ribosomal protein 2, chloroplastic OS=Spinacia oleracea OX=3562 GN=PSRP2 PE=1 SV=1 && PF00076:RNA recognition motif. (a.k.a. RRM, RBD, or RNP domain)	NF-YA
110717167	98.4952725872845	1.86921964378766	0.584432715661936	10.1866508717206	0.00141461013977032	0.0200490739874413	LOC110717167	NW_018745666.1	187713	192332	-	1869	protein_coding	hexokinase-3-like && sp|Q9LPS1|HXK3_ARATH Hexokinase-3 OS=Arabidopsis thaliana OX=3702 GN=At1g50460 PE=1 SV=1 && PF03727:Hexokinase|PF00349:Hexokinase	G2-like
110729994	80.982191332381	1.73429060498688	0.54268279312333	10.187638272047	0.00141385284184689	0.0200490739874413	LOC110729994	NW_018743021.1	1324171	1325263	-	1093	protein_coding	zinc finger protein 11-like && sp|O80942|ZFP10_ARATH Zinc finger protein 10 OS=Arabidopsis thaliana OX=3702 GN=ZFP10 PE=2 SV=1 && PF13912:C2H2-type zinc finger	C2H2
110719843	473.838175280805	1.47268219074664	0.461230533609517	10.1829256037572	0.00141747097597345	0.0200564559622239	LOC110719843	NW_018742493.1	166722	171543	+	1749	protein_coding	beta-glucosidase 44-like && sp|Q9LV33|BGL44_ARATH Beta-glucosidase 44 OS=Arabidopsis thaliana OX=3702 GN=BGLU44 PE=2 SV=1 && PF00232:Glycosyl hydrolase family 1	C2H2
110720993	2.9828005915253	4.43905687182941	1.398673734399	10.1780532608534	0.00142122155674062	0.0200992561029435	LOC110720993	NW_018742577.1	3160537	3163182	-	2646	protein_coding	protein JINGUBANG-like && sp|O48716|JGB_ARATH Protein JINGUBANG OS=Arabidopsis thaliana OX=3702 GN=JGB PE=1 SV=1 && -	Dof
110685078	26.0249357385659	2.03109604622895	0.63601730367654	10.1755404510149	0.00142315976666473	0.0201049473079942	LOC110685078	NW_018743791.1	1242790	1249839	-	1362	protein_coding	MADS-box transcription factor 23-like%2C transcript variant X3 && sp|Q6EP49|MAD27_ORYSJ MADS-box transcription factor 27 OS=Oryza sativa subsp. japonica OX=39947 GN=MADS27 PE=2 SV=2 && PF00319:SRF-type transcription factor (DNA-binding and dimerisation domain)|PF01486:K-box region	MIKC_MADS
110737140	13.7650092810666	2.08234303948138	0.652472842633485	10.1721248653132	0.00142579860831847	0.0201349833673108	LOC110737140	NW_018743292.1	13595494	13603936	+	1552	protein_coding	C-Myc-binding protein homolog && sp|Q2TBP7|MYCBP_BOVIN c-Myc-binding protein OS=Bos taurus OX=9913 GN=MYCBP PE=3 SV=3 && -	-
110682544	6.12972280603024	7.8261571417301	2.32820969770173	10.1650843176146	0.00143125369523215	0.0201754097934443	LOC110682544	NW_018743574.1	8536452	8538062	+	1296	protein_coding	peroxidase 72-like && sp|Q9FJZ9|PER72_ARATH Peroxidase 72 OS=Arabidopsis thaliana OX=3702 GN=PER72 PE=1 SV=1 && PF00141:Peroxidase	NAC
110736382	11.5091293591067	3.52210641728058	1.09416159059171	10.1516593695732	0.00144171411728266	0.0202795266934248	LOC110736382	NW_018743292.1	2752329	2753329	+	1001	protein_coding	uncharacterized LOC110736382 && - && -	-
110730834	318.348733956421	3.9298040785348	1.20566256808577	10.1245931668079	0.00146303948192527	0.0205500534955834	LOC110730834	NW_018743050.1	577846	580187	+	1724	protein_coding	fasciclin-like arabinogalactan protein 2 && sp|Q9SU13|FLA2_ARATH Fasciclin-like arabinogalactan protein 2 OS=Arabidopsis thaliana OX=3702 GN=FLA2 PE=2 SV=1 && PF02469:Fasciclin domain	NF-YB
110709768	20.8047486047964	3.01435535113631	0.939229937676685	10.1217429102293	0.0014653036978232	0.0205597971149019	LOC110709768	NW_018745080.1	2389513	2396217	-	1437	protein_coding	two-component response regulator ORR9-like%2C transcript variant X1 && sp|Q4GZK2|ORR9_ORYSI Two-component response regulator ORR9 OS=Oryza sativa subsp. indica OX=39946 GN=RR9 PE=2 SV=1 && PF00072:Response regulator receiver domain	M-type_MADS
110738392	112.079783103382	2.99569516815106	0.930757289212755	10.1218518829787	0.00146521706573635	0.0205597971149019	LOC110738392	NW_018743389.1	1019622	1022126	-	830	protein_coding	two-component response regulator ORR9-like && sp|Q4GZK2|ORR9_ORYSI Two-component response regulator ORR9 OS=Oryza sativa subsp. indica OX=39946 GN=RR9 PE=2 SV=1 && PF00072:Response regulator receiver domain	M-type_MADS
110732264	3.52915285850787	7.64958928248326	2.42974466770543	10.1112733722481	0.00147365109431358	0.0206400497243143	LOC110732264	NW_018743175.1	190705	193902	-	1205	protein_coding	bidirectional sugar transporter SWEET7-like && sp|Q8LBF7|SWET7_ARATH Bidirectional sugar transporter SWEET7 OS=Arabidopsis thaliana OX=3702 GN=SWEET7 PE=1 SV=1 && PF03083:Sugar efflux transporter for intercellular exchange	DBB
110699680	93.4032728943379	1.18964126069672	0.374548637170076	10.0999377405973	0.00148274333593374	0.0207333326727209	LOC110699680	NW_018744593.1	3562522	3580253	+	2910	protein_coding	primary amine oxidase-like && sp|Q43077|AMO_PEA Primary amine oxidase OS=Pisum sativum OX=3888 PE=1 SV=1 && PF02727:Copper amine oxidase, N2 domain|PF01179:Copper amine oxidase, enzyme domain|PF02728:Copper amine oxidase, N3 domain	-
110700571	36.395541829055	1.28097823848965	0.403435742635814	10.0990238297425	0.00148347884832699	0.0207333326727209	LOC110700571	NW_018744626.1	3946615	3948871	-	2257	protein_coding	transcription factor TCP14-like && sp|Q93Z00|TCP14_ARATH Transcription factor TCP14 OS=Arabidopsis thaliana OX=3702 GN=TCP14 PE=1 SV=1 && PF03634:TCP family transcription factor	TCP
110733269	26.4879911851893	2.53354310396136	0.793196293317869	10.0994177674525	0.00148316176328388	0.0207333326727209	LOC110733269	NW_018743199.1	3767934	3769030	+	1097	protein_coding	uncharacterized LOC110733269 && - && PF05553:Cotton fibre expressed protein	-
110710724	42.0822847228167	1.22487969589624	0.386154458952634	10.0955757800168	0.0014862571553249	0.0207623870758262	LOC110710724	NW_018745177.1	983191	988634	+	2456	protein_coding	ABC transporter G family member 14-like && sp|Q9C6W5|AB14G_ARATH ABC transporter G family member 14 OS=Arabidopsis thaliana OX=3702 GN=ABCG14 PE=1 SV=1 && PF00005:ABC transporter|PF01061:ABC-2 type transporter	G2-like
110723036	137.401405605421	1.45110305403774	0.456809200941881	10.0856957416564	0.00149424732972924	0.020861562524158	LOC110723036	NW_018742720.1	353273	356082	-	1394	protein_coding	peroxidase 46-like && sp|O81772|PER46_ARATH Peroxidase 46 OS=Arabidopsis thaliana OX=3702 GN=PER46 PE=3 SV=1 && PF00141:Peroxidase	NAC
110686965	1496.69788196415	1.02159350279482	0.321978837092543	10.081948607027	0.00149728907392627	0.0208966004976213	LOC110686965	NW_018743906.1	2001667	2005267	+	837	protein_coding	30S ribosomal protein S20%2C chloroplastic && sp|P82130|RR20_SPIOL 30S ribosomal protein S20, chloroplastic OS=Spinacia oleracea OX=3562 GN=RPS20 PE=1 SV=2 && PF01649:Ribosomal protein S20	NAC
110704316	24.0889326630991	1.96738264200925	0.619856274828873	10.0658504926241	0.00151042825246923	0.021043248299903	LOC110704316	NW_018744830.1	422499	433463	+	4463	protein_coding	uncharacterized LOC110704316 && - && -	-
110695347	8.11396581918111	5.40091278567297	1.64389920441256	10.057051973546	0.00151765883666516	0.0211133600752217	LOC110695347	NW_018744290.1	20006	34737	+	2197	protein_coding	uncharacterized LOC110695347 && - && PF13962:Domain of unknown function|PF12796:Ankyrin repeats (3 copies)	FAR1
110690303	94.9302162931353	2.5084875422152	0.785891403265239	10.0522346751073	0.00152163251177384	0.0211611450548492	LOC110690303	NW_018744026.1	4684583	4686939	+	2117	protein_coding	early nodulin-like protein 2 && sp|Q9SK27|ENL1_ARATH Early nodulin-like protein 1 OS=Arabidopsis thaliana OX=3702 GN=At2g25060 PE=2 SV=2 && PF02298:Plastocyanin-like domain	HB-PHD
110693148	4159.20393793264	1.00072176155184	0.315969304521837	10.045696713349	0.00152704238169441	0.0212138434581834	LOC110693148	NW_018744143.1	184194	188242	-	954	protein_coding	50S ribosomal protein L24%2C chloroplastic && sp|P27683|RK24_SPIOL 50S ribosomal protein L24, chloroplastic OS=Spinacia oleracea OX=3562 GN=RPL24 PE=1 SV=2 && PF00467:KOW motif|PF17136:Ribosomal proteins 50S L24/mitochondrial 39S L24	-
110714527	351.860439811674	1.59548557011243	0.502856773142056	10.04592196423	0.00152685567309649	0.0212138434581834	LOC110714527	NW_018745454.1	3351007	3356314	+	2158	protein_coding	jasmonic acid-amido synthetase JAR1-like && sp|A0A1J6KGJ9|JAR4_NICAT Jasmonoyl--L-amino acid synthetase JAR4 OS=Nicotiana attenuata OX=49451 GN=JAR4 PE=1 SV=1 && PF03321:GH3 auxin-responsive promoter	ERF
110723834	291.219888656447	1.45528591098015	0.459087294185815	10.0408692334641	0.00153104940280806	0.0212544726746133	LOC110723834	NW_018742204.1	22402911	22404478	-	1568	protein_coding	mitochondrial uncoupling protein 5-like && sp|Q9SB52|PUMP4_ARATH Mitochondrial uncoupling protein 4 OS=Arabidopsis thaliana OX=3702 GN=PUMP4 PE=2 SV=1 && PF00153:Mitochondrial carrier protein	ERF
110686099	66.7288074197199	1.15270778419211	0.364127207274134	10.0367034619958	0.00153451573547369	0.0212875437934504	LOC110686099	NW_018743850.1	5974309	5979102	-	1578	protein_coding	probable 6-phosphogluconolactonase 2%2C transcript variant X2 && sp|A2YNH4|6PGL2_ORYSI Probable 6-phosphogluconolactonase 2 OS=Oryza sativa subsp. indica OX=39946 GN=OsI_025867 PE=3 SV=1 && PF01182:Glucosamine-6-phosphate isomerases/6-phosphogluconolactonase	-
110715484	75.6956069870919	1.80249329909678	0.568279621725167	10.0327565595313	0.00153780728023324	0.0213181451876456	LOC110715484	NW_018745523.1	888161	892694	-	2713	protein_coding	probable galactinol--sucrose galactosyltransferase 2 && sp|Q94A08|RFS2_ARATH Probable galactinol--sucrose galactosyltransferase 2 OS=Arabidopsis thaliana OX=3702 GN=RFS2 PE=2 SV=2 && PF05691:Raffinose synthase or seed imbibition protein Sip1	-
110724554	31.8930109338901	2.56144346971192	0.803987699736437	10.0306794112369	0.00153954240238097	0.0213331994450351	LOC110724554	NW_018742770.1	4437660	4438561	+	687	lncRNA	uncharacterized LOC110724554 && - && -	-
110723597	36.7865690295231	2.20316507215325	0.693671616855287	10.0150515993286	0.00155266065704085	0.0214483439971739	LOC110723597	NW_018742733.1	3805048	3807767	+	987	protein_coding	photosystem I chlorophyll a/b-binding protein 5%2C chloroplastic-like && sp|Q9C639|LHCA5_ARATH Photosystem I chlorophyll a/b-binding protein 5, chloroplastic OS=Arabidopsis thaliana OX=3702 GN=LHCA5 PE=1 SV=1 && PF00504:Chlorophyll A-B binding protein	ERF
110722828	2.69202373146927	4.82939347594195	1.5803873032344	10.014054492782	0.00155350147753767	0.0214524133359131	LOC110722828	NW_018742684.1	3169678	3171135	+	1079	protein_coding	inorganic pyrophosphatase 1-like && sp|Q9FZ62|PPSP2_ARATH Inorganic pyrophosphatase 2 OS=Arabidopsis thaliana OX=3702 GN=At1g17710 PE=2 SV=1 && PF06888:Putative Phosphatase	TALE
110736638	3.67023567394634	3.30316724358428	1.05026535762785	10.0078983690911	0.00155870291622114	0.0215166747376988	LOC110736638	NW_018743292.1	5709471	5719752	+	2885	protein_coding	SNF1-related protein kinase catalytic subunit alpha KIN10-like%2C transcript variant X2 && sp|P92958|KIN11_ARATH SNF1-related protein kinase catalytic subunit alpha KIN11 OS=Arabidopsis thaliana OX=3702 GN=KIN11 PE=1 SV=1 && PF00069:Protein kinase domain	YABBY
110685747	33.138619982421	1.72641223302242	0.545545975297842	10.0031571748162	0.00156272087235833	0.0215569851844499	LOC110685747	NW_018743850.1	99150	102826	-	2747	protein_coding	beta-glucosidase BoGH3B-like && sp|A7LXU3|BGH3B_BACO1 Beta-glucosidase BoGH3B OS=Bacteroides ovatus (strain ATCC 8483 / DSM 1896 / JCM 5824 / NCTC 11153) OX=411476 GN=BACOVA_02659 PE=1 SV=1 && PF01915:Glycosyl hydrolase family 3 C-terminal domain|PF00933:Glycosyl hydrolase family 3 N terminal domain	C2H2
110697367	47.8393269056872	1.11464749023616	0.352841561519489	10.0003505493129	0.00156510430695906	0.021582282811518	LOC110697367	NW_018744460.1	1667665	1669098	+	1434	protein_coding	uncharacterized LOC110697367 && sp|P0DO24|PSI3_ARATH Protein PSK SIMULATOR 3 OS=Arabidopsis thaliana OX=3702 GN=PSI3 PE=1 SV=1 && PF11961:Domain of unknown function (DUF3475)|PF05003:Protein of unknown function (DUF668)	-
110686066	1011.70396386719	1.33884351127991	0.423332675413101	9.99959256079592	0.00156574863507153	0.021583589380542	LOC110686066	NW_018743850.1	5370899	5371974	-	883	protein_coding	photosystem I reaction center subunit II%2C chloroplastic && sp|P12353|PSAD_SPIOL Photosystem I reaction center subunit II, chloroplastic OS=Spinacia oleracea OX=3562 GN=psaD PE=1 SV=2 && PF02531:PsaD	-
110682503	769.456237083793	1.00260470502846	0.317358389818322	9.99581836037601	0.00156896089572475	0.0216051196556094	LOC110682503	NW_018743574.1	8181933	8185499	+	1350	protein_coding	putative glucose-6-phosphate 1-epimerase && sp|Q40784|AAPC_CENCI Putative glucose-6-phosphate 1-epimerase OS=Cenchrus ciliaris OX=35872 PE=2 SV=1 && PF01263:Aldose 1-epimerase	NAC
110726190	184.689482360042	1.58411701701808	0.500704416021354	9.99452336238141	0.00157006461921185	0.0216127401998973	LOC110726190	NW_018742864.1	1895871	1904614	-	2302	protein_coding	glucomannan 4-beta-mannosyltransferase 9-like && sp|Q9LZR3|CSLA9_ARATH Glucomannan 4-beta-mannosyltransferase 9 OS=Arabidopsis thaliana OX=3702 GN=CSLA9 PE=1 SV=1 && PF13641:Glycosyltransferase like family 2	C2H2
110699524	69.8183822980924	1.21910429360876	0.385950505749194	9.99189052592567	0.00157231100441868	0.0216209278979464	LOC110699524	NW_018744589.1	413020	429511	-	1729	protein_coding	glutathione S-transferase L3-like%2C transcript variant X1 && sp|Q9M2W2|GSTL2_ARATH Glutathione S-transferase L2, chloroplastic OS=Arabidopsis thaliana OX=3702 GN=GSTL2 PE=2 SV=1 && PF13417:Glutathione S-transferase, N-terminal domain|PF16865:Glutathione S-transferase, C-terminal domain	-
110719967	1065.74855027506	1.15635241355463	0.36597434898218	9.99192175551877	0.00157228433967776	0.0216209278979464	LOC110719967	NW_018742523.1	1769877	1770701	-	825	protein_coding	50S ribosomal protein 6%2C chloroplastic-like && sp|P82411|PSRP6_SPIOL 50S ribosomal protein 6, chloroplastic OS=Spinacia oleracea OX=3562 GN=PSRP6 PE=1 SV=1 && PF17257:Family of unknown function (DUF5323)	-
110725548	1.72756615463981	7.01091308710291	2.28926096770352	9.98686574843909	0.0015766072778426	0.0216648347175342	LOC110725548	NW_018742205.1	1924583	1925883	+	1170	protein_coding	uncharacterized LOC110725548 && - && -	ERF
110694144	1.67263902854876	6.23394381425018	2.14054197551042	9.98175693356791	0.00158098759602483	0.0217022460184143	LOC110694144	NW_018744239.1	2700365	2701947	+	1249	protein_coding	uncharacterized LOC110694144 && - && -	-
110719839	24.6648271083027	2.2050365994488	0.69570728612781	9.97936614174171	0.00158304170258973	0.0217228500299812	LOC110719839	NW_018742493.1	143081	146420	-	1651	protein_coding	palmitoyl-acyl carrier protein thioesterase%2C chloroplastic-like && sp|Q9SQI3|FATB_GOSHI Palmitoyl-acyl carrier protein thioesterase, chloroplastic OS=Gossypium hirsutum OX=3635 GN=FATB1 PE=1 SV=1 && PF01643:Acyl-ACP thioesterase	-
110716380	74.0109054205257	1.59172645768269	0.503483110527223	9.97629233685717	0.00158568660889073	0.0217363595779984	LOC110716380	NW_018742441.1	896104	900643	+	1397	protein_coding	annexin D3-like%2C transcript variant X1 && sp|Q9SE45|ANXD3_ARATH Annexin D3 OS=Arabidopsis thaliana OX=3702 GN=ANN3 PE=2 SV=2 && PF00191:Annexin	MYB
110707659	9.06561696041568	3.21092337580645	1.0104850298634	9.97058191367341	0.00159061212517873	0.0217674830871617	LOC110707659	NW_018745003.1	5189796	5190901	-	1106	protein_coding	uncharacterized LOC110707659 && - && -	-
110734528	19.2610647883563	1.57020770630063	0.498342739393307	9.97164971107293	0.00158968992168563	0.0217674830871617	LOC110734528	NW_018743212.1	5568477	5573827	+	2339	protein_coding	myb family transcription factor PHL5-like && sp|Q0WVU3|PHL5_ARATH Myb family transcription factor PHL5 OS=Arabidopsis thaliana OX=3702 GN=PHL5 PE=2 SV=1 && PF00249:Myb-like DNA-binding domain|PF14379:MYB-CC type transfactor, LHEQLE motif	G2-like
110682018	12.6864187090766	2.42832605713951	0.768149588561036	9.96419475680864	0.00159613972137514	0.0218111326644279	LOC110682018	NW_018743574.1	2576254	2578642	-	1487	protein_coding	uncharacterized LOC110682018 && - && PF04720:PDDEXK-like family of unknown function	-
110713648	119.285384208929	1.19176203863714	0.377855224051037	9.95461262065345	0.00160446884319698	0.0218868721357677	LOC110713648	NW_018745448.1	7626944	7629320	+	1938	protein_coding	two-component response regulator ARR17-like%2C transcript variant X1 && sp|O82798|ARR4_ARATH Two-component response regulator ARR4 OS=Arabidopsis thaliana OX=3702 GN=ARR4 PE=1 SV=1 && PF00072:Response regulator receiver domain	M-type_MADS
110719643	134.482676056365	1.15471000090745	0.366486042231115	9.94232043861706	0.00161521813272189	0.0219953057303699	LOC110719643	NW_018742204.1	15341431	15347416	+	1624	pseudogene	- && - && -	-
110726909	5.86434700396241	3.62129435295906	1.14997769337718	9.94236003071285	0.00161518339330725	0.0219953057303699	LOC110726909	NW_018742205.1	199432	202378	+	2254	protein_coding	cell division cycle 20.2%2C cofactor of APC complex-like && sp|Q9S7I8|CDC22_ARATH Cell division cycle 20.2, cofactor of APC complex OS=Arabidopsis thaliana OX=3702 GN=CDC20-2 PE=1 SV=1 && PF00400:WD domain, G-beta repeat|PF12894:Anaphase-promoting complex subunit 4 WD40 domain	G2-like
110713424	238.318993675586	1.2512061894715	0.397001162070576	9.94031410563974	0.0016169795470127	0.0220116595320034	LOC110713424	NW_018745413.1	1997366	1998475	-	1110	protein_coding	preprotein translocase subunit SECE1-like && sp|O23342|SECE1_ARATH Preprotein translocase subunit SECE1 OS=Arabidopsis thaliana OX=3702 GN=SECE1 PE=1 SV=1 && -	Dof
110728603	2489.27120604446	1.32796187681094	0.421259284451483	9.93539374298996	0.00162130750911078	0.0220476488245525	LOC110728603	NW_018742951.1	7185986	7188394	-	1439	protein_coding	uncharacterized protein ycf23-like && sp|P51373|YCF23_PORPU Uncharacterized protein ycf23 OS=Porphyra purpurea OX=2787 GN=ycf23 PE=3 SV=1 && PF04481:Protein of unknown function (DUF561)	bHLH
110719798	27.5540293500724	2.86030134563938	0.901768809514616	9.93347649892735	0.00162299709674347	0.0220629854553154	LOC110719798	NW_018742487.1	241831	243845	-	1180	protein_coding	photosystem I chlorophyll a/b-binding protein 3-1%2C chloroplastic && sp|Q9SY97|LHCA3_ARATH Photosystem I chlorophyll a/b-binding protein 3-1, chloroplastic OS=Arabidopsis thaliana OX=3702 GN=LHCA3 PE=1 SV=1 && PF00504:Chlorophyll A-B binding protein	ERF
110698442	46.9028742140768	1.71445832525504	0.543817828716751	9.9235840252702	0.00163174331032542	0.0221661008177681	LOC110698442	NW_018744537.1	262773	263834	-	1062	protein_coding	uncharacterized LOC110698442 && - && -	-
110702851	66.5006181165389	1.42508175097572	0.452805422502246	9.92211610462988	0.00163304520222966	0.0221688849730955	LOC110702851	NW_018742393.1	1043397	1046079	+	1331	protein_coding	uncharacterized LOC110702851 && - && PF03350:Uncharacterized protein family, UPF0114	-
110704968	278.675057950735	1.09160511154882	0.346876986506252	9.91576411377508	0.00163869089242816	0.0222273831367577	LOC110704968	NW_018744874.1	513349	514712	-	1364	protein_coding	probable carboxylesterase 2 && sp|Q9SX78|CXE2_ARATH Probable carboxylesterase 2 OS=Arabidopsis thaliana OX=3702 GN=CXE2 PE=2 SV=1 && PF07859:alpha/beta hydrolase fold	NAC
110699442	1.72120705562518	6.41499576036412	2.08274826723019	9.91160676254479	0.0016423966744612	0.0222650481864393	LOC110699442	NW_018744582.1	481391	482820	-	868	protein_coding	non-classical arabinogalactan protein 30-like && - && PF01190:Pollen proteins Ole e I like	-
110684195	10.1822068993412	2.76148632832521	0.874731019395639	9.90588155015919	0.00164751391802355	0.022319011418606	LOC110684195	NW_018743697.1	2434457	2437225	-	2255	protein_coding	uncharacterized LOC110684195 && - && PF04646:Protein of unknown function, DUF604	HSF
110695989	206.57308149923	2.35882553319876	0.745196144005677	9.90014655125361	0.00165265610320791	0.022342431373936	LOC110695989	NW_018744311.1	1032068	1032764	+	697	protein_coding	histone H3.2 && sp|P59226|H32_ARATH Histone H3.2 OS=Arabidopsis thaliana OX=3702 GN=HTR2 PE=1 SV=2 && PF00125:Core histone H2A/H2B/H3/H4	B3
110728206	1950.16515390293	1.40032277290292	0.444883438639576	9.90028850653869	0.00165252862547175	0.022342431373936	LOC110728206	NW_018742914.1	8731985	8733173	+	988	protein_coding	ribulose bisphosphate carboxylase small chain 3%2C chloroplastic-like && sp|Q08183|RBS3_MESCR Ribulose bisphosphate carboxylase small subunit, chloroplastic 3 OS=Mesembryanthemum crystallinum OX=3544 GN=RBCS3 PE=2 SV=1 && PF00101:Ribulose bisphosphate carboxylase, small chain|PF12338:Ribulose-1,5-bisphosphate carboxylase small subunit	M-type_MADS
110701980	4.06059121002126	3.88012486618569	1.23264915874003	9.89174442576811	0.00166021909651979	0.0224292344608262	LOC110701980	NW_018744662.1	1992649	1995996	+	2606	protein_coding	two-pore potassium channel 3-like && sp|Q9FL25|KCO2_ARATH Two-pore potassium channel 2 OS=Arabidopsis thaliana OX=3702 GN=TPK2 PE=2 SV=1 && PF07885:Ion channel	C3H
110688677	15.0212169258478	1.83736720321717	0.58385619596745	9.89082592201046	0.00166104799121716	0.0224327158731333	LOC110688677	NW_018743937.1	101785	116632	-	2523	protein_coding	protein NLP3-like%2C transcript variant X1 && sp|Q84TH9|NLP7_ARATH Protein NLP7 OS=Arabidopsis thaliana OX=3702 GN=NLP7 PE=1 SV=2 && PF00564:PB1 domain|PF02042:RWP-RK domain	Nin-like
110720851	242.248060910516	1.35883650756198	0.432247089236937	9.88536763420677	0.00166598242556995	0.0224689802561178	LOC110720851	NW_018742577.1	645592	647507	+	1669	protein_coding	zinc finger protein CONSTANS-LIKE 4-like && sp|Q940T9|COL4_ARATH Zinc finger protein CONSTANS-LIKE 4 OS=Arabidopsis thaliana OX=3702 GN=COL4 PE=2 SV=2 && PF06203:CCT motif|PF00643:B-box zinc finger	CO-like
110710396	64.2571461275469	2.86335627728212	0.902274887580374	9.87633111046148	0.00167418434684836	0.0225349872352048	LOC110710396	NW_018745170.1	1510827	1511542	+	716	protein_coding	calmodulin-like protein 2 && sp|Q9MBG5|CML45_ARATH Probable calcium-binding protein CML45 OS=Arabidopsis thaliana OX=3702 GN=CML45 PE=2 SV=1 && PF13499:EF-hand domain pair	Dof
110703307	70.3725386634619	1.42867175834307	0.455031779403002	9.86729788227586	0.00168242416691481	0.0226104759962808	LOC110703307	NW_018744718.1	1741505	1742952	-	1448	protein_coding	stress-response A/B barrel domain-containing protein UP3-like && sp|Q9SIP1|UP3_ARATH Stress-response A/B barrel domain-containing protein UP3 OS=Arabidopsis thaliana OX=3702 GN=UP3 PE=1 SV=1 && PF07876:Stress responsive A/B Barrel Domain	MYB
110737521	1.90907899939818	8.30820496770734	2.75823890304109	9.86767030184865	0.00168208364709024	0.0226104759962808	LOC110737521	NW_018743331.1	9273783	9276184	+	2402	protein_coding	protein NUCLEAR FUSION DEFECTIVE 4-like && - && PF06813:Nodulin-like	NF-YC
110682447	36.8682203112844	1.30707273030433	0.416569359687273	9.86551749093229	0.00168405302340215	0.022617017537141	LOC110682447	NW_018743574.1	7508567	7512233	-	2736	protein_coding	beta-glucosidase BoGH3B-like && sp|A7LXU3|BGH3B_BACO1 Beta-glucosidase BoGH3B OS=Bacteroides ovatus (strain ATCC 8483 / DSM 1896 / JCM 5824 / NCTC 11153) OX=411476 GN=BACOVA_02659 PE=1 SV=1 && PF00933:Glycosyl hydrolase family 3 N terminal domain|PF01915:Glycosyl hydrolase family 3 C-terminal domain	C2H2
110701783	6.73542219562249	5.54396177733553	1.70747090856065	9.86504570608969	0.00168448492083969	0.022617017537141	LOC110701783	NW_018744662.1	389536	390993	+	1104	protein_coding	uncharacterized acetyltransferase At3g50280-like && sp|Q9FF86|DCR_ARATH BAHD acyltransferase DCR OS=Arabidopsis thaliana OX=3702 GN=DCR PE=2 SV=1 && PF02458:Transferase family	NAC
110730560	179.922161378058	2.68732466717206	0.848683546470361	9.85234195493763	0.00169615691576629	0.0227503997789923	LOC110730560	NW_018743033.1	1843413	1850506	+	1829	protein_coding	cytochrome P450 87A3-like%2C transcript variant X2 && sp|Q7XU38|C87A3_ORYSJ Cytochrome P450 87A3 OS=Oryza sativa subsp. japonica OX=39947 GN=CYP87A3 PE=2 SV=3 && PF00067:Cytochrome P450	FAR1
110736870	58.8769717074643	1.14658866713722	0.365863749232309	9.84526862984529	0.00170269124920547	0.0227991112956177	LOC110736870	NW_018743292.1	8638578	8642322	-	2037	protein_coding	cinnamoyl-CoA reductase 1-like%2C transcript variant X1 && sp|A0A0B6VQ48|PAR1_ROSHC Phenylacetaldehyde reductase OS=Rosa hybrid cultivar OX=128735 GN=PAR PE=1 SV=1 && PF01370:NAD dependent epimerase/dehydratase family	NAC
110685087	274.425380536445	1.28310281509031	0.409221600198095	9.83366561023115	0.00171346539670948	0.0228876446946193	LOC110685087	NW_018743791.1	1365786	1367383	+	702	protein_coding	costars family protein-like && sp|A2XKU9|COSA_ORYSI Costars family protein OS=Oryza sativa subsp. indica OX=39946 GN=OsI_012692 PE=3 SV=1 && -	-
110705756	102.812379353681	1.20454121728615	0.384418596631791	9.83250361661533	0.00171454818046928	0.0228876446946193	LOC110705756	NW_018744878.1	5604576	5609005	-	1813	protein_coding	GDSL esterase/lipase 7-like && sp|Q8LFJ9|GLIP7_ARATH GDSL esterase/lipase 7 OS=Arabidopsis thaliana OX=3702 GN=GLIP7 PE=2 SV=1 && PF00657:GDSL-like Lipase/Acylhydrolase	ERF
110685805	28.6091939220286	1.33902286048583	0.42772456041332	9.82249904361043	0.00172389949850763	0.0229734323056974	LOC110685805	NW_018743850.1	666367	672921	+	3951	protein_coding	U-box domain-containing protein 5-like%2C transcript variant X1 && sp|Q9C7G1|PUB45_ARATH U-box domain-containing protein 45 OS=Arabidopsis thaliana OX=3702 GN=PUB45 PE=1 SV=1 && PF04564:U-box domain	bHLH
110717077	121.275105482403	1.51730865756556	0.483962509370816	9.81612988109396	0.00172987968868357	0.0230309775868537	LOC110717077	NW_018745651.1	241035	243017	+	1790	protein_coding	glucan endo-1%2C3-beta-glucosidase 12-like && sp|Q9FJU9|E1313_ARATH Glucan endo-1,3-beta-glucosidase 13 OS=Arabidopsis thaliana OX=3702 GN=At5g56590 PE=2 SV=1 && PF07983:X8 domain|PF00332:Glycosyl hydrolases family 17	C2H2
110705059	1.60995844837793	5.61468530970433	1.91191615760175	9.81260809751981	0.00173319541334853	0.0230519875971245	LOC110705059	NW_018744874.1	1362632	1364609	+	757	protein_coding	organ-specific protein S2-like && - && PF10950:Organ specific protein	-
110722840	179.940790533161	2.74637136539676	0.868602227745885	9.81203709385915	0.00173373361406578	0.0230519875971245	LOC110722840	NW_018742684.1	3312563	3317034	+	2164	protein_coding	ent-kaurenoic acid oxidase 1-like%2C transcript variant X1 && sp|O23051|KAO1_ARATH Ent-kaurenoic acid oxidase 1 OS=Arabidopsis thaliana OX=3702 GN=KAO1 PE=1 SV=1 && PF00067:Cytochrome P450	FAR1
110688381	232.628213549388	1.20387125899877	0.384507761559589	9.81045830951211	0.00173522258219777	0.0230553532728001	LOC110688381	NW_018743920.1	7982480	7983648	+	1063	protein_coding	uncharacterized LOC110688381 && - && -	-
110683329	14.7071805265069	1.8087327290451	0.578227214146359	9.79934581656877	0.00174573961414666	0.0231475597682481	LOC110683329	NW_018743669.1	2514952	2515509	+	558	protein_coding	transcription repressor OFP7-like && sp|Q3EAL1|OFP6_ARATH Transcription repressor OFP6 OS=Arabidopsis thaliana OX=3702 GN=OFP6 PE=1 SV=1 && PF04844:Transcriptional repressor, ovate	E2F/DP
110694646	231.46719866616	1.06847836330847	0.34155915443974	9.80043882714193	0.00174470231456116	0.0231475597682481	LOC110694646	NW_018744240.1	249651	255526	+	1176	protein_coding	ABC transporter I family member 11%2C chloroplastic-like%2C transcript variant X1 && sp|Q8LEF6|AB11I_ARATH ABC transporter I family member 11, chloroplastic OS=Arabidopsis thaliana OX=3702 GN=ABCI11 PE=2 SV=1 && PF00005:ABC transporter	HSF
110702169	23.4634568423912	2.16081831049209	0.689009675510977	9.79927500271026	0.00174580684015866	0.0231475597682481	LOC110702169	NW_018744676.1	45599	51834	-	4605	pseudogene	- && sp|B6TTV8|WTF1_MAIZE Protein WHAT'S THIS FACTOR 1, chloroplastic OS=Zea mays OX=4577 GN=WTF1 PE=1 SV=1 && -	HD-ZIP
110724364	2.87171058725531	6.68734577647888	2.07184201191944	9.80012909624021	0.00174499619498037	0.0231475597682481	LOC110724364	NW_018742763.1	4490028	4491727	-	1302	protein_coding	transcription factor bHLH54-like && sp|Q84WK0|RSL2_ARATH Transcription factor RSL2 OS=Arabidopsis thaliana OX=3702 GN=RSL2 PE=2 SV=1 && PF00010:Helix-loop-helix DNA-binding domain	bHLH
110726496	13.1287162208857	2.66120720266327	0.848507447483725	9.80116527701401	0.0017440132375096	0.0231475597682481	LOC110726496	NW_018742879.1	3057292	3061832	-	2254	protein_coding	probable WRKY transcription factor 61 && sp|A0A3Q7GFB5|WK72A_SOLLC WRKY transcription factor 72A OS=Solanum lycopersicum OX=4081 GN=WRKY72A PE=2 SV=1 && PF03106:WRKY DNA -binding domain	WRKY
110736660	133.167440566674	1.31068982804723	0.418762219207043	9.79719679758483	0.00174778091977433	0.0231659129471135	LOC110736660	NW_018743292.1	5952226	5962789	-	3114	protein_coding	uncharacterized protein At5g08430-like && sp|Q9FT92|Y5843_ARATH Uncharacterized protein At5g08430 OS=Arabidopsis thaliana OX=3702 GN=At5g08430 PE=1 SV=2 && PF02201:SWIB/MDM2 domain|PF03126:Plus-3 domain	C3H
110712563	38.3198448173204	1.84577603269024	0.589400978571881	9.79555710830573	0.00174934005099221	0.0231748532561188	LOC110712563	NW_018745323.1	381433	386882	-	2206	protein_coding	ELMO domain-containing protein B-like && sp|Q54YW1|ELMOA_DICDI ELMO domain-containing protein A OS=Dictyostelium discoideum OX=44689 GN=elmoA PE=1 SV=1 && PF04727:ELMO/CED-12 family	bZIP
110720626	75.918309497737	1.29977818437356	0.415351400454991	9.79359786757374	0.00175120488232396	0.0231748532561188	LOC110720626	NW_018742564.1	348446	349543	+	1098	protein_coding	protein GLUTAMINE DUMPER 4-like && sp|Q8S8A0|GDU4_ARATH Protein GLUTAMINE DUMPER 4 OS=Arabidopsis thaliana OX=3702 GN=GDU4 PE=2 SV=1 && -	-
110730972	3.27651417981405	3.31621060706101	1.06935672557275	9.79368569250215	0.00175112124628207	0.0231748532561188	LOC110730972	NW_018743051.1	423243	446074	-	5715	protein_coding	serine/threonine-protein phosphatase 6 regulatory ankyrin repeat subunit B-like%2C transcript variant X1 && sp|Q8LPS2|ACD6_ARATH Protein ACCELERATED CELL DEATH 6 OS=Arabidopsis thaliana OX=3702 GN=ACD6 PE=1 SV=1 && -	NAC
110715286	5.3224019125992	2.39565913442245	0.768494072430153	9.78520145619694	0.00175921954062885	0.0232547388149165	LOC110715286	NW_018745521.1	78754	81485	+	1177	protein_coding	expansin-A4-like && sp|Q38865|EXPA6_ARATH Expansin-A6 OS=Arabidopsis thaliana OX=3702 GN=EXPA6 PE=2 SV=2 && PF03330:Lytic transglycolase|PF01357:Pollen allergen	bZIP
110713869	458.233817862539	1.43092597849574	0.457486746963215	9.77481167565486	0.00176918841282307	0.023363131352363	LOC110713869	NW_018745448.1	1924724	1929087	-	1052	protein_coding	thiosulfate sulfurtransferase 16%2C chloroplastic-like && sp|Q38853|STR15_ARATH Rhodanese-like domain-containing protein 15, chloroplastic OS=Arabidopsis thaliana OX=3702 GN=STR15 PE=2 SV=1 && PF00581:Rhodanese-like domain	-
110735128	245.709141377315	1.61743286689681	0.516913116921385	9.76705794531432	0.00177666531160654	0.0234380170583553	LOC110735128	NW_018743252.1	6933837	6934362	-	526	protein_coding	histone H4 && sp|P62785|H41_WHEAT Histone H4 variant TH011 OS=Triticum aestivum OX=4565 PE=3 SV=2 && PF15511:Centromere kinetochore component CENP-T histone fold	CO-like
110735743	390.845786000545	3.00542383408987	0.95015062982723	9.7639905256745	0.00177963204750735	0.0234613928841075	LOC110735743	NW_018743285.1	3102460	3104260	-	1525	protein_coding	extensin-1-like && - && -	-
110683401	232.414246899199	1.22632820765311	0.392690550923399	9.75788263953461	0.00178555441037555	0.0235157875112941	LOC110683401	NW_018743669.1	565095	566468	+	805	protein_coding	uncharacterized LOC110683401 && - && -	-
110685489	2.20814562396521	5.63016161911109	1.91003470085269	9.75514787153938	0.00178821258105564	0.0235350109570369	LOC110685489	NW_018743815.1	25684	26662	-	703	protein_coding	uncharacterized LOC110685489 && - && -	-
110725821	43.9690155268248	2.01020555573483	0.642056218605998	9.75383965558547	0.00178948557325144	0.0235438750145072	LOC110725821	NW_018742815.1	4278757	4283926	-	4959	protein_coding	probable NAD(P)H dehydrogenase subunit CRR3%2C chloroplastic && - && -	-
110690504	705.48956240035	1.10060249975571	0.352670717347388	9.75078152048491	0.0017924649517999	0.0235672835795238	LOC110690504	NW_018744041.1	1800980	1802485	-	1101	protein_coding	ATP synthase delta chain%2C chloroplastic-like && sp|P11402|ATPD_SPIOL ATP synthase delta chain, chloroplastic OS=Spinacia oleracea OX=3562 GN=ATPD PE=1 SV=2 && PF00213:ATP synthase delta (OSCP) subunit	-
110691809	41.2565489504631	1.41644936606147	0.454270108811916	9.74818670753132	0.00179499688222047	0.0235926748846869	LOC110691809	NW_018744092.1	1963715	1968298	-	1465	pseudogene	- && sp|Q9S7T8|SPZX_ARATH Serpin-ZX OS=Arabidopsis thaliana OX=3702 GN=At1g47710 PE=1 SV=1 && PF00079:Serpin (serine protease inhibitor)	B3
110730230	3430.62709099302	1.07303572929205	0.344131631224137	9.73412445360589	0.00180878153433843	0.0237341387230448	LOC110730230	NW_018742205.1	4965874	4970530	+	1330	protein_coding	2-Cys peroxiredoxin BAS1%2C chloroplastic-like%2C transcript variant X1 && sp|Q96291|BAS1A_ARATH 2-Cys peroxiredoxin BAS1, chloroplastic OS=Arabidopsis thaliana OX=3702 GN=BAS1 PE=1 SV=2 && PF00578:AhpC/TSA family|PF10417:C-terminal domain of 1-Cys peroxiredoxin	-
110695418	71.4035780965439	1.02162021381864	0.327910882544	9.73069020368615	0.00181216425776308	0.0237467890874639	LOC110695418	NW_018744297.1	1260922	1262041	-	1120	protein_coding	uncharacterized LOC110695418 && - && -	-
110706369	5.86207181870884	3.9830169106181	1.26638698805804	9.70289823135616	0.00183977621557161	0.0239991876651916	LOC110706369	NW_018744955.1	769481	771527	-	1518	protein_coding	trans-resveratrol di-O-methyltransferase-like && sp|B6VJS4|ROMT_VITVI Trans-resveratrol di-O-methyltransferase OS=Vitis vinifera OX=29760 GN=ROMT PE=1 SV=2 && PF08100:Dimerisation domain|PF00891:O-methyltransferase domain	-
110721665	276.549573014102	1.5515186923209	0.497856438598509	9.69729397556586	0.00184539563005625	0.0240618268855242	LOC110721665	NW_018742616.1	3638001	3639208	+	1208	protein_coding	thioredoxin-like protein CDSP32%2C chloroplastic && sp|Q9SGS4|CDSP_ARATH Thioredoxin-like protein CDSP32, chloroplastic OS=Arabidopsis thaliana OX=3702 GN=CDSP32 PE=1 SV=1 && PF00085:Thioredoxin	-
110696304	155.73655635312	1.83442375574892	0.587933076175893	9.69570349630442	0.00184699357815971	0.0240734599786211	LOC110696304	NW_018744348.1	601342	606980	-	1395	protein_coding	probable plastid-lipid-associated protein 8%2C chloroplastic && sp|Q941D3|PAP8_ARATH Probable plastid-lipid-associated protein 8, chloroplastic OS=Arabidopsis thaliana OX=3702 GN=PAP8 PE=1 SV=1 && PF04755:PAP_fibrillin	-
110737885	13.4162600139889	2.17326304201129	0.698148694656744	9.69518603455447	0.00184751377219881	0.0240734599786211	LOC110737885	NW_018742244.1	3021477	3022298	+	822	protein_coding	uncharacterized LOC110737885 && - && -	-
110687842	27.9309323518096	1.78940764769861	0.574601484591088	9.69381985076745	0.00184888788334863	0.0240833744088725	LOC110687842	NW_018743920.1	1710450	1713232	+	2121	protein_coding	cytochrome P450 71A3-like && sp|A0A068Q6L2|C7317_PRUMU Cytochrome P450 736A117 OS=Prunus mume OX=102107 GN=CYP736A117 PE=2 SV=1 && PF00067:Cytochrome P450	HSF
110694632	51.2425640220199	1.32371546828753	0.425452361291618	9.69049781708287	0.00185223351672778	0.0241044709638247	LOC110694632	NW_018744240.1	92091	93350	+	1260	protein_coding	uncharacterized LOC110694632 && - && -	SBP
110707092	207.229409316991	1.24964873668558	0.401656305263235	9.68522857093654	0.00185755278563545	0.0241401954170288	LOC110707092	NW_018744991.1	3753913	3754917	+	1005	protein_coding	uncharacterized LOC110707092 && - && -	NAC
110702058	3.26926922717537	6.96110109016535	2.11646769538294	9.68279187350767	0.00186001784841036	0.0241490461406642	LOC110702058	NW_018742393.1	84106	85620	+	1245	protein_coding	MLP-like protein 34 && - && -	-
110694938	5.57391806512494	2.87658076992839	0.927585260220454	9.66586838402276	0.00187723007440271	0.0243315038653523	LOC110694938	NW_018744284.1	3190408	3196062	-	1963	pseudogene	- && sp|A2CIR5|NPR4_ORYSJ Ankyrin repeat-containing protein NPR4 OS=Oryza sativa subsp. japonica OX=39947 GN=NPR4 PE=2 SV=1 && -	GRAS
110705159	67.3923672464279	1.12939686141615	0.363889105434275	9.66458222668598	0.00187854475779026	0.0243405108125031	LOC110705159	NW_018744874.1	2285943	2291802	-	2759	protein_coding	protein DETOXIFICATION 46%2C chloroplastic-like%2C transcript variant X2 && sp|Q8W4G3|DTX46_ARATH Protein DETOXIFICATION 46, chloroplastic OS=Arabidopsis thaliana OX=3702 GN=DTX46 PE=2 SV=1 && PF01554:MatE	-
110721895	1214.4769429681	1.16573127095978	0.375246424351717	9.65876151678151	0.00188450624585868	0.0244097011192638	LOC110721895	NW_018742630.1	3238273	3240840	+	872	protein_coding	50S ribosomal protein L35%2C chloroplastic && sp|P23326|RK35_SPIOL 50S ribosomal protein L35, chloroplastic OS=Spinacia oleracea OX=3562 GN=RPL35 PE=1 SV=1 && PF01632:Ribosomal protein L35	-
110729949	4.93167435793454	4.07318254250343	1.29893586082289	9.65319908868858	0.00189022112410153	0.0244445154332474	LOC110729949	NW_018743014.1	1686001	1689283	-	1898	pseudogene	- && - && -	-
110695656	147.839906712146	1.507311193337	0.485031270697969	9.64841753860486	0.00189514776218898	0.0244909964015952	LOC110695656	NW_018744304.1	3987180	4003777	-	9727	protein_coding	uncharacterized protein PF11_0213%2C transcript variant X1 && - && -	-
110702533	4.03782149607715	3.49988322974345	1.12933413759988	9.64644199143115	0.00189718705187987	0.0245092852264731	LOC110702533	NW_018744693.1	1957578	1958848	+	1271	protein_coding	putative elongation of fatty acids protein DDB_G0272012 && sp|Q86JM5|Y2012_DICDI Putative elongation of fatty acids protein DDB_G0272012 OS=Dictyostelium discoideum OX=44689 GN=DDB_G0272012 PE=3 SV=1 && PF01151:GNS1/SUR4 family	-
110728947	1945.73740449694	1.00060535997709	0.322430891931627	9.64489416443359	0.00189878637468462	0.0245138189654797	LOC110728947	NW_018742966.1	387652	391275	-	1403	protein_coding	auxin-responsive protein IAA14-like && sp|P13089|AUX28_SOYBN Auxin-induced protein AUX28 OS=Glycine max OX=3847 GN=AUX28 PE=2 SV=1 && PF02309:AUX/IAA family	ARF
110726508	3.14795091938763	5.9079633200011	1.87218612958646	9.63636034513763	0.00190762868315356	0.0245875619538857	LOC110726508	NW_018742879.1	3164637	3167518	-	1891	pseudogene	- && sp|Q8H157|PTR19_ARATH Protein NRT1/ PTR FAMILY 4.6 OS=Arabidopsis thaliana OX=3702 GN=NPF4.6 PE=1 SV=1 && -	ERF
110714637	37.5248128155935	1.31044940966279	0.422477301058495	9.63409658217489	0.0019099812759318	0.0246098079559283	LOC110714637	NW_018745454.1	2763612	2766151	-	1214	pseudogene	- && - && -	FAR1
110704906	14.7940271979696	2.10929664987269	0.678481546792826	9.62996621281943	0.00191428130175698	0.0246409601979358	LOC110704906	NW_018744874.1	1003829	1004644	+	816	protein_coding	uncharacterized LOC110704906 && - && PF14009:Domain of unknown function (DUF4228)	-
110717909	6.23880830591809	3.42106374813926	1.10163126565602	9.62429404119479	0.00192020245693386	0.0246928117650774	LOC110717909	NW_018745684.1	6197798	6199026	-	1229	protein_coding	uncharacterized LOC110717909 && - && -	-
110687208	144.757444840482	1.04568940619874	0.337590952718508	9.61587605676891	0.00192902419582988	0.0247507665903946	LOC110687208	NW_018743919.1	177336	189829	+	2965	protein_coding	putative PAP-specific phosphatase%2C mitochondrial%2C transcript variant X1 && sp|Q9M0Y6|DPNPM_ARATH Putative PAP-specific phosphatase, mitochondrial OS=Arabidopsis thaliana OX=3702 GN=At4g05090 PE=2 SV=1 && PF00459:Inositol monophosphatase family	MYB_related
110724673	15.7961463132428	1.46579904313974	0.47365850269428	9.60239759325884	0.00194323477355957	0.0248669466477696	LOC110724673	NW_018742770.1	2404132	2429360	+	1522	protein_coding	MADS-box transcription factor 23-like%2C transcript variant X2 && sp|Q6EP49|MAD27_ORYSJ MADS-box transcription factor 27 OS=Oryza sativa subsp. japonica OX=39947 GN=MADS27 PE=2 SV=2 && PF01486:K-box region|PF00319:SRF-type transcription factor (DNA-binding and dimerisation domain)	MIKC_MADS
110707629	14.3160558821595	3.10400631487354	0.993830337286427	9.59721795068006	0.00194872394719808	0.0249047300938205	LOC110707629	NW_018745003.1	916501	919166	-	1443	protein_coding	protein SPEAR3-like && sp|Q6IDB0|SPER3_ARATH Protein SPEAR3 OS=Arabidopsis thaliana OX=3702 GN=SPEAR3 PE=1 SV=1 && -	-
110738635	84.3201010830486	1.1010634971038	0.35569800888734	9.59502000495343	0.00195105798822358	0.024913363694281	LOC110738635	NW_018743391.1	692938	694767	+	1830	protein_coding	F-box/kelch-repeat protein SKIP20-like && sp|O80582|FBK46_ARATH F-box/kelch-repeat protein At2g44130 OS=Arabidopsis thaliana OX=3702 GN=At2g44130 PE=2 SV=2 && PF01344:Kelch motif	bZIP
110706344	279.833361090827	1.38977431895064	0.448602850686604	9.59292043081626	0.00195329021318084	0.0249289017687899	LOC110706344	NW_018744955.1	567942	581919	-	1067	protein_coding	photosynthetic NDH subunit of lumenal location 2%2C chloroplastic-like && sp|Q9XI73|PNSL2_ARATH Photosynthetic NDH subunit of lumenal location 2, chloroplastic OS=Arabidopsis thaliana OX=3702 GN=PNSL2 PE=1 SV=1 && PF05757:Oxygen evolving enhancer protein 3 (PsbQ)	-
110687274	83.167405816109	1.06448147303845	0.344120737554676	9.58963530841788	0.00195678808522564	0.0249481108633217	LOC110687274	NW_018743919.1	1266345	1268534	+	757	protein_coding	thioredoxin-like protein CXXS1 && sp|Q8LDI5|CXXS1_ARATH Thioredoxin-like protein CXXS1 OS=Arabidopsis thaliana OX=3702 GN=CXXS1 PE=2 SV=2 && PF00085:Thioredoxin	bHLH
110692662	6.89123133929702	2.94928247319896	0.973477046528037	9.57811518157945	0.00196910453184438	0.0250673070596837	LOC110692662	NW_018744128.1	81269	83716	-	868	protein_coding	1%2C2-dihydroxy-3-keto-5-methylthiopentene dioxygenase 2-like && sp|F6HDT7|MTND2_VITVI 1,2-dihydroxy-3-keto-5-methylthiopentene dioxygenase 2 OS=Vitis vinifera OX=29760 GN=VIT_05s0020g04080 PE=3 SV=1 && PF03079:ARD/ARD' family	HSF
110736905	106.97601207278	2.09268376704064	0.67386894421395	9.57372090180564	0.00197382324399834	0.0251186669371932	LOC110736905	NW_018743292.1	9217043	9225705	-	2916	protein_coding	probable linoleate 9S-lipoxygenase 5 && sp|Q43191|LOX15_SOLTU Probable linoleate 9S-lipoxygenase 5 OS=Solanum tuberosum OX=4113 GN=LOX1.5 PE=2 SV=1 && PF00305:Lipoxygenase|PF01477:PLAT/LH2 domain	NF-YA
110699022	6.60194632626226	3.11696505184208	1.00848414172457	9.57124805682412	0.0019764836998899	0.0251297967869838	LOC110699022	NW_018744560.1	409124	413055	+	2276	protein_coding	G2/mitotic-specific cyclin-2-like && sp|Q9LDM4|CCB23_ARATH Cyclin-B2-3 OS=Arabidopsis thaliana OX=3702 GN=CYCB2-3 PE=2 SV=2 && PF02984:Cyclin, C-terminal domain|PF00134:Cyclin, N-terminal domain	M-type_MADS
110724790	5.0273826386459	4.07460341192791	1.32224109621867	9.57034476639302	0.00197745642786581	0.0251328952399916	LOC110724790	NW_018742770.1	3795770	3797120	-	1351	protein_coding	nucleolar protein 58-like && - && -	-
110682318	55.0917423852846	1.83950868688449	0.593761512022136	9.56531773250708	0.00198287877240313	0.0251928306194177	LOC110682318	NW_018743574.1	5832341	5835582	-	1521	protein_coding	uncharacterized LOC110682318 && - && PF03168:Late embryogenesis abundant protein	-
110728852	15.8501291589304	2.28189192738142	0.735986269538272	9.56341737592425	0.00198493249145093	0.0251928306194177	LOC110728852	NW_018742963.1	1895779	1900327	-	2253	protein_coding	cysteine-rich receptor-like protein kinase 5 && sp|O65468|CRK8_ARATH Cysteine-rich receptor-like protein kinase 8 OS=Arabidopsis thaliana OX=3702 GN=CRK8 PE=3 SV=2 && PF00069:Protein kinase domain|PF01657:Salt stress response/antifungal	ERF
110736586	319.27406277944	1.31928257150908	0.426616305988379	9.56446405348964	0.0019838010783297	0.0251928306194177	LOC110736586	NW_018743292.1	5013121	5023183	-	3149	protein_coding	probable serine/threonine-protein kinase kinX%2C transcript variant X2 && - && -	-
110689815	103.298885541975	1.37222450871671	0.444039911821242	9.55766951864121	0.0019911573474089	0.0252272257246422	LOC110689815	NW_018743977.1	3571859	3581360	+	1348	protein_coding	glutathione S-transferase L3-like%2C transcript variant X1 && sp|Q9LZ06|GSTL3_ARATH Glutathione S-transferase L3 OS=Arabidopsis thaliana OX=3702 GN=GSTL3 PE=2 SV=1 && PF13417:Glutathione S-transferase, N-terminal domain|PF16865:Glutathione S-transferase, C-terminal domain	-
110712271	1251.91795908458	1.02837202545788	0.332885188634439	9.55753625403486	0.00199130190579764	0.0252272257246422	LOC110712271	NW_018745291.1	1311250	1314301	+	2131	protein_coding	3-ketoacyl-CoA synthase 10-like && sp|Q570B4|KCS10_ARATH 3-ketoacyl-CoA synthase 10 OS=Arabidopsis thaliana OX=3702 GN=FDH PE=1 SV=2 && PF08541:3-Oxoacyl-[acyl-carrier-protein (ACP)] synthase III C terminal|PF08392:FAE1/Type III polyketide synthase-like protein	-
110684291	60.1966069635344	1.46005565023383	0.472156304037486	9.55430978184472	0.00199480506126307	0.025255312434231	LOC110684291	NW_018743697.1	3427925	3429911	+	1059	protein_coding	probable DNA double-strand break repair Rad50 ATPase%2C transcript variant X3 && - && PF04949:Transcriptional activator	S1Fa-like
110690789	3.02836158553972	6.08071522426406	1.94101923360437	9.54378158503732	0.00200627961420725	0.0253760448595044	LOC110690789	NW_018744062.1	1251055	1252647	+	939	protein_coding	galactinol synthase 2-like && sp|C7G304|GOLS2_SOLLC Galactinol synthase 2 OS=Solanum lycopersicum OX=4081 GN=GOLS2 PE=2 SV=1 && PF01501:Glycosyl transferase family 8	-
110712452	89.0722772087681	1.14272604011484	0.370477791548634	9.5389137028875	0.00201160766159451	0.025427057513293	LOC110712452	NW_018745323.1	358520	362982	-	2436	protein_coding	65-kDa microtubule-associated protein 8-like && sp|Q9C7G0|MA658_ARATH 65-kDa microtubule-associated protein 8 OS=Arabidopsis thaliana OX=3702 GN=MAP65-8 PE=1 SV=2 && PF03999:Microtubule associated protein (MAP65/ASE1 family)	LBD
110732246	73.121630192188	4.95112455493266	1.54158964656601	9.52916448965851	0.00202232165612147	0.0255214133678851	LOC110732246	NW_018743175.1	5455496	5457700	-	1103	protein_coding	cell wall integrity and stress response component 1-like%2C transcript variant X1 && - && -	-
110696553	4.89930931455319	4.72218727921376	1.50303617621362	9.52431404733332	0.00202767363333715	0.025564310305634	LOC110696553	NW_018744367.1	3487428	3490533	-	2170	protein_coding	UDP-glucuronate_xylan alpha-glucuronosyltransferase 2-like%2C transcript variant X1 && sp|Q8GWW4|GUX2_ARATH UDP-glucuronate:xylan alpha-glucuronosyltransferase 2 OS=Arabidopsis thaliana OX=3702 GN=GUX2 PE=2 SV=1 && PF01501:Glycosyl transferase family 8	-
110689760	8.36366116421111	3.42947834361942	1.10389799884815	9.50960273991444	0.0020439940864174	0.0257040601203557	LOC110689760	NW_018743977.1	2279517	2282371	+	1666	protein_coding	uncharacterized LOC110689760 && - && -	GATA
110711337	6.59302826428668	2.94163996463457	0.953716251321987	9.50706800853905	0.00204681949333581	0.0257212069659687	LOC110711337	NW_018745260.1	2232	5648	-	903	protein_coding	MLP-like protein 43 && sp|P85524|KIRO_ACTDE Kirola OS=Actinidia deliciosa OX=3627 PE=1 SV=1 && -	-
110707536	202.961193152206	1.46823549268215	0.476257646209336	9.49556315936047	0.00205969354963919	0.0258353065394379	LOC110707536	NW_018745000.1	5305874	5308774	+	1529	protein_coding	photosynthetic NDH subunit of subcomplex B 2%2C chloroplastic-like && sp|Q94AQ8|PNSB2_ARATH Photosynthetic NDH subunit of subcomplex B 2, chloroplastic OS=Arabidopsis thaliana OX=3702 GN=PNSB2 PE=2 SV=1 && -	-
110721523	248.146995614418	1.34355331829488	0.435967376242298	9.49599672491416	0.00205920689922019	0.0258353065394379	LOC110721523	NW_018742616.1	1334990	1337912	+	1249	protein_coding	peptidyl-prolyl cis-trans isomerase FKBP20-2%2C chloroplastic-like && sp|Q0WRJ7|FK202_ARATH Peptidyl-prolyl cis-trans isomerase FKBP20-2, chloroplastic OS=Arabidopsis thaliana OX=3702 GN=FKBP20-2 PE=1 SV=1 && PF00254:FKBP-type peptidyl-prolyl cis-trans isomerase	GeBP
110695933	74.3437991647881	1.08957365749672	0.354202779898227	9.48021232446979	0.00207699928181473	0.0260357461840759	LOC110695933	NW_018744311.1	532437	536515	+	2394	protein_coding	protein trichome birefringence-like && sp|Q9FG35|TBR_ARATH Protein trichome birefringence OS=Arabidopsis thaliana OX=3702 GN=TBR PE=1 SV=1 && PF13839:GDSL/SGNH-like Acyl-Esterase family found in Pmr5 and Cas1p|PF14416:PMR5 N terminal Domain	BES1
110692737	70.0156504636121	1.26963973872741	0.412766687171075	9.47625985247464	0.00208147891422866	0.0260835741539572	LOC110692737	NW_018744128.1	1188740	1193200	+	1643	protein_coding	uncharacterized LOC110692737 && - && PF13867:Sin3 binding region of histone deacetylase complex subunit SAP30	-
110722055	587.649624015288	1.26699411981322	0.41175426730913	9.47217062596684	0.00208612385311647	0.0261193417046276	LOC110722055	NW_018742651.1	741179	745083	+	3510	protein_coding	pentatricopeptide repeat-containing protein At3g06430%2C chloroplastic-like && sp|Q9SQU6|PP216_ARATH Pentatricopeptide repeat-containing protein At3g06430, chloroplastic OS=Arabidopsis thaliana OX=3702 GN=EMB2750 PE=1 SV=1 && PF13812:Pentatricopeptide repeat domain|PF13041:PPR repeat family	SBP
110723587	27.0956644171951	4.67780010010481	1.47167829965589	9.47199077032224	0.00208632839170465	0.0261193417046276	LOC110723587	NW_018742733.1	3276694	3277666	+	973	protein_coding	stigma-specific STIG1-like protein 3 && - && PF04885:Stigma-specific protein, Stig1	-
110705319	5.33131621425027	11.4995239385268	3.56985268566579	9.46195057633111	0.00209777879174461	0.0261978393240801	LOC110705319	NW_018744878.1	4121820	4122837	+	738	protein_coding	MLP-like protein 31 && sp|Q93VR4|ML423_ARATH MLP-like protein 423 OS=Arabidopsis thaliana OX=3702 GN=MLP423 PE=2 SV=1 && PF00407:Pathogenesis-related protein Bet v I family	-
110737347	32.4805441405083	2.87239511631314	0.926450794252422	9.45960726930264	0.00210046039055623	0.026212704454501	LOC110737347	NW_018743327.1	4058112	4060103	-	787	protein_coding	SKP1-like protein 1A && sp|Q6PL11|SKP1_ORYSJ SKP1-like protein 1 OS=Oryza sativa subsp. japonica OX=39947 GN=SKP1 PE=1 SV=1 && PF01466:Skp1 family, dimerisation domain|PF03931:Skp1 family, tetramerisation domain	Nin-like
110714859	2263.57154588949	1.01959618105447	0.331811354682556	9.45567639351884	0.00210496655682256	0.0262605945317955	LOC110714859	NW_018745461.1	598094	601486	-	1277	protein_coding	30S ribosomal protein 2%2C chloroplastic && sp|P82277|RRP2_SPIOL 30S ribosomal protein 2, chloroplastic OS=Spinacia oleracea OX=3562 GN=PSRP2 PE=1 SV=1 && PF00076:RNA recognition motif. (a.k.a. RRM, RBD, or RNP domain)	NF-YA
110732728	1028.05630420563	1.11757335903466	0.363628294416016	9.45483246442961	0.00210593527400944	0.026262571753331	LOC110732728	NW_018743175.1	5468658	5471367	+	1091	protein_coding	uncharacterized LOC110732728 && - && -	-
110699690	86.1651245261923	1.43653147382504	0.467307751188979	9.4527541794879	0.00210832279386979	0.0262756189445706	LOC110699690	NW_018744593.1	4296465	4298077	+	1613	protein_coding	elongation of fatty acids protein 3-like && sp|Q86JM5|Y2012_DICDI Putative elongation of fatty acids protein DDB_G0272012 OS=Dictyostelium discoideum OX=44689 GN=DDB_G0272012 PE=3 SV=1 && PF01151:GNS1/SUR4 family	-
110705673	8.07259771340552	2.64880633531663	0.859965089461371	9.44951270568581	0.00211205205798735	0.0263072059858348	LOC110705673	NW_018744878.1	4762208	4766012	+	1665	protein_coding	uncharacterized LOC110705673 && - && -	-
110716345	512.405326689913	1.25531087329193	0.408449871315018	9.44890251219692	0.0021127548237253	0.0263076157869892	LOC110716345	NW_018742441.1	669737	672360	+	1335	protein_coding	annexin-like protein RJ4 && sp|P51074|ANX4_FRAAN Annexin-like protein RJ4 OS=Fragaria ananassa OX=3747 PE=2 SV=2 && PF00191:Annexin	MYB
110727116	23.5148565769499	2.96280790231134	0.957099495636072	9.43941353689104	0.00212371393682029	0.0264189475580434	LOC110727116	NW_018742899.1	1929246	1932468	-	3223	pseudogene	- && sp|Q8L5A7|SOT15_ARATH Cytosolic sulfotransferase 15 OS=Arabidopsis thaliana OX=3702 GN=SOT15 PE=1 SV=1 && -	ERF
110735897	18.7335585101427	2.00090693095369	0.650905172123699	9.42877600981399	0.00213606810797525	0.026517377115847	LOC110735897	NW_018743292.1	7949192	7953069	+	1338	pseudogene	- && sp|O80494|P2B15_ARATH F-box protein PP2-B15 OS=Arabidopsis thaliana OX=3702 GN=PP2B15 PE=2 SV=2 && PF14299:Phloem protein 2	GRAS
110737029	1.73506939884179	5.73334509763137	1.84124632166148	9.42853166331149	0.0021363527409299	0.026517377115847	LOC110737029	NW_018743292.1	11400466	11402807	+	2342	protein_coding	aldehyde oxidase GLOX-like && sp|Q3HRQ2|GLOX_VITPS Aldehyde oxidase GLOX OS=Vitis pseudoreticulata OX=231512 GN=GLOX PE=2 SV=1 && PF07250:Glyoxal oxidase N-terminus|PF09118:Domain of unknown function (DUF1929)	NAC
110710186	16.580720225651	1.55687900278192	0.508711051120654	9.4150212138868	0.0021521507273006	0.0266797397453525	LOC110710186	NW_018745170.1	3877533	3886549	-	1461	protein_coding	RNA pseudouridine synthase 5-like%2C transcript variant X1 && sp|Q5M721|PUS5_ARATH RNA pseudouridine synthase 5 OS=Arabidopsis thaliana OX=3702 GN=At3g52260 PE=2 SV=2 && PF00849:RNA pseudouridylate synthase	-
110708506	6.12140032158438	2.72614801332227	0.886841223351137	9.40860876441715	0.00215969032035249	0.0267310173183748	LOC110708506	NW_018745024.1	8607041	8610648	+	3526	protein_coding	sporozoite surface protein 2-like && - && -	-
110684826	1.80609212041966	8.08095129169632	2.70871340465886	9.40579281213303	0.00216300970437237	0.0267552378330129	LOC110684826	NW_018743783.1	2197054	2198731	+	958	protein_coding	non-specific lipid-transfer protein-like protein At5g64080 && sp|Q1G2Y5|LTG21_ARATH Non-specific lipid transfer protein GPI-anchored 21 OS=Arabidopsis thaliana OX=3702 GN=LTPG21 PE=2 SV=1 && PF14368:Probable lipid transfer	-
110701350	23.6851732403474	2.1717616148971	0.707473204375392	9.40421780118567	0.00216486854938542	0.0267697992884174	LOC110701350	NW_018744633.1	6598910	6602713	-	2211	pseudogene	- && sp|O82178|PP186_ARATH Pentatricopeptide repeat-containing protein At2g35130 OS=Arabidopsis thaliana OX=3702 GN=At2g35130 PE=3 SV=1 && -	C3H
110732758	8.31352798441133	3.94824287271182	1.27062932642066	9.40280726992879	0.00216653464888976	0.0267805410501077	LOC110732758	NW_018743175.1	5865163	5870798	-	2241	protein_coding	protein NRT1/ PTR FAMILY 6.3-like && sp|Q05085|PTR7_ARATH Protein NRT1/ PTR FAMILY 6.3 OS=Arabidopsis thaliana OX=3702 GN=NPF6.3 PE=1 SV=1 && PF00854:POT family	C3H
110684104	1608.28344397088	2.02730185195296	0.658830892320087	9.39933891561191	0.00217063695243412	0.0268073663625613	LOC110684104	NW_018743697.1	1616575	1617506	+	778	protein_coding	histone H2A-like && sp|Q2HU65|H2A2_MEDTR Probable histone H2A.2 OS=Medicago truncatula OX=3880 GN=MtrDRAFT_AC149210g4v1 PE=3 SV=1 && PF16211:C-terminus of histone H2A|PF00125:Core histone H2A/H2B/H3/H4	GeBP
110712615	2.82809235671809	4.1492249488495	1.34908181957262	9.39639146940436	0.00217412932766718	0.0268420562984826	LOC110712615	NW_018745323.1	1153154	1155174	+	1238	protein_coding	mitotic spindle checkpoint protein MAD2-like && sp|Q9LU93|MAD2_ARATH Mitotic spindle checkpoint protein MAD2 OS=Arabidopsis thaliana OX=3702 GN=MAD2 PE=1 SV=1 && PF02301:HORMA domain	-
110705692	49.2626239700091	1.5933109865349	0.519601687882658	9.39515574375662	0.00217559521147587	0.0268517129919208	LOC110705692	NW_018744878.1	4923058	4930114	-	4753	protein_coding	DNA topoisomerase 2-like && sp|P30182|TOP2_ARATH DNA topoisomerase 2 OS=Arabidopsis thaliana OX=3702 GN=TOP2 PE=2 SV=2 && PF16898:C-terminal associated domain of TOPRIM|PF00204:DNA gyrase B|PF00521:DNA gyrase/topoisomerase IV, subunit A|PF01751:Toprim domain|PF02518:Histidine kinase-, DNA gyrase B-, and HSP90-like ATPase	MYB_related
110699338	71.8968808842562	1.01200118904957	0.330496793640767	9.39326444694956	0.00217784071033067	0.0268625434098041	LOC110699338	NW_018744582.1	2527226	2530169	+	1994	protein_coding	protein trichome birefringence-like 33 && sp|F4IH21|TBL33_ARATH Protein trichome birefringence-like 33 OS=Arabidopsis thaliana OX=3702 GN=TBL33 PE=2 SV=1 && PF14416:PMR5 N terminal Domain|PF13839:GDSL/SGNH-like Acyl-Esterase family found in Pmr5 and Cas1p	MYB
110738360	140.502872646505	1.76780135014012	0.576062664164324	9.38192619030229	0.00219135177186337	0.0270037521607751	LOC110738360	NW_018743389.1	507273	512718	-	1406	protein_coding	annexin D3-like%2C transcript variant X1 && sp|Q9SE45|ANXD3_ARATH Annexin D3 OS=Arabidopsis thaliana OX=3702 GN=ANN3 PE=2 SV=2 && PF00191:Annexin	MYB
110686720	1.7643647821094	7.30071341117065	2.33788144326067	9.38104502001974	0.00219240535882842	0.0270082608711632	LOC110686720	NW_018743893.1	1429501	1435484	-	3352	protein_coding	alpha-L-arabinofuranosidase 1-like%2C transcript variant X1 && sp|Q9SG80|ASD1_ARATH Alpha-L-arabinofuranosidase 1 OS=Arabidopsis thaliana OX=3702 GN=ASD1 PE=1 SV=1 && PF06964:Alpha-L-arabinofuranosidase C-terminal domain	-
110713014	14.8208629938492	3.53238797271141	1.14033718391239	9.37794024839087	0.00219612173067177	0.0270455593379342	LOC110713014	NW_018745400.1	42419	48845	-	1823	protein_coding	soluble starch synthase 3%2C chloroplastic/amyloplastic-like && sp|Q43846|SSY3_SOLTU Soluble starch synthase 3, chloroplastic/amyloplastic OS=Solanum tuberosum OX=4113 GN=SS3 PE=1 SV=1 && PF00534:Glycosyl transferases group 1|PF16760:Starch/carbohydrate-binding module (family 53)|PF08323:Starch synthase catalytic domain	FAR1
110692833	4.18219673894731	4.62027450703429	1.4860749460825	9.37305941989985	0.00220197694248829	0.0270752161748099	LOC110692833	NW_018744128.1	2257631	2263234	-	2483	pseudogene	- && sp|Q9LYG9|MSL10_ARATH Mechanosensitive ion channel protein 10 OS=Arabidopsis thaliana OX=3702 GN=MSL10 PE=1 SV=1 && -	-
110709847	34.8508083857546	2.91218339035368	0.942760390666888	9.37073709502801	0.00220476844124027	0.0271010550838275	LOC110709847	NW_018745080.1	3399921	3403031	+	1712	protein_coding	cytochrome P450 83B1-like && sp|O65782|C83B1_ARATH Cytochrome P450 83B1 OS=Arabidopsis thaliana OX=3702 GN=CYP83B1 PE=1 SV=1 && PF00067:Cytochrome P450	bHLH
110732426	75.3914742782331	1.06117373215606	0.347014585754733	9.36978316452502	0.00220591613190478	0.0271066784256246	LOC110732426	NW_018743175.1	2349260	2351946	-	1344	protein_coding	serine/threonine-protein kinase SAPK3-like && sp|A2ZAB5|SAPK3_ORYSI Serine/threonine-protein kinase SAPK3 OS=Oryza sativa subsp. indica OX=39946 GN=SAPK3 PE=1 SV=2 && PF00069:Protein kinase domain	LBD
110703221	102.968084317389	1.10461429845402	0.361363585313579	9.36527204721727	0.00221135175126012	0.0271486107767343	LOC110703221	NW_018744718.1	693140	706543	-	1738	protein_coding	haloalkane dehalogenase-like && sp|P22643|DHLA_XANAU Haloalkane dehalogenase OS=Xanthobacter autotrophicus OX=280 GN=dhlA PE=1 SV=2 && PF00561:alpha/beta hydrolase fold	-
110739440	103.223252974134	1.36082132845571	0.444788141611432	9.3615489869307	0.00221584804236209	0.0271933560093139	LOC110739440	NW_018742244.1	1803268	1805926	-	1572	protein_coding	thaumatin-like protein 1 && sp|A0A1P8B554|THLP1_ARATH Thaumatin-like protein 1 OS=Arabidopsis thaliana OX=3702 GN=TLP1 PE=2 SV=1 && PF00314:Thaumatin family	MYB
110691000	14.082410620492	2.24335014175236	0.732250878728364	9.34738757364408	0.00223303548511225	0.027337282608109	LOC110691000	NW_018744066.1	2439324	2444988	-	2165	protein_coding	polygalacturonase QRT3-like && sp|O49432|QRT3_ARATH Polygalacturonase QRT3 OS=Arabidopsis thaliana OX=3702 GN=QRT3 PE=2 SV=1 && PF12708:Pectate lyase superfamily protein	-
110693216	54.2303340528446	2.29965403249132	0.748903458970496	9.3452289644365	0.00223566720106482	0.0273557540378206	LOC110693216	NW_018742334.1	265558	266376	+	693	protein_coding	uncharacterized LOC110693216 && - && PF07279:Protein of unknown function (DUF1442)	-
110731156	81.7156701974314	1.81593742013914	0.593180740360362	9.33590646635355	0.00224706911384402	0.027418134877434	LOC110731156	NW_018743066.1	1584269	1584598	-	330	protein_coding	glycine-rich cell wall structural protein-like && - && -	-
110735049	16.6805527908317	2.11782028736287	0.69241477254866	9.33580016307576	0.00224719946801227	0.027418134877434	LOC110735049	NW_018743252.1	4164070	4168362	-	2210	protein_coding	probable WRKY transcription factor 4 && sp|Q9XI90|WRKY4_ARATH Probable WRKY transcription factor 4 OS=Arabidopsis thaliana OX=3702 GN=WRKY4 PE=1 SV=2 && PF03106:WRKY DNA -binding domain	WRKY
110707298	3.61941010539628	3.66045404186796	1.19641176577716	9.3304340390776	0.00225378964300801	0.0274544294819645	LOC110707298	NW_018742418.1	7695561	7697812	-	2052	protein_coding	protein PHYTOCHROME KINASE SUBSTRATE 1-like && sp|Q9SWI1|PKS1_ARATH Protein PHYTOCHROME KINASE SUBSTRATE 1 OS=Arabidopsis thaliana OX=3702 GN=PKS1 PE=1 SV=2 && -	-
110729365	2.99738128002198	3.91874774760878	1.33112391793273	9.33205432410332	0.00225179769594239	0.0274544294819645	LOC110729365	NW_018742980.1	1633358	1635688	-	1330	protein_coding	uncharacterized LOC110729365%2C transcript variant X2 && - && -	-
110731710	26.2480342510749	1.45496353059978	0.476357826555423	9.33051509677938	0.00225368994977596	0.0274544294819645	LOC110731710	NW_018743074.1	2336179	2339114	+	1421	protein_coding	ras-related protein RABA3-like && sp|Q9LNK1|RABA3_ARATH Ras-related protein RABA3 OS=Arabidopsis thaliana OX=3702 GN=RABA3 PE=2 SV=1 && PF00071:Ras family	bHLH
110708581	6.25964920389254	2.75635310036246	0.902780376013978	9.32944523554804	0.00225500613712175	0.0274607305498241	LOC110708581	NW_018745024.1	9905769	9908828	+	1527	protein_coding	transcription factor bHLH94-like && sp|Q9SK91|BH094_ARATH Transcription factor bHLH94 OS=Arabidopsis thaliana OX=3702 GN=BHLH94 PE=1 SV=2 && PF00010:Helix-loop-helix DNA-binding domain	bHLH
110727794	83.6710207680957	1.65675216019237	0.541973691550466	9.32632910027928	0.00225884417996142	0.0274774131968228	LOC110727794	NW_018742914.1	8088540	8089480	-	726	lncRNA	uncharacterized LOC110727794 && - && -	-
110732403	2309.96375508785	1.01460461050342	0.332496964082123	9.32492641582485	0.00226057398311651	0.0274774131968228	LOC110732403	NW_018743175.1	2062809	2066103	+	1077	protein_coding	50S ribosomal protein L19%2C chloroplastic-like && sp|P82413|RK19_SPIOL 50S ribosomal protein L19, chloroplastic OS=Spinacia oleracea OX=3562 GN=RPL19 PE=1 SV=2 && PF01245:Ribosomal protein L19	-
110736532	558.539057351142	1.44758881145447	0.473791957176073	9.32560615028984	0.00225973556067603	0.0274774131968228	LOC110736532	NW_018743292.1	4434410	4438385	+	1394	protein_coding	chloroplast stem-loop binding protein of 41 kDa b%2C chloroplastic-like && sp|Q9SA52|CP41B_ARATH Chloroplast stem-loop binding protein of 41 kDa b, chloroplastic OS=Arabidopsis thaliana OX=3702 GN=CSP41B PE=1 SV=1 && PF01370:NAD dependent epimerase/dehydratase family	-
110716276	157.334388676286	1.99640441010945	0.651829970233299	9.32323119481362	0.00226266633851522	0.0274943363590682	LOC110716276	NW_018745569.1	1886130	1889249	+	2309	protein_coding	cytochrome P450 86B1-like && sp|Q9FMY1|C86B1_ARATH Cytochrome P450 86B1 OS=Arabidopsis thaliana OX=3702 GN=CYP86B1 PE=2 SV=1 && PF00067:Cytochrome P450	NAC
110713963	267.200090018608	1.33991211223467	0.439049583359907	9.31665672404466	0.00227079959263343	0.027559058220486	LOC110713963	NW_018745454.1	5496151	5499676	+	967	protein_coding	chaperone protein dnaJ 8%2C chloroplastic-like && - && PF00226:DnaJ domain	-
110735130	370.817318012592	1.27624967009413	0.418268515558247	9.31176342038714	0.0022768723277042	0.0276071648428303	LOC110735130	NW_018743252.1	7020816	7030591	+	1010	protein_coding	glutathione S-transferase DHAR3%2C chloroplastic-like && sp|Q8LE52|DHAR3_ARATH Glutathione S-transferase DHAR3, chloroplastic OS=Arabidopsis thaliana OX=3702 GN=DHAR3 PE=1 SV=1 && PF13417:Glutathione S-transferase, N-terminal domain	GeBP
110724551	29.0049088630895	4.05052279578179	1.30000775597562	9.31107367151617	0.00227772965035068	0.02760903597476	LOC110724551	NW_018742770.1	4122098	4123465	-	1368	protein_coding	probable carboxylesterase 17 && sp|Q9LFR7|CXE17_ARATH Probable carboxylesterase 17 OS=Arabidopsis thaliana OX=3702 GN=CXE17 PE=1 SV=1 && PF07859:alpha/beta hydrolase fold	NAC
110687152	2.13611184219558	4.41961816803197	1.46859653792035	9.29900209935442	0.00229278713218262	0.0277145672644531	LOC110687152	NW_018743919.1	1170806	1177246	-	2541	protein_coding	receptor protein kinase CLAVATA1-like && sp|Q9SYQ8|CLV1_ARATH Receptor protein kinase CLAVATA1 OS=Arabidopsis thaliana OX=3702 GN=CLV1 PE=1 SV=3 && PF12799:Leucine Rich repeats (2 copies)|PF13855:Leucine rich repeat|PF08263:Leucine rich repeat N-terminal domain	NAC
110720297	66.6834873390172	1.41173522373037	0.463053212996607	9.29964933421212	0.00229197724725786	0.0277145672644531	LOC110720297	NW_018742556.1	217222	227090	-	864	protein_coding	leucine-rich repeat extensin-like protein 3 && - && -	-
110724778	17.8745647569643	1.38635535442704	0.454822057216219	9.29698569574589	0.0022953121195237	0.0277365516523244	LOC110724778	NW_018742770.1	3677366	3679853	+	2410	protein_coding	uncharacterized LOC110724778 && - && -	-
110724831	30.2045119551197	5.17108762374086	1.62906309712694	9.27001746250374	0.00232935482072116	0.0280186070058751	LOC110724831	NW_018742770.1	4175803	4177169	-	898	protein_coding	cell number regulator 9-like && sp|D9HP25|CNR9_MAIZE Cell number regulator 9 OS=Zea mays OX=4577 GN=CNR9 PE=2 SV=1 && PF04749:PLAC8 family	B3
110717000	4.33775395067749	3.2270726163733	1.07716357833011	9.26908634944652	0.00233053929462284	0.0280242711934239	LOC110717000	NW_018745650.1	2899410	2904529	-	1004	pseudogene	- && sp|Q7Y1Z0|CHI5_ORYSJ Chitinase 5 OS=Oryza sativa subsp. japonica OX=39947 GN=Cht5 PE=2 SV=1 && -	-
110688278	64.230617369671	1.27979614083099	0.42084659891637	9.26759137505462	0.00233244233791417	0.0280385699225293	LOC110688278	NW_018743920.1	7133290	7135942	-	1967	protein_coding	uncharacterized LOC110688278 && - && PF00686:Starch binding domain	-
110693260	176.385988637327	1.40410973152543	0.461405226136716	9.25939391934321	0.00234290543546905	0.0281299068074521	LOC110693260	NW_018744143.1	2484803	2495890	+	2973	protein_coding	2-succinylbenzoate--CoA ligase%2C chloroplastic/peroxisomal-like%2C transcript variant X4 && sp|Q8VYJ1|MENE_ARATH 2-succinylbenzoate--CoA ligase, chloroplastic/peroxisomal OS=Arabidopsis thaliana OX=3702 GN=AAE14 PE=1 SV=1 && PF00501:AMP-binding enzyme|PF13193:AMP-binding enzyme C-terminal domain	FAR1
110700971	9.46883735228315	2.2922994767469	0.75269667356063	9.25724467138471	0.00234565657138626	0.0281508386091919	LOC110700971	NW_018744633.1	2710742	2713166	+	2425	protein_coding	uncharacterized LOC110700971 && - && PF00168:C2 domain	-
110718833	568.44057851862	1.025022078053	0.337246421065109	9.2525171741101	0.0023517195244212	0.0281840344469313	LOC110718833	NW_018742461.1	3935673	3949373	+	4064	protein_coding	pentatricopeptide repeat-containing protein MRL1%2C chloroplastic-like && sp|Q0WLC6|PP349_ARATH Pentatricopeptide repeat-containing protein MRL1, chloroplastic OS=Arabidopsis thaliana OX=3702 GN=MRL1 PE=1 SV=2 && PF17177:Pentacotripeptide-repeat region of PRORP|PF13041:PPR repeat family	-
110713993	171.338365815737	1.90944241018226	0.626445056952376	9.24387591720586	0.00236284294904631	0.0282828196092337	LOC110713993	NW_018745454.1	4880369	4882901	+	1078	protein_coding	protein CURVATURE THYLAKOID 1B%2C chloroplastic-like && sp|Q8LCA1|CUT1B_ARATH Protein CURVATURE THYLAKOID 1B, chloroplastic OS=Arabidopsis thaliana OX=3702 GN=CURT1B PE=1 SV=2 && PF14159:CAAD domains of cyanobacterial aminoacyl-tRNA synthetase	-
110684412	401.368278275368	1.03773347138555	0.341719297732166	9.23684737119265	0.00237192977724461	0.0283311429871434	LOC110684412	NW_018743697.1	4830019	4835222	-	1649	protein_coding	protein FLUORESCENT IN BLUE LIGHT%2C chloroplastic-like%2C transcript variant X1 && sp|Q940U6|FLU_ARATH Protein FLUORESCENT IN BLUE LIGHT, chloroplastic OS=Arabidopsis thaliana OX=3702 GN=FLU PE=1 SV=1 && PF13424:Tetratricopeptide repeat	-
110704606	22.8924366495717	1.23347664117391	0.406685379630762	9.22608898473496	0.00238590744228266	0.0284548262923678	LOC110704606	NW_018744855.1	230470	236895	+	2714	protein_coding	NAC domain-containing protein 7-like && sp|Q9FWX2|NAC7_ARATH NAC domain-containing protein 7 OS=Arabidopsis thaliana OX=3702 GN=NAC007 PE=1 SV=2 && PF02365:No apical meristem (NAM) protein	NAC
110728646	66.0966116819267	1.5764574597433	0.519220033143703	9.21479750129822	0.00240066763676595	0.0285485552452984	LOC110728646	NW_018742205.1	2069100	2075960	+	3268	protein_coding	calcineurin B-like protein 4 && sp|O81223|CNBL4_ARATH Calcineurin B-like protein 4 OS=Arabidopsis thaliana OX=3702 GN=CBL4 PE=1 SV=3 && PF13499:EF-hand domain pair	EIL
110697369	35.8650962738564	3.16310563527681	1.02993132156869	9.20820771367909	0.00240932457091531	0.0286211142993215	LOC110697369	NW_018744460.1	1788076	1788925	+	693	protein_coding	uncharacterized LOC110697369 && - && PF07279:Protein of unknown function (DUF1442)	-
110714718	3.62668238258823	3.5670207473706	1.19263850166213	9.20845006150887	0.00240900564076447	0.0286211142993215	LOC110714718	NW_018745461.1	124455	129181	+	4382	protein_coding	transcription factor FAMA-like%2C transcript variant X2 && sp|Q56YJ8|FAMA_ARATH Transcription factor FAMA OS=Arabidopsis thaliana OX=3702 GN=FAMA PE=1 SV=1 && PF00010:Helix-loop-helix DNA-binding domain	bHLH
110721038	191.01731829298	1.16841300670561	0.385489285176491	9.19992456911092	0.00242025100027533	0.0287161684392184	LOC110721038	NW_018742577.1	4081213	4082062	-	850	protein_coding	uncharacterized LOC110721038 && - && -	RAV
110724903	25.0405508789116	1.88935074501819	0.622484854357993	9.19877078202569	0.00242177696419147	0.0287255955042862	LOC110724903	NW_018742779.1	23602	29630	+	1531	protein_coding	protein tas-like%2C transcript variant X1 && sp|P0A9T4|TAS_ECOLI Protein tas OS=Escherichia coli (strain K12) OX=83333 GN=tas PE=1 SV=1 && PF00248:Aldo/keto reductase family	bHLH
110685169	772.689727387042	1.5051219108442	0.495934194899389	9.1972177595627	0.00242383248639036	0.0287395066586627	LOC110685169	NW_018743792.1	557880	560840	-	1503	protein_coding	protochlorophyllide reductase-like && sp|Q9SDT1|POR_DAUCA Protochlorophyllide reductase, chloroplastic OS=Daucus carota OX=4039 GN=POR1 PE=2 SV=1 && PF00106:short chain dehydrogenase	C2H2
110717532	20.6438463488168	2.40042735565618	0.78946767087461	9.18893033353214	0.00243483138189699	0.0288248513618552	LOC110717532	NW_018745684.1	708110	711291	+	1754	protein_coding	3-oxoacyl-[acyl-carrier-protein] reductase FabG-like%2C transcript variant X1 && sp|Q8P3K4|FUCDH_XANCP 2-keto-3-deoxy-L-fuconate dehydrogenase OS=Xanthomonas campestris pv. campestris (strain ATCC 33913 / DSM 3586 / NCPPB 528 / LMG 568 / P 25) OX=190485 GN=XCC4067 PE=1 SV=1 && PF00106:short chain dehydrogenase	-
110733534	1.80702499667545	8.80103021890638	3.06380944802483	9.18859109977539	0.00243528268323366	0.0288248513618552	LOC110733534	NW_018743199.1	3195974	3199286	-	1164	protein_coding	BTB/POZ domain-containing protein At3g56230 && sp|Q9LYL9|Y3623_ARATH BTB/POZ domain-containing protein At3g56230 OS=Arabidopsis thaliana OX=3702 GN=At3g56230 PE=2 SV=1 && PF00651:BTB/POZ domain	Trihelix
110739235	100.601739135076	1.85057562766706	0.60919340578635	9.19002434371441	0.00243337653805108	0.0288248513618552	LOC110739235	NW_018743448.1	476971	481990	-	1828	protein_coding	putative beta-glucosidase 5%2C transcript variant X2 && sp|B3H5Q1|BGL11_ARATH Beta-glucosidase 11 OS=Arabidopsis thaliana OX=3702 GN=BGLU11 PE=2 SV=2 && PF00232:Glycosyl hydrolase family 1	B3
110737658	17.3523117484484	2.37922911718806	0.783049415494611	9.18567619284067	0.00243916404449339	0.0288620938594121	LOC110737658	NW_018743331.1	422327	423792	-	960	protein_coding	germin-like protein 5-1%2C transcript variant X2 && sp|Q9M263|GL24_ARATH Germin-like protein subfamily 2 member 4 OS=Arabidopsis thaliana OX=3702 GN=GLP10 PE=2 SV=1 && PF00190:Cupin	bZIP
110707879	35.950517849609	1.15207731592672	0.380557427431211	9.18304283576185	0.00244267590366206	0.0288908505279578	LOC110707879	NW_018745003.1	2612648	2619312	+	3231	protein_coding	cytochrome P450 734A1-like && sp|O48786|C734A_ARATH Cytochrome P450 734A1 OS=Arabidopsis thaliana OX=3702 GN=CYP734A1 PE=2 SV=1 && PF00067:Cytochrome P450	bHLH
110687771	11.6349645781672	1.83827990748854	0.606382242934269	9.18195651246774	0.0024441261248124	0.0288946915411672	LOC110687771	NW_018743920.1	545530	547054	+	1525	protein_coding	uncharacterized LOC110687771 && - && -	-
110735434	76.9766302865633	1.05658572631169	0.349110750999869	9.17909205567219	0.00244795431166945	0.0289225360054736	LOC110735434	NW_018743283.1	343278	344201	-	924	protein_coding	uncharacterized protein At3g28850-like && sp|Q9FLE8|Y5986_ARATH Uncharacterized protein At5g39865 OS=Arabidopsis thaliana OX=3702 GN=At5g39865 PE=2 SV=1 && PF00462:Glutaredoxin	ARF
110694168	17.0314480242298	1.32866131906581	0.439973238536986	9.15697887156003	0.00247771290326279	0.0291513537596884	LOC110694168	NW_018744239.1	2976583	2977823	-	1241	protein_coding	uncharacterized LOC110694168 && - && -	-
110694035	181.193274790739	1.08908595456593	0.36032389681876	9.14818604708739	0.00248964753587096	0.0292567108546559	LOC110694035	NW_018744202.1	193139	227082	-	2025	protein_coding	ribulose bisphosphate carboxylase/oxygenase activase%2C chloroplastic-like%2C transcript variant X2 && sp|P93431|RCA_ORYSJ Ribulose bisphosphate carboxylase/oxygenase activase, chloroplastic OS=Oryza sativa subsp. japonica OX=39947 GN=RCA PE=1 SV=2 && PF00004:ATPase family associated with various cellular activities (AAA)	Trihelix
110707114	25.1158666511771	1.71247067406096	0.566037786373457	9.1437604356604	0.00249567654079235	0.029283748068879	LOC110707114	NW_018744996.1	857711	859064	-	469	lncRNA	uncharacterized LOC110707114 && - && -	-
110705588	246.041209480393	1.12722858700972	0.373095920747572	9.13839916640751	0.00250300004338333	0.029360032508046	LOC110705588	NW_018744878.1	3695659	3702262	+	1790	protein_coding	probable lactoylglutathione lyase%2C chloroplastic%2C transcript variant X1 && sp|Q8W593|LGUC_ARATH Probable lactoylglutathione lyase, chloroplastic OS=Arabidopsis thaliana OX=3702 GN=At1g67280 PE=1 SV=1 && PF00903:Glyoxalase/Bleomycin resistance protein/Dioxygenase superfamily	-
110720471	561.265017225886	1.23279506868124	0.4079862725205	9.13375262703602	0.00250936486573109	0.0294179959318976	LOC110720471	NW_018742556.1	1703337	1704420	+	951	protein_coding	uncharacterized LOC110720471 && sp|Q8VZM9|FLZ2_ARATH FCS-Like Zinc finger 2 OS=Arabidopsis thaliana OX=3702 GN=FLZ2 PE=1 SV=1 && PF04570:zinc-finger of the FCS-type, C2-C2	-
110701801	123.584246441192	1.31400526554781	0.434995422731626	9.12973704728131	0.00251487863175622	0.0294562566373284	LOC110701801	NW_018744662.1	1299673	1301583	+	558	protein_coding	glycine-rich protein 3-like && - && -	-
110733248	11.1995735988379	1.70012214333084	0.564235409104165	9.12757676936465	0.0025178499804133	0.0294822666311185	LOC110733248	NW_018743198.1	3164	5588	+	1466	protein_coding	dCTP pyrophosphatase 1-like%2C transcript variant X2 && sp|Q91VC0|DCTP1_RAT dCTP pyrophosphatase 1 OS=Rattus norvegicus OX=10116 GN=Dctpp1 PE=2 SV=1 && PF12643:MazG-like family	Trihelix
110720457	375.610139696181	1.00090702117091	0.33166255379106	9.12306626155112	0.00252406543851791	0.0295198397757337	LOC110720457	NW_018742556.1	1600152	1603177	-	1263	protein_coding	50S ribosomal protein L18-like%2C transcript variant X1 && - && PF00861:Ribosomal L18 of archaea, bacteria, mitoch. and chloroplast	C2H2
110729865	32.1502915128949	1.6466033543451	0.546132626118519	9.11765796034376	0.00253153858668981	0.0295727740855683	LOC110729865	NW_018743014.1	1189657	1191697	+	1217	protein_coding	histidine-containing phosphotransfer protein 4-like && sp|Q0DK78|PHP2_ORYSJ Pseudo histidine-containing phosphotransfer protein 2 OS=Oryza sativa subsp. japonica OX=39947 GN=PHP2 PE=2 SV=3 && PF01627:Hpt domain	B3
110727990	130.076037385103	1.04113938654026	0.34512630709962	9.11440662286526	0.00253604206409435	0.0296158132569663	LOC110727990	NW_018742914.1	5521678	5527098	-	1938	protein_coding	probable N-succinyldiaminopimelate aminotransferase DapC && sp|Q16773|KAT1_HUMAN Kynurenine--oxoglutarate transaminase 1 OS=Homo sapiens OX=9606 GN=KYAT1 PE=1 SV=1 && PF00155:Aminotransferase class I and II	M-type_MADS
110713544	1782.40708026345	1.15581706745744	0.383050548703654	9.11195938557501	0.00253943713297676	0.0296378349252292	LOC110713544	NW_018742418.1	9973939	9982884	+	2031	protein_coding	serine hydroxymethyltransferase%2C mitochondrial-like%2C transcript variant X2 && sp|P50433|GLYM_SOLTU Serine hydroxymethyltransferase, mitochondrial OS=Solanum tuberosum OX=4113 PE=2 SV=1 && PF00464:Serine hydroxymethyltransferase	MIKC_MADS
110703302	2.86294314157365	5.31620925584101	1.7456621864587	9.10169365170847	0.0025537291946511	0.029751589042282	LOC110703302	NW_018744718.1	1633545	1638214	-	3469	protein_coding	uncharacterized LOC110703302 && - && -	MYB_related
110689385	1796.74502416507	1.45816683779104	0.483235746975983	9.09488825786332	0.0025632487114421	0.0298271012279898	LOC110689385	NW_018743955.1	7625801	7633780	-	3643	protein_coding	uncharacterized LOC110689385%2C transcript variant X1 && sp|O53732|UFAA1_MYCTU Tuberculostearic acid methyltransferase UfaA1 OS=Mycobacterium tuberculosis (strain ATCC 25618 / H37Rv) OX=83332 GN=ufaA1 PE=1 SV=3 && PF01593:Flavin containing amine oxidoreductase|PF02353:Mycolic acid cyclopropane synthetase	-
110723960	41.5876896088972	3.46542559053075	1.13077242825724	9.09589740150432	0.00256183483040208	0.0298271012279898	LOC110723960	NW_018742733.1	4471319	4476995	+	2641	protein_coding	glycerophosphodiester phosphodiesterase GDPDL3-like && sp|Q9FJ62|GPDL4_ARATH Glycerophosphodiester phosphodiesterase GDPDL4 OS=Arabidopsis thaliana OX=3702 GN=GDPDL4 PE=1 SV=1 && PF03009:Glycerophosphoryl diester phosphodiesterase family	FAR1
110686945	203.460903694949	1.86237195060406	0.616099395093743	9.09133014956865	0.00256824019357937	0.0298763320860316	LOC110686945	NW_018743906.1	1478036	1478741	+	706	protein_coding	histone H3.2 && sp|P59226|H32_ARATH Histone H3.2 OS=Arabidopsis thaliana OX=3702 GN=HTR2 PE=1 SV=2 && PF00125:Core histone H2A/H2B/H3/H4	B3
110705975	1.92862613339343	5.60512003478263	1.98287103147549	9.08440689862402	0.00257798075116091	0.0299630180646175	LOC110705975	NW_018744895.1	3484585	3485205	-	621	protein_coding	uncharacterized LOC110705975 && - && PF04819:Family of unknown function (DUF716)	-
110730081	597.23172503608	1.70248468745502	0.563953105972518	9.08318274340843	0.00257970695437457	0.0299742104198676	LOC110730081	NW_018743021.1	187069	190087	+	1832	protein_coding	phosphoribulokinase%2C chloroplastic && sp|P27774|KPPR_MESCR Phosphoribulokinase, chloroplastic OS=Mesembryanthemum crystallinum OX=3544 PE=2 SV=1 && PF00485:Phosphoribulokinase / Uridine kinase family	BBR-BPC
110734478	3.942697462406	4.00173803014326	1.32159328152759	9.07272387500845	0.00259450311029623	0.0300927113557779	LOC110734478	NW_018743212.1	3746066	3749280	-	1744	protein_coding	probable protein kinase At2g41970 && sp|P93749|Y2197_ARATH Probable protein kinase At2g41970 OS=Arabidopsis thaliana OX=3702 GN=At2g41970 PE=2 SV=1 && PF07714:Protein tyrosine kinase	GRAS
110685726	1.49443755664709	7.56034163710464	2.61774077660433	9.0561403366267	0.00261814064107714	0.0302596343134263	LOC110685726	NW_018743850.1	6701955	6702479	-	525	protein_coding	nodulin-related protein 1-like && - && -	-
110708713	16.9386427131464	3.45056753082472	1.13013473796655	9.05765013913174	0.00261597961137636	0.0302596343134263	LOC110708713	NW_018745024.1	11611114	11615158	-	1773	protein_coding	F-box protein PP2-B15-like%2C transcript variant X1 && sp|O80494|P2B15_ARATH F-box protein PP2-B15 OS=Arabidopsis thaliana OX=3702 GN=PP2B15 PE=2 SV=2 && PF14299:Phloem protein 2	GRAS
110710280	2.75487273134334	6.10905318901175	1.97755417371029	9.05826750466329	0.00261509647757247	0.0302596343134263	LOC110710280	NW_018745170.1	1541976	1546190	-	961	protein_coding	uncharacterized LOC110710280 && - && PF04654:Protein of unknown function, DUF599	-
110732515	187.947795212776	1.13279695256456	0.376576794901993	9.05813848362436	0.00261528101556333	0.0302596343134263	LOC110732515	NW_018743175.1	3291158	3297596	-	2254	protein_coding	pyruvate kinase isozyme G%2C chloroplastic-like && sp|Q40546|KPYG_TOBAC Pyruvate kinase isozyme G, chloroplastic OS=Nicotiana tabacum OX=4097 PE=2 SV=1 && PF02887:Pyruvate kinase, alpha/beta domain|PF00224:Pyruvate kinase, barrel domain	-
110684431	5.09849141189467	4.0967298583066	1.34585308219578	9.05226169628872	0.00262370057749806	0.0303125133639003	LOC110684431	NW_018743697.1	5070971	5074214	-	2244	protein_coding	GDSL esterase/lipase 4-like && sp|H6U1I8|GLIP_TANCI GDSL lipase OS=Tanacetum cinerariifolium OX=118510 GN=GLIP PE=1 SV=1 && PF00657:GDSL-like Lipase/Acylhydrolase	ERF
110710764	8776.04037113234	1.31432345133469	0.436942909010918	9.04672694987437	0.0026316552643462	0.0303622200930283	LOC110710764	NW_018745177.1	2070464	2071732	-	915	protein_coding	early light-induced protein 2%2C chloroplastic-like && sp|Q94K66|ELIP2_ARATH Early light-induced protein 2, chloroplastic OS=Arabidopsis thaliana OX=3702 GN=ELIP2 PE=1 SV=1 && -	HSF
110727746	9.55492970015126	3.17023460236212	1.0467143912823	9.04743728706094	0.00263063298065439	0.0303622200930283	LOC110727746	NW_018742914.1	1262370	1263047	+	678	protein_coding	monothiol glutaredoxin-S6-like && sp|Q9LYC8|GRXS6_ARATH Monothiol glutaredoxin-S6 OS=Arabidopsis thaliana OX=3702 GN=GRXS6 PE=3 SV=1 && PF00462:Glutaredoxin	-
110698045	195.411884971435	1.31540563158872	0.437519940221932	9.04056629463253	0.00264053832205234	0.0304468178279394	LOC110698045	NW_018742381.1	1074945	1076973	+	2029	protein_coding	UDP-glycosyltransferase 89B2-like && sp|Q6VAA5|U89B2_STERE UDP-glycosyltransferase 89B2 OS=Stevia rebaudiana OX=55670 GN=UGT89B2 PE=2 SV=1 && PF00201:UDP-glucoronosyl and UDP-glucosyl transferase	CO-like
110685602	10.7058278851311	2.40844541070765	0.802153024470724	9.03943028478739	0.00264217965734269	0.0304478643435503	LOC110685602	NW_018743845.1	16196	20233	+	1052	pseudogene	- && - && -	-
110684324	59.8293668475307	1.0692693783365	0.356246333480401	9.03462395524394	0.00264913543103419	0.030507888639648	LOC110684324	NW_018743697.1	3729480	3741880	-	1769	protein_coding	putative hydrolase C777.06c && sp|O74545|YCV6_SCHPO Putative hydrolase C777.06c OS=Schizosaccharomyces pombe (strain 972 / ATCC 24843) OX=284812 GN=SPCC777.06c PE=4 SV=1 && PF12706:Beta-lactamase superfamily domain	-
110683564	338.28238971935	1.08529180345261	0.361346155737036	9.03158450600836	0.00265354374827925	0.0305270117034698	LOC110683564	NW_018743669.1	2162193	2164609	-	2206	protein_coding	protein FAF-like%2C chloroplastic && sp|Q0V865|FAFL_ARATH Protein FAF-like, chloroplastic OS=Arabidopsis thaliana OX=3702 GN=At5g22090 PE=2 SV=1 && PF11250:Fantastic Four meristem regulator	-
110692461	258.288587881095	1.05978480899099	0.352922323985227	9.03146883668865	0.0026537116582804	0.0305270117034698	LOC110692461	NW_018744113.1	388631	394836	+	2643	protein_coding	probable pectate lyase 8 && sp|Q9M8Z8|PLY8_ARATH Probable pectate lyase 8 OS=Arabidopsis thaliana OX=3702 GN=At3g07010 PE=2 SV=1 && PF00544:Pectate lyase	AP2
110704653	8.80770027503451	2.8973710097985	0.96127742592337	9.02812527904868	0.00265856995942784	0.0305649935645812	LOC110704653	NW_018744855.1	189433	189963	-	531	protein_coding	auxin-responsive protein SAUR36-like && sp|O22150|SAU36_ARATH Auxin-responsive protein SAUR36 OS=Arabidopsis thaliana OX=3702 GN=SAUR36 PE=2 SV=1 && PF02519:Auxin responsive protein	ZF-HD
110683010	45.2199920832937	1.05936173706577	0.352974377576596	9.02464989299432	0.00266362938299839	0.0305873440814315	LOC110683010	NW_018743616.1	1587420	1596670	-	2017	protein_coding	protein Brevis radix-like 4 && sp|Q8GZ92|BRXL4_ARATH Protein Brevis radix-like 4 OS=Arabidopsis thaliana OX=3702 GN=BRXL4 PE=2 SV=1 && PF13713:Transcription factor BRX N-terminal domain|PF08381:Transcription factor regulating root and shoot growth via Pin3	HB-other
110729620	175.788082730422	1.19053671217458	0.39647481380762	9.02505596207664	0.0026630377287178	0.0305873440814315	LOC110729620	NW_018742987.1	1102144	1106145	+	2084	protein_coding	BAHD acyltransferase DCR-like && sp|Q9FF86|DCR_ARATH BAHD acyltransferase DCR OS=Arabidopsis thaliana OX=3702 GN=DCR PE=2 SV=1 && PF02458:Transferase family	NAC
110736922	4.87730237205279	3.00343775758003	1.00311254712874	9.02511864029938	0.00266294641663969	0.0305873440814315	LOC110736922	NW_018743292.1	9449129	9454605	+	3186	protein_coding	kinesin-like protein KIN-14S && sp|F4K4C5|KN14S_ARATH Kinesin-like protein KIN-14S OS=Arabidopsis thaliana OX=3702 GN=KIN14S PE=3 SV=1 && PF00225:Kinesin motor domain	bHLH
110685558	53.5006596109527	1.00377720200016	0.334833955392792	9.0213196276639	0.0026684867129711	0.030625212939367	LOC110685558	NW_018743828.1	1275821	1279802	+	1719	protein_coding	mitotic spindle checkpoint protein BUBR1 && sp|O22806|BUBR1_ARATH Mitotic spindle checkpoint protein BUBR1 OS=Arabidopsis thaliana OX=3702 GN=BUBR1 PE=1 SV=2 && PF08311:Mad3/BUB1 homology region 1	-
110732332	1503.11153991696	1.0856144987982	0.361772117684728	9.01559143686404	0.00267686256328675	0.0306944302037841	LOC110732332	NW_018743175.1	1042371	1045374	+	956	protein_coding	50S ribosomal protein L11%2C chloroplastic && sp|P31164|RK11_SPIOL 50S ribosomal protein L11, chloroplastic OS=Spinacia oleracea OX=3562 GN=rpl11 PE=1 SV=1 && PF03946:Ribosomal protein L11, N-terminal domain|PF00298:Ribosomal protein L11, RNA binding domain	-
110710603	319.93542588946	1.27052146140242	0.42324884949962	9.01368272650734	0.00267965943420043	0.0307085687071356	LOC110710603	NW_018742418.1	4866152	4869353	-	1410	protein_coding	1%2C4-dihydroxy-2-naphthoyl-CoA synthase%2C peroxisomal-like && sp|Q8GYN9|MENB_ARATH 1,4-dihydroxy-2-naphthoyl-CoA synthase, peroxisomal OS=Arabidopsis thaliana OX=3702 GN=MENB PE=1 SV=2 && PF00378:Enoyl-CoA hydratase/isomerase	LBD
110687477	12.589268168359	2.122865145302	0.709339975486462	9.00710885978813	0.0026893149768433	0.0307922644564335	LOC110687477	NW_018743919.1	4165345	4168524	-	1527	protein_coding	uncharacterized LOC110687477 && - && -	-
110727613	45.2606673847391	1.24984601179385	0.417258742594545	9.00209649201287	0.00269670075457735	0.0308415688417019	LOC110727613	NW_018742907.1	1807110	1810913	+	3804	protein_coding	LRR receptor-like serine/threonine-protein kinase GSO1 && sp|F4J3H7|ZRK7_ARATH Serine/threonine-protein kinase ZRK7 OS=Arabidopsis thaliana OX=3702 GN=ZRK7 PE=2 SV=1 && PF12799:Leucine Rich repeats (2 copies)|PF08263:Leucine rich repeat N-terminal domain|PF13855:Leucine rich repeat	-
110732964	58.2030237233632	1.30929596099832	0.436831708715687	9.00053991900376	0.00269899856981221	0.03084917661008	LOC110732964	NW_018743196.1	375780	378559	-	1456	protein_coding	uncharacterized LOC110732964 && - && -	-
110691417	855.080377922785	1.54633750565949	0.514995314368516	8.99878447116919	0.00270159234954465	0.0308608599021719	LOC110691417	NW_018744080.1	985654	987326	-	1673	pseudogene	- && sp|Q9M5J8|PGIP2_ARATH Polygalacturonase inhibitor 2 OS=Arabidopsis thaliana OX=3702 GN=PGIP2 PE=2 SV=2 && PF08263:Leucine rich repeat N-terminal domain|PF13855:Leucine rich repeat	MYB_related
110711004	6.03197959490555	5.52839070942939	1.80587222158818	8.99561549303291	0.00270628111519371	0.0308964471619193	LOC110711004	NW_018745195.1	547028	550950	-	2268	protein_coding	cytochrome P450 CYP72A219-like && sp|H2DH21|C7A29_PANGI Cytochrome P450 CYP72A219 OS=Panax ginseng OX=4054 PE=2 SV=1 && PF00067:Cytochrome P450	bHLH
110719728	1023.39159577275	1.02711603653594	0.342790433141576	8.99063210626025	0.0027136711672195	0.0309361460794805	LOC110719728	NW_018742484.1	882912	886424	+	603	protein_coding	outer envelope pore protein 16%2C chloroplastic-like && sp|Q41050|OEP16_PEA Outer envelope pore protein 16, chloroplastic OS=Pisum sativum OX=3888 GN=OEP16 PE=1 SV=1 && PF02466:Tim17/Tim22/Tim23/Pmp24 family	-
110695710	534.216271826992	1.26589333842735	0.422292951695841	8.9900782409361	0.00271449377913868	0.0309362490389185	LOC110695710	NW_018744304.1	5480311	5486476	+	3778	protein_coding	mRNA turnover protein 4 homolog%2C transcript variant X8 && - && -	-
110697797	295.70995470281	1.61661898864939	0.538644925307464	8.9847193768241	0.0027224659594441	0.0309898588572745	LOC110697797	NW_018744501.1	604351	605610	-	745	protein_coding	histone H2A%2C sperm-like && sp|P35063|H2AX_PICAB Histone H2AX OS=Picea abies OX=3329 PE=2 SV=1 && PF16211:C-terminus of histone H2A|PF00125:Core histone H2A/H2B/H3/H4	GeBP
110711993	21.9695745426173	3.01876938817617	0.997193919596343	8.98426487282785	0.00272314320058193	0.0309898588572745	LOC110711993	NW_018745286.1	2705383	2710185	+	1943	protein_coding	serine decarboxylase-like && sp|Q9MA74|SDC1_ARATH Serine decarboxylase OS=Arabidopsis thaliana OX=3702 GN=SDC PE=1 SV=1 && PF00282:Pyridoxal-dependent decarboxylase conserved domain	MYB_related
110695107	73.674485346697	1.12018280619857	0.373980722827745	8.98262810166631	0.00272558351583314	0.0309996644706964	LOC110695107	NW_018744290.1	856847	857453	+	526	protein_coding	uncharacterized LOC110695107 && - && -	-
110705337	102.525062950687	1.25225316168469	0.417926103972424	8.98282368333275	0.0027252918000072	0.0309996644706964	LOC110705337	NW_018744878.1	5816242	5816787	-	411	protein_coding	uncharacterized LOC110705337 && - && -	MYB
110708715	52.8206424171853	1.42574542769544	0.476026281168503	8.9747362418691	0.00273738094617481	0.0310798386525364	LOC110708715	NW_018745024.1	11625298	11628854	+	1873	protein_coding	lipoprotein NlpI-like && - && -	-
110727787	2.3821477196343	8.42230927878598	2.79112676606094	8.97493097810208	0.00273708921471079	0.0310798386525364	LOC110727787	NW_018742914.1	6913668	6914386	+	604	lncRNA	uncharacterized LOC110727787 && - && -	-
110704947	6.96904464332682	4.23211465861625	1.38934601239598	8.97078077296854	0.00274331341392513	0.0311202044208786	LOC110704947	NW_018744874.1	228693	233294	+	2449	protein_coding	uncharacterized protein At4g15970-like && sp|P0C042|Y4597_ARATH Uncharacterized protein At4g15970 OS=Arabidopsis thaliana OX=3702 GN=At4g15970 PE=2 SV=1 && PF03407:Nucleotide-diphospho-sugar transferase	-
110687095	9.0188105734277	4.89890807943544	1.58872896815093	8.96730633288897	0.00274853519708	0.0311434572403124	LOC110687095	NW_018743919.1	3135990	3136931	-	942	protein_coding	stigma-specific STIG1-like protein 1 && - && PF04885:Stigma-specific protein, Stig1	-
110720957	718.772645568354	1.00436448893249	0.33574066330796	8.96369970449473	0.00275396632413403	0.031181936213859	LOC110720957	NW_018742577.1	2605052	2608145	+	940	protein_coding	reactive Intermediate Deaminase A%2C chloroplastic-like && sp|Q94JQ4|RIDA_ARATH Reactive Intermediate Deaminase A, chloroplastic OS=Arabidopsis thaliana OX=3702 GN=RIDA PE=1 SV=1 && PF01042:Endoribonuclease L-PSP	FAR1
110736384	1.83017286223064	4.62799022983953	1.55401649028841	8.96346969555543	0.00275431305797563	0.031181936213859	LOC110736384	NW_018743292.1	2800361	2823017	-	1695	protein_coding	omega-hydroxypalmitate O-feruloyl transferase-like && sp|A0A2R6Q326|AT16_ACTCC Alcohol acyltransferase 16 OS=Actinidia chinensis var. chinensis OX=1590841 GN=AT16 PE=1 SV=2 && PF02458:Transferase family	ARF
110730332	42.4483569569076	1.62658993835656	0.543368490145747	8.96156765711225	0.00275718204205023	0.0311995344980536	LOC110730332	NW_018743021.1	3258972	3262189	+	1627	protein_coding	nudix hydrolase 8-like && sp|Q8L7W2|NUDT8_ARATH Nudix hydrolase 8 OS=Arabidopsis thaliana OX=3702 GN=NUDT8 PE=2 SV=2 && PF18290:Nudix hydrolase domain|PF00293:NUDIX domain	C3H
110703798	63.8318386229551	2.02679846597583	0.675189373827431	8.95517348353258	0.00276684910966478	0.0312517874845743	LOC110703798	NW_018744780.1	762211	794676	+	3336	protein_coding	amino acid transporter AVT1I-like%2C transcript variant X3 && sp|F4J1Q9|AVT1I_ARATH Amino acid transporter AVT1I OS=Arabidopsis thaliana OX=3702 GN=AVT1I PE=3 SV=1 && PF01490:Transmembrane amino acid transporter protein	-
110730178	3.49725545762656	5.6436880664219	1.83270685327893	8.95568299554938	0.00276607754063739	0.0312517874845743	LOC110730178	NW_018743021.1	1126083	1127405	+	1323	protein_coding	glycine-rich cell wall structural protein 1.8-like && - && -	-
110736182	9.68807796006923	3.47069179918979	1.14723474752413	8.95235461589635	0.00277112175468484	0.0312820536567225	LOC110736182	NW_018743292.1	920011	925463	-	3191	protein_coding	uncharacterized LOC110736182 && - && PF07944:Beta-L-arabinofuranosidase, GH127	-
110720231	3.85813892089019	3.33901961542984	1.12213675042941	8.94331759411395	0.0027848646718171	0.0314101063343691	LOC110720231	NW_018742541.1	2082112	2082558	+	447	protein_coding	RING-H2 finger protein ATL1-like && - && PF13639:Ring finger domain	C3H
110718595	343.39270645219	2.90789050938258	0.961676348380216	8.94067292239737	0.00278889959303829	0.0314375584722712	LOC110718595	NW_018742461.1	1512153	1513689	+	590	protein_coding	gibberellin-regulated protein 1-like && sp|P46689|GASA1_ARATH Gibberellin-regulated protein 1 OS=Arabidopsis thaliana OX=3702 GN=GASA1 PE=2 SV=2 && PF02704:Gibberellin regulated protein	-
110700537	103.81276137558	1.64968318302652	0.551339293788415	8.93578269292311	0.00279637615994489	0.0314993935908528	LOC110700537	NW_018744626.1	3582765	3584368	+	934	protein_coding	uncharacterized LOC110700537 && - && PF06549:Protein of unknown function (DUF1118)	FAR1
110713221	5.72224780167286	3.10996727519735	1.03719051376482	8.91691279884472	0.00282541724741728	0.0317679527032346	LOC110713221	NW_018745410.1	99281	100164	-	714	protein_coding	uncharacterized LOC110713221 && - && -	-
110722731	605.494348502925	1.75596806901641	0.586892711286061	8.9164287850565	0.00282616616835707	0.0317679527032346	LOC110722731	NW_018742684.1	2013041	2013560	-	520	protein_coding	histone H4 && sp|P62785|H41_WHEAT Histone H4 variant TH011 OS=Triticum aestivum OX=4565 PE=3 SV=2 && PF15511:Centromere kinetochore component CENP-T histone fold	CO-like
110731969	37.7177282739316	2.01131151004847	0.671903473727734	8.91634318041679	0.00282629864652819	0.0317679527032346	LOC110731969	NW_018743122.1	571443	577118	-	2178	protein_coding	protein disulfide isomerase-like 1-3 && sp|Q8VX13|PDI13_ARATH Protein disulfide isomerase-like 1-3 OS=Arabidopsis thaliana OX=3702 GN=PDIL1-3 PE=2 SV=1 && PF00085:Thioredoxin|PF13848:Thioredoxin-like domain	MYB_related
110707527	36.3664967692947	1.28647256154889	0.43128877542208	8.91280078487921	0.0028317862437962	0.0318114248148192	LOC110707527	NW_018745000.1	4885210	4886379	+	1062	protein_coding	uncharacterized LOC110707527 && - && -	-
110739059	24.4272193556068	1.60263995887328	0.537517200788326	8.89933485613142	0.00285274552379876	0.0319554691831571	LOC110739059	NW_018743412.1	771321	774980	+	1103	protein_coding	myb family transcription factor APL-like && sp|E5L8F7|IPN2_LOTJA Myb family transcription factor IPN2 OS=Lotus japonicus OX=34305 GN=IPN2 PE=1 SV=1 && PF00249:Myb-like DNA-binding domain|PF14379:MYB-CC type transfactor, LHEQLE motif	G2-like
110684230	2.55405037291497	8.58664633280953	2.90751221887238	8.89298219767679	0.00286268785593029	0.0320234940004601	LOC110684230	NW_018743697.1	2778077	2780626	-	1971	protein_coding	peroxidase 60-like && sp|Q9FMR0|PER60_ARATH Peroxidase 60 OS=Arabidopsis thaliana OX=3702 GN=PER60 PE=1 SV=1 && PF00141:Peroxidase	NAC
110715710	835.052476173637	1.44808665908876	0.485438558683445	8.88897758594169	0.00286897341636248	0.0320640845136038	LOC110715710	NW_018745533.1	2132824	2134440	+	1414	protein_coding	uncharacterized LOC110715710 && sp|Q8GYX2|FLZ14_ARATH FCS-Like Zinc finger 14 OS=Arabidopsis thaliana OX=3702 GN=FLZ14 PE=1 SV=1 && PF04570:zinc-finger of the FCS-type, C2-C2	ERF
110697134	2.15177554295204	3.65325316611201	1.22522869091084	8.87973305249704	0.00288353703665284	0.0321795036403014	LOC110697134	NW_018744460.1	1281800	1285730	+	3837	protein_coding	uncharacterized LOC110697134 && - && -	G2-like
110735022	4.54027838519925	4.70953463601555	1.56232216390907	8.87930261537764	0.00288421696366107	0.0321795036403014	LOC110735022	NW_018743252.1	2994204	2995926	-	1553	protein_coding	uncharacterized LOC110735022 && sp|Q94HW2|POLR1_ARATH Retrovirus-related Pol polyprotein from transposon RE1 OS=Arabidopsis thaliana OX=3702 GN=RE1 PE=2 SV=1 && PF14223:gag-polypeptide of LTR copia-type|PF14244:gag-polypeptide of LTR copia-type	MIKC_MADS
110730083	222.997071905311	1.04941971135281	0.352597556725774	8.87297725528572	0.00289422742704062	0.0322606046918236	LOC110730083	NW_018743021.1	193848	197730	-	2046	protein_coding	plastidal glycolate/glycerate translocator 1%2C chloroplastic-like && sp|Q9FVQ4|PLGG1_ARATH Plastidal glycolate/glycerate translocator 1, chloroplastic OS=Arabidopsis thaliana OX=3702 GN=PLGG1 PE=1 SV=1 && PF04172:LrgB-like family	BBR-BPC
110739446	1.2689800787764	4.94452615881811	1.80179419400253	8.87263394860933	0.00289477174990416	0.0322606046918236	LOC110739446	NW_018743487.1	87232	100854	-	726	lncRNA	uncharacterized LOC110739446%2C transcript variant X2 && sp|B8AFI3|GLO14_ORYSI Very-long-chain aldehyde decarbonylase GL1-4 OS=Oryza sativa subsp. indica OX=39946 GN=GL1-4 PE=3 SV=1 && -	-
110700595	104.850515800436	1.77202826864404	0.594051214064898	8.86657726136696	0.00290439192293769	0.0323525741843509	LOC110700595	NW_018744626.1	4301226	4302895	+	785	protein_coding	gibberellin-regulated protein 6-like && sp|Q6NMQ7|GASA6_ARATH Gibberellin-regulated protein 6 OS=Arabidopsis thaliana OX=3702 GN=GASA6 PE=3 SV=1 && -	-
110712199	1.26790614802135	6.71164512384479	2.35283582868522	8.85808444920174	0.00291793624661475	0.0324360805015985	LOC110712199	NW_018745291.1	983820	986742	-	1508	protein_coding	salicylate carboxymethyltransferase-like && sp|Q84UB4|BSMT2_PETHY S-adenosyl-L-methionine:benzoic acid/salicylic acid carboxyl methyltransferase 2 OS=Petunia hybrida OX=4102 GN=BSMT2 PE=1 SV=1 && PF03492:SAM dependent carboxyl methyltransferase	MYB_related
110692073	9.25541472053851	2.88230731188049	0.963479058996382	8.8569829220622	0.00291969765421839	0.0324463174799431	LOC110692073	NW_018744092.1	4078042	4082347	+	2037	protein_coding	WUSCHEL-related homeobox 1-like%2C transcript variant X1 && sp|Q6X7K0|WOX1_ARATH WUSCHEL-related homeobox 1 OS=Arabidopsis thaliana OX=3702 GN=WOX1 PE=2 SV=2 && PF00046:Homeodomain	WOX
110724663	370.215909277588	1.3320867045086	0.447796344131319	8.84900628181305	0.00293248504636095	0.032551578639269	LOC110724663	NW_018742770.1	2292973	2297865	-	3156	protein_coding	probable inactive receptor kinase At1g48480%2C transcript variant X1 && sp|Q9LP77|Y1848_ARATH Probable inactive receptor kinase At1g48480 OS=Arabidopsis thaliana OX=3702 GN=RKL1 PE=1 SV=1 && PF13855:Leucine rich repeat|PF00069:Protein kinase domain	S1Fa-like
110726222	1.99523479752871	4.40828898338041	1.55559035299488	8.84596088432873	0.00293738213056163	0.0325691158705666	LOC110726222	NW_018742205.1	1408661	1411901	+	834	protein_coding	uncharacterized LOC110726222 && - && PF13359:DDE superfamily endonuclease	ERF
110699274	3.92465245591577	3.0561488623344	1.03798059880232	8.84476025475863	0.00293931505864506	0.0325813492233044	LOC110699274	NW_018744582.1	1749303	1750040	+	738	protein_coding	protein EARLY FLOWERING 4-like && sp|O80877|EF4L1_ARATH Protein ELF4-LIKE 1 OS=Arabidopsis thaliana OX=3702 GN=EFL1 PE=2 SV=1 && PF07011:Early Flowering 4 domain	GRF
110725555	236.753232069816	1.33268545383198	0.448401692825594	8.83754266109048	0.00295096212987268	0.032673565189312	LOC110725555	NW_018742815.1	307615	310030	+	1806	protein_coding	probable 2-oxoglutarate-dependent dioxygenase ANS && sp|O80449|JOX4_ARATH Jasmonate-induced oxygenase 4 OS=Arabidopsis thaliana OX=3702 GN=JOX4 PE=1 SV=1 && PF03171:2OG-Fe(II) oxygenase superfamily|PF14226:non-haem dioxygenase in morphine synthesis N-terminal	STAT
110688157	48.2485665365516	1.09169886297502	0.367475948858553	8.83472404710261	0.00295552326149292	0.0327148435875455	LOC110688157	NW_018743920.1	5957373	5961793	-	3912	protein_coding	receptor protein kinase TMK1-like && sp|P43298|TMK1_ARATH Receptor protein kinase TMK1 OS=Arabidopsis thaliana OX=3702 GN=TMK1 PE=1 SV=1 && PF08263:Leucine rich repeat N-terminal domain|PF00069:Protein kinase domain	ERF
110736307	323.362259074759	1.42682730287691	0.479894841168808	8.83300372830882	0.00295831063067963	0.0327364703856527	LOC110736307	NW_018743292.1	2152509	2159617	+	1922	protein_coding	endoglucanase 8-like && sp|Q9CAC1|GUN8_ARATH Endoglucanase 8 OS=Arabidopsis thaliana OX=3702 GN=CEL1 PE=2 SV=1 && PF00759:Glycosyl hydrolase family 9	WRKY
110727369	19.3885495200554	2.27146933054051	0.762662576211563	8.83082882066179	0.0029618383757216	0.032766275642173	LOC110727369	NW_018742904.1	2329249	2336679	+	1931	protein_coding	probable serine incorporator%2C transcript variant X2 && - && PF03348:Serine incorporator (Serinc)	-
110736324	5.60516190813333	5.20281886034796	1.70830211619049	8.82948980268702	0.00296401241547842	0.0327718636241791	LOC110736324	NW_018743292.1	2297029	2298693	+	1426	lncRNA	uncharacterized LOC110736324 && - && -	-
110711362	5872.66806832306	1.10424314852179	0.371942875660407	8.82309885954442	0.00297441115234236	0.0328591420309092	LOC110711362	NW_018745265.1	45586	48530	-	1690	protein_coding	anthocyanin 3'-O-beta-glucosyltransferase-like && sp|Q8H0F2|ANGT_GENTR Anthocyanin 3'-O-beta-glucosyltransferase OS=Gentiana triflora OX=55190 PE=1 SV=1 && PF00201:UDP-glucoronosyl and UDP-glucosyl transferase	ERF
110717899	6.04973591403918	2.16195162551214	0.731469800928321	8.81838326776415	0.00298210767005705	0.0329041891682574	LOC110717899	NW_018745684.1	8039150	8042647	+	1090	protein_coding	auxin-responsive protein IAA31-like && sp|A2WNM0|IAA4_ORYSI Auxin-responsive protein IAA4 OS=Oryza sativa subsp. indica OX=39946 GN=IAA4 PE=2 SV=1 && PF02309:AUX/IAA family	ARF
110711388	66.0913278169153	1.90995948090112	0.641882390669497	8.81039451240235	0.00299519265482031	0.033023638723402	LOC110711388	NW_018745265.1	9215	14425	-	2328	protein_coding	adenylate kinase 5%2C chloroplastic-like%2C transcript variant X1 && sp|Q8VYL1|KAD5_ARATH Adenylate kinase 5, chloroplastic OS=Arabidopsis thaliana OX=3702 GN=At5g35170 PE=1 SV=1 && PF09353:Domain of unknown function (DUF1995)|PF00406:Adenylate kinase	-
110702620	486.68367461338	1.12538473125438	0.379352229039417	8.80874651246415	0.00299789920431649	0.0330349313835919	LOC110702620	NW_018744693.1	3757831	3777478	-	3350	protein_coding	probable alpha-mannosidase At5g13980 && sp|Q8LPJ3|MANA2_ARATH Probable alpha-mannosidase At5g13980 OS=Arabidopsis thaliana OX=3702 GN=At5g13980 PE=2 SV=1 && PF07748:Glycosyl hydrolases family 38 C-terminal domain|PF17677:Glycosyl hydrolases family 38 C-terminal beta sandwich domain|PF01074:Glycosyl hydrolases family 38 N-terminal domain|PF09261:Alpha mannosidase middle domain	CAMTA
110732257	1807.87823620535	1.01545304835688	0.342473165906576	8.8043064792131	0.00300520354712291	0.0330905271915803	LOC110732257	NW_018743175.1	44214	49449	-	1044	protein_coding	30S ribosomal protein S6 alpha%2C chloroplastic-like && sp|P82403|RR6_SPIOL 30S ribosomal protein S6 alpha, chloroplastic OS=Spinacia oleracea OX=3562 GN=RPS6 PE=1 SV=3 && PF01250:Ribosomal protein S6	-
110699195	22.4525884161678	1.62844334920213	0.549045234422295	8.80255504325328	0.00300808982186249	0.0331100649030284	LOC110699195	NW_018744582.1	898381	901170	+	1714	protein_coding	UDP-glycosyltransferase 76B1-like && sp|Q9C768|U76B1_ARATH UDP-glycosyltransferase 76B1 OS=Arabidopsis thaliana OX=3702 GN=UGT76B1 PE=2 SV=1 && PF00201:UDP-glucoronosyl and UDP-glucosyl transferase	GRAS
110682409	37.7300484911415	1.18976108077666	0.401537484823021	8.80203058879493	0.00300895464309619	0.0331103042023863	LOC110682409	NW_018743574.1	6981535	6984260	-	2012	protein_coding	uncharacterized LOC110682409%2C transcript variant X1 && - && -	-
110699347	2.34765578145892	3.48704728577792	1.19112088787868	8.80091768556565	0.00301079064844351	0.0331212272090537	LOC110699347	NW_018744582.1	2609477	2612475	-	2904	protein_coding	probable leucine-rich repeat receptor-like protein kinase IMK3 && sp|C0LGP9|IMK3_ARATH Probable leucine-rich repeat receptor-like protein kinase IMK3 OS=Arabidopsis thaliana OX=3702 GN=IMK3 PE=1 SV=1 && PF07714:Protein tyrosine kinase|PF13855:Leucine rich repeat|PF12799:Leucine Rich repeats (2 copies)|PF08263:Leucine rich repeat N-terminal domain	ERF
110682238	118.292215825374	1.37981022986015	0.465247481029085	8.79798431725885	0.00301563541008533	0.0331652336769199	LOC110682238	NW_018743574.1	4967482	4970989	+	2206	protein_coding	probable cysteine desulfurase && - && PF00266:Aminotransferase class-V	NAC
110699916	1.81403679310057	5.49376048649196	1.84629436449305	8.78881766929543	0.00303082618388329	0.0332865148977976	LOC110699916	NW_018744603.1	324722	330390	-	1432	protein_coding	protein trichome birefringence-like 41 && sp|F4IWA8|TBL41_ARATH Protein trichome birefringence-like 41 OS=Arabidopsis thaliana OX=3702 GN=TBL41 PE=2 SV=1 && PF13839:GDSL/SGNH-like Acyl-Esterase family found in Pmr5 and Cas1p|PF14416:PMR5 N terminal Domain	BES1
110706867	23.2351290569501	1.68185994744775	0.567712874991455	8.7890007595426	0.00303052201106558	0.0332865148977976	LOC110706867	NW_018744991.1	1216751	1218422	-	1672	protein_coding	dof zinc finger protein DOF4.7-like && sp|Q94AR6|DOF31_ARATH Dof zinc finger protein DOF3.1 OS=Arabidopsis thaliana OX=3702 GN=DOF3.1 PE=2 SV=2 && PF02701:Dof domain, zinc finger	Dof
110728139	13.4899116145655	3.22150201877375	1.07568363428356	8.78695790271792	0.00303391762291813	0.0333103289921341	LOC110728139	NW_018742205.1	1540761	1545325	-	2447	pseudogene	- && sp|Q6R3K9|YSL2_ARATH Metal-nicotianamine transporter YSL2 OS=Arabidopsis thaliana OX=3702 GN=YSL2 PE=1 SV=1 && -	TCP
110735463	15.5795355111221	1.40235322406856	0.474292088096401	8.78394897632631	0.00303892606453559	0.0333373584727671	LOC110735463	NW_018743284.1	29700	36098	-	1306	protein_coding	glutaminyl-peptide cyclotransferase-like%2C transcript variant X1 && sp|Q84WV9|QPCT_ARATH Glutaminyl-peptide cyclotransferase OS=Arabidopsis thaliana OX=3702 GN=QCT PE=1 SV=1 && PF05096:Glutamine cyclotransferase	MYB_related
110701099	30.2200291770811	1.38846089835651	0.468936006638994	8.77509178909446	0.00305371790850286	0.0334292410958533	LOC110701099	NW_018744633.1	3816946	3820612	-	788	protein_coding	CRIB domain-containing protein RIC4-like && sp|Q9FFD5|RIC4_ARATH CRIB domain-containing protein RIC4 OS=Arabidopsis thaliana OX=3702 GN=RIC4 PE=1 SV=1 && PF00786:P21-Rho-binding domain	-
110738389	100.913112070814	1.36382481381276	0.46042239672403	8.77468661595742	0.00305439631017541	0.0334292410958533	LOC110738389	NW_018743389.1	970105	971382	+	1162	protein_coding	two-component response regulator ORR10-like && sp|B8BLZ4|ORR10_ORYSI Two-component response regulator ORR10 OS=Oryza sativa subsp. indica OX=39946 GN=RR10 PE=2 SV=1 && PF00072:Response regulator receiver domain	M-type_MADS
110707133	3.06963288649338	3.1077755103551	1.05924137968003	8.76949101349749	0.00306310915021311	0.0334558964945859	LOC110707133	NW_018742418.1	2900674	2903618	+	1656	protein_coding	protein DETOXIFICATION 29-like && sp|Q38956|DTX29_ARATH Protein DETOXIFICATION 29 OS=Arabidopsis thaliana OX=3702 GN=DTX29 PE=1 SV=1 && PF01554:MatE	MYB_related
110695927	401.080613993459	1.54850642993268	0.522425186691842	8.76862218305604	0.00306456861027999	0.033459772875042	LOC110695927	NW_018744311.1	480495	487283	-	2885	protein_coding	DNA (cytosine-5)-methyltransferase CMT3-like && sp|C0SQ89|CMT3_ORYSJ DNA (cytosine-5)-methyltransferase CMT3 OS=Oryza sativa subsp. japonica OX=39947 GN=CMT3 PE=2 SV=1 && PF00145:C-5 cytosine-specific DNA methylase|PF00385:Chromo (CHRromatin Organisation MOdifier) domain|PF01426:BAH domain	-
110721923	10.6869812616787	2.36350948688943	0.799504601541464	8.74965388157557	0.0030966082209779	0.0337252065065072	LOC110721923	NW_018742630.1	3676727	3677598	-	872	protein_coding	glycine-rich cell wall structural protein 1.0-like && - && -	-
110718315	94.1625564014578	2.07501155207411	0.699324746137583	8.74158221926399	0.00311034520333955	0.0338560385728254	LOC110718315	NW_018742455.1	1301901	1305677	+	1496	protein_coding	probable pectinesterase 68 && sp|Q8LPF3|PME68_ARATH Probable pectinesterase 68 OS=Arabidopsis thaliana OX=3702 GN=PME68 PE=2 SV=1 && PF01095:Pectinesterase	bHLH
110708565	31.5629251563174	1.23637032530854	0.418880555619886	8.73392040178379	0.00312344196051689	0.0339451051497256	LOC110708565	NW_018745024.1	9587196	9591301	+	2868	protein_coding	increased DNA methylation 2-like%2C transcript variant X1 && sp|Q8RWL4|IDM2_ARATH Increased DNA methylation 2 OS=Arabidopsis thaliana OX=3702 GN=IDM2 PE=1 SV=1 && -	NF-YC
110689549	15.0330512831332	1.92395296001454	0.650575070513261	8.73201014900246	0.00312671597612835	0.0339683309904533	LOC110689549	NW_018743955.1	2101919	2105457	-	1601	lncRNA	uncharacterized LOC110689549 && - && -	M-type_MADS
110697245	49.2388726886791	1.31697250566455	0.446251008864786	8.73027260292986	0.00312969701501917	0.0339778933444653	LOC110697245	NW_018744460.1	2419539	2422726	-	1391	protein_coding	uncharacterized LOC110697245%2C transcript variant X1 && - && -	-
110729331	46.5269644975636	1.85440027580032	0.626766964524719	8.72998443820774	0.00313019168691659	0.0339778933444653	LOC110729331	NW_018742980.1	360000	364825	+	1878	protein_coding	solute carrier family 35 member F2-like%2C transcript variant X1 && sp|Q8IXU6|S35F2_HUMAN Solute carrier family 35 member F2 OS=Homo sapiens OX=9606 GN=SLC35F2 PE=1 SV=1 && PF06027:Solute carrier family 35	-
110687069	12.5515145410582	3.4113925181754	1.14096480241933	8.72930850244444	0.00313135232955222	0.0339809846915148	LOC110687069	NW_018743919.1	203892	205988	+	1708	protein_coding	transcription factor MYB41-like && sp|Q9M0J5|MYB41_ARATH Transcription factor MYB41 OS=Arabidopsis thaliana OX=3702 GN=MYB41 PE=1 SV=1 && PF00249:Myb-like DNA-binding domain	MYB
110694579	89.6531274830391	1.02535195923034	0.347556833747432	8.72426564607946	0.00314002518054207	0.0340375956156304	LOC110694579	NW_018742345.1	5958606	5962023	+	2398	protein_coding	uncharacterized LOC110694579 && - && PF04654:Protein of unknown function, DUF599	-
110716027	23.7963610893217	1.84933158249174	0.626146232251164	8.71804180617653	0.00315076278150465	0.0340881285724606	LOC110716027	NW_018745540.1	1516908	1518283	+	1190	pseudogene	- && sp|Q93VG8|PPDEX_ARATH DeSI-like protein At4g17486 OS=Arabidopsis thaliana OX=3702 GN=At4g17486 PE=2 SV=1 && PF05903:PPPDE putative peptidase domain	ERF
110719599	110.885369906552	1.07083784784256	0.363188645690912	8.71471569295147	0.00315651640600726	0.0341315718097806	LOC110719599	NW_018742484.1	6813829	6828352	+	4138	protein_coding	respiratory burst oxidase homolog protein A-like && sp|O48538|RBOHF_ARATH Respiratory burst oxidase homolog protein F OS=Arabidopsis thaliana OX=3702 GN=RBOHF PE=1 SV=1 && PF08030:Ferric reductase NAD binding domain|PF08414:Respiratory burst NADPH oxidase|PF08022:FAD-binding domain|PF01794:Ferric reductase like transmembrane component	bHLH
110700727	3470.41055379689	1.22134562967246	0.413870741023432	8.71248233917709	0.00316038572777856	0.0341640045931867	LOC110700727	NW_018742390.1	8097511	8101713	+	1561	protein_coding	glyceraldehyde-3-phosphate dehydrogenase A%2C chloroplastic-like && sp|P19866|G3PA_SPIOL Glyceraldehyde-3-phosphate dehydrogenase A, chloroplastic OS=Spinacia oleracea OX=3562 GN=GAPA PE=1 SV=2 && PF02800:Glyceraldehyde 3-phosphate dehydrogenase, C-terminal domain|PF00044:Glyceraldehyde 3-phosphate dehydrogenase, NAD binding domain	Trihelix
110683689	38.8925308148227	1.53568623766212	0.520457129719169	8.71130471860118	0.00316242791491465	0.0341722803248146	LOC110683689	NW_018743691.1	4150987	4152452	-	649	protein_coding	uncharacterized LOC110683689 && - && -	-
110684333	680.53032539581	1.20244063815582	0.407541563209482	8.71103748522501	0.00316289152803965	0.0341722803248146	LOC110684333	NW_018743697.1	3815780	3820538	-	1480	protein_coding	glyoxylate/succinic semialdehyde reductase 2%2C chloroplastic-like && sp|F4I907|GLYR2_ARATH Glyoxylate/succinic semialdehyde reductase 2, chloroplastic OS=Arabidopsis thaliana OX=3702 GN=GLYR2 PE=1 SV=1 && PF14833:NAD-binding of NADP-dependent 3-hydroxyisobutyrate dehydrogenase|PF03446:NAD binding domain of 6-phosphogluconate dehydrogenase	ERF
110720578	25.6940647782125	1.41515662852044	0.479909105336847	8.70915336048625	0.00316616218572464	0.0341982088888789	LOC110720578	NW_018742558.1	996422	1003166	+	4566	protein_coding	ABC transporter B family member 13-like && sp|Q9C7F2|AB14B_ARATH ABC transporter B family member 14 OS=Arabidopsis thaliana OX=3702 GN=ABCB14 PE=3 SV=1 && PF00005:ABC transporter|PF00664:ABC transporter transmembrane region	ERF
110693364	138.405460021505	1.23283040917301	0.418062193301516	8.70476141786139	0.00317379952090385	0.0342430298308948	LOC110693364	NW_018744151.1	655228	656694	-	1143	protein_coding	uncharacterized protein At5g39570-like && - && -	-
110709142	6.4334057953009	2.98351531635237	1.00893025911257	8.70300897688099	0.00317685213742759	0.0342477392240444	LOC110709142	NW_018745045.1	22245	28896	-	2237	pseudogene	- && sp|O24146|4CL2_TOBAC 4-coumarate--CoA ligase 2 OS=Nicotiana tabacum OX=4097 GN=4CL2 PE=1 SV=1 && -	C2H2
110725613	40.4891100810578	1.63669342723564	0.554649639941839	8.70387441309771	0.00317534424183196	0.0342477392240444	LOC110725613	NW_018742815.1	982779	986201	+	955	protein_coding	protein LURP-one-related 12-like && sp|Q9LVZ8|LOR12_ARATH Protein LURP-one-related 12 OS=Arabidopsis thaliana OX=3702 GN=At3g15810 PE=2 SV=1 && PF04525:LURP-one-related	AP2
110739676	2.36060477735561	9.15184060897296	3.23483882155626	8.70101552840957	0.0031803281977633	0.0342758038723266	LOC110739676	NW_018743510.1	1079291	1081950	-	1905	protein_coding	omega-hydroxypalmitate O-feruloyl transferase-like%2C transcript variant X1 && sp|Q94CD1|HHT1_ARATH Omega-hydroxypalmitate O-feruloyl transferase OS=Arabidopsis thaliana OX=3702 GN=HHT1 PE=1 SV=1 && PF02458:Transferase family	FAR1
110695090	2.02684610254971	5.86441282267314	1.98521713069884	8.69268575725476	0.00319489503965977	0.0343950419113372	LOC110695090	NW_018742204.1	18021109	18023225	-	1660	protein_coding	peroxidase 57-like && sp|Q43729|PER57_ARATH Peroxidase 57 OS=Arabidopsis thaliana OX=3702 GN=PER57 PE=1 SV=1 && PF00141:Peroxidase	NAC
110684304	19.9396467962412	2.33531835200437	0.789123974405958	8.68793003443227	0.00320324208487472	0.0344565670773172	LOC110684304	NW_018743697.1	3526656	3530312	-	1658	protein_coding	palmitoyl-acyl carrier protein thioesterase%2C chloroplastic-like && sp|Q9SQI3|FATB_GOSHI Palmitoyl-acyl carrier protein thioesterase, chloroplastic OS=Gossypium hirsutum OX=3635 GN=FATB1 PE=1 SV=1 && PF01643:Acyl-ACP thioesterase	-
110698088	236.929147196162	1.27935250219492	0.4343118709491	8.67855442419568	0.00321976273236934	0.0345869096795244	LOC110698088	NW_018744502.1	6592541	6594331	+	1791	pseudogene	- && sp|Q9LVW3|AXYLT_ARATH Anthocyanidin 3-O-glucoside 2'''-O-xylosyltransferase OS=Arabidopsis thaliana OX=3702 GN=A3G2XYLT PE=1 SV=1 && -	SBP
110697755	21.4379501276521	1.69551527657367	0.575370939695027	8.67581262788531	0.00322461036213234	0.0346200444920786	LOC110697755	NW_018744498.1	2817947	2824783	+	1221	protein_coding	uncharacterized LOC110697755 && - && PF06749:Protein of unknown function (DUF1218)	B3
110729333	179.956960461233	1.05733236011227	0.35920335889214	8.67609134281969	0.00322411724203788	0.0346200444920786	LOC110729333	NW_018742980.1	374019	379192	-	1760	protein_coding	uridine nucleosidase 1-like && sp|Q9SJM7|URH1_ARATH Uridine nucleosidase 1 OS=Arabidopsis thaliana OX=3702 GN=URH1 PE=1 SV=2 && PF01156:Inosine-uridine preferring nucleoside hydrolase	-
110706290	142.764028611334	2.02876691018429	0.686577313758701	8.67451386878264	0.00322690921982495	0.0346257939317446	LOC110706290	NW_018744955.1	312960	314288	+	915	protein_coding	ribonuclease 3-like && sp|P42813|RNS1_ARATH Ribonuclease 1 OS=Arabidopsis thaliana OX=3702 GN=RNS1 PE=1 SV=1 && PF00445:Ribonuclease T2 family	bZIP
110683948	2.36830486240527	2.96379319531892	1.02116049095847	8.65321602367561	0.00326484579592453	0.0349278912948363	LOC110683948	NW_018743697.1	1032584	1034524	-	1941	protein_coding	probable xyloglucan galactosyltransferase GT11 && sp|O81072|GT11_ARATH Probable xyloglucan galactosyltransferase GT11 OS=Arabidopsis thaliana OX=3702 GN=GT11 PE=2 SV=1 && PF03016:Exostosin family	NAC
110694724	42.9402993915023	1.44431636088503	0.491935097428164	8.62483314681947	0.00331610813337643	0.0353605461214472	LOC110694724	NW_018744240.1	1140653	1146556	+	4248	protein_coding	histidine kinase 1-like && sp|Q9SXL4|AHK1_ARATH Histidine kinase 1 OS=Arabidopsis thaliana OX=3702 GN=AHK1 PE=1 SV=2 && PF02518:Histidine kinase-, DNA gyrase B-, and HSP90-like ATPase|PF00072:Response regulator receiver domain|PF00512:His Kinase A (phospho-acceptor) domain	Trihelix
110684795	7.53554195634437	2.81494174160889	0.962028969593121	8.62072533469473	0.00332359472907131	0.0354069868792126	LOC110684795	NW_018743783.1	343693	349143	+	3315	protein_coding	kinesin-like protein NACK1 && sp|Q8S950|KN7A_TOBAC Kinesin-like protein NACK1 OS=Nicotiana tabacum OX=4097 GN=NACK1 PE=1 SV=1 && PF11995:Domain of unknown function (DUF3490)|PF00225:Kinesin motor domain	MYB_related
110713606	21.7463065276271	1.74582952317799	0.59545480081774	8.60854042666506	0.00334590326283534	0.0355658164800555	LOC110713606	NW_018745448.1	7682404	7686023	+	3501	protein_coding	formin-like protein 4 && sp|O48682|FH4_ARATH Formin-like protein 4 OS=Arabidopsis thaliana OX=3702 GN=FH4 PE=1 SV=2 && PF02181:Formin Homology 2 Domain	M-type_MADS
110715530	37.239265617641	2.27213401527589	0.771322487717003	8.60862120426452	0.00334575487248657	0.0355658164800555	LOC110715530	NW_018745523.1	1065791	1068661	-	1769	protein_coding	cytochrome P450 71A22-like && sp|A0A068Q6L2|C7317_PRUMU Cytochrome P450 736A117 OS=Prunus mume OX=102107 GN=CYP736A117 PE=2 SV=1 && PF00067:Cytochrome P450	HSF
110682031	5.32348677499369	3.01834304152837	1.02754570220234	8.60133018526773	0.00335917563054346	0.0356844950616438	LOC110682031	NW_018743574.1	2749574	2750719	+	1146	protein_coding	RING-H2 finger protein ATL78-like && sp|Q94BY6|ATL75_ARATH RING-H2 finger protein ATL75 OS=Arabidopsis thaliana OX=3702 GN=ATL75 PE=2 SV=1 && PF13639:Ring finger domain	bHLH
110726652	72.1910635926134	1.27935787563404	0.436570519487211	8.60083665246719	0.00336008606351041	0.0356844950616438	LOC110726652	NW_018742881.1	1447393	1451105	+	3330	protein_coding	pollen receptor-like kinase 4 && sp|Q9LJY0|PRK4_ARATH Pollen receptor-like kinase 4 OS=Arabidopsis thaliana OX=3702 GN=PRK4 PE=1 SV=1 && PF13855:Leucine rich repeat|PF08263:Leucine rich repeat N-terminal domain|PF00069:Protein kinase domain	Trihelix
110711942	59.6617407378431	1.94955263812862	0.663374163188399	8.59891715131755	0.00336362940332694	0.0356930066351956	LOC110711942	NW_018742418.1	6885706	6888593	+	2319	protein_coding	protein NRT1/ PTR FAMILY 6.1-like && sp|Q9LYR6|PTR49_ARATH Protein NRT1/ PTR FAMILY 6.1 OS=Arabidopsis thaliana OX=3702 GN=NPF6.1 PE=2 SV=1 && PF00854:POT family	G2-like
110696381	15.1129667679349	3.09382393087194	1.04559318902683	8.5964562969022	0.00336817762122843	0.0357302911663225	LOC110696381	NW_018744362.1	405035	406977	-	1554	protein_coding	probable beta-1%2C4-xylosyltransferase IRX9 && sp|Q9ZQC6|IRX9_ARATH Beta-1,4-xylosyltransferase IRX9 OS=Arabidopsis thaliana OX=3702 GN=IRX9 PE=1 SV=1 && PF03360:Glycosyltransferase family 43	-
110713908	14.8705476996948	1.29373672606342	0.442201525504682	8.59022650888178	0.00337971964991598	0.0357960436383901	LOC110713908	NW_018745454.1	6494397	6496148	+	1752	protein_coding	probable serine/threonine-protein kinase dyrk1 && - && -	-
110702441	1263.93207851468	1.72831567909361	0.588615892016939	8.58928833727907	0.00338146129548644	0.0358048340408841	LOC110702441	NW_018744693.1	524072	526212	-	1498	protein_coding	anthocyanidin 3-O-glucoside 2''-O-glucosyltransferase-like && sp|A0A2R6QXF8|F3GGT_ACTCC Cyanidin 3-O-galactoside 2''-O-xylosyltransferase FGGT1 OS=Actinidia chinensis var. chinensis OX=1590841 GN=F3GGT1 PE=1 SV=2 && PF00201:UDP-glucoronosyl and UDP-glucosyl transferase	HB-other
110683334	1.79714734161348	4.83150221182175	1.7162098722602	8.5874896509991	0.0033848029740964	0.0358075396639878	LOC110683334	NW_018743669.1	78118	80816	-	2256	protein_coding	zinc transporter 1-like%2C transcript variant X1 && sp|Q94DG6|ZIP1_ORYSJ Zinc transporter 1 OS=Oryza sativa subsp. japonica OX=39947 GN=ZIP1 PE=1 SV=1 && PF02535:ZIP Zinc transporter	-
110701747	8.32201839563834	2.5948360686903	0.885011490267059	8.58718792781397	0.00338536385741825	0.0358075396639878	LOC110701747	NW_018744656.1	507010	522960	+	2542	pseudogene	- && sp|Q9SNV9|NRAM3_ARATH Metal transporter Nramp3 OS=Arabidopsis thaliana OX=3702 GN=NRAMP3 PE=1 SV=2 && PF01566:Natural resistance-associated macrophage protein	-
110713926	754.412510514211	1.1145763442767	0.380674547957112	8.58252304900026	0.00339404758877312	0.0358704066076122	LOC110713926	NW_018745454.1	1126020	1127663	+	1644	protein_coding	fasciclin-like arabinogalactan protein 10 && sp|Q9LZX4|FLA10_ARATH Fasciclin-like arabinogalactan protein 10 OS=Arabidopsis thaliana OX=3702 GN=FLA10 PE=2 SV=1 && PF02469:Fasciclin domain	NF-YB
110717594	7.60647876223415	4.8401014004062	1.60726014505465	8.57926937136125	0.00340011775225975	0.0359248922476451	LOC110717594	NW_018745684.1	196943	199151	-	1261	protein_coding	caffeoyl-CoA O-methyltransferase 1 && sp|Q43095|CAMT_POPTM Caffeoyl-CoA O-methyltransferase OS=Populus tremuloides OX=3693 PE=2 SV=1 && PF01596:O-methyltransferase	ERF
110691584	29.4136868242753	1.58297557222517	0.540578053890003	8.57705011147061	0.00340426440315009	0.0359396478741398	LOC110691584	NW_018744080.1	4710690	4715517	+	2559	protein_coding	AP2-like ethylene-responsive transcription factor AIL1 && sp|Q38914|ANT_ARATH AP2-like ethylene-responsive transcription factor ANT OS=Arabidopsis thaliana OX=3702 GN=ANT PE=1 SV=2 && PF00847:AP2 domain	AP2
110697557	75.2828189191619	1.20870373377911	0.412983083774799	8.56651105086485	0.00342402675294265	0.0361048731093056	LOC110697557	NW_018744469.1	695660	698569	+	2910	protein_coding	L-type lectin-domain containing receptor kinase VIII.1-like && sp|Q9LFH9|LRK81_ARATH L-type lectin-domain containing receptor kinase VIII.1 OS=Arabidopsis thaliana OX=3702 GN=LECRK81 PE=2 SV=1 && PF00139:Legume lectin domain|PF00069:Protein kinase domain	S1Fa-like
110707163	4.95575994138213	2.872964354601	0.986778708321324	8.5657671664828	0.00342542604856447	0.0361048731093056	LOC110707163	NW_018744996.1	1723737	1726609	+	2013	pseudogene	- && sp|O24645|HCBT1_DIACA Anthranilate N-benzoyltransferase protein 1 OS=Dianthus caryophyllus OX=3570 GN=HCBT1 PE=1 SV=1 && -	FAR1
110683083	111.315763367988	1.4325161789555	0.489409567134936	8.55995647263967	0.00343637637251892	0.0361814502085618	LOC110683083	NW_018742263.1	6363631	6364698	-	1068	protein_coding	protein E6-like && - && -	-
110720004	57.8507924724099	1.69747459101228	0.579631320543638	8.55862684703789	0.00343888706755385	0.0361981805960982	LOC110720004	NW_018742523.1	3519215	3520749	+	999	protein_coding	uncharacterized LOC110720004%2C transcript variant X1 && - && -	ARR-B
110715588	40.7611165804849	1.61174620519025	0.550970981088972	8.55138550765025	0.00345259345863433	0.0362646972187607	LOC110715588	NW_018745523.1	1757356	1759028	-	1673	protein_coding	uncharacterized LOC110715588 && - && PF04720:PDDEXK-like family of unknown function	-
110696937	53.3430483351365	2.56460196691068	0.871779231337495	8.54344823043459	0.00346768093298163	0.0363745281199218	LOC110696937	NW_018744420.1	731389	738875	-	1398	protein_coding	short-chain dehydrogenase TIC 32%2C chloroplastic-like && sp|A0A078ISJ6|TC32B_BRANA Short-chain dehydrogenase TIC 32 B, chloroplastic OS=Brassica napus OX=3708 GN=TIC32B PE=3 SV=1 && PF00106:short chain dehydrogenase	C2H2
110731115	32099.5365509747	1.29377349287226	0.442619012993222	8.54373753586208	0.00346712983508618	0.0363745281199218	LOC110731115	NW_018742205.1	7068848	7069948	+	707	protein_coding	non-specific lipid-transfer protein-like && sp|Q43748|NLTP_BETVU Non-specific lipid-transfer protein OS=Beta vulgaris OX=161934 GN=IWF1' PE=3 SV=1 && PF00234:Protease inhibitor/seed storage/LTP family	ARF
110696378	28.4259749936622	1.04034583317001	0.356759767863039	8.54202415353035	0.00347039495538795	0.0363932766576638	LOC110696378	NW_018744362.1	131349	138651	+	2887	protein_coding	L-type lectin-domain containing receptor kinase VIII.1-like && sp|Q9LFH9|LRK81_ARATH L-type lectin-domain containing receptor kinase VIII.1 OS=Arabidopsis thaliana OX=3702 GN=LECRK81 PE=2 SV=1 && PF00139:Legume lectin domain|PF00069:Protein kinase domain	S1Fa-like
110736079	132.08214299035	1.35353124242256	0.463227161102164	8.53964274666839	0.00347493829450119	0.03643119371061	LOC110736079	NW_018743292.1	12305581	12306498	+	785	protein_coding	auxin-induced protein 22D-like && sp|P33077|IAA4_ARATH Auxin-responsive protein IAA4 OS=Arabidopsis thaliana OX=3702 GN=IAA4 PE=1 SV=2 && PF02309:AUX/IAA family	ARF
110730222	3.61813919708334	3.84429103918667	1.32302211484053	8.53352713026109	0.00348663362689089	0.0365343016085609	LOC110730222	NW_018743021.1	1673330	1674616	-	985	protein_coding	uncharacterized LOC110730222 && - && PF07534:TLD	-
110696183	4.48684110777943	2.5552835704525	0.882638489639604	8.53298798597649	0.00348766658880957	0.0365353774185965	LOC110696183	NW_018744311.1	2613621	2614880	+	1260	protein_coding	F-box/kelch-repeat protein At3g23880-like && sp|Q8GXC7|FBK50_ARATH F-box/kelch-repeat protein At3g06240 OS=Arabidopsis thaliana OX=3702 GN=At3g06240 PE=2 SV=1 && -	GRAS
110697406	1.87187740954999	5.88845361944382	1.96005874566733	8.5269344661626	0.00349928608161484	0.0366287118130085	LOC110697406	NW_018744460.1	566193	568480	-	1220	protein_coding	transcription factor LAF1-like && sp|Q9M0K4|LAF1_ARATH Transcription factor LAF1 OS=Arabidopsis thaliana OX=3702 GN=LAF1 PE=1 SV=2 && PF00249:Myb-like DNA-binding domain	MYB
110730998	1118.8435972019	1.06950276927906	0.366755070767238	8.51419877557771	0.0035238604141137	0.0367869670503687	LOC110730998	NW_018743051.1	859083	867941	+	2220	protein_coding	signal recognition particle 54 kDa protein%2C chloroplastic-like && sp|P37107|SR54C_ARATH Signal recognition particle 54 kDa protein, chloroplastic OS=Arabidopsis thaliana OX=3702 GN=FFC PE=1 SV=1 && PF00448:SRP54-type protein, GTPase domain|PF02881:SRP54-type protein, helical bundle domain|PF02978:Signal peptide binding domain	-
110702665	1.81041047139428	6.08402770001312	2.20942867268284	8.50604821087397	0.0035396794634672	0.0369226644272901	LOC110702665	NW_018744693.1	5906342	5907512	+	1171	protein_coding	uncharacterized LOC110702665 && - && PF05553:Cotton fibre expressed protein	-
110708701	1.71668636274007	4.76788212604482	1.70608183646096	8.50166967610605	0.00354820735068688	0.0369723394225327	LOC110708701	NW_018745024.1	11494078	11497784	-	1170	protein_coding	bidirectional sugar transporter SWEET17-like && sp|Q84WN3|SWT17_ARATH Bidirectional sugar transporter SWEET17 OS=Arabidopsis thaliana OX=3702 GN=SWEET17 PE=1 SV=2 && PF03083:Sugar efflux transporter for intercellular exchange	DBB
110722582	6.86079548758703	5.40709918115322	1.79534176707217	8.50064759488234	0.00355020102071143	0.0369736998644646	LOC110722582	NW_018742684.1	3318869	3326701	+	1445	protein_coding	uncharacterized LOC110722582 && - && -	bHLH
110708232	227.48050278723	1.8242860492311	0.624679101729115	8.49161048632749	0.00356787842550142	0.0370985674886729	LOC110708232	NW_018745024.1	334418	337372	+	2955	protein_coding	probable acyl-activating enzyme 6 && sp|M4IQQ5|CCL4_HUMLU 2-methylpropanoate--CoA ligase CCL4 OS=Humulus lupulus OX=3486 GN=CCL4 PE=1 SV=1 && PF13193:AMP-binding enzyme C-terminal domain|PF00501:AMP-binding enzyme	NAC
110713639	4263.70628944178	1.58695955467106	0.54391999850182	8.49281242268376	0.0035655221782581	0.0370985674886729	LOC110713639	NW_018745448.1	1520273	1522452	+	969	protein_coding	ctenidin-3-like && - && PF07172:Glycine rich protein family	-
110719786	5.70420634293054	2.44262696520447	0.840963761595027	8.49043055836211	0.00357019306811137	0.0371023816751323	LOC110719786	NW_018742487.1	68085	72484	-	2317	protein_coding	G2/mitotic-specific cyclin-2-like%2C transcript variant X1 && sp|Q9LDM4|CCB23_ARATH Cyclin-B2-3 OS=Arabidopsis thaliana OX=3702 GN=CYCB2-3 PE=2 SV=2 && PF00134:Cyclin, N-terminal domain|PF02984:Cyclin, C-terminal domain	M-type_MADS
110729399	314.46290583098	1.36503245610822	0.468432786254231	8.48831363684224	0.00357434962124356	0.0371069079236316	LOC110729399	NW_018742980.1	2623940	2632050	-	2444	protein_coding	glucomannan 4-beta-mannosyltransferase 9-like && sp|Q9LZR3|CSLA9_ARATH Glucomannan 4-beta-mannosyltransferase 9 OS=Arabidopsis thaliana OX=3702 GN=CSLA9 PE=1 SV=1 && PF13641:Glycosyltransferase like family 2	C2H2
110696690	5.96158842113137	1.84601327149301	0.635557599174964	8.47111258032919	0.00360830667587973	0.0373311454377831	LOC110696690	NW_018744367.1	4234249	4235179	-	645	protein_coding	uncharacterized LOC110696690 && sp|Q9SU30|CPR1_ARATH F-box protein CPR1 OS=Arabidopsis thaliana OX=3702 GN=CPR1 PE=1 SV=2 && -	-
110694749	7.98460856650163	2.66424787425361	0.914680327390259	8.46514811097492	0.00362015773529017	0.0374204536337736	LOC110694749	NW_018742345.1	8253073	8266035	+	2519	protein_coding	LEAF RUST 10 DISEASE-RESISTANCE LOCUS RECEPTOR-LIKE PROTEIN KINASE-like 1.2 && sp|P0C5E2|LRL12_ARATH LEAF RUST 10 DISEASE-RESISTANCE LOCUS RECEPTOR-LIKE PROTEIN KINASE-like 1.2 OS=Arabidopsis thaliana OX=3702 GN=LRK10L-1.2 PE=2 SV=3 && PF13947:Wall-associated receptor kinase galacturonan-binding|PF14380:Wall-associated receptor kinase C-terminal|PF00069:Protein kinase domain	bHLH
110695938	27.7097703205585	2.87588069742305	0.980774853815187	8.4611828491328	0.00362805838082534	0.0374664046253362	LOC110695938	NW_018742359.1	1247341	1255135	-	924	protein_coding	CASP-like protein Ni6 && sp|D2KQI6|CSPL1_BETVM CASP-like protein Ni6 OS=Beta vulgaris subsp. maritima OX=350892 GN=Ni6 PE=2 SV=1 && PF04535:Domain of unknown function (DUF588)	LSD
110687481	9.82643296024786	2.15620563090359	0.741409572422	8.45661398952606	0.00363718341798282	0.0375211726751876	LOC110687481	NW_018743919.1	4203503	4205065	+	1563	protein_coding	uncharacterized LOC110687481 && - && -	-
110686679	1.41887029638091	6.68098984193436	2.2919492250672	8.45483817080608	0.00364073642178694	0.0375254468025948	LOC110686679	NW_018743893.1	845695	848731	+	1984	protein_coding	cytochrome P450 CYP72A219-like && sp|A0A0S2IHL2|C7A39_KALSE Cytochrome P450 72A397 OS=Kalopanax septemlobus OX=228393 GN=CYP72A397 PE=1 SV=1 && PF00067:Cytochrome P450	bHLH
110714924	401.618366193736	2.67913457765341	0.913228363216266	8.45453782024202	0.00364133770288869	0.0375254468025948	LOC110714924	NW_018745461.1	1052995	1054377	+	1123	protein_coding	xyloglucan endotransglucosylase/hydrolase protein 24-like && sp|P35694|XTH2_SOYBN Xyloglucan endotransglucosylase/hydrolase 2 OS=Glycine max OX=3847 PE=2 SV=1 && PF06955:Xyloglucan endo-transglycosylase (XET) C-terminus|PF00722:Glycosyl hydrolases family 16	NAC
110694361	30.4976471168593	1.34197184435965	0.46207290616885	8.45102693453686	0.00364837374796412	0.0375739645280455	LOC110694361	NW_018742345.1	4361125	4366072	+	1038	protein_coding	uncharacterized LOC110694361 && - && -	-
110719122	12.4863122436077	1.79686799636973	0.621202688714973	8.44864747183911	0.00365315020629494	0.0375970042064521	LOC110719122	NW_018742483.1	1880955	1885818	-	1483	protein_coding	chaperone protein dnaJ C76%2C chloroplastic-like && sp|Q3AF07|DNAJ_CARHZ Chaperone protein DnaJ OS=Carboxydothermus hydrogenoformans (strain ATCC BAA-161 / DSM 6008 / Z-2901) OX=246194 GN=dnaJ PE=3 SV=1 && PF13370:4Fe-4S single cluster domain of Ferredoxin I|PF00226:DnaJ domain	NAC
110738065	3321.14658571824	1.25445255808883	0.431816206171559	8.44150946208595	0.00366751701020961	0.0376954712227067	LOC110738065	NW_018743363.1	6	2408	+	1922	protein_coding	transketolase%2C chloroplastic-like && sp|O20250|TKTC_SPIOL Transketolase, chloroplastic OS=Spinacia oleracea OX=3562 PE=1 SV=1 && PF02780:Transketolase, C-terminal domain|PF00456:Transketolase, thiamine diphosphate binding domain|PF02779:Transketolase, pyrimidine binding domain	-
110692301	442.047026890326	1.01245377321896	0.3487682030991	8.43914453255934	0.00367228960920294	0.0377144019250256	LOC110692301	NW_018744100.1	869585	879570	-	3655	protein_coding	subtilisin-like protease SBT2.5%2C transcript variant X1 && sp|O64481|SBT25_ARATH Subtilisin-like protease SBT2.5 OS=Arabidopsis thaliana OX=3702 GN=SBT2.5 PE=2 SV=1 && PF17766:Fibronectin type-III domain|PF00082:Subtilase family|PF05922:Peptidase inhibitor I9	LSD
110709003	8.40801606193924	3.3936788926424	1.15601563634302	8.4366375287785	0.00367735582142287	0.0377472020843545	LOC110709003	NW_018742418.1	1939198	1941262	+	992	protein_coding	uncharacterized LOC110709003 && - && PF09713:Plant protein 1589 of unknown function (A_thal_3526)	-
110691500	1801.31172723412	1.10300038797473	0.380025457015592	8.43319957069264	0.00368431488772956	0.0378087532233611	LOC110691500	NW_018744080.1	3067034	3073426	-	4535	protein_coding	magnesium-chelatase subunit ChlH%2C chloroplastic-like && sp|Q9FNB0|CHLH_ARATH Magnesium-chelatase subunit ChlH, chloroplastic OS=Arabidopsis thaliana OX=3702 GN=CHLH PE=1 SV=1 && PF11965:Domain of unknown function (DUF3479)|PF02514:CobN/Magnesium Chelatase	HSF
110707432	55.1264883261364	1.9820842806061	0.680588455013262	8.43083971067847	0.0036890994337285	0.0378380783653224	LOC110707432	NW_018745000.1	4344788	4345527	+	740	protein_coding	histone H4 && sp|P62785|H41_WHEAT Histone H4 variant TH011 OS=Triticum aestivum OX=4565 PE=3 SV=2 && PF15511:Centromere kinetochore component CENP-T histone fold	CO-like
110713999	730.97751444635	1.05489943728163	0.363715337452684	8.42330534413475	0.00370441747462148	0.0379654455847624	LOC110713999	NW_018745454.1	6148604	6153524	-	2021	protein_coding	sucrose transport protein && sp|Q03411|SUT_SPIOL Sucrose transport protein OS=Spinacia oleracea OX=3562 PE=2 SV=1 && PF13347:MFS/sugar transport protein	HD-ZIP
110703369	21.3249692115471	1.64232494502785	0.566789199356276	8.42035080161264	0.00371044196681137	0.0379974412940242	LOC110703369	NW_018744718.1	2575946	2578294	-	1333	protein_coding	uncharacterized LOC110703369 && - && PF03168:Late embryogenesis abundant protein	-
110734180	302.207879656278	1.10220537554813	0.380036482129589	8.42052005988734	0.003710096569956	0.0379974412940242	LOC110734180	NW_018743212.1	64713	72463	+	5464	protein_coding	uncharacterized LOC110734180 && - && -	STAT
110696438	331.45500690331	1.01630701447292	0.350535587713301	8.41779044848397	0.00371567074161765	0.0379980083178498	LOC110696438	NW_018742204.1	20284969	20286209	+	832	protein_coding	uncharacterized LOC110696438 && - && -	-
110730467	9.48470408402238	5.27310770379385	1.75457991235304	8.41838744806577	0.00371445087442793	0.0379980083178498	LOC110730467	NW_018743033.1	1883930	1885787	-	1724	protein_coding	phospholipase A1-IIgamma-like && sp|O49523|DSEL_ARATH Phospholipase A1-IIgamma OS=Arabidopsis thaliana OX=3702 GN=DSEL PE=1 SV=1 && PF01764:Lipase (class 3)	Trihelix
110738112	988.740217133187	1.30212474218854	0.44881441532326	8.41709522107681	0.0037170918342172	0.0379980083178498	LOC110738112	NW_018743373.1	852585	854210	-	1223	pseudogene	- && - && -	C2H2
110713174	104.398495364221	1.69150913484426	0.582159684419281	8.41572072593448	0.00371990302374512	0.038015027700115	LOC110713174	NW_018745410.1	671638	676878	+	1665	protein_coding	uncharacterized LOC110713174 && - && PF03732:Retrotransposon gag protein	C2H2
110739520	12.5672530929326	2.03424303201941	0.70175331998879	8.40962665214235	0.0037323930136427	0.0381030077527397	LOC110739520	NW_018743503.1	1942688	1946002	+	1700	protein_coding	protein trichome birefringence-like 43 && sp|Q8LED3|TBL3_ARATH Protein trichome birefringence-like 3 OS=Arabidopsis thaliana OX=3702 GN=TBL3 PE=2 SV=1 && PF13839:GDSL/SGNH-like Acyl-Esterase family found in Pmr5 and Cas1p|PF14416:PMR5 N terminal Domain	BES1
110693266	12.987277502107	3.60147689258787	1.22523069515946	8.4064379127486	0.00373894542198525	0.0381401567682147	LOC110693266	NW_018744143.1	2571472	2575033	-	2392	protein_coding	expansin-A12-like && sp|Q9LDJ3|EXP12_ARATH Expansin-A12 OS=Arabidopsis thaliana OX=3702 GN=EXPA12 PE=2 SV=1 && PF01357:Pollen allergen|PF03330:Lytic transglycolase	bZIP
110700154	129.394767077776	1.49519578710613	0.515543872646874	8.39949457365924	0.00375325350579575	0.0382360653891762	LOC110700154	NW_018744620.1	1180020	1181456	-	1437	protein_coding	protein E6-like && - && -	-
110720412	22.0331071422016	2.96246550646301	1.0139834171433	8.3989351317	0.00375440876497265	0.0382360653891762	LOC110720412	NW_018742556.1	1107217	1108835	+	1619	protein_coding	3-ketoacyl-CoA synthase 5-like && sp|Q9C6L5|KCS5_ARATH 3-ketoacyl-CoA synthase 5 OS=Arabidopsis thaliana OX=3702 GN=KCS5 PE=2 SV=1 && PF08392:FAE1/Type III polyketide synthase-like protein|PF08541:3-Oxoacyl-[acyl-carrier-protein (ACP)] synthase III C terminal	-
110687583	113.749817760005	2.29628300612048	0.788327283948515	8.39608569842011	0.0037602985183804	0.0382685161213665	LOC110687583	NW_018743920.1	1375835	1376916	+	1082	protein_coding	auxin-induced in root cultures protein 12-like && sp|Q94BT2|AIR12_ARATH Auxin-induced in root cultures protein 12 OS=Arabidopsis thaliana OX=3702 GN=AIR12 PE=1 SV=3 && PF04526:Protein of unknown function (DUF568)	-
110711361	295.483791737633	1.12132172704246	0.387441415433556	8.38052274779392	0.00379263324581369	0.0385226741900817	LOC110711361	NW_018745265.1	33404	35463	-	1924	protein_coding	anthocyanin 3'-O-beta-glucosyltransferase-like && sp|D4Q9Z4|SGT2_SOYBN Soyasapogenol B glucuronide galactosyltransferase OS=Glycine max OX=3847 GN=GmSGT2 PE=1 SV=1 && PF00201:UDP-glucoronosyl and UDP-glucosyl transferase	ERF
110731275	20.6232283414257	2.53229426036508	0.871021109608203	8.37978038455174	0.00379418268237912	0.0385235099496058	LOC110731275	NW_018743066.1	1096505	1099342	+	2838	protein_coding	G-type lectin S-receptor-like serine/threonine-protein kinase At2g19130 && sp|Q9FLV4|Y5248_ARATH G-type lectin S-receptor-like serine/threonine-protein kinase At5g24080 OS=Arabidopsis thaliana OX=3702 GN=At5g24080 PE=2 SV=1 && PF01453:D-mannose binding lectin|PF00069:Protein kinase domain|PF00954:S-locus glycoprotein domain	MYB_related
110685047	21.3163514984817	2.03087600101687	0.701603388614615	8.36945452369463	0.00381580137314413	0.0386496694486468	LOC110685047	NW_018742287.1	1132190	1152778	-	3204	protein_coding	probable linoleate 9S-lipoxygenase 5 && sp|Q43191|LOX15_SOLTU Probable linoleate 9S-lipoxygenase 5 OS=Solanum tuberosum OX=4113 GN=LOX1.5 PE=2 SV=1 && PF00305:Lipoxygenase|PF01477:PLAT/LH2 domain	NF-YA
110707850	3.74324389060514	4.02195499169964	1.38418829622941	8.37132070540855	0.00381188499467251	0.0386496694486468	LOC110707850	NW_018745003.1	2174005	2174894	+	512	lncRNA	uncharacterized LOC110707850 && - && -	-
110729710	102.182857430098	1.02324595350638	0.354346041725248	8.36025451335178	0.00383516847321411	0.0387992198476398	LOC110729710	NW_018742987.1	2036855	2041776	-	1458	protein_coding	dihydrodipicolinate reductase-like protein CRR1%2C chloroplastic && sp|Q9FJ82|DAPB3_ARATH Dihydrodipicolinate reductase-like protein CRR1, chloroplastic OS=Arabidopsis thaliana OX=3702 GN=DAPB3 PE=2 SV=1 && PF01113:Dihydrodipicolinate reductase, N-terminus|PF05173:Dihydrodipicolinate reductase, C-terminus	-
110738613	355.000926257251	1.13151952122988	0.391592314462364	8.35910665765056	0.00383759185005271	0.0388137380188308	LOC110738613	NW_018742244.1	789039	795751	-	3213	protein_coding	alanine--tRNA ligase%2C chloroplastic/mitochondrial-like%2C transcript variant X1 && sp|B9HQZ6|SYAP_POPTR Alanine--tRNA ligase, chloroplastic/mitochondrial OS=Populus trichocarpa OX=3694 GN=POPTRDRAFT_821063 PE=3 SV=1 && PF02272:DHHA1 domain|PF07973:Threonyl and Alanyl tRNA synthetase second additional domain|PF01411:tRNA synthetases class II (A)	-
110715601	3.91600253352007	6.32925929565542	2.09764941067063	8.35849311030157	0.00383888782275978	0.0388168489864173	LOC110715601	NW_018745523.1	1575581	1578551	+	2931	protein_coding	alkane hydroxylase MAH1-like && sp|Q9FVS9|C96AF_ARATH Alkane hydroxylase MAH1 OS=Arabidopsis thaliana OX=3702 GN=CYP96A15 PE=2 SV=1 && PF00067:Cytochrome P450	C2H2
110697959	56.5845822136847	1.66402405464488	0.575253837957283	8.35543865986523	0.00384534625047208	0.038852143888549	LOC110697959	NW_018744502.1	1048936	1050201	+	852	protein_coding	cold and drought-regulated protein CORA-like && - && PF07172:Glycine rich protein family	-
110703631	15.8040911792505	1.53451790319427	0.5318927633114	8.35574396679345	0.00384470020285194	0.038852143888549	LOC110703631	NW_018744745.1	1420105	1424399	+	2947	protein_coding	methyltransferase-like protein 13 && sp|A5WVX1|EFNMT_DANRE eEF1A lysine and N-terminal methyltransferase OS=Danio rerio OX=7955 GN=eef1aknmt PE=2 SV=1 && -	-
110702640	124.927601472785	1.18542882811215	0.410281440195086	8.35491601538598	0.0038464524536252	0.0388533249000058	LOC110702640	NW_018744693.1	4699503	4705353	-	3154	protein_coding	probable leucine-rich repeat receptor-like protein kinase At5g49770%2C transcript variant X1 && sp|Q9FID9|Y5389_ARATH Probable receptor-like protein kinase At5g38990 OS=Arabidopsis thaliana OX=3702 GN=At5g38990 PE=2 SV=1 && PF07714:Protein tyrosine kinase	GRAS
110727793	8.48154654060485	4.75888005431303	1.60172427692169	8.34625750563953	0.00386482580071202	0.0390088161581504	LOC110727793	NW_018742205.1	1156334	1159399	+	2098	protein_coding	uncharacterized LOC110727793 && - && -	FAR1
110693566	28.861050632424	1.48973161166881	0.515729574448595	8.34559452735442	0.00386623631438173	0.0390130264066582	LOC110693566	NW_018744151.1	2430807	2432604	-	1798	protein_coding	caffeoylshikimate esterase-like && sp|Q9C942|CSE_ARATH Caffeoylshikimate esterase OS=Arabidopsis thaliana OX=3702 GN=CSE PE=1 SV=1 && PF12146:Serine aminopeptidase, S33	G2-like
110711137	71.7771742892087	1.04695159792697	0.363021641693109	8.33414031642599	0.00389068847442744	0.0391792329374844	LOC110711137	NW_018745240.1	2061717	2064988	+	1494	protein_coding	tetraspanin-6-like%2C transcript variant X2 && sp|Q9C7C1|TET6_ARATH Tetraspanin-6 OS=Arabidopsis thaliana OX=3702 GN=TET6 PE=2 SV=1 && PF00335:Tetraspanin family	-
110721595	156.447149890443	1.00751993448512	0.349276371332466	8.32944736581732	0.00390075224841179	0.0392503825395532	LOC110721595	NW_018742204.1	19391699	19392686	+	988	protein_coding	putative 4-hydroxy-4-methyl-2-oxoglutarate aldolase 3 && sp|Q9FH13|RRAA3_ARATH Putative 4-hydroxy-4-methyl-2-oxoglutarate aldolase 3 OS=Arabidopsis thaliana OX=3702 GN=At5g56260 PE=1 SV=1 && PF03737:Aldolase/RraA	GeBP
110729131	8.65109393285728	1.55497756613116	0.541444718883332	8.31598254672463	0.00392977406152004	0.0394630775710598	LOC110729131	NW_018742969.1	943622	947097	+	1931	protein_coding	probable receptor-like protein kinase At5g20050 && sp|Q94C25|Y5005_ARATH Probable receptor-like protein kinase At5g20050 OS=Arabidopsis thaliana OX=3702 GN=At5g20050 PE=2 SV=1 && PF00069:Protein kinase domain	S1Fa-like
110738709	3.52864841903744	3.45171413303049	1.20056104268894	8.315910995666	0.00392992886666195	0.0394630775710598	LOC110738709	NW_018743391.1	1918963	1920494	-	873	protein_coding	uncharacterized LOC110738709 && - && -	-
110724195	88.7587045585912	1.23648165918791	0.429061548788389	8.3134217986871	0.00393531826252827	0.0394657087413489	LOC110724195	NW_018742738.1	8499180	8503782	+	1647	protein_coding	caffeic acid 3-O-methyltransferase-like && sp|Q9XGW0|COMT1_OCIBA Caffeic acid 3-O-methyltransferase 1 OS=Ocimum basilicum OX=39350 GN=COMT1 PE=2 SV=1 && PF00891:O-methyltransferase domain|PF08100:Dimerisation domain	C3H
110691055	49.4073076763309	1.56264416605842	0.542366613201126	8.30997001788251	0.00394280420848257	0.0395216308524083	LOC110691055	NW_018744066.1	3149784	3154445	+	1853	protein_coding	probable serine incorporator%2C transcript variant X2 && sp|Q3MHV9|SERC1_BOVIN Serine incorporator 1 OS=Bos taurus OX=9913 GN=SERINC1 PE=2 SV=1 && PF03348:Serine incorporator (Serinc)	-
110721971	7.24904366634842	2.30285997242916	0.800146820968032	8.30909005931687	0.00394471490864664	0.0395306936992293	LOC110721971	NW_018742649.1	754680	766764	-	1634	protein_coding	NAC domain-containing protein 73-like && sp|O49459|NAC73_ARATH NAC domain-containing protein 73 OS=Arabidopsis thaliana OX=3702 GN=NAC073 PE=2 SV=1 && PF02365:No apical meristem (NAM) protein	NAC
110695074	65.2489105165688	1.00778989182831	0.350223518976207	8.29852466273053	0.00396772980520918	0.0396803291672982	LOC110695074	NW_018744290.1	534241	538130	-	3890	protein_coding	serine/threonine-protein kinase BRI1-like 2 && sp|Q9ZPS9|BRL2_ARATH Serine/threonine-protein kinase BRI1-like 2 OS=Arabidopsis thaliana OX=3702 GN=BRL2 PE=1 SV=1 && PF08263:Leucine rich repeat N-terminal domain|PF07714:Protein tyrosine kinase|PF13855:Leucine rich repeat	SBP
110736866	85.1443090353476	1.12778965820337	0.391855209445917	8.2940526750134	0.00397751236840291	0.0397680354491567	LOC110736866	NW_018743292.1	8594706	8600052	+	5071	protein_coding	formin-like protein 11 && sp|Q9MA60|FH11_ARATH Formin-like protein 11 OS=Arabidopsis thaliana OX=3702 GN=FH11 PE=2 SV=1 && PF02181:Formin Homology 2 Domain	M-type_MADS
110702454	62.2325436686674	1.31404346271058	0.45708563985672	8.28873174138238	0.00398918399543292	0.0398441564223391	LOC110702454	NW_018742393.1	687448	689672	+	2077	protein_coding	beta-hexosaminidase 2-like && sp|Q9SYK0|HEXO2_ARATH Beta-hexosaminidase 2 OS=Arabidopsis thaliana OX=3702 GN=HEXO2 PE=1 SV=1 && PF14845:beta-acetyl hexosaminidase like|PF00728:Glycosyl hydrolase family 20, catalytic domain	FAR1
110726235	709.54165017748	2.39019366024246	0.824924317743999	8.28945607090805	0.00398759311018061	0.0398441564223391	LOC110726235	NW_018742879.1	2305304	2306408	-	828	protein_coding	gibberellin-regulated protein 6-like && sp|Q6NMQ7|GASA6_ARATH Gibberellin-regulated protein 6 OS=Arabidopsis thaliana OX=3702 GN=GASA6 PE=3 SV=1 && -	-
110733612	465.508561410769	1.05991624105119	0.368481201596385	8.28432026448661	0.00399888712164923	0.0399309163306713	LOC110733612	NW_018743199.1	4364377	4372476	-	3706	protein_coding	sucrose-phosphate synthase-like && sp|P31928|SPSA_SPIOL Sucrose-phosphate synthase OS=Spinacia oleracea OX=3562 GN=SPS1 PE=1 SV=1 && PF05116:Sucrose-6F-phosphate phosphohydrolase|PF00862:Sucrose synthase|PF00534:Glycosyl transferases group 1	HD-ZIP
110688269	37.4401801718638	2.36239704748698	0.817265251168123	8.28270294008399	0.00400245047006006	0.0399461848311738	LOC110688269	NW_018743920.1	7059885	7061254	+	1370	pseudogene	- && sp|Q6PQJ9|5BPOR_DIGLA 3-oxo-Delta(4,5)-steroid 5-beta-reductase OS=Digitalis lanata OX=49450 PE=1 SV=1 && -	-
110706697	7.09614984135496	3.24627829818302	1.12048214456091	8.28302052033445	0.00400175051078027	0.0399461848311738	LOC110706697	NW_018744988.1	3060381	3062060	-	1196	protein_coding	basic endochitinase-like && sp|P51613|CHIB_VITVI Basic endochitinase OS=Vitis vinifera OX=29760 GN=CHIT1B PE=2 SV=1 && PF00187:Chitin recognition protein|PF00182:Chitinase class I	NAC
110693140	145.22885346906	1.18158533884748	0.410928420076364	8.27691983633071	0.00401521846858371	0.0400210735369209	LOC110693140	NW_018744143.1	45628	47680	+	1059	protein_coding	photosynthetic NDH subunit of lumenal location 3%2C chloroplastic-like%2C transcript variant X2 && sp|Q9SGH4|PNSL3_ARATH Photosynthetic NDH subunit of lumenal location 3, chloroplastic OS=Arabidopsis thaliana OX=3702 GN=PNSL3 PE=1 SV=1 && PF05757:Oxygen evolving enhancer protein 3 (PsbQ)	-
110739282	19.6122993967909	4.20679388918151	1.44119739618671	8.27283178802165	0.00402426910227877	0.0400926231491106	LOC110739282	NW_018743448.1	2395589	2397285	-	933	protein_coding	glutathione S-transferase-like && sp|Q04522|GSTF_SILVU Glutathione S-transferase OS=Silene vulgaris OX=42043 GN=GST PE=1 SV=3 && PF02798:Glutathione S-transferase, N-terminal domain|PF00043:Glutathione S-transferase, C-terminal domain	CAMTA
110738278	7.24673442422307	3.95430167609792	1.35426125354161	8.26147606668573	0.00404951889775816	0.0403134995365415	LOC110738278	NW_018743389.1	478198	480204	+	1359	protein_coding	pectinesterase-like && sp|Q84JX1|PME19_ARATH Probable pectinesterase/pectinesterase inhibitor 19 OS=Arabidopsis thaliana OX=3702 GN=PME19 PE=2 SV=1 && PF01095:Pectinesterase	Trihelix
110687897	66.9793520151172	2.40913762830619	0.833507926119681	8.25699436724125	0.00405952840858733	0.0403926676438942	LOC110687897	NW_018743920.1	2636439	2643024	-	3372	protein_coding	chaperonin 60 subunit beta 4%2C chloroplastic-like%2C transcript variant X1 && sp|Q9C667|CPNB4_ARATH Chaperonin 60 subunit beta 4, chloroplastic OS=Arabidopsis thaliana OX=3702 GN=CPN60B4 PE=1 SV=1 && PF00118:TCP-1/cpn60 chaperonin family	bZIP
110712503	9.40949818186345	2.55327020289699	0.887180990872426	8.25507063064822	0.00406383263708167	0.0404150162461657	LOC110712503	NW_018745323.1	2220921	2221742	-	822	protein_coding	uncharacterized LOC110712503 && - && PF05910:Plant protein of unknown function (DUF868)	CPP
110716300	238.493402675808	1.2161978661868	0.423697064975975	8.24293461927454	0.00409109340065908	0.0406141332467351	LOC110716300	NW_018745569.1	420615	422816	-	954	protein_coding	high mobility group B protein 7-like && sp|Q8LDF9|HMGB7_ARATH High mobility group B protein 7 OS=Arabidopsis thaliana OX=3702 GN=HMGB7 PE=1 SV=1 && PF00505:HMG (high mobility group) box	WOX
110702898	2.87644262818597	3.70082357898534	1.2943399944069	8.24079367926717	0.00409592180691709	0.0406517910343834	LOC110702898	NW_018744704.1	2484186	2486304	-	1323	protein_coding	transcription factor BEE 3-like && sp|Q8GWK7|BEE3_ARATH Transcription factor BEE 3 OS=Arabidopsis thaliana OX=3702 GN=BEE3 PE=2 SV=1 && -	bHLH
110718382	1516.49119115168	1.04271396875879	0.36359224761112	8.23548256708375	0.00410792487325343	0.0407503242099727	LOC110718382	NW_018742455.1	1883039	1888026	-	1664	protein_coding	aspartyl protease AED3-like && sp|O04496|AED3_ARATH Aspartyl protease AED3 OS=Arabidopsis thaliana OX=3702 GN=AED3 PE=1 SV=1 && PF14541:Xylanase inhibitor C-terminal|PF14543:Xylanase inhibitor N-terminal	Trihelix
110729610	33.4361605658566	1.39105972992454	0.48524305806884	8.22655356336338	0.00412818508096444	0.0409099703973547	LOC110729610	NW_018742205.1	3747911	3752033	-	2366	protein_coding	rho GTPase-activating protein 5-like && sp|Q9FMR1|RGAP1_ARATH Rho GTPase-activating protein 1 OS=Arabidopsis thaliana OX=3702 GN=ROPGAP1 PE=2 SV=1 && PF00620:RhoGAP domain	ERF
110706718	5.20544699338392	3.16132666605629	1.10349344416054	8.20568726827204	0.00417592884664149	0.0412789462859681	LOC110706718	NW_018744991.1	676420	678477	+	2058	protein_coding	F-box protein CPR30-like && sp|Q8GXC7|FBK50_ARATH F-box/kelch-repeat protein At3g06240 OS=Arabidopsis thaliana OX=3702 GN=At3g06240 PE=2 SV=1 && PF00646:F-box domain	GRAS
110713148	25.0308129844412	1.53206426103802	0.536089459157421	8.20363485799794	0.00418065518092514	0.0413152669653933	LOC110713148	NW_018745410.1	5736118	5738883	-	2473	protein_coding	uncharacterized LOC110713148%2C transcript variant X2 && - && -	-
110696647	226.305744346974	1.33279435330842	0.465603612871061	8.19364889902221	0.00420372886823801	0.0415223953325733	LOC110696647	NW_018744367.1	9146244	9148714	+	1077	protein_coding	photosynthetic NDH subunit of lumenal location 1%2C chloroplastic-like && sp|O80634|PNSL1_ARATH Photosynthetic NDH subunit of lumenal location 1, chloroplastic OS=Arabidopsis thaliana OX=3702 GN=PNSL1 PE=1 SV=2 && PF01789:PsbP	bHLH
110686663	429.700661788866	1.03441276404771	0.36188140977943	8.18379168439918	0.00422663220761132	0.0416785971970293	LOC110686663	NW_018743893.1	678100	682283	-	2095	protein_coding	aldehyde dehydrogenase family 2 member B4%2C mitochondrial-like%2C transcript variant X2 && sp|C7A2A0|BALDH_ANTMA Benzaldehyde dehydrogenase, mitochondrial OS=Antirrhinum majus OX=4151 GN=BALDH PE=1 SV=1 && PF00171:Aldehyde dehydrogenase family	bHLH
110727443	2.56000013480637	6.693365526177	2.42219829906053	8.18375521374303	0.00422671718297237	0.0416785971970293	LOC110727443	NW_018742907.1	519359	520027	-	669	protein_coding	probably inactive leucine-rich repeat receptor-like protein kinase At5g48380 && sp|Q9ASS4|Y5838_ARATH Probably inactive leucine-rich repeat receptor-like protein kinase At5g48380 OS=Arabidopsis thaliana OX=3702 GN=At5g48380 PE=1 SV=1 && -	-
110683972	4.00524459640432	4.93433361019552	1.71601132088033	8.15787809693748	0.00428745047648289	0.042147945572694	LOC110683972	NW_018743697.1	4109055	4111066	+	1506	protein_coding	ankyrin repeat-containing protein BDA1-like && - && PF13857:Ankyrin repeats (many copies)|PF12796:Ankyrin repeats (3 copies)	bHLH
110688538	96.6494849889681	1.71289651364298	0.599175711623565	8.14797120851682	0.00431093631670889	0.0423470240035288	LOC110688538	NW_018743920.1	4382786	4383163	+	378	protein_coding	auxin-responsive protein SAUR41-like && sp|Q29PU2|SAU76_ARATH Auxin-responsive protein SAUR76 OS=Arabidopsis thaliana OX=3702 GN=SAUR76 PE=1 SV=1 && PF02519:Auxin responsive protein	ZF-HD
110710605	5.12553743676574	3.59721390732171	1.25118722487338	8.14521910735141	0.00431748382075106	0.0423689510475653	LOC110710605	NW_018745174.1	961810	965682	-	1347	protein_coding	uncharacterized LOC110710605%2C transcript variant X1 && sp|Q9LHK1|NUD16_ARATH Nudix hydrolase 16, mitochondrial OS=Arabidopsis thaliana OX=3702 GN=NUDT16 PE=2 SV=1 && -	ERF
110735007	61.4833919335317	1.70564050014983	0.597017743869262	8.14287668984406	0.0043230646240058	0.0424131194050912	LOC110735007	NW_018743252.1	1673393	1698788	+	1549	protein_coding	epoxide hydrolase A-like%2C transcript variant X1 && sp|I6YGS0|EPHA_MYCTU Epoxide hydrolase A OS=Mycobacterium tuberculosis (strain ATCC 25618 / H37Rv) OX=83332 GN=ephA PE=1 SV=1 && PF12697:Alpha/beta hydrolase family	FAR1
110732549	5.80527763713791	4.73481367361188	1.62606847317253	8.13830201297782	0.00433398496425032	0.0424360106400644	LOC110732549	NW_018743175.1	3712301	3713626	-	1326	protein_coding	glycine-rich cell wall structural protein 1.8-like && - && -	-
110736131	28.2509022505962	1.46526332664308	0.514372588781993	8.1387829232649	0.00433283565004396	0.0424360106400644	LOC110736131	NW_018743292.1	379739	383719	-	1531	protein_coding	probable plastid-lipid-associated protein 12%2C chloroplastic && sp|Q8LAP6|PAP12_ARATH Probable plastid-lipid-associated protein 12, chloroplastic OS=Arabidopsis thaliana OX=3702 GN=PAP12 PE=1 SV=1 && PF04755:PAP_fibrillin	RAV
110738876	444.550044089515	2.90371644523281	1.00643255191405	8.13925372855027	0.00433171078606411	0.0424360106400644	LOC110738876	NW_018743397.1	461612	463496	-	1631	protein_coding	uncharacterized LOC110738876 && - && PF06830:Root cap	-
110687998	28.6406894148371	1.12925227636938	0.396397386548657	8.13613845525884	0.00433915943124144	0.0424755255092585	LOC110687998	NW_018743920.1	3802488	3806271	-	3784	protein_coding	tyrosine-sulfated glycopeptide receptor 1-like && sp|Q9C7S5|PSYR1_ARATH Tyrosine-sulfated glycopeptide receptor 1 OS=Arabidopsis thaliana OX=3702 GN=PSY1R PE=1 SV=1 && PF00069:Protein kinase domain|PF13855:Leucine rich repeat	GRAS
110711207	5.18865921029451	2.36701488550936	0.833731449204796	8.13416728664927	0.00434387924653512	0.0425111312357771	LOC110711207	NW_018742418.1	5794089	5794678	+	590	protein_coding	uncharacterized LOC110711207 && - && -	SBP
110732311	64.7637067954296	2.2405957387212	0.78264477635384	8.1222390439392	0.00437255225071756	0.0427025931865326	LOC110732311	NW_018743175.1	736089	740968	-	2667	protein_coding	probable lysophospholipase BODYGUARD 3 && sp|O22977|BDG3_ARATH Probable lysophospholipase BODYGUARD 3 OS=Arabidopsis thaliana OX=3702 GN=BDG3 PE=2 SV=1 && PF00561:alpha/beta hydrolase fold	-
110683862	98.8773175583105	2.40075810318744	0.837418188123133	8.11983288644927	0.00437835946536734	0.0427208226790986	LOC110683862	NW_018743691.1	1660334	1661701	-	1368	protein_coding	glycine-rich cell wall structural protein 1-like && - && -	-
110707249	2.17286770844162	4.13426275689499	1.46494659601627	8.11523643091235	0.00438947475855226	0.0428080065042521	LOC110707249	NW_018742418.1	6558239	6559294	-	917	protein_coding	xyloglucan endotransglucosylase/hydrolase 2-like && sp|P35694|XTH2_SOYBN Xyloglucan endotransglucosylase/hydrolase 2 OS=Glycine max OX=3847 PE=2 SV=1 && PF00722:Glycosyl hydrolases family 16	ERF
110705783	231.383061924337	1.06572366087618	0.374455194943	8.11080284364135	0.00440022341912426	0.0428756511577409	LOC110705783	NW_018744878.1	5847159	5850429	-	1409	protein_coding	UDP-arabinopyranose mutase 1-like && sp|Q8H8T0|RGP1_ORYSJ UDP-arabinopyranose mutase 1 OS=Oryza sativa subsp. japonica OX=39947 GN=UAM1 PE=1 SV=1 && PF03214:Reversibly glycosylated polypeptide	-
110717908	663.586891929881	1.14027986963795	0.40059475668031	8.10973771869584	0.00440280966701688	0.0428848075527663	LOC110717908	NW_018745684.1	7621771	7623569	+	1478	lncRNA	uncharacterized LOC110717908 && - && -	-
110708672	39.4306869971387	1.31281278147373	0.461373872961548	8.10627398492403	0.00441123072219314	0.0429242478079016	LOC110708672	NW_018745024.1	11082693	11087565	-	4596	protein_coding	formin-like protein 11 && sp|Q9MA60|FH11_ARATH Formin-like protein 11 OS=Arabidopsis thaliana OX=3702 GN=FH11 PE=2 SV=1 && PF02181:Formin Homology 2 Domain	M-type_MADS
110708316	1.87065392789086	5.06780572886579	1.77023653089361	8.10478814840116	0.00441484812326735	0.0429488061295711	LOC110708316	NW_018745024.1	3200828	3203767	+	1263	protein_coding	transcription repressor MYB6-like && sp|P81395|MYB30_ANTMA Myb-related protein 330 OS=Antirrhinum majus OX=4151 GN=MYB330 PE=2 SV=1 && PF00249:Myb-like DNA-binding domain	MYB
110704336	27.2331767186316	1.56139492773357	0.548697198266237	8.10269862172834	0.00441994037252029	0.0429876964462579	LOC110704336	NW_018744830.1	1075440	1078760	+	1815	protein_coding	uncharacterized LOC110704336 && sp|Q1G3Q4|RITF1_ARATH Protein RGF1 INDUCIBLE TRANSCRIPTION FACTOR 1 OS=Arabidopsis thaliana OX=3702 GN=RITF1 PE=1 SV=1 && PF04640:PLATZ transcription factor	Trihelix
110701847	38.9582640554173	2.24071469164102	0.784121912797442	8.10217090476181	0.00442122738275167	0.0429895674678897	LOC110701847	NW_018744662.1	1979646	1982043	-	1815	protein_coding	taxadiene 5-alpha hydroxylase-like && sp|Q6WG30|T5H_TAXCU Taxadiene 5-alpha hydroxylase OS=Taxus cuspidata OX=99806 PE=1 SV=2 && PF00067:Cytochrome P450	NAC
110718122	65.9318795337779	1.04354480930609	0.367109870761874	8.08497499322004	0.00446337468869129	0.0432708255119657	LOC110718122	NW_018745684.1	433695	435410	+	1073	protein_coding	red chlorophyll catabolite reductase-like%2C transcript variant X1 && sp|Q8LDU4|RCCR_ARATH Red chlorophyll catabolite reductase, chloroplastic OS=Arabidopsis thaliana OX=3702 GN=RCCR PE=1 SV=2 && PF06405:Red chlorophyll catabolite reductase (RCC reductase)	HSF
110684977	6.95964935209084	2.99792796678719	1.05438832792969	8.08425945641704	0.00446513731394955	0.0432772304370041	LOC110684977	NW_018743791.1	249863	252318	+	1501	protein_coding	G2/mitotic-specific cyclin S13-7-like && sp|P25011|CCNB1_SOYBN G2/mitotic-specific cyclin S13-6 OS=Glycine max OX=3847 PE=2 SV=1 && PF00134:Cyclin, N-terminal domain|PF02984:Cyclin, C-terminal domain	M-type_MADS
110722780	58.2487558563844	1.30316607737153	0.458651476010784	8.07377895536433	0.00449103593875779	0.043427303922991	LOC110722780	NW_018742684.1	2611686	2613310	+	1625	protein_coding	protein BRANCHLESS TRICHOME-like && - && -	-
110703638	1.39806947395267	4.82823503141687	1.73475896232182	8.07078110721723	0.00449847209150463	0.0434608842434591	LOC110703638	NW_018744745.1	1503832	1522219	-	2046	protein_coding	high mobility group B protein 9-like%2C transcript variant X2 && sp|Q9SGS2|HMGB9_ARATH High mobility group B protein 9 OS=Arabidopsis thaliana OX=3702 GN=HMGB9 PE=1 SV=1 && PF00505:HMG (high mobility group) box|PF01388:ARID/BRIGHT DNA binding domain	YABBY
110740077	45.0730934513959	1.37817497106287	0.485406146744004	8.069070679172	0.00450272041888125	0.0434805357783928	LOC110740077	NW_018742244.1	2454722	2460864	+	4986	protein_coding	putative disease resistance protein RGA3%2C transcript variant X1 && sp|Q7XA42|RGA1_SOLBU Putative disease resistance protein RGA1 OS=Solanum bulbocastanum OX=147425 GN=RGA1 PE=2 SV=2 && -	EIL
110700616	178.302884136019	1.16200910345648	0.409260074791219	8.06695127881483	0.00450799021157464	0.0434897419069656	LOC110700616	NW_018744626.1	4589244	4592787	-	846	protein_coding	photosynthetic NDH subunit of subcomplex B 4%2C chloroplastic-like && sp|Q8RXS1|PNSB4_ARATH Photosynthetic NDH subunit of subcomplex B 4, chloroplastic OS=Arabidopsis thaliana OX=3702 GN=PNSB4 PE=2 SV=1 && -	-
110710251	20.6178837258568	2.6596315097317	0.935893287641056	8.0672310070467	0.00450729432044533	0.0434897419069656	LOC110710251	NW_018745170.1	4081881	4084840	+	1834	protein_coding	elongation factor 1-alpha && sp|P17786|EF1A_SOLLC Elongation factor 1-alpha OS=Solanum lycopersicum OX=4081 PE=2 SV=1 && PF03144:Elongation factor Tu domain 2|PF00009:Elongation factor Tu GTP binding domain|PF03143:Elongation factor Tu C-terminal domain	-
110738290	46.4485177662267	1.17386032473492	0.41370795016752	8.06572270927728	0.00451104786891134	0.0435074614331422	LOC110738290	NW_018742244.1	395755	400597	-	3644	protein_coding	protein NLP2-like%2C transcript variant X2 && sp|Q7X9B9|NLP2_ARATH Protein NLP2 OS=Arabidopsis thaliana OX=3702 GN=NLP2 PE=2 SV=3 && PF00564:PB1 domain|PF02042:RWP-RK domain	Nin-like
110733807	156.956799837347	1.1088344598161	0.390700219879142	8.06358058619486	0.00451638422562526	0.0435375448436379	LOC110733807	NW_018743204.1	252868	256959	+	2056	protein_coding	fasciclin-like arabinogalactan protein 16 && sp|Q93W32|FLA18_ARATH Fasciclin-like arabinogalactan protein 18 OS=Arabidopsis thaliana OX=3702 GN=FLA18 PE=2 SV=1 && PF02469:Fasciclin domain	-
110688898	2.54299261223394	3.45608010861941	1.23819413193653	8.05782563115505	0.00453075255555647	0.0435952340599346	LOC110688898	NW_018743942.1	2017388	2019035	-	1648	pseudogene	- && sp|Q94B46|FBL74_ARATH F-box/LRR-repeat protein At4g14096 OS=Arabidopsis thaliana OX=3702 GN=At4g14096 PE=2 SV=1 && -	-
110725808	303.777933338895	1.07425830375609	0.378717013949305	8.05909025469117	0.00452759119918854	0.0435952340599346	LOC110725808	NW_018742815.1	4143847	4158900	+	1583	protein_coding	uncharacterized LOC110725808%2C transcript variant X1 && - && PF08534:Redoxin	-
110699167	48.3873698127684	1.09602195168063	0.386634636173516	8.0545108054958	0.00453904976127248	0.0436382132862801	LOC110699167	NW_018744582.1	407275	410894	-	2589	protein_coding	protein CNGC15b-like && sp|Q9SL29|CNG15_ARATH Putative cyclic nucleotide-gated ion channel 15 OS=Arabidopsis thaliana OX=3702 GN=CNGC15 PE=3 SV=1 && PF00027:Cyclic nucleotide-binding domain|PF00520:Ion transport protein	bHLH
110712574	66.3479196714172	1.97897137261564	0.695650400032324	8.05453485366195	0.00453898951159705	0.0436382132862801	LOC110712574	NW_018745323.1	183130	186308	+	3179	protein_coding	protein PLASTID MOVEMENT IMPAIRED 1-like && sp|Q9C8E6|PMI1_ARATH Protein PLASTID MOVEMENT IMPAIRED 1 OS=Arabidopsis thaliana OX=3702 GN=PMI1 PE=1 SV=1 && PF10358:N-terminal C2 in EEIG1 and EHBP1 proteins	WRKY
110713825	74.5680185116743	1.99762178840703	0.701817982549302	8.05040507116763	0.00454934811373901	0.0437137207030429	LOC110713825	NW_018745448.1	8977311	8979374	-	1370	protein_coding	non-functional NADPH-dependent codeinone reductase 2-like && sp|Q9SQ64|COR2_PAPSO Non-functional NADPH-dependent codeinone reductase 2 OS=Papaver somniferum OX=3469 GN=COR2 PE=1 SV=1 && PF00248:Aldo/keto reductase family	FAR1
110721638	34.3919475747895	1.11229368239149	0.392450863158807	8.03785602233796	0.00458097245504353	0.0439229812565734	LOC110721638	NW_018742616.1	2953812	2961737	-	2266	protein_coding	probable alpha-amylase 2%2C transcript variant X1 && sp|Q8LFG1|AMY2_ARATH Probable alpha-amylase 2 OS=Arabidopsis thaliana OX=3702 GN=AMY2 PE=2 SV=1 && PF07821:Alpha-amylase C-terminal beta-sheet domain|PF00128:Alpha amylase, catalytic domain	ERF
110716358	3.95230836360239	3.95552138447812	1.39649487821874	8.0319687692369	0.00459588574098774	0.0440122459658161	LOC110716358	NW_018745569.1	791007	801579	-	1565	protein_coding	antiviral protein MAP-like && sp|P21326|RIPP_MIRJA Antiviral protein MAP OS=Mirabilis jalapa OX=3538 PE=1 SV=2 && PF00161:Ribosome inactivating protein	-
110722063	3.74845879508697	2.9288559041612	1.06430391793252	8.03246659780964	0.00459462275584176	0.0440122459658161	LOC110722063	NW_018742651.1	851495	853205	+	1711	protein_coding	vinorine synthase-like && sp|A0A2P1GIW7|SAT_CATRO Stemmadenine O-acetyltransferase OS=Catharanthus roseus OX=4058 GN=SAT PE=1 SV=1 && PF02458:Transferase family	CAMTA
110683301	4.21618546307788	4.55566872200164	1.60372381493297	8.0150160511941	0.00463910627482918	0.0443115389653867	LOC110683301	NW_018743669.1	75401	78383	+	1512	protein_coding	aluminum-activated malate transporter 2-like && sp|Q9SJE8|ALMT2_ARATH Aluminum-activated malate transporter 2 OS=Arabidopsis thaliana OX=3702 GN=ALMT2 PE=2 SV=2 && PF11744:Aluminium activated malate transporter	-
110736499	710.282188946374	1.14441449489407	0.404422792154415	8.01511910003182	0.00463884230775454	0.0443115389653867	LOC110736499	NW_018743292.1	4085613	4087656	-	2044	protein_coding	nicotianamine synthase-like && sp|Q9XGI7|NAS_SOLLC Nicotianamine synthase OS=Solanum lycopersicum OX=4081 GN=CHLN PE=2 SV=1 && PF03059:Nicotianamine synthase protein	-
110693245	4.15509473602709	3.50029878488964	1.23488655207308	8.00511646306822	0.00466453624933967	0.0444577528651828	LOC110693245	NW_018744143.1	2192899	2195353	-	2455	protein_coding	L-type lectin-domain containing receptor kinase IX.1-like && sp|Q9LXA5|LRK91_ARATH L-type lectin-domain containing receptor kinase IX.1 OS=Arabidopsis thaliana OX=3702 GN=LECRK91 PE=1 SV=1 && PF00139:Legume lectin domain|PF00069:Protein kinase domain	bHLH
110715224	15.316405157672	1.61811622193666	0.572936309864457	8.00491811118803	0.00466504722219892	0.0444577528651828	LOC110715224	NW_018745485.1	5539	8953	+	885	protein_coding	MLP-like protein 43 && sp|Q9SSK5|MLP43_ARATH MLP-like protein 43 OS=Arabidopsis thaliana OX=3702 GN=MLP43 PE=1 SV=1 && PF00407:Pathogenesis-related protein Bet v I family	-
110690716	14.2364009015326	2.1378514260772	0.754272899439631	8.00196083031392	0.0046726722171436	0.0445088178471697	LOC110690716	NW_018742329.1	4997073	5003246	-	1378	protein_coding	GDSL esterase/lipase At1g29660-like && sp|Q9C7N5|GDL14_ARATH GDSL esterase/lipase At1g29660 OS=Arabidopsis thaliana OX=3702 GN=At1g29660 PE=1 SV=1 && PF00657:GDSL-like Lipase/Acylhydrolase	ERF
110730506	23.7175172299056	1.18889548218657	0.420599127910366	7.99910366777192	0.00468005112551421	0.0445574903884411	LOC110730506	NW_018743033.1	535632	543828	+	1364	protein_coding	OPA3-like protein && sp|Q9P7W0|OPA3_SCHPO OPA3-like protein OS=Schizosaccharomyces pombe (strain 972 / ATCC 24843) OX=284812 GN=SPBC1703.11 PE=3 SV=1 && PF07047:Optic atrophy 3 protein (OPA3)	VOZ
110725913	9.63078045825742	2.26993811883038	0.803474374044567	7.9975072228649	0.00468417927166202	0.0445700689918782	LOC110725913	NW_018742817.1	371816	374214	-	1884	lncRNA	uncharacterized LOC110725913%2C transcript variant X1 && - && -	-
110738534	19.0159711263957	5.91312833942071	1.98858316056782	7.99727620980119	0.004684776940862	0.0445700689918782	LOC110738534	NW_018743391.1	1323328	1326917	-	1577	protein_coding	polygalacturonase-like && sp|P48979|PGLR_PRUPE Polygalacturonase OS=Prunus persica OX=3760 PE=2 SV=1 && PF00295:Glycosyl hydrolases family 28	C3H
110714240	42.7560594527804	3.18792031893021	1.11249819937373	7.99409254595861	0.00469302152409948	0.0446268848222661	LOC110714240	NW_018745454.1	3386468	3387193	-	586	lncRNA	uncharacterized LOC110714240 && - && -	-
110688108	25.9377735969553	1.04192435973977	0.369000691052287	7.9931887173976	0.00469536481827624	0.0446275562701265	LOC110688108	NW_018743920.1	5407464	5409396	-	1933	pseudogene	- && sp|Q9SLL2|BIG1B_ARATH Protein BIG GRAIN 1-like B OS=Arabidopsis thaliana OX=3702 GN=At1g54200 PE=1 SV=1 && -	-
110721934	41.5426397357513	1.99091071644584	0.702901738481455	7.99196897887151	0.00469852903998934	0.0446360258798988	LOC110721934	NW_018742630.1	3861145	3866798	+	1597	protein_coding	VAN3-binding protein-like && sp|Q8W4K5|VAB_ARATH VAN3-binding protein OS=Arabidopsis thaliana OX=3702 GN=VAB PE=1 SV=1 && PF08458:Plant pleckstrin homology-like region|PF05703:Auxin canalisation	-
110695145	89.1195236669103	1.75428869253636	0.619794175283762	7.98474256622802	0.0047173202616011	0.0447452874156717	LOC110695145	NW_018744290.1	1236501	1237630	+	827	protein_coding	photosystem I reaction center subunit N%2C chloroplastic-like && sp|P49107|PSAN_ARATH Photosystem I reaction center subunit N, chloroplastic OS=Arabidopsis thaliana OX=3702 GN=PSAN PE=1 SV=2 && PF05479:Photosystem I reaction centre subunit N (PSAN or PSI-N)	MYB_related
110702181	33.2970997081309	2.24963213577328	0.792664640717331	7.98486543444096	0.00471700012205908	0.0447452874156717	LOC110702181	NW_018744676.1	170199	173583	+	1789	protein_coding	non-specific phospholipase C3-like && sp|Q9SRQ7|NPC4_ARATH Non-specific phospholipase C4 OS=Arabidopsis thaliana OX=3702 GN=NPC4 PE=1 SV=1 && PF04185:Phosphoesterase family	E2F/DP
110721626	52.3787328782449	1.16150810574393	0.411468240353662	7.98605790483805	0.00471389422758015	0.0447452874156717	LOC110721626	NW_018742616.1	2617500	2622557	-	1402	pseudogene	- && sp|Q9FH04|ADHL7_ARATH Alcohol dehydrogenase-like 7 OS=Arabidopsis thaliana OX=3702 GN=At5g42250 PE=2 SV=1 && PF08240:Alcohol dehydrogenase GroES-like domain	GRF
110732523	449.013112300466	1.02041316799508	0.361476961031841	7.98149264865395	0.00472579613083619	0.0447975359513226	LOC110732523	NW_018743175.1	3370126	3373919	-	1052	protein_coding	ferredoxin-2-like && sp|Q9C7Y4|FDC2_ARATH Ferredoxin C 2, chloroplastic OS=Arabidopsis thaliana OX=3702 GN=FDC2 PE=2 SV=1 && PF00111:2Fe-2S iron-sulfur cluster binding domain	-
110682146	250.55506486557	1.71717535548558	0.606972825440699	7.97754423415188	0.00473611457315235	0.0448628624291877	LOC110682146	NW_018743574.1	4054178	4061242	+	3613	protein_coding	protein PIN-LIKES 7-like%2C transcript variant X2 && sp|Q9FKY4|PILS7_ARATH Protein PIN-LIKES 7 OS=Arabidopsis thaliana OX=3702 GN=PILS7 PE=2 SV=1 && PF03547:Membrane transport protein	FAR1
110703973	48.5108709613401	1.06384318102291	0.377089112163897	7.97786840091544	0.00473526655995081	0.0448628624291877	LOC110703973	NW_018744790.1	2819815	2824784	-	2512	protein_coding	non-specific phospholipase C6-like && sp|Q8H965|NPC6_ARATH Non-specific phospholipase C6 OS=Arabidopsis thaliana OX=3702 GN=NPC6 PE=2 SV=1 && PF04185:Phosphoesterase family	NF-YC
110701486	1.79149962684486	5.36915679537921	1.87236286223988	7.97689931767719	0.00473780212065828	0.0448649326887424	LOC110701486	NW_018742393.1	464748	467025	+	1680	pseudogene	- && sp|Q942D4|BURP3_ORYSJ BURP domain-containing protein 3 OS=Oryza sativa subsp. japonica OX=39947 GN=BURP3 PE=2 SV=1 && -	-
110687920	23.424885034131	1.26326273684332	0.447623220267866	7.97282142349621	0.0047484869021474	0.0449129151511196	LOC110687920	NW_018743920.1	2898623	2905998	+	2308	protein_coding	IRK-interacting protein-like && sp|Q9LXU9|IRKI_ARATH IRK-interacting protein OS=Arabidopsis thaliana OX=3702 GN=IRKI PE=1 SV=1 && -	-
110710389	7.0213312290987	3.29953627880899	1.16006972257456	7.97235825412488	0.00474970203650865	0.0449129151511196	LOC110710389	NW_018745170.1	2170522	2176256	-	3182	protein_coding	polyvinylalcohol dehydrogenase-like && sp|Q588Z1|PVADH_SPHS1 Polyvinylalcohol dehydrogenase OS=Sphingopyxis sp. (strain 113P3) OX=292913 GN=pvadh PE=1 SV=3 && PF13360:PQQ-like domain|PF13570:PQQ-like domain	WRKY
110735499	3.45001965020732	3.85315755848532	1.49894310308471	7.96509420909982	0.00476880090044244	0.0450248501060922	LOC110735499	NW_018743284.1	388577	394644	-	1877	protein_coding	feeding circuit activating peptides-like%2C transcript variant X1 && sp|O65009|BNM2A_BRANA BURP domain-containing protein BNM2A OS=Brassica napus OX=3708 GN=BNM2A PE=2 SV=1 && -	-
110730774	1.84049476431793	4.73018242853784	1.75487535078653	7.96362148226905	0.00477268257001219	0.0450462779553205	LOC110730774	NW_018743050.1	1273795	1277575	+	1095	pseudogene	- && sp|Q9FYC2|PAO_ARATH Pheophorbide a oxygenase, chloroplastic OS=Arabidopsis thaliana OX=3702 GN=PAO PE=1 SV=1 && -	-
110708063	578.746107226019	2.12899537515359	0.751388931144228	7.95833123153136	0.00478665266208434	0.0451416796750004	LOC110708063	NW_018745003.1	5042910	5047557	+	2222	protein_coding	beta-glucosidase 24-like && sp|Q5Z9Z0|BGL24_ORYSJ Beta-glucosidase 24 OS=Oryza sativa subsp. japonica OX=39947 GN=BGLU24 PE=2 SV=1 && PF00232:Glycosyl hydrolase family 1	EIL
110725145	5.62537198889928	3.18787354350292	1.12602398977028	7.95805314005969	0.004787388176263	0.0451416796750004	LOC110725145	NW_018742810.1	262319	265210	+	1830	protein_coding	cytochrome b561 and DOMON domain-containing protein At3g61750-like && sp|Q9M363|B561I_ARATH Cytochrome b561 and DOMON domain-containing protein At3g61750 OS=Arabidopsis thaliana OX=3702 GN=At3g61750 PE=3 SV=1 && PF03351:DOMON domain|PF03188:Eukaryotic cytochrome b561	M-type_MADS
110720750	4.35687077455612	4.21123755305068	1.47397479980893	7.95374484924596	0.00479879774001578	0.0451950080680191	LOC110720750	NW_018742577.1	2001377	2002329	-	953	protein_coding	stigma-specific STIG1-like protein 3 && - && PF04885:Stigma-specific protein, Stig1	-
110697656	4.12860483794778	3.02778395650881	1.07432265154996	7.95208201529502	0.00480320879659407	0.0452172754550497	LOC110697656	NW_018744491.1	61268	62942	+	1675	pseudogene	- && sp|A0A1C9CX66|CYC2_CAMAC (S)-8-oxocitronellyl enol synthase CYC2 OS=Camptotheca acuminata OX=16922 GN=CYC2 PE=1 SV=1 && -	-
110689325	48.0088668885283	2.19558388875363	0.776007114132449	7.94850758007527	0.0048127048112271	0.0452821128975351	LOC110689325	NW_018743955.1	6960885	6962197	+	1313	protein_coding	mitogen-activated protein kinase kinase 9-like && sp|Q9FX43|M2K9_ARATH Mitogen-activated protein kinase kinase 9 OS=Arabidopsis thaliana OX=3702 GN=MKK9 PE=1 SV=1 && PF00069:Protein kinase domain	MYB
110717858	1.56112705847015	5.16536956634367	1.98223121915124	7.94733549381073	0.00481582279342951	0.0452901840436679	LOC110717858	NW_018745684.1	2980122	2984254	-	2763	protein_coding	kinesin-like protein KIN-10A && sp|Q8VWI7|KN10A_ARATH Kinesin-like protein KIN-10A OS=Arabidopsis thaliana OX=3702 GN=KIN10A PE=1 SV=1 && PF00225:Kinesin motor domain	bHLH
110716150	3.20785844244239	3.49571115548794	1.24709537941484	7.94603990257653	0.0048192717179933	0.0453117687768138	LOC110716150	NW_018745542.1	129871	131815	+	1945	protein_coding	probable C-terminal domain small phosphatase && sp|Q9XYL0|CTDS_DICDI Probable C-terminal domain small phosphatase OS=Dictyostelium discoideum OX=44689 GN=fcpA PE=3 SV=1 && PF03031:NLI interacting factor-like phosphatase	ERF
110701052	3.51389688096259	3.40169140856471	1.22342683766197	7.94383262161966	0.00482515339963008	0.045337272121643	LOC110701052	NW_018744633.1	3487784	3492538	-	1701	protein_coding	omega-hydroxypalmitate O-feruloyl transferase-like && sp|A0A2R6Q326|AT16_ACTCC Alcohol acyltransferase 16 OS=Actinidia chinensis var. chinensis OX=1590841 GN=AT16 PE=1 SV=2 && PF02458:Transferase family	ARF
110699212	285.846197107686	1.2898287365457	0.457827391827738	7.94078540596809	0.0048332852509863	0.0453783436916053	LOC110699212	NW_018744582.1	1005286	1006114	-	829	protein_coding	17.4 kDa class I heat shock protein-like && sp|P19037|HS181_ARATH 18.1 kDa class I heat shock protein OS=Arabidopsis thaliana OX=3702 GN=HSP18.1 PE=1 SV=1 && PF00011:Hsp20/alpha crystallin family	NF-YB
110695708	386.714603014046	3.32786842293386	1.16260777141101	7.93434226717545	0.00485052552221656	0.0453991155467137	LOC110695708	NW_018744304.1	5449693	5451634	+	1239	protein_coding	secoisolariciresinol dehydrogenase-like && sp|A3F5F0|SDH_SINHE Secoisolariciresinol dehydrogenase OS=Sinopodophyllum hexandrum OX=93608 GN=SDH PE=1 SV=1 && PF13561:Enoyl-(Acyl carrier protein) reductase	NAC
110711108	11.8403699909553	1.96094877157497	0.697942816884611	7.93638668967188	0.00484504837013921	0.0453991155467137	LOC110711108	NW_018745238.1	53410	56024	+	699	protein_coding	dihydroneopterin aldolase 2-like && sp|Q9FM54|FOLB2_ARATH Dihydroneopterin aldolase 2 OS=Arabidopsis thaliana OX=3702 GN=FOLB2 PE=1 SV=1 && PF02152:Dihydroneopterin aldolase	C2H2
110722550	1.42997741197022	5.15631402981578	1.82981480183702	7.93435041527619	0.00485050368036449	0.0453991155467137	LOC110722550	NW_018742684.1	3350711	3352384	-	1674	protein_coding	putative UPF0481 protein At3g02645 && sp|P0C897|Y3264_ARATH Putative UPF0481 protein At3g02645 OS=Arabidopsis thaliana OX=3702 GN=At3g02645 PE=3 SV=1 && PF03140:Plant protein of unknown function	bZIP
110724632	15413.629571881	1.20866847035585	0.429145668128773	7.93635128440371	0.00484514316971621	0.0453991155467137	LOC110724632	NW_018742770.1	1873132	1874593	+	679	protein_coding	metallothionein-like protein type 2 && sp|P43390|MT2_ACTDE Metallothionein-like protein type 2 OS=Actinidia deliciosa OX=3627 GN=pKIWI504 PE=2 SV=1 && PF01439:Metallothionein	-
110731130	14.7636140570397	4.49134288215951	1.55369492762278	7.93225937215237	0.00485611223221081	0.0454297512376406	LOC110731130	NW_018743066.1	602262	603140	-	879	protein_coding	uncharacterized LOC110731130 && - && PF14223:gag-polypeptide of LTR copia-type	NAC
110691051	61.1696859862687	1.31765855027292	0.467962946646097	7.92870422050322	0.00486566295507401	0.0454974241034813	LOC110691051	NW_018744066.1	3066355	3074602	+	2661	protein_coding	probable sulfate transporter 3.5 && sp|Q94LW6|SUT35_ARATH Probable sulfate transporter 3.5 OS=Arabidopsis thaliana OX=3702 GN=SULTR3;5 PE=2 SV=1 && PF00916:Sulfate permease family|PF01740:STAS domain	MIKC_MADS
110682755	14.0031466816347	2.39900792079452	0.849842749172932	7.92581304737686	0.00487344404364609	0.0455268239595892	LOC110682755	NW_018743593.1	1127352	1143353	-	1117	protein_coding	agamous-like MADS-box protein AGL12%2C transcript variant X2 && sp|Q38841|AGL12_ARATH Agamous-like MADS-box protein AGL12 OS=Arabidopsis thaliana OX=3702 GN=AGL12 PE=1 SV=2 && PF01486:K-box region|PF00319:SRF-type transcription factor (DNA-binding and dimerisation domain)	MIKC_MADS
110721083	11.7091521575325	1.26332557358605	0.450241204368244	7.92604622288127	0.00487281602269454	0.0455268239595892	LOC110721083	NW_018742589.1	358361	365022	+	3439	protein_coding	probable receptor-like serine/threonine-protein kinase At5g57670 && sp|Q5XF57|Y5576_ARATH Probable receptor-like serine/threonine-protein kinase At5g57670 OS=Arabidopsis thaliana OX=3702 GN=At5g57670 PE=2 SV=1 && PF07714:Protein tyrosine kinase	bZIP
110735366	165.984076492279	1.87692407910222	0.665066641359594	7.92280669793388	0.00488154855487188	0.0455916899870353	LOC110735366	NW_018743283.1	97732	98314	+	583	protein_coding	histone H4 && sp|P62785|H41_WHEAT Histone H4 variant TH011 OS=Triticum aestivum OX=4565 PE=3 SV=2 && PF15511:Centromere kinetochore component CENP-T histone fold	CO-like
110686944	328.452762734882	1.74048230090411	0.617450963462328	7.91593287111289	0.00490013063464632	0.045743482389937	LOC110686944	NW_018743906.1	1524218	1524925	+	708	protein_coding	histone H3.2 && sp|P59226|H32_ARATH Histone H3.2 OS=Arabidopsis thaliana OX=3702 GN=HTR2 PE=1 SV=2 && PF00125:Core histone H2A/H2B/H3/H4	B3
110725863	214.508557566484	1.72374493291636	0.611648260823313	7.91405179917894	0.00490522830201116	0.0457584396923716	LOC110725863	NW_018742815.1	5288551	5289222	-	672	protein_coding	histone H3.2 && sp|P59226|H32_ARATH Histone H3.2 OS=Arabidopsis thaliana OX=3702 GN=HTR2 PE=1 SV=2 && PF00125:Core histone H2A/H2B/H3/H4	B3
110721963	219.715270830592	1.07324262645112	0.381784989436051	7.91237043849907	0.00490978932888871	0.0457901107369856	LOC110721963	NW_018742649.1	24900	26444	+	1545	protein_coding	probable carboxylesterase 7 && sp|Q9ZQ91|CXE7_ARATH Probable carboxylesterase 7 OS=Arabidopsis thaliana OX=3702 GN=CXE7 PE=2 SV=1 && PF07859:alpha/beta hydrolase fold	NAC
110725725	8.74348008270714	2.7567009503008	0.977036313112493	7.91065360971373	0.00491445102882479	0.045815285795103	LOC110725725	NW_018742815.1	2413192	2419706	+	2993	protein_coding	putative inactive cadmium/zinc-transporting ATPase HMA3 && sp|Q9SZW4|HMA2_ARATH Cadmium/zinc-transporting ATPase HMA2 OS=Arabidopsis thaliana OX=3702 GN=HMA2 PE=2 SV=1 && PF00122:E1-E2 ATPase|PF00702:haloacid dehalogenase-like hydrolase	Trihelix
110735017	24.471740074041	2.39472537859233	0.849302697046121	7.90981642659688	0.00491672586501373	0.0458221582574001	LOC110735017	NW_018743252.1	2751826	2756387	-	1160	protein_coding	bidirectional sugar transporter SWEET17-like && sp|Q84WN3|SWT17_ARATH Bidirectional sugar transporter SWEET17 OS=Arabidopsis thaliana OX=3702 GN=SWEET17 PE=1 SV=2 && PF03083:Sugar efflux transporter for intercellular exchange	DBB
110720577	16.5660398050172	1.81033847054655	0.643963317823998	7.90462108177047	0.00493086692581695	0.0459018524223819	LOC110720577	NW_018742204.1	17283234	17286145	-	2219	protein_coding	F-box protein At1g10780-like && sp|Q9SAC4|FB2_ARATH F-box protein At1g10780 OS=Arabidopsis thaliana OX=3702 GN=At1g10780 PE=2 SV=1 && -	-
110731530	4.65306728139194	3.2798920428046	1.16261338830595	7.90507065345398	0.00492964161337688	0.0459018524223819	LOC110731530	NW_018743074.1	185014	187081	-	1930	protein_coding	gibberellin 20-oxidase-like protein && sp|F4KBY0|GAOXL_ARATH Gibberellin 20-oxidase-like protein OS=Arabidopsis thaliana OX=3702 GN=At5g51310 PE=2 SV=1 && PF03171:2OG-Fe(II) oxygenase superfamily|PF14226:non-haem dioxygenase in morphine synthesis N-terminal	Dof
110738751	27.2611360744461	4.7911575851744	1.66097166641766	7.90452787210978	0.0049311210085817	0.0459018524223819	LOC110738751	NW_018743391.1	2476423	2478387	+	1093	protein_coding	acidic endochitinase SP2-like && sp|P42820|CHIP_BETVU Acidic endochitinase SP2 OS=Beta vulgaris OX=161934 GN=SP2 PE=1 SV=1 && PF00187:Chitin recognition protein|PF00182:Chitinase class I	-
110687030	1.67207295511496	5.39947553969676	1.98560125802	7.89027626073997	0.00497012724409205	0.0461555467621724	LOC110687030	NW_018743911.1	114695	115609	+	915	protein_coding	ethylene-responsive transcription factor LEP-like && sp|Q9M644|LEP_ARATH Ethylene-responsive transcription factor LEP OS=Arabidopsis thaliana OX=3702 GN=LEP PE=2 SV=1 && PF00847:AP2 domain	ERF
110690122	81.97290904111	1.32126775214383	0.470364230795528	7.8914827146944	0.00496681306929126	0.0461555467621724	LOC110690122	NW_018742329.1	2738249	2742450	+	1117	protein_coding	cold-regulated 413 inner membrane protein 2%2C chloroplastic-like && sp|F4I1G5|CRIM2_ARATH Cold-regulated 413 inner membrane protein 2, chloroplastic OS=Arabidopsis thaliana OX=3702 GN=COR413IM2 PE=1 SV=1 && PF05562:Cold acclimation protein WCOR413	C2H2
110733492	4192.53091217745	1.44340165436675	0.513868288851966	7.88125521422944	0.00499497992585262	0.0462769159301745	LOC110733492	NW_018743199.1	2790346	2793551	-	1199	protein_coding	ferritin-3%2C chloroplastic-like && sp|Q948P6|FRI3_SOYBN Ferritin-3, chloroplastic OS=Glycine max OX=3847 PE=2 SV=1 && PF00210:Ferritin-like domain	B3
110702442	27.7685665721977	2.56021803528023	0.906597514479244	7.87545564700912	0.00501102437904087	0.0463490250678455	LOC110702442	NW_018744693.1	531730	535664	-	3543	protein_coding	UDP-glycosyltransferase 79B30-like && sp|A0A2R6QXF8|F3GGT_ACTCC Cyanidin 3-O-galactoside 2''-O-xylosyltransferase FGGT1 OS=Actinidia chinensis var. chinensis OX=1590841 GN=F3GGT1 PE=1 SV=2 && PF00201:UDP-glucoronosyl and UDP-glucosyl transferase	HB-other
110735211	3.10285434809969	3.20603826314288	1.1680135702528	7.87285594977553	0.00501823345612781	0.046393851817916	LOC110735211	NW_018743252.1	10100029	10101928	-	1282	pseudogene	- && sp|Q6PL11|SKP1_ORYSJ SKP1-like protein 1 OS=Oryza sativa subsp. japonica OX=39947 GN=SKP1 PE=1 SV=1 && PF03931:Skp1 family, tetramerisation domain|PF01466:Skp1 family, dimerisation domain	Nin-like
110726404	39.6642059914322	1.38165883747879	0.492379160532653	7.87139399592098	0.00502229216157875	0.0463981834717773	LOC110726404	NW_018742879.1	1535127	1537133	-	2007	protein_coding	uncharacterized LOC110726404 && - && -	-
110720936	120.391290221851	1.21918078085214	0.434922922742569	7.86763831749931	0.00503273409238741	0.0464513668649426	LOC110720936	NW_018742577.1	2121878	2122886	+	598	protein_coding	uncharacterized LOC110720936 && - && -	-
110737669	342.496291350315	1.14613784682083	0.408909458924003	7.86459665398877	0.00504120705645783	0.0465003479225686	LOC110737669	NW_018743331.1	720263	722617	+	949	protein_coding	CASP-like protein 2A1 && sp|A7QBZ2|CSPLA_VITVI CASP-like protein 2A1 OS=Vitis vinifera OX=29760 GN=VIT_01s0010g01870 PE=2 SV=1 && PF04535:Domain of unknown function (DUF588)	MYB_related
110707195	1.95834208212289	4.36970765351671	1.55406764325676	7.86374095699608	0.00504359333482285	0.0465078753318849	LOC110707195	NW_018744996.1	100158	108066	+	1359	protein_coding	polygalacturonase inhibitor-like && sp|Q05091|PGIP_PYRCO Polygalacturonase inhibitor OS=Pyrus communis OX=23211 GN=PGIP PE=1 SV=1 && PF08263:Leucine rich repeat N-terminal domain	MYB_related
110704520	9.20236461586808	1.91489044654642	0.684312568993808	7.85955454130348	0.00505528457574999	0.0465918254524024	LOC110704520	NW_018744835.1	2106719	2108284	+	695	protein_coding	heavy metal-associated isoprenylated plant protein 21-like%2C transcript variant X1 && sp|Q9LF57|HIP21_ARATH Heavy metal-associated isoprenylated plant protein 21 OS=Arabidopsis thaliana OX=3702 GN=HIPP21 PE=1 SV=1 && PF00403:Heavy-metal-associated domain	MIKC_MADS
110701628	16.8261608618091	6.045748924698	2.06378067543376	7.85598707829951	0.00506526908419724	0.0466311094101449	LOC110701628	NW_018744641.1	3415	6759	-	1040	protein_coding	L-ascorbate peroxidase 3-like && sp|Q42564|APX3_ARATH L-ascorbate peroxidase 3 OS=Arabidopsis thaliana OX=3702 GN=APX3 PE=1 SV=1 && PF00141:Peroxidase	MYB_related
110738154	93.6247071453517	1.11246120349756	0.397383498482329	7.84968868504205	0.00508294592610023	0.0467500082800315	LOC110738154	NW_018743373.1	1840601	1852211	-	3495	protein_coding	anoctamin-like protein At1g73020%2C transcript variant X2 && sp|A0MFS9|CACLC_ARATH Anoctamin-like protein At1g73020 OS=Arabidopsis thaliana OX=3702 GN=At1g73020 PE=1 SV=1 && PF04547:Calcium-activated chloride channel	B3
110717778	87.2597762936549	1.08758934481405	0.388447929191039	7.84729451640629	0.00508968179213388	0.046768149981861	LOC110717778	NW_018745684.1	7797791	7799700	-	1910	protein_coding	F-box/kelch-repeat protein At2g44130-like && sp|O80582|FBK46_ARATH F-box/kelch-repeat protein At2g44130 OS=Arabidopsis thaliana OX=3702 GN=At2g44130 PE=2 SV=2 && PF01344:Kelch motif	bZIP
110699707	21.6448382699939	1.40035400623257	0.500737612881515	7.84513642786692	0.00509576125478514	0.0468100831688045	LOC110699707	NW_018744593.1	4706415	4708866	-	484	lncRNA	uncharacterized LOC110699707 && - && -	-
110714652	29.9536259033765	1.2575723935606	0.450359894919664	7.84440583998793	0.00509782104023061	0.0468100831688045	LOC110714652	NW_018745454.1	6233862	6236875	-	3014	protein_coding	G-type lectin S-receptor-like serine/threonine-protein kinase At1g34300 && sp|Q9XID3|Y1343_ARATH G-type lectin S-receptor-like serine/threonine-protein kinase At1g34300 OS=Arabidopsis thaliana OX=3702 GN=At1g34300 PE=1 SV=1 && PF00069:Protein kinase domain|PF01453:D-mannose binding lectin|PF00954:S-locus glycoprotein domain	ERF
110712573	42.1410089037667	1.65173874838759	0.589705980030081	7.84160428507988	0.00510572748229684	0.04686077013607	LOC110712573	NW_018745323.1	1250163	1252414	+	1511	protein_coding	small heat shock protein%2C chloroplastic-like && sp|P09886|HS21C_PEA Small heat shock protein, chloroplastic OS=Pisum sativum OX=3888 GN=HSP21 PE=2 SV=1 && PF00011:Hsp20/alpha crystallin family	MYB_related
110689240	1.91303279429208	3.23642005681586	1.1728232478252	7.84006371781722	0.00511008053719929	0.0468728257790186	LOC110689240	NW_018743955.1	5620576	5627055	+	1049	protein_coding	uncharacterized LOC110689240 && - && -	-
110708033	223.27445048217	1.52118510875413	0.542882232489668	7.83987234553535	0.00511062154624698	0.0468728257790186	LOC110708033	NW_018745003.1	4693703	4695826	-	1629	protein_coding	probable 2-oxoglutarate-dependent dioxygenase ANS && sp|Q39224|SRG1_ARATH Protein SRG1 OS=Arabidopsis thaliana OX=3702 GN=SRG1 PE=2 SV=1 && PF14226:non-haem dioxygenase in morphine synthesis N-terminal|PF03171:2OG-Fe(II) oxygenase superfamily	STAT
110699944	151.060425371979	1.20656975764951	0.431341640998233	7.83221306597392	0.00513232230319003	0.0469913730278351	LOC110699944	NW_018744603.1	1639454	1640783	+	1330	protein_coding	pectinesterase inhibitor 10-like && sp|Q9SI74|PMI10_ARATH Pectinesterase inhibitor 10 OS=Arabidopsis thaliana OX=3702 GN=PMEI10 PE=2 SV=1 && PF04043:Plant invertase/pectin methylesterase inhibitor	-
110690413	12.449950377073	3.04777835745614	1.08185856319953	7.82922074469462	0.00514082582846933	0.0470290362826639	LOC110690413	NW_018744041.1	773727	774891	-	1165	protein_coding	uncharacterized LOC110690413 && - && PF13966:zinc-binding in reverse transcriptase|PF13456:Reverse transcriptase-like	E2F/DP
110694732	47.0202598485099	2.50715251539033	0.890707261813465	7.82113736078207	0.00516386890562742	0.0471848821616346	LOC110694732	NW_018744240.1	1228318	1233984	-	1379	protein_coding	uncharacterized protein ycf39-like && sp|O65502|HC244_ARATH Protein HIGH CHLOROPHYLL FLUORESCENCE PHENOTYPE 244, chloroplastic OS=Arabidopsis thaliana OX=3702 GN=HCF244 PE=1 SV=1 && PF05368:NmrA-like family	-
110711378	696.814129773028	1.44595619727601	0.51679295717886	7.81974985787804	0.00516783479440874	0.0472037750683086	LOC110711378	NW_018745265.1	83724	85729	+	1776	protein_coding	berberine bridge enzyme-like 10 && sp|O64745|BBE16_ARATH Berberine bridge enzyme-like 16 OS=Arabidopsis thaliana OX=3702 GN=At2g34810 PE=2 SV=1 && PF01565:FAD binding domain|PF08031:Berberine and berberine like	CPP
110687068	5.97608087474594	2.96886671791658	1.06070083578309	7.81185219457967	0.00519046782302626	0.047350811338841	LOC110687068	NW_018743919.1	190800	192735	+	1581	protein_coding	transcription factor MYB41-like && sp|Q9LDR8|MY102_ARATH Transcription factor MYB102 OS=Arabidopsis thaliana OX=3702 GN=MYB102 PE=2 SV=1 && PF00249:Myb-like DNA-binding domain	MYB
110715711	58.0848778767402	1.23121014233033	0.441223141206579	7.80476090962844	0.00521087602050037	0.0474609264111142	LOC110715711	NW_018745533.1	2300574	2307597	-	3555	protein_coding	respiratory burst oxidase homolog protein E-like && sp|O81211|RBOHE_ARATH Respiratory burst oxidase homolog protein E OS=Arabidopsis thaliana OX=3702 GN=RBOHE PE=2 SV=2 && PF08022:FAD-binding domain|PF08030:Ferric reductase NAD binding domain|PF01794:Ferric reductase like transmembrane component|PF08414:Respiratory burst NADPH oxidase	NAC
110732764	76.4221445158995	3.37022372385569	1.18998409848602	7.79160817201273	0.00524894543807224	0.047713147562132	LOC110732764	NW_018743175.1	5928906	5929596	-	691	protein_coding	putative lipid-binding protein AIR1B && sp|Q9SU34|ERLL2_ARATH pEARLI1-like lipid transfer protein 2 OS=Arabidopsis thaliana OX=3702 GN=At4g12490 PE=2 SV=1 && PF14547:Hydrophobic seed protein	Trihelix
110708311	114.094478994662	1.00574477652126	0.360680220626308	7.79027162296182	0.00525282979337492	0.0477201907183006	LOC110708311	NW_018745024.1	3105068	3109289	+	2256	protein_coding	patellin-3-like && sp|Q56Z59|PATL3_ARATH Patellin-3 OS=Arabidopsis thaliana OX=3702 GN=PATL3 PE=1 SV=2 && PF03765:CRAL/TRIO, N-terminal domain|PF00650:CRAL/TRIO domain	DBB
110695935	12.2550228877885	1.72652043238778	0.620755435360793	7.78726951393219	0.005261565380206	0.0477774467460879	LOC110695935	NW_018744311.1	548022	551867	-	1432	protein_coding	probable plastid-lipid-associated protein 12%2C chloroplastic && sp|Q8LAP6|PAP12_ARATH Probable plastid-lipid-associated protein 12, chloroplastic OS=Arabidopsis thaliana OX=3702 GN=PAP12 PE=1 SV=1 && PF04755:PAP_fibrillin	RAV
110701203	572.124279035164	1.13289206444247	0.406252394298559	7.78417904137598	0.00527057355818386	0.0478260710144535	LOC110701203	NW_018744633.1	4798711	4802645	+	1608	pseudogene	- && sp|Q9SA52|CP41B_ARATH Chloroplast stem-loop binding protein of 41 kDa b, chloroplastic OS=Arabidopsis thaliana OX=3702 GN=CSP41B PE=1 SV=1 && -	-
110688816	3.92021553652462	3.37606921967381	1.22712369856686	7.78119273527568	0.00527929304490934	0.0478651466534829	LOC110688816	NW_018743942.1	814877	817354	+	608	lncRNA	uncharacterized LOC110688816 && - && -	-
110736538	375.693923257234	1.79693664325537	0.642771321200544	7.78103468668621	0.00527975492839579	0.0478651466534829	LOC110736538	NW_018743292.1	4486175	4491707	-	1705	protein_coding	WAT1-related protein At1g09380-like && sp|Q8GXB4|WTR2_ARATH WAT1-related protein At1g09380 OS=Arabidopsis thaliana OX=3702 GN=At1g09380 PE=2 SV=1 && PF00892:EamA-like transporter family	ERF
110727553	462.451953118065	1.14122707741997	0.409336433240551	7.78040880830275	0.00528158440903569	0.0478706818592335	LOC110727553	NW_018742907.1	1012748	1014666	+	1548	protein_coding	uncharacterized LOC110727553 && - && PF04398:Protein of unknown function, DUF538	FAR1
110725029	626.829886593015	1.0323960764297	0.370414420456633	7.77948724556387	0.00528427936939209	0.0478840571467779	LOC110725029	NW_018742808.1	191068	223763	+	6175	protein_coding	nuclear pore complex protein GP210-like%2C transcript variant X1 && sp|F4KHD8|GP210_ARATH Nuclear pore complex protein GP210 OS=Arabidopsis thaliana OX=3702 GN=GB210 PE=1 SV=1 && PF02368:Bacterial Ig-like domain (group 2)	-
110689554	6.17037820331366	4.08287234555211	1.44453339344219	7.77817942526471	0.00528810628354394	0.0478855886727279	LOC110689554	NW_018743955.1	4502760	4504354	-	1595	protein_coding	ubiquitin recognition factor in ER-associated degradation protein 1-like && sp|Q19584|UFD1_CAEEL Ubiquitin fusion degradation protein 1 homolog OS=Caenorhabditis elegans OX=6239 GN=ufd-1 PE=1 SV=1 && PF03152:Ubiquitin fusion degradation protein UFD1	GRAS
110719874	11.4457902544115	2.00745470987185	0.720427989136475	7.77892780647241	0.00528591604175107	0.0478855886727279	LOC110719874	NW_018742493.1	471872	476536	+	1954	protein_coding	5'-nucleotidase SurE-like && sp|B8FYS8|SURE_DESHD 5'-nucleotidase SurE OS=Desulfitobacterium hafniense (strain DSM 10664 / DCB-2) OX=272564 GN=surE PE=3 SV=1 && PF01975:Survival protein SurE	HSF
110703237	25.9238512586381	1.47855171803694	0.530460254863276	7.77126678839039	0.005308380867676	0.0479894758492935	LOC110703237	NW_018744718.1	828371	831158	-	1175	protein_coding	uncharacterized LOC110703237 && sp|Q9LVZ5|PIFI_ARATH Protein POST-ILLUMINATION CHLOROPHYLL FLUORESCENCE INCREASE, chloroplastic OS=Arabidopsis thaliana OX=3702 GN=PIFI PE=2 SV=1 && -	-
110725915	15.6341262667064	1.99166691856481	0.714710771228104	7.76609126831204	0.00532361239366746	0.0481005473662594	LOC110725915	NW_018742817.1	450207	453968	+	1855	protein_coding	probable F-box protein At2g36090 && sp|Q9SIH5|FB322_ARATH Probable F-box protein At2g36090 OS=Arabidopsis thaliana OX=3702 GN=At2g36090 PE=2 SV=1 && -	MYB_related
110694103	27.2468078162102	1.1406098206564	0.410083202008826	7.76173085791129	0.00533647963370859	0.0481460061232799	LOC110694103	NW_018744239.1	1648472	1651356	-	1483	protein_coding	probable serine/threonine-protein kinase PBL28%2C transcript variant X2 && sp|Q84M95|PBL28_ARATH Probable serine/threonine-protein kinase PBL28 OS=Arabidopsis thaliana OX=3702 GN=PBL28 PE=2 SV=1 && PF00069:Protein kinase domain	WRKY
110694456	24.401990068054	1.00635029658497	0.361783553868561	7.76192203423909	0.00533591482287289	0.0481460061232799	LOC110694456	NW_018742345.1	4857284	4860074	+	2333	protein_coding	uncharacterized LOC110694456 && sp|Q9FNJ9|CA1P_ARATH Probable 2-carboxy-D-arabinitol-1-phosphatase OS=Arabidopsis thaliana OX=3702 GN=At5g22620 PE=1 SV=1 && PF00300:Histidine phosphatase superfamily (branch 1)	-
110724419	54.5448531479752	1.13624765518549	0.408744007374717	7.7418364532985	0.00539559006104039	0.0485788648480603	LOC110724419	NW_018742763.1	5068360	5071388	+	2222	protein_coding	putative cyclin-A3-1 && sp|Q9C6A9|CCA32_ARATH Cyclin-A3-2 OS=Arabidopsis thaliana OX=3702 GN=CYCA3-2 PE=2 SV=1 && PF00134:Cyclin, N-terminal domain|PF02984:Cyclin, C-terminal domain	B3
110736239	21.3035433096478	1.40641381403125	0.505450194483513	7.74045061399963	0.00539973246482305	0.0486050178984634	LOC110736239	NW_018743292.1	1513832	1516759	-	1333	pseudogene	- && sp|A0A0B6VQ48|PAR1_ROSHC Phenylacetaldehyde reductase OS=Rosa hybrid cultivar OX=128735 GN=PAR PE=1 SV=1 && PF01370:NAD dependent epimerase/dehydratase family	NAC
110681858	6.19266678904845	2.96564974382773	1.06437582745684	7.73822411710125	0.00540639446353997	0.048634914465308	LOC110681858	NW_018743574.1	910117	912682	+	1689	lncRNA	uncharacterized LOC110681858 && - && -	-
110735671	614.026340993624	1.60016976608371	0.574731682406943	7.73349066914966	0.00542058547947176	0.0487368712306077	LOC110735671	NW_018743285.1	1370232	1372846	-	1322	protein_coding	peroxidase 12-like && sp|Q96520|PER12_ARATH Peroxidase 12 OS=Arabidopsis thaliana OX=3702 GN=PER12 PE=1 SV=1 && PF00141:Peroxidase	NAC
110717783	4.44166552661445	4.81865475732246	1.69342429747102	7.72937771604421	0.0054329470681438	0.0488256590863184	LOC110717783	NW_018745684.1	2480350	2482395	+	1806	protein_coding	probable inorganic phosphate transporter 1-3 && sp|O48639|PHT13_ARATH Probable inorganic phosphate transporter 1-3 OS=Arabidopsis thaliana OX=3702 GN=PHT1-3 PE=2 SV=1 && PF00083:Sugar (and other) transporter	WRKY
110689592	21.9497173717289	2.35980618266373	0.844504774071823	7.7272382764109	0.00543938857035728	0.0488611864875667	LOC110689592	NW_018743974.1	12830	16423	-	1605	protein_coding	probable pectinesterase 15 && sp|Q9ZQA3|PME15_ARATH Probable pectinesterase 15 OS=Arabidopsis thaliana OX=3702 GN=PME15 PE=2 SV=1 && PF01095:Pectinesterase	NAC
110696311	2.32054268925169	5.41927151143154	1.91686957182101	7.72459746959308	0.00544735034619797	0.0489215161550956	LOC110696311	NW_018744348.1	690033	694694	-	1773	protein_coding	replication protein A 32 kDa subunit A-like && sp|Q9ZQ19|RFA2A_ARATH Replication protein A 32 kDa subunit A OS=Arabidopsis thaliana OX=3702 GN=RPA2A PE=1 SV=2 && PF08784:Replication protein A C terminal|PF01336:OB-fold nucleic acid binding domain	AP2
110721367	10.7478239189006	3.41867661533242	1.21713563368291	7.72024637694608	0.00546049439405083	0.0489723672842106	LOC110721367	NW_018742616.1	3542429	3543718	+	1290	protein_coding	G-type lectin S-receptor-like serine/threonine-protein kinase LECRK3 && sp|Q0JEU6|LERK3_ORYSJ G-type lectin S-receptor-like serine/threonine-protein kinase LECRK3 OS=Oryza sativa subsp. japonica OX=39947 GN=LECRK3 PE=3 SV=2 && PF01453:D-mannose binding lectin	MYB_related
110722775	35.4574192482021	2.0033755462934	0.719557699295011	7.71914770630548	0.0054638184364151	0.0489909911993904	LOC110722775	NW_018742684.1	2553683	2559012	-	2774	protein_coding	probable lysophospholipase BODYGUARD 3 && sp|O22977|BDG3_ARATH Probable lysophospholipase BODYGUARD 3 OS=Arabidopsis thaliana OX=3702 GN=BDG3 PE=2 SV=1 && PF00561:alpha/beta hydrolase fold	-
110709480	353.958503919719	1.15644874849179	0.416685644566445	7.71010858179966	0.00549124486152281	0.0491807661223683	LOC110709480	NW_018742418.1	3467794	3472981	-	2540	protein_coding	4-diphosphocytidyl-2-C-methyl-D-erythritol kinase%2C chloroplastic-like%2C transcript variant X1 && sp|P93841|ISPE_SOLLC 4-diphosphocytidyl-2-C-methyl-D-erythritol kinase, chloroplastic/chromoplastic (Fragment) OS=Solanum lycopersicum OX=4081 GN=ISPE PE=1 SV=1 && -	NF-YB
110722672	176.097637414428	2.34981931917335	0.841858838442019	7.70573525570421	0.00550456471382896	0.0492663559722436	LOC110722672	NW_018742684.1	1399869	1400880	+	913	protein_coding	histidine-rich glycoprotein-like && - && -	-
110731657	53.1759123835109	1.97131871425079	0.708704515496844	7.69563971416846	0.00553543868538245	0.049508832496248	LOC110731657	NW_018742205.1	7740595	7743684	-	2427	pseudogene	- && sp|Q9LZV3|MAN6_ARATH Mannan endo-1,4-beta-mannosidase 6 OS=Arabidopsis thaliana OX=3702 GN=MAN6 PE=2 SV=1 && PF00150:Cellulase (glycosyl hydrolase family 5)	WRKY
110706982	1.92434026322824	3.60458489024365	1.30870561663956	7.67562889537334	0.00559715829319069	0.0498564748578993	LOC110706982	NW_018744991.1	2911046	2913072	+	1450	protein_coding	two-pore potassium channel 1-like && sp|Q8LBL1|KCO1_ARATH Two-pore potassium channel 1 OS=Arabidopsis thaliana OX=3702 GN=TPK1 PE=1 SV=2 && PF07885:Ion channel	C3H
110737804	2.402845939243	3.61068033013208	1.30672125459846	7.67312124452286	0.00560494199676263	0.0498918601629326	LOC110737804	NW_018742244.1	1739889	1741229	+	658	protein_coding	protein HIGH ARSENIC CONTENT 1%2C mitochondrial && sp|Q8RUD6|HARC1_ARATH Protein HIGH ARSENIC CONTENT 1, mitochondrial OS=Arabidopsis thaliana OX=3702 GN=HAC1 PE=1 SV=1 && PF00581:Rhodanese-like domain	-
110712012	18.980596263564	1.54676602897161	0.558944109663909	7.67097438848856	0.00561161456999649	0.049939936326189	LOC110712012	NW_018745286.1	4712803	4723126	-	2739	pseudogene	- && sp|Q9ZSP5|AIR3_ARATH Subtilisin-like protease SBT5.3 OS=Arabidopsis thaliana OX=3702 GN=AIR3 PE=2 SV=1 && -	DBB
