ensembl_gene_id	entrezgene_id	athaliana_eg_homolog_ensembl_gene	athaliana_eg_homolog_orthology_type
AUR62023801	110738742	AT1G08570	ortholog_one2many
AUR62023468	110725149	AT4G01000	ortholog_many2many
AUR62023468	110725149	AT3G06455	ortholog_many2many
AUR62006563	110700995	AT2G26800	ortholog_one2many
AUR62018626	110730100	AT2G39440	ortholog_one2many
AUR62018998	110709705	AT1G12680	ortholog_one2many
AUR62014326	110724612	AT1G44318	ortholog_many2many
AUR62014326	110724612	AT1G69740	ortholog_many2many
AUR62004625	110725210	AT1G72040	ortholog_one2many
AUR62004625	110714621	AT1G72040	ortholog_one2many
AUR62018877	110730328	AT4G16800	ortholog_one2many
AUR62009016	110728228	AT3G02580	ortholog_one2many
AUR62009016	110728228	AT3G02590	ortholog_one2many
AUR62011327	110698469	AT4G34500	ortholog_one2many
AUR62027306	110692791	AT5G42710	ortholog_one2many
AUR62031889	110729853	AT1G52150	ortholog_one2one
AUR62023612	110725310	AT1G36990	ortholog_many2many
AUR62023612	110725310	AT4G08510	ortholog_many2many
AUR62039651	110722210	AT1G74150	ortholog_many2many
AUR62039651	110722210	AT1G18610	ortholog_many2many
AUR62015562	110689420	AT4G14365	ortholog_many2many
AUR62015562	110689420	AT3G23280	ortholog_many2many
AUR62034896	110704168	AT4G09830	ortholog_one2one
AUR62025368	110721942	AT3G21520	ortholog_one2one
AUR62025368	110715913	AT3G21520	ortholog_one2one
AUR62018443	110711517	AT3G56940	ortholog_one2many
AUR62044372	110716794	AT2G24610	ortholog_one2one
AUR62001153	110687796	AT4G13010	ortholog_one2many
AUR62016282	110703582	AT3G59280	ortholog_one2many
AUR62016282	110703201	AT3G59280	ortholog_one2many
AUR62006107	110728768	AT5G13770	ortholog_one2one
AUR62016760	110705112	AT2G21590	ortholog_many2many
AUR62016760	110705112	AT4G39210	ortholog_many2many
AUR62015328	110689205	AT3G27340	ortholog_one2one
AUR62014424	110724715	AT5G42490	ortholog_many2many
AUR62014424	110724715	AT4G24170	ortholog_many2many
AUR62006443	110731779	AT3G08560	ortholog_one2many
AUR62005514	110709845	AT5G17500	ortholog_many2many
AUR62005514	110709845	AT3G26140	ortholog_many2many
AUR62005514	110709845	AT5G16700	ortholog_many2many
AUR62005514	110709845	AT1G13130	ortholog_many2many
AUR62005514	110709845	AT3G26130	ortholog_many2many
AUR62034356	110682791	AT3G60360	ortholog_one2many
AUR62016494	110703384	AT1G61010	ortholog_one2many
AUR62043188	110735355	AT3G29240	ortholog_one2many
AUR62033388	110685386	AT4G25420	ortholog_many2many
AUR62033388	110685386	AT5G51810	ortholog_many2many
AUR62033388	110685386	AT5G07200	ortholog_many2many
AUR62033388	110685386	AT1G60980	ortholog_many2many
AUR62006659	110701098	AT4G12800	ortholog_one2many
AUR62039394	110715284	AT3G02460	ortholog_many2many
AUR62039394	110715284	AT5G15930	ortholog_many2many
AUR62018484	110711577	AT5G07280	ortholog_one2many
AUR62003088	110721764	AT1G69230	ortholog_many2many
AUR62003088	110721764	AT3G02180	ortholog_many2many
AUR62003088	110721764	AT1G26355	ortholog_many2many
AUR62003088	110721764	AT2G03680	ortholog_many2many
AUR62004341	110713927	AT1G01740	ortholog_many2many
AUR62004341	110713927	AT4G00710	ortholog_many2many
AUR62001730	110688355	AT1G09830	ortholog_one2many
AUR62038688	110730686	AT3G29770	ortholog_one2many
AUR62042297	110715233	AT5G44710	ortholog_one2one
AUR62018803	110730263	AT4G17090	ortholog_one2many
AUR62037110	110700071	AT5G64670	ortholog_one2many
AUR62021845	110731243	AT5G47550	ortholog_many2many
AUR62021845	110731243	AT4G16500	ortholog_many2many
AUR62011300	110698444	AT4G34550	ortholog_many2many
AUR62011300	110698444	AT2G16365	ortholog_many2many
AUR62006771	110701198	AT1G56570	ortholog_one2many
AUR62001911	110717594	AT4G34050	ortholog_one2many
AUR62025626	110726715	AT4G26090	ortholog_one2many
AUR62020617	110710155	AT5G58230	ortholog_one2many
AUR62019440	110737666	AT4G28365	ortholog_one2one
AUR62003338	110724415	AT5G66120	ortholog_one2many
AUR62001554	110688165	AT5G22120	ortholog_one2many
AUR62008306	110700483	AT1G74850	ortholog_one2many
AUR62007573	110685801	AT2G18360	ortholog_many2many
AUR62007573	110685801	AT4G36610	ortholog_many2many
AUR62002766	110713641	AT1G03410	ortholog_many2many
AUR62002766	110713641	AT2G30840	ortholog_many2many
AUR62002766	110713641	AT1G06640	ortholog_many2many
AUR62002766	110713641	AT1G04350	ortholog_many2many
AUR62002766	110713641	AT5G59530	ortholog_many2many
AUR62002766	110713641	AT1G06645	ortholog_many2many
AUR62002766	110713641	AT5G43450	ortholog_many2many
AUR62002766	110713641	AT1G06620	ortholog_many2many
AUR62002766	110713641	AT2G30830	ortholog_many2many
AUR62002766	110713641	AT5G59540	ortholog_many2many
AUR62002766	110713641	AT1G06650	ortholog_many2many
AUR62002766	110713641	AT2G25450	ortholog_many2many
AUR62002766	110713641	AT3G61400	ortholog_many2many
AUR62003419	110681820	AT5G47820	ortholog_one2many
AUR62042289	110715228	AT5G02740	ortholog_one2many
AUR62026000	110707117	AT3G11550	ortholog_one2many
AUR62026000	110707117	AT2G27370	ortholog_one2many
AUR62026000	110707117	AT2G36100	ortholog_one2many
AUR62026000	110707117	AT5G06200	ortholog_one2many
AUR62006888	110701311	AT4G34240	ortholog_one2many
AUR62037135	110740296	AT3G21710	ortholog_one2one
AUR62008681	110727916	AT4G02380	ortholog_many2many
AUR62008681	110727916	AT1G02820	ortholog_many2many
AUR62029149	110730868	AT3G44880	ortholog_one2one
AUR62029149	110691778	AT3G44880	ortholog_one2one
AUR62022791	110699180	AT2G37890	ortholog_one2many
AUR62022791	110699180	AT3G53940	ortholog_one2many
AUR62022791	110699180	AT3G55640	ortholog_one2many
AUR62035769	110688751	AT4G19890	ortholog_one2many
AUR62014258	110694500	AT1G71180	ortholog_many2many
AUR62014258	110694500	AT1G71170	ortholog_many2many
AUR62008487	110700815	AT5G61280	ortholog_one2one
AUR62021277	110729750	AT5G62180	ortholog_one2many
AUR62021712	110726481	AT1G74520	ortholog_many2many
AUR62021712	110726481	AT5G62490	ortholog_many2many
AUR62002816	110718512	AT1G68220	ortholog_one2many
AUR62016622	110704967	AT3G59550	ortholog_one2many
AUR62039310	110732040	AT2G26560	ortholog_one2many
AUR62025463	110689730	AT5G44720	ortholog_many2many
AUR62025463	110689730	AT1G30910	ortholog_many2many
AUR62013422	110725726	AT1G77330	ortholog_one2many
AUR62001155	110703411	AT3G07310	ortholog_many2many
AUR62001155	110703411	AT5G48590	ortholog_many2many
AUR62001155	110687797	AT3G07310	ortholog_many2many
AUR62001155	110687797	AT5G48590	ortholog_many2many
AUR62020093	110688306	AT5G58910	ortholog_one2many
AUR62020093	110683416	AT5G58910	ortholog_one2many
AUR62007544	110685767	AT4G34910	ortholog_one2many
AUR62016646	110704991	AT2G15860	ortholog_one2many
AUR62012898	110740092	AT5G64330	ortholog_one2many
AUR62012898	110738086	AT5G64330	ortholog_one2many
AUR62029444	110694680	AT3G26890	ortholog_many2many
AUR62029444	110694680	AT5G41110	ortholog_many2many
AUR62043467	110731323	AT1G11840	ortholog_one2many
AUR62043467	110703040	AT1G11840	ortholog_one2many
AUR62006096	110728671	AT3G49220	ortholog_one2one
AUR62033432	110729112	AT2G38050	ortholog_one2one
AUR62008210	110700392	AT4G22720	ortholog_one2many
AUR62032569	110718121	AT3G12270	ortholog_one2many
AUR62002174	110717647	AT5G46050	ortholog_many2many
AUR62002174	110717647	AT5G46040	ortholog_many2many
AUR62033234	110692267	AT5G57345	ortholog_one2one
AUR62027600	110689130	AT3G66656	ortholog_many2many
AUR62027600	110689130	AT2G34440	ortholog_many2many
AUR62016881	110704924	AT4G34800	ortholog_one2many
AUR62040327	110734723	AT5G14780	ortholog_one2many
AUR62003767	110682186	AT4G39800	ortholog_many2many
AUR62003767	110682186	AT5G10170	ortholog_many2many
AUR62003767	110682186	AT2G22240	ortholog_many2many
AUR62043818	110711222	AT5G03530	ortholog_many2many
AUR62043818	110711222	AT3G09910	ortholog_many2many
AUR62043818	110706152	AT5G03530	ortholog_many2many
AUR62043818	110706152	AT3G09910	ortholog_many2many
AUR62020228	110683567	AT5G22120	ortholog_one2many
AUR62021833	110731228	AT4G17230	ortholog_one2one
AUR62003013	110720850	AT4G34135	ortholog_many2many
AUR62003013	110720850	AT2G15490	ortholog_many2many
AUR62003013	110720850	AT4G34131	ortholog_many2many
AUR62003013	110720850	AT4G34138	ortholog_many2many
AUR62003013	110720850	AT2G15480	ortholog_many2many
AUR62001307	110687927	AT3G13040	ortholog_one2many
AUR62040075	110690117	AT5G42660	ortholog_one2many
AUR62017442	110702341	AT5G57840	ortholog_one2many
AUR62028623	110727496	AT3G07570	ortholog_one2many
AUR62007863	110686064	AT1G26270	ortholog_one2one
AUR62026103	110707345	AT3G54760	ortholog_one2many
AUR62020432	110720950	AT4G26950	ortholog_one2one
AUR62026152	110707388	AT5G04020	ortholog_one2many
AUR62013482	110725788	AT1G77090	ortholog_one2one
AUR62006636	110701073	AT1G65290	ortholog_one2many
AUR62006149	110729213	AT5G24120	ortholog_one2one
AUR62006149	110696066	AT5G24120	ortholog_one2one
AUR62023525	110725215	AT2G46890	ortholog_one2many
AUR62009867	110684359	AT5G26210	ortholog_one2many
AUR62042385	110710090	AT5G02160	ortholog_one2one
AUR62033039	110713236	AT1G73050	ortholog_one2one
AUR62037784	110739000	AT3G12400	ortholog_many2many
AUR62037784	110739000	AT5G13860	ortholog_many2many
AUR62003584	110681992	AT4G33470	ortholog_one2one
AUR62007476	110732742	AT4G12430	ortholog_many2many
AUR62007476	110732742	AT4G22590	ortholog_many2many
AUR62021238	110729713	AT5G52040	ortholog_one2many
AUR62021238	110729713	AT4G25500	ortholog_one2many
AUR62025583	110726669	AT1G70190	ortholog_many2many
AUR62025583	110726669	AT2G03130	ortholog_many2many
AUR62023359	110721588	AT2G13560	ortholog_one2many
AUR62023359	110720454	AT2G13560	ortholog_one2many
AUR62033680	110713393	AT1G05440	ortholog_one2many
AUR62002738	110709745	AT1G30070	ortholog_one2many
AUR62020030	110683345	AT5G59260	ortholog_many2many
AUR62020030	110683345	AT5G59270	ortholog_many2many
AUR62011511	110698643	AT1G80040	ortholog_one2many
AUR62019835	110722686	AT1G64400	ortholog_one2many
AUR62019835	110722686	AT4G11030	ortholog_one2many
AUR62019835	110722686	AT4G23850	ortholog_one2many
AUR62022016	110731396	AT4G21210	ortholog_one2many
AUR62022016	110731396	AT3G01200	ortholog_one2many
AUR62009738	110684227	AT5G22410	ortholog_one2many
AUR62041036	110735274	AT2G37530	ortholog_one2many
AUR62012947	110736919	AT4G35210	ortholog_many2many
AUR62012947	110736919	AT4G35200	ortholog_many2many
AUR62012947	110736919	AT2G17080	ortholog_many2many
AUR62012947	110736919	AT2G17070	ortholog_many2many
AUR62026280	110698196	AT1G69880	ortholog_many2many
AUR62026280	110698196	AT1G59730	ortholog_many2many
AUR62039637	110695415	AT5G60640	ortholog_one2many
AUR62007826	110686033	AT3G02360	ortholog_one2many
AUR62012072	110734555	AT3G57880	ortholog_one2many
AUR62012072	110734555	AT1G51570	ortholog_one2many
AUR62044399	110739068	AT5G64816	ortholog_one2many
AUR62044399	110692654	AT5G64816	ortholog_one2many
AUR62035097	110692949	AT4G25270	ortholog_one2one
AUR62034332	110682772	AT1G57720	ortholog_many2many
AUR62034332	110682772	AT1G09640	ortholog_many2many
AUR62025067	110711837	AT1G05270	ortholog_many2many
AUR62025067	110711837	AT2G32340	ortholog_many2many
AUR62041351	110706246	AT2G37650	ortholog_one2one
AUR62037878	110709239	AT2G20570	ortholog_many2many
AUR62037878	110709239	AT5G44190	ortholog_many2many
AUR62004144	110714056	AT3G60510	ortholog_one2many
AUR62004056	110682490	AT2G18390	ortholog_one2many
AUR62003740	110717900	AT4G35490	ortholog_one2many
AUR62003740	110682156	AT4G35490	ortholog_one2many
AUR62041461	110711373	AT2G47910	ortholog_one2one
AUR62039339	110732058	AT4G37780	ortholog_one2many
AUR62009445	110705736	AT5G15830	ortholog_one2one
AUR62011337	110698484	AT4G01830	ortholog_many2many
AUR62011337	110698484	AT4G01820	ortholog_many2many
AUR62011337	110698484	AT3G62150	ortholog_many2many
AUR62011337	110698484	AT1G02520	ortholog_many2many
AUR62011337	110698484	AT2G47000	ortholog_many2many
AUR62011337	110698484	AT1G02530	ortholog_many2many
AUR62008448	110700627	AT5G07710	ortholog_many2many
AUR62008448	110700627	AT5G61390	ortholog_many2many
AUR62008448	110700627	AT1G74390	ortholog_many2many
AUR62006753	110701178	AT1G56423	ortholog_one2many
AUR62039222	110689616	AT1G08280	ortholog_one2many
AUR62025961	110707208	AT3G19070	ortholog_one2one
AUR62003019	110720952	AT1G68850	ortholog_one2many
AUR62033833	110686366	AT1G75720	ortholog_one2many
AUR62018831	110730287	AT2G30933	ortholog_many2many
AUR62018831	110730287	AT1G09460	ortholog_many2many
AUR62007540	110685763	AT5G65840	ortholog_one2many
AUR62014717	110693524	AT4G21490	ortholog_many2many
AUR62014717	110693524	AT4G05020	ortholog_many2many
AUR62042798	110712867	AT2G18000	ortholog_one2many
AUR62016751	110705104	AT2G21620	ortholog_one2many
AUR62036195	110684628	AT2G27460	ortholog_one2many
AUR62000645	110736737	AT5G18390	ortholog_one2many
AUR62013018	110739116	AT2G16920	ortholog_one2one
AUR62013776	110721564	AT2G47610	ortholog_many2many
AUR62013776	110721564	AT3G62870	ortholog_many2many
AUR62014195	110710946	AT5G13240	ortholog_one2one
AUR62014195	110694435	AT5G13240	ortholog_one2one
AUR62001634	110688251	AT5G58690	ortholog_many2many
AUR62001634	110688251	AT5G58700	ortholog_many2many
AUR62001634	110688251	AT3G47290	ortholog_many2many
AUR62001634	110688251	AT3G47220	ortholog_many2many
AUR62022687	110731462	AT1G01050	ortholog_many2many
AUR62022687	110731462	AT4G01480	ortholog_many2many
AUR62022687	110731462	AT2G46860	ortholog_many2many
AUR62020591	110710131	AT5G21930	ortholog_one2many
AUR62020591	110705370	AT5G21930	ortholog_one2many
AUR62018523	110711762	AT1G05530	ortholog_many2many
AUR62018523	110711762	AT4G14090	ortholog_many2many
AUR62018523	110711762	AT4G15550	ortholog_many2many
AUR62018523	110711762	AT1G05560	ortholog_many2many
AUR62020841	110715009	AT4G13780	ortholog_one2many
AUR62020841	110711477	AT4G13780	ortholog_one2many
AUR62043958	110682860	AT3G53850	ortholog_one2many
AUR62043958	110682860	AT5G02060	ortholog_one2many
AUR62036014	110706079	AT5G13510	ortholog_one2many
AUR62042230	110720266	AT2G47990	ortholog_one2many
AUR62001609	110688224	AT5G21060	ortholog_one2many
AUR62023685	110738636	AT5G01230	ortholog_one2many
AUR62022709	110731692	AT1G35515	ortholog_many2many
AUR62022709	110731692	AT1G22640	ortholog_many2many
AUR62022709	110731692	AT4G09460	ortholog_many2many
AUR62043319	110719076	AT1G76550	ortholog_one2many
AUR62043319	110719076	AT1G20950	ortholog_one2many
AUR62043319	110685556	AT1G76550	ortholog_one2many
AUR62043319	110685556	AT1G20950	ortholog_one2many
AUR62003848	110682266	AT3G50520	ortholog_one2many
AUR62022974	110699367	AT3G56200	ortholog_one2many
AUR62022974	110699367	AT2G40420	ortholog_one2many
AUR62033115	110739226	AT3G62700	ortholog_many2many
AUR62033115	110739226	AT2G47800	ortholog_many2many
AUR62023727	110738535	AT2G43880	ortholog_one2many
AUR62023727	110717690	AT2G43880	ortholog_one2many
AUR62018535	110711756	AT4G14200	ortholog_one2many
AUR62003555	110681968	AT1G23280	ortholog_one2one
AUR62027888	110709755	AT1G21880	ortholog_many2many
AUR62027888	110709755	AT1G77630	ortholog_many2many
AUR62027888	110706707	AT1G21880	ortholog_many2many
AUR62027888	110706707	AT1G77630	ortholog_many2many
AUR62041844	110732182	AT3G08940	ortholog_one2many
AUR62041844	110732182	AT5G01530	ortholog_one2many
AUR62031629	110727052	AT5G39890	ortholog_one2many
AUR62031629	110727052	AT5G15120	ortholog_one2many
AUR62033261	110692305	AT4G29960	ortholog_one2one
AUR62007511	110732778	AT4G16563	ortholog_one2many
AUR62000196	110736300	AT1G62350	ortholog_one2many
AUR62025153	110712134	AT1G27410	ortholog_one2many
AUR62022367	110696520	AT1G57720	ortholog_many2many
AUR62022367	110696520	AT1G09640	ortholog_many2many
AUR62028020	110683797	AT5G18290	ortholog_many2many
AUR62028020	110683797	AT3G04090	ortholog_many2many
AUR62033119	110739232	AT1G02860	ortholog_one2many
AUR62033847	110686380	AT1G19430	ortholog_one2one
AUR62014748	110693554	AT1G61250	ortholog_many2many
AUR62014748	110693554	AT1G11180	ortholog_many2many
AUR62027933	110721258	AT1G35550	ortholog_many2many
AUR62027933	110721258	AT1G07920	ortholog_many2many
AUR62027933	110721258	AT1G07940	ortholog_many2many
AUR62027933	110721258	AT5G60390	ortholog_many2many
AUR62027933	110721258	AT1G07930	ortholog_many2many
AUR62027933	110710250	AT1G35550	ortholog_many2many
AUR62027933	110710250	AT1G07920	ortholog_many2many
AUR62027933	110710250	AT1G07940	ortholog_many2many
AUR62027933	110710250	AT5G60390	ortholog_many2many
AUR62027933	110710250	AT1G07930	ortholog_many2many
AUR62027933	110683726	AT1G35550	ortholog_many2many
AUR62027933	110683726	AT1G07920	ortholog_many2many
AUR62027933	110683726	AT1G07940	ortholog_many2many
AUR62027933	110683726	AT5G60390	ortholog_many2many
AUR62027933	110683726	AT1G07930	ortholog_many2many
AUR62027933	110683730	AT1G35550	ortholog_many2many
AUR62027933	110683730	AT1G07920	ortholog_many2many
AUR62027933	110683730	AT1G07940	ortholog_many2many
AUR62027933	110683730	AT5G60390	ortholog_many2many
AUR62027933	110683730	AT1G07930	ortholog_many2many
AUR62013632	110721425	AT4G01037	ortholog_one2many
AUR62034713	110684819	AT4G14819	ortholog_many2many
AUR62034713	110684819	AT3G22540	ortholog_many2many
AUR62001337	110687955	AT3G20270	ortholog_one2many
AUR62013069	110739588	AT2G21100	ortholog_one2one
AUR62038534	110739136	AT3G02760	ortholog_one2many
AUR62021139	110729613	AT4G25640	ortholog_one2many
AUR62018663	110730134	AT4G17720	ortholog_many2many
AUR62018663	110730134	AT5G46870	ortholog_many2many
AUR62032763	110704688	AT2G20890	ortholog_one2many
AUR62044207	110709520	AT4G26010	ortholog_one2many
AUR62044207	110709520	AT1G34510	ortholog_one2many
AUR62044207	110709520	AT3G03670	ortholog_one2many
AUR62044207	110709520	AT5G17820	ortholog_one2many
AUR62041700	110686992	AT5G61930	ortholog_one2many
AUR62002236	110717994	AT4G38190	ortholog_one2many
AUR62005312	110708011	AT2G03840	ortholog_one2many
AUR62020398	110720750	AT1G50720	ortholog_many2many
AUR62020398	110720750	AT5G55110	ortholog_many2many
AUR62020398	110720750	AT4G26880	ortholog_many2many
AUR62006807	110701233	AT1G09450	ortholog_one2many
AUR62007267	110732521	AT1G32540	ortholog_one2one
AUR62018226	110735147	AT4G14110	ortholog_one2many
AUR62041450	110711374	AT3G46920	ortholog_one2one
AUR62012949	110738584	AT4G35190	ortholog_one2many
AUR62002328	110717368	AT2G31380	ortholog_many2many
AUR62002328	110717368	AT1G06040	ortholog_many2many
AUR62037306	110715440	AT1G68370	ortholog_one2many
AUR62017736	110701858	AT5G08350	ortholog_many2many
AUR62017736	110701858	AT5G23360	ortholog_many2many
AUR62017736	110701858	AT5G23350	ortholog_many2many
AUR62017736	110701858	AT5G23370	ortholog_many2many
AUR62029194	110730907	AT5G02310	ortholog_one2many
AUR62003131	110722270	AT2G03440	ortholog_many2many
AUR62003131	110722270	AT1G13930	ortholog_many2many
AUR62011756	110734243	AT4G01940	ortholog_one2many
AUR62024055	110699718	AT3G58690	ortholog_one2many
AUR62027874	110706692	AT1G09740	ortholog_one2many
AUR62019758	110722604	AT4G11270	ortholog_one2one
AUR62040073	110690119	AT3G05230	ortholog_one2many
AUR62040073	110690119	AT5G27430	ortholog_one2many
AUR62026269	110698030	AT1G27070	ortholog_one2many
AUR62013219	110682272	AT1G19800	ortholog_one2one
AUR62008545	110700716	AT5G08030	ortholog_many2many
AUR62008545	110700716	AT1G74210	ortholog_many2many
AUR62007441	110732708	AT1G61590	ortholog_one2many
AUR62005912	110726847	AT3G03140	ortholog_one2one
AUR62033707	110713438	AT2G37920	ortholog_one2many
AUR62026483	110713646	AT1G10370	ortholog_many2many
AUR62026483	110713646	AT1G10360	ortholog_many2many
AUR62026483	110713646	AT1G69920	ortholog_many2many
AUR62026483	110713646	AT1G69930	ortholog_many2many
AUR62026483	110713646	AT1G27140	ortholog_many2many
AUR62026483	110713646	AT1G27130	ortholog_many2many
AUR62002156	110717830	AT4G27090	ortholog_many2many
AUR62002156	110717830	AT2G20450	ortholog_many2many
AUR62013212	110682184	AT4G38160	ortholog_one2one
AUR62036685	110709996	AT5G35960	ortholog_one2many
AUR62019585	110737802	AT1G78780	ortholog_one2many
AUR62018658	110730131	AT3G08920	ortholog_one2many
AUR62007842	110686043	AT5G05920	ortholog_one2many
AUR62039212	110689603	AT5G22450	ortholog_one2many
AUR62001165	110715331	AT3G07330	ortholog_one2one
AUR62001165	110687805	AT3G07330	ortholog_one2one
AUR62000323	110736434	AT5G16530	ortholog_one2many
AUR62035016	110720026	AT4G36480	ortholog_one2many
AUR62020282	110720824	AT2G24240	ortholog_one2many
AUR62020282	110720824	AT4G30940	ortholog_one2many
AUR62013196	110682089	AT4G38210	ortholog_one2one
AUR62017581	110701950	AT3G10420	ortholog_one2one
AUR62017581	110691897	AT3G10420	ortholog_one2one
AUR62040490	110697713	AT5G67580	ortholog_many2many
AUR62040490	110697713	AT3G49850	ortholog_many2many
AUR62008494	110700665	AT3G54210	ortholog_one2many
AUR62027087	110740054	AT5G09580	ortholog_one2one
AUR62032722	110704791	AT5G19760	ortholog_one2many
AUR62027473	110716848	AT3G04830	ortholog_many2many
AUR62027473	110716848	AT5G28220	ortholog_many2many
AUR62007377	110732643	AT2G35550	ortholog_one2many
AUR62019874	110722727	AT1G64520	ortholog_many2many
AUR62019874	110722727	AT5G42040	ortholog_many2many
AUR62018356	110711603	AT2G41170	ortholog_one2many
AUR62006839	110701266	AT2G13690	ortholog_one2many
AUR62001341	110687958	AT1G50430	ortholog_one2many
AUR62014827	110693624	AT5G58950	ortholog_many2many
AUR62014827	110693624	AT3G46930	ortholog_many2many
AUR62028624	110727497	AT4G39920	ortholog_one2many
AUR62006879	110736636	AT1G73720	ortholog_one2many
AUR62006879	110701303	AT1G73720	ortholog_one2many
AUR62021653	110726431	AT1G18720	ortholog_one2many
AUR62021653	110726431	AT1G74440	ortholog_one2many
AUR62009287	110705577	AT5G11600	ortholog_one2many
AUR62007784	110686006	AT3G25570	ortholog_one2one
AUR62033706	110713462	AT2G48150	ortholog_many2many
AUR62033706	110713462	AT3G63080	ortholog_many2many
AUR62033706	110713461	AT2G48150	ortholog_many2many
AUR62033706	110713461	AT3G63080	ortholog_many2many
AUR62015440	110689299	AT5G57860	ortholog_one2many
AUR62008571	110727821	AT2G47850	ortholog_one2many
AUR62020585	110710152	AT5G21482	ortholog_one2many
AUR62009368	110705657	AT3G52140	ortholog_one2one
AUR62033577	110729382	AT2G36480	ortholog_one2many
AUR62029796	110690739	AT3G08560	ortholog_one2many
AUR62006959	110701373	AT4G33420	ortholog_one2many
AUR62043059	110682883	AT1G79080	ortholog_one2many
AUR62003587	110695167	AT1G14620	ortholog_one2one
AUR62003587	110682001	AT1G14620	ortholog_one2one
AUR62003228	110723226	AT4G37235	ortholog_many2many
AUR62003228	110723226	AT3G50810	ortholog_many2many
AUR62043198	110720053	AT5G04200	ortholog_one2many
AUR62035751	110688727	AT1G47845	ortholog_many2many
AUR62035751	110688727	AT1G47840	ortholog_many2many
AUR62025746	110726828	AT3G48425	ortholog_one2many
AUR62004359	110714207	AT1G01695	ortholog_many2many
AUR62004359	110714207	AT4G00440	ortholog_many2many
AUR62026294	110698053	AT1G05670	ortholog_one2many
AUR62003230	110697660	AT2G23680	ortholog_many2many
AUR62003230	110697660	AT4G37220	ortholog_many2many
AUR62003230	110697660	AT3G50830	ortholog_many2many
AUR62011692	110734178	AT4G01830	ortholog_many2many
AUR62011692	110734178	AT4G01820	ortholog_many2many
AUR62011692	110734178	AT3G62150	ortholog_many2many
AUR62011692	110734178	AT1G02520	ortholog_many2many
AUR62011692	110734178	AT2G47000	ortholog_many2many
AUR62011692	110734178	AT1G02530	ortholog_many2many
AUR62029896	110702922	AT4G35760	ortholog_one2many
AUR62011691	110734177	AT2G46980	ortholog_one2many
AUR62011691	110732947	AT2G46980	ortholog_one2many
AUR62013222	110682306	AT3G19380	ortholog_one2many
AUR62013222	110682306	AT1G49780	ortholog_one2many
AUR62033478	110729150	AT5G20080	ortholog_one2one
AUR62033478	110707899	AT5G20080	ortholog_one2one
AUR62041825	110716107	AT5G45750	ortholog_many2many
AUR62041825	110716107	AT4G18800	ortholog_many2many
AUR62030674	110704517	AT5G55080	ortholog_one2many
AUR62030674	110704517	AT5G20020	ortholog_one2many
AUR62030674	110704517	AT5G55190	ortholog_one2many
AUR62030674	110704517	AT5G20010	ortholog_one2many
AUR62007639	110685610	AT5G17280	ortholog_one2one
AUR62030132	110728506	AT1G30320	ortholog_one2many
AUR62009433	110705724	AT5G13800	ortholog_one2one
AUR62008879	110728089	AT5G48880	ortholog_one2many
AUR62040272	110717091	AT2G42910	ortholog_one2many
AUR62005576	110710513	AT1G67590	ortholog_one2many
AUR62006072	110728464	AT5G24314	ortholog_one2many
AUR62022692	110731672	AT1G35680	ortholog_one2many
AUR62022692	110714234	AT1G35680	ortholog_one2many
AUR62041352	110706251	AT2G38120	ortholog_many2many
AUR62041352	110706251	AT5G01240	ortholog_many2many
AUR62029494	110694732	AT4G35250	ortholog_one2many
AUR62022924	110699466	AT2G39020	ortholog_many2many
AUR62022924	110699466	AT2G39030	ortholog_many2many
AUR62043757	110739583	AT2G18000	ortholog_one2many
AUR62040449	110701689	AT3G54820	ortholog_one2one
AUR62040449	110697673	AT3G54820	ortholog_one2one
AUR62012882	110737976	AT5G54140	ortholog_one2many
AUR62000759	110736847	AT5G27730	ortholog_one2one
AUR62032630	110718369	AT3G12260	ortholog_one2many
AUR62025664	110726750	AT1G50430	ortholog_one2many
AUR62030761	110733875	AT3G51740	ortholog_one2one
AUR62027171	110723857	AT4G39460	ortholog_one2many
AUR62027171	110692666	AT4G39460	ortholog_one2many
AUR62000493	110736596	AT5G64060	ortholog_many2many
AUR62000493	110736596	AT5G09330	ortholog_many2many
AUR62009339	110705629	AT3G45880	ortholog_one2many
AUR62025186	110715804	AT4G09070	ortholog_many2many
AUR62025186	110715804	AT2G28230	ortholog_many2many
AUR62017182	110702408	AT4G23440	ortholog_one2one
AUR62007231	110732481	AT3G59840	ortholog_one2many
AUR62022947	110733494	AT1G71280	ortholog_one2many
AUR62022947	110733494	AT5G05450	ortholog_one2many
AUR62022947	110733494	AT1G71370	ortholog_one2many
AUR62022947	110699336	AT1G71280	ortholog_one2many
AUR62022947	110699336	AT5G05450	ortholog_one2many
AUR62022947	110699336	AT1G71370	ortholog_one2many
AUR62001727	110688351	AT5G59210	ortholog_one2many
AUR62031258	110716773	AT4G28620	ortholog_many2many
AUR62031258	110716773	AT5G58270	ortholog_many2many
AUR62031258	110716773	AT4G28630	ortholog_many2many
AUR62028740	110727591	AT1G64310	ortholog_one2many
AUR62001251	110715496	AT5G50260	ortholog_one2many
AUR62001251	110687867	AT5G50260	ortholog_one2many
AUR62034352	110696509	AT2G39725	ortholog_one2many
AUR62000895	110736971	AT1G54850	ortholog_one2one
AUR62029793	110690733	AT3G08680	ortholog_one2many
AUR62009457	110705748	AT3G30390	ortholog_one2many
AUR62009457	110705748	AT5G38820	ortholog_one2many
AUR62028316	110721835	AT5G58410	ortholog_one2many
AUR62026392	110713659	AT4G35730	ortholog_one2many
AUR62043356	110702238	AT5G11480	ortholog_one2many
AUR62043356	110687023	AT5G11480	ortholog_one2many
AUR62024277	110712580	AT3G26570	ortholog_one2many
AUR62014410	110724702	AT1G19890	ortholog_one2many
AUR62004355	110714334	AT4G00467	ortholog_one2many
AUR62019455	110737945	AT1G53163	ortholog_one2many
AUR62019455	110737945	AT3G15250	ortholog_one2many
AUR62019455	110687012	AT1G53163	ortholog_one2many
AUR62019455	110687012	AT3G15250	ortholog_one2many
AUR62004436	110725195	AT2G46260	ortholog_many2many
AUR62004436	110725195	AT3G61600	ortholog_many2many
AUR62004436	110714216	AT2G46260	ortholog_many2many
AUR62004436	110714216	AT3G61600	ortholog_many2many
AUR62031327	110716736	AT1G16860	ortholog_many2many
AUR62031327	110716736	AT1G78880	ortholog_many2many
AUR62033902	110686437	AT1G19990	ortholog_one2many
AUR62026022	110707264	AT3G57530	ortholog_one2many
AUR62026022	110707264	AT2G41860	ortholog_one2many
AUR62017551	110701923	AT2G04780	ortholog_one2one
AUR62021861	110731255	AT2G38100	ortholog_one2many
AUR62020057	110683378	AT5G59020	ortholog_many2many
AUR62020057	110683378	AT2G29510	ortholog_many2many
AUR62003528	110681941	AT2G02180	ortholog_one2many
AUR62003528	110681941	AT1G14530	ortholog_one2many
AUR62021217	110729689	AT5G62040	ortholog_one2one
AUR62018244	110735166	AT5G40700	ortholog_many2many
AUR62018244	110735166	AT3G01710	ortholog_many2many
AUR62018244	110735166	AT3G27350	ortholog_many2many
AUR62033802	110694772	AT1G18390	ortholog_one2many
AUR62005423	110709155	AT1G23360	ortholog_one2many
AUR62022323	110696468	AT3G55490	ortholog_many2many
AUR62022323	110696468	AT1G19080	ortholog_many2many
AUR62031248	110716719	AT4G29490	ortholog_one2many
AUR62035759	110688742	AT1G09970	ortholog_one2many
AUR62023966	110699635	AT2G27860	ortholog_many2many
AUR62023966	110699635	AT1G08200	ortholog_many2many
AUR62003196	110722922	AT3G28270	ortholog_many2many
AUR62003196	110722922	AT3G28300	ortholog_many2many
AUR62003196	110722922	AT5G66670	ortholog_many2many
AUR62003196	110722922	AT5G66675	ortholog_many2many
AUR62003196	110722922	AT3G28290	ortholog_many2many
AUR62003196	110722922	AT2G18630	ortholog_many2many
AUR62003196	110722922	AT5G66660	ortholog_many2many
AUR62003196	110722922	AT3G48640	ortholog_many2many
AUR62003196	110722922	AT3G28320	ortholog_many2many
AUR62013067	110739573	AT3G16620	ortholog_one2many
AUR62013067	110739573	AT2G16640	ortholog_one2many
AUR62003079	110721671	AT1G26340	ortholog_one2many
AUR62024639	110733029	AT4G02010	ortholog_one2many
AUR62008440	110700621	AT1G26550	ortholog_one2many
AUR62037147	110740305	AT5G42570	ortholog_one2many
AUR62040273	110717097	AT2G23093	ortholog_one2many
AUR62029467	110724768	AT4G36070	ortholog_many2many
AUR62029467	110724768	AT2G17890	ortholog_many2many
AUR62029467	110694698	AT4G36070	ortholog_many2many
AUR62029467	110694698	AT2G17890	ortholog_many2many
AUR62023818	110738595	AT2G43540	ortholog_one2many
AUR62012953	110738613	AT5G22800	ortholog_one2one
AUR62025364	110715726	AT4G30825	ortholog_one2many
AUR62036022	110700126	AT3G63170	ortholog_one2one
AUR62043173	110726049	AT5G42310	ortholog_one2many
AUR62000604	110735870	AT4G15093	ortholog_one2many
AUR62037426	110695511	AT1G27770	ortholog_one2many
AUR62001831	110688472	AT2G39590	ortholog_one2many
AUR62001831	110684107	AT2G39590	ortholog_one2many
AUR62036058	110700212	AT4G35210	ortholog_many2many
AUR62036058	110700212	AT4G35200	ortholog_many2many
AUR62036058	110700212	AT2G17080	ortholog_many2many
AUR62036058	110700212	AT2G17070	ortholog_many2many
AUR62040890	110739403	AT3G12915	ortholog_one2many
AUR62040890	110739403	AT1G56070	ortholog_one2many
AUR62018450	110711496	AT5G05080	ortholog_one2many
AUR62003371	110724822	AT1G47830	ortholog_one2many
AUR62003371	110694692	AT1G47830	ortholog_one2many
AUR62035071	110692728	AT5G49230	ortholog_one2many
AUR62035071	110692728	AT3G06760	ortholog_one2many
AUR62002534	110717523	AT1G48320	ortholog_one2many
AUR62013385	110725672	AT1G22882	ortholog_many2many
AUR62013385	110725672	AT1G71360	ortholog_many2many
AUR62016711	110705056	AT3G18830	ortholog_one2many
AUR62026997	110739967	AT1G80850	ortholog_one2many
AUR62026997	110739967	AT1G15970	ortholog_one2many
AUR62002017	110717664	AT5G63480	ortholog_one2many
AUR62005826	110712936	AT1G14140	ortholog_one2many
AUR62023772	110738707	AT5G10460	ortholog_one2many
AUR62008303	110700479	AT3G04230	ortholog_many2many
AUR62008303	110700479	AT2G09990	ortholog_many2many
AUR62008303	110700479	AT5G18380	ortholog_many2many
AUR62008303	110686731	AT3G04230	ortholog_many2many
AUR62008303	110686731	AT2G09990	ortholog_many2many
AUR62008303	110686731	AT5G18380	ortholog_many2many
AUR62001375	110687997	AT1G50400	ortholog_many2many
AUR62001375	110687997	AT3G20000	ortholog_many2many
AUR62029500	110694736	AT5G66120	ortholog_one2many
AUR62038689	110730687	AT5G39790	ortholog_one2many
AUR62021051	110729514	AT5G53310	ortholog_one2many
AUR62008017	110686213	AT5G66680	ortholog_one2many
AUR62009606	110735366	AT2G28740	ortholog_one2many
AUR62009606	110735128	AT2G28740	ortholog_one2many
AUR62009606	110735129	AT2G28740	ortholog_one2many
AUR62009606	110733806	AT2G28740	ortholog_one2many
AUR62009606	110732262	AT2G28740	ortholog_one2many
AUR62009606	110732263	AT2G28740	ortholog_one2many
AUR62009606	110730690	AT2G28740	ortholog_one2many
AUR62009606	110730691	AT2G28740	ortholog_one2many
AUR62009606	110722730	AT2G28740	ortholog_one2many
AUR62009606	110722731	AT2G28740	ortholog_one2many
AUR62009606	110707432	AT2G28740	ortholog_one2many
AUR62009606	110704809	AT2G28740	ortholog_one2many
AUR62009606	110689182	AT2G28740	ortholog_one2many
AUR62009606	110688458	AT2G28740	ortholog_one2many
AUR62009606	110684094	AT2G28740	ortholog_one2many
AUR62009606	110681639	AT2G28740	ortholog_one2many
AUR62033861	110686397	AT1G74970	ortholog_one2many
AUR62036459	110735512	AT5G55760	ortholog_one2many
AUR62042095	110683250	AT2G40690	ortholog_one2many
AUR62000584	110736034	AT5G22260	ortholog_one2many
AUR62017370	110702576	AT4G12060	ortholog_one2one
AUR62011495	110698623	AT1G15690	ortholog_one2many
AUR62018628	110730104	AT1G32160	ortholog_one2many
AUR62035802	110728808	AT1G09230	ortholog_one2many
AUR62016490	110703131	AT2G25240	ortholog_many2many
AUR62016490	110703131	AT2G35580	ortholog_many2many
AUR62016490	110703131	AT3G45220	ortholog_many2many
AUR62016490	110703131	AT2G26390	ortholog_many2many
AUR62009602	110683951	AT1G07645	ortholog_one2many
AUR62021235	110729710	AT5G52100	ortholog_one2one
AUR62007386	110732651	AT4G19130	ortholog_many2many
AUR62007386	110732651	AT5G45400	ortholog_many2many
AUR62003748	110682166	AT2G17550	ortholog_one2many
AUR62035776	110728790	AT2G39390	ortholog_many2many
AUR62035776	110728790	AT3G55170	ortholog_many2many
AUR62035776	110728787	AT2G39390	ortholog_many2many
AUR62035776	110728787	AT3G55170	ortholog_many2many
AUR62035776	110728784	AT2G39390	ortholog_many2many
AUR62035776	110728784	AT3G55170	ortholog_many2many
AUR62035776	110690317	AT2G39390	ortholog_many2many
AUR62035776	110690317	AT3G55170	ortholog_many2many
AUR62009879	110684364	AT1G17460	ortholog_many2many
AUR62009879	110684364	AT1G72650	ortholog_many2many
AUR62023728	110738669	AT1G21680	ortholog_many2many
AUR62023728	110738669	AT1G21670	ortholog_many2many
AUR62030628	110704473	AT2G40510	ortholog_one2many
AUR62030628	110704473	AT3G56340	ortholog_one2many
AUR62030628	110704473	AT2G40590	ortholog_one2many
AUR62035580	110738861	AT4G27750	ortholog_one2many
AUR62040843	110712843	AT5G51970	ortholog_one2many
AUR62031949	110729893	AT5G24770	ortholog_many2many
AUR62031949	110729893	AT5G24780	ortholog_many2many
AUR62041394	110738046	AT3G17000	ortholog_one2one
AUR62033849	110686383	AT1G75130	ortholog_one2many
AUR62018127	110735052	AT1G69370	ortholog_one2many
AUR62018127	110735052	AT3G29200	ortholog_one2many
AUR62018127	110689006	AT1G69370	ortholog_one2many
AUR62018127	110689006	AT3G29200	ortholog_one2many
AUR62027525	110689811	AT2G34470	ortholog_one2many
AUR62027730	110706555	AT1G78090	ortholog_many2many
AUR62027730	110706555	AT1G22210	ortholog_many2many
AUR62029486	110724577	AT2G17820	ortholog_one2many
AUR62029486	110694724	AT2G17820	ortholog_one2many
AUR62009067	110710178	AT2G44120	ortholog_many2many
AUR62009067	110710178	AT3G13580	ortholog_many2many
AUR62009067	110710178	AT2G01250	ortholog_many2many
AUR62009067	110705362	AT2G44120	ortholog_many2many
AUR62009067	110705362	AT3G13580	ortholog_many2many
AUR62009067	110705362	AT2G01250	ortholog_many2many
AUR62004308	110714648	AT4G00550	ortholog_one2many
AUR62027070	110740033	AT4G21860	ortholog_one2many
AUR62027070	110740033	AT4G21840	ortholog_one2many
AUR62027070	110740033	AT4G04830	ortholog_one2many
AUR62027070	110740033	AT4G04840	ortholog_one2many
AUR62027070	110740033	AT4G21830	ortholog_one2many
AUR62027070	110740033	AT4G04800	ortholog_one2many
AUR62027070	110740033	AT4G21850	ortholog_one2many
AUR62027070	110740033	AT4G04810	ortholog_one2many
AUR62007001	110735881	AT5G44660	ortholog_one2many
AUR62007001	110735881	AT4G20190	ortholog_one2many
AUR62007001	110735881	AT1G30850	ortholog_one2many
AUR62007001	110735881	AT2G34910	ortholog_one2many
AUR62007001	110701417	AT5G44660	ortholog_one2many
AUR62007001	110701417	AT4G20190	ortholog_one2many
AUR62007001	110701417	AT1G30850	ortholog_one2many
AUR62007001	110701417	AT2G34910	ortholog_one2many
AUR62003540	110681954	AT4G30600	ortholog_one2one
AUR62027315	110692802	AT3G45900	ortholog_one2many
AUR62041410	110738063	AT3G16940	ortholog_one2one
AUR62041410	110697210	AT3G16940	ortholog_one2one
AUR62016839	110705187	AT2G21270	ortholog_one2many
AUR62016839	110705187	AT4G38930	ortholog_one2many
AUR62006551	110700981	AT5G12180	ortholog_many2many
AUR62006551	110700981	AT5G19360	ortholog_many2many
AUR62030394	110710573	AT2G41450	ortholog_one2many
AUR62033900	110733409	AT1G20010	ortholog_one2many
AUR62033900	110733409	AT1G75780	ortholog_one2many
AUR62033900	110686434	AT1G20010	ortholog_one2many
AUR62033900	110686434	AT1G75780	ortholog_one2many
AUR62035880	110727319	AT1G04560	ortholog_one2many
AUR62035880	110692594	AT1G04560	ortholog_one2many
AUR62023750	110738685	AT2G42260	ortholog_many2many
AUR62023750	110738685	AT3G57860	ortholog_many2many
AUR62007752	110685976	AT1G68750	ortholog_one2many
AUR62002704	110704800	AT3G52190	ortholog_one2many
AUR62003267	110723608	AT5G10370	ortholog_many2many
AUR62003267	110723608	AT4G01020	ortholog_many2many
AUR62003267	110692689	AT5G10370	ortholog_many2many
AUR62003267	110692689	AT4G01020	ortholog_many2many
AUR62026570	110713076	AT5G57840	ortholog_one2many
AUR62013733	110721525	AT1G75200	ortholog_one2many
AUR62022530	110696661	AT1G75270	ortholog_many2many
AUR62022530	110696661	AT1G19550	ortholog_many2many
AUR62022530	110696661	AT1G19570	ortholog_many2many
AUR62011521	110698651	AT3G15850	ortholog_one2many
AUR62039186	110690300	AT1G17200	ortholog_many2many
AUR62039186	110690300	AT3G14380	ortholog_many2many
AUR62006051	110728276	AT4G27745	ortholog_one2one
AUR62030652	110704500	AT5G24650	ortholog_many2many
AUR62030652	110704500	AT3G49560	ortholog_many2many
AUR62001827	110688468	AT5G59865	ortholog_one2many
AUR62013180	110718673	AT2G17270	ortholog_one2one
AUR62013180	110681907	AT2G17270	ortholog_one2one
AUR62006356	110730916	AT5G01810	ortholog_one2many
AUR62024577	110732970	AT4G01890	ortholog_many2many
AUR62024577	110732970	AT1G02460	ortholog_many2many
AUR62033316	110685341	AT3G57560	ortholog_one2many
AUR62033316	110685313	AT3G57560	ortholog_one2many
AUR62029863	110724256	AT4G26160	ortholog_one2one
AUR62029863	110702888	AT4G26160	ortholog_one2one
AUR62009310	110705604	AT5G25790	ortholog_one2many
AUR62018664	110730135	AT5G46860	ortholog_many2many
AUR62018664	110730135	AT4G17730	ortholog_many2many
AUR62021963	110731345	AT5G09260	ortholog_one2many
AUR62021963	110731345	AT5G63880	ortholog_one2many
AUR62021963	110687358	AT5G09260	ortholog_one2many
AUR62021963	110687358	AT5G63880	ortholog_one2many
AUR62005640	110690597	AT5G08391	ortholog_one2one
AUR62033729	110693992	AT4G03210	ortholog_one2many
AUR62033848	110686382	AT1G45150	ortholog_one2many
AUR62019540	110737759	AT3G15020	ortholog_many2many
AUR62019540	110737759	AT1G53240	ortholog_many2many
AUR62023910	110699582	AT1G51690	ortholog_many2many
AUR62023910	110699582	AT1G17720	ortholog_many2many
AUR62019910	110722759	AT4G24100	ortholog_one2many
AUR62008298	110700474	AT3G48090	ortholog_one2many
AUR62008298	110700474	AT3G48080	ortholog_one2many
AUR62018173	110735090	AT5G15540	ortholog_one2one
AUR62018173	110717321	AT5G15540	ortholog_one2one
AUR62029462	110694693	AT2G17930	ortholog_many2many
AUR62029462	110694693	AT4G36080	ortholog_many2many
AUR62012946	110736912	AT4G35210	ortholog_many2many
AUR62012946	110736912	AT4G35200	ortholog_many2many
AUR62012946	110736912	AT2G17080	ortholog_many2many
AUR62012946	110736912	AT2G17070	ortholog_many2many
AUR62014409	110724699	AT5G10980	ortholog_one2one
AUR62020347	110720894	AT3G63140	ortholog_one2one
AUR62003764	110682182	AT4G39810	ortholog_one2many
AUR62038691	110730689	AT5G37730	ortholog_one2many
AUR62001992	110718318	AT4G39955	ortholog_one2many
AUR62023647	110725350	AT4G08280	ortholog_one2many
AUR62018762	110730228	AT4G18010	ortholog_one2many
AUR62001771	110688406	AT5G59410	ortholog_many2many
AUR62001771	110688406	AT2G29020	ortholog_many2many
AUR62030143	110728512	AT2G34620	ortholog_one2many
AUR62026385	110713620	AT4G35750	ortholog_one2many
AUR62000600	110736695	AT4G15093	ortholog_one2many
AUR62017297	110702506	AT1G12610	ortholog_one2many
AUR62017297	110702506	AT1G63030	ortholog_one2many
AUR62022551	110731521	AT4G20960	ortholog_one2many
AUR62003813	110682568	AT1G22370	ortholog_many2many
AUR62003813	110682568	AT1G78270	ortholog_many2many
AUR62003813	110682568	AT1G22360	ortholog_many2many
AUR62003813	110682568	AT1G22340	ortholog_many2many
AUR62003813	110682568	AT1G22400	ortholog_many2many
AUR62003813	110682568	AT1G22380	ortholog_many2many
AUR62019861	110722714	AT5G42070	ortholog_one2one
AUR62021996	110731379	AT4G04900	ortholog_one2one
AUR62035890	110727334	AT3G24290	ortholog_many2many
AUR62035890	110727334	AT3G24300	ortholog_many2many
AUR62003212	110723109	AT3G50780	ortholog_one2many
AUR62009124	110705423	AT2G26180	ortholog_one2many
AUR62005521	110707153	AT3G48340	ortholog_many2many
AUR62005521	110707153	AT2G22160	ortholog_many2many
AUR62005521	110707153	AT3G48350	ortholog_many2many
AUR62029099	110730816	AT1G55900	ortholog_one2many
AUR62038381	110735403	AT5G13670	ortholog_many2many
AUR62038381	110735403	AT4G24980	ortholog_many2many
AUR62038381	110735403	AT2G39510	ortholog_many2many
AUR62013079	110739672	AT5G38580	ortholog_one2many
AUR62004598	110714606	AT4G09150	ortholog_one2many
AUR62001752	110688382	AT5G59520	ortholog_one2many
AUR62029402	110694634	AT3G01930	ortholog_one2many
AUR62009850	110684344	AT3G13898	ortholog_one2one
AUR62009562	110684049	AT3G53780	ortholog_many2many
AUR62009562	110684049	AT2G29050	ortholog_many2many
AUR62003137	110722314	AT1G69340	ortholog_one2one
AUR62000603	110736697	AT4G15093	ortholog_one2many
AUR62007131	110732384	AT5G47240	ortholog_one2many
AUR62044201	110739582	AT4G36105	ortholog_many2many
AUR62044201	110739582	AT2G17990	ortholog_many2many
AUR62044201	110739582	AT5G66250	ortholog_many2many
AUR62044201	110697019	AT4G36105	ortholog_many2many
AUR62044201	110697019	AT2G17990	ortholog_many2many
AUR62044201	110697019	AT5G66250	ortholog_many2many
AUR62013119	110740036	AT5G17330	ortholog_one2one
AUR62029084	110730800	AT5G48160	ortholog_one2many
AUR62029084	110730800	AT3G07780	ortholog_one2many
AUR62006777	110701204	AT1G56600	ortholog_many2many
AUR62006777	110701204	AT1G09350	ortholog_many2many
AUR62022402	110696548	AT1G71500	ortholog_one2one
AUR62008904	110728114	AT3G07080	ortholog_one2many
AUR62011811	110734302	AT2G47420	ortholog_one2many
AUR62034380	110682812	AT5G60030	ortholog_one2many
AUR62039712	110683171	AT5G17920	ortholog_many2many
AUR62039712	110683171	AT3G03780	ortholog_many2many
AUR62024716	110733123	AT4G28520	ortholog_many2many
AUR62024716	110733123	AT1G03880	ortholog_many2many
AUR62024716	110733123	AT5G44120	ortholog_many2many
AUR62024716	110733123	AT1G03890	ortholog_many2many
AUR62040280	110721070	AT2G18670	ortholog_one2many
AUR62040280	110721070	AT4G30370	ortholog_one2many
AUR62035591	110738871	AT5G53570	ortholog_one2one
AUR62035591	110728127	AT5G53570	ortholog_one2one
AUR62018284	110734932	AT1G20190	ortholog_one2many
AUR62023273	110720364	AT3G43230	ortholog_one2many
AUR62002269	110717708	AT2G43350	ortholog_many2many
AUR62002269	110717708	AT2G31570	ortholog_many2many
AUR62014695	110693507	AT1G61640	ortholog_one2many
AUR62014695	110693507	AT1G11390	ortholog_one2many
AUR62014695	110687211	AT1G61640	ortholog_one2many
AUR62014695	110687211	AT1G11390	ortholog_one2many
AUR62014521	110724814	AT1G06220	ortholog_many2many
AUR62014521	110724814	AT5G25230	ortholog_many2many
AUR62014508	110724803	AT3G47700	ortholog_one2many
AUR62002333	110717823	AT3G59520	ortholog_one2many
AUR62007415	110732682	AT3G48960	ortholog_many2many
AUR62007415	110732682	AT5G23900	ortholog_many2many
AUR62007415	110732682	AT3G49010	ortholog_many2many
AUR62019916	110732302	AT4G24130	ortholog_one2many
AUR62019916	110722767	AT4G24130	ortholog_one2many
AUR62022442	110696580	AT2G26560	ortholog_one2many
AUR62033498	110729319	AT3G02660	ortholog_one2one
AUR62030215	110728581	AT3G14595	ortholog_many2many
AUR62030215	110728581	AT2G34480	ortholog_many2many
AUR62030215	110728581	AT1G29965	ortholog_many2many
AUR62030215	110728581	AT1G29970	ortholog_many2many
AUR62030215	110728581	AT3G14600	ortholog_many2many
AUR62029781	110690722	AT2G38570	ortholog_one2one
AUR62033317	110685342	AT3G18420	ortholog_one2many
AUR62033317	110685314	AT3G18420	ortholog_one2many
AUR62025596	110726681	AT1G11680	ortholog_one2many
AUR62039920	110704591	AT1G62760	ortholog_one2many
AUR62016397	110703293	AT4G22340	ortholog_many2many
AUR62016397	110703293	AT1G62430	ortholog_many2many
AUR62004528	110714000	AT2G46610	ortholog_many2many
AUR62004528	110714000	AT3G61860	ortholog_many2many
AUR62027757	110706486	AT2G33180	ortholog_one2many
AUR62013251	110682574	AT4G34160	ortholog_one2one
AUR62031795	110731841	AT2G42780	ortholog_one2many
AUR62008617	110727754	AT2G47770	ortholog_one2many
AUR62029234	110693137	AT3G20680	ortholog_one2one
AUR62006805	110701231	AT1G56720	ortholog_many2many
AUR62006805	110701231	AT1G09440	ortholog_many2many
AUR62031773	110731817	AT3G44850	ortholog_many2many
AUR62031773	110731817	AT5G22840	ortholog_many2many
AUR62031773	110699642	AT3G44850	ortholog_many2many
AUR62031773	110699642	AT5G22840	ortholog_many2many
AUR62022852	110693986	AT1G53540	ortholog_many2many
AUR62022852	110693986	AT3G46230	ortholog_many2many
AUR62022852	110693986	AT5G59720	ortholog_many2many
AUR62007723	110685948	AT1G21660	ortholog_one2many
AUR62042941	110716241	AT3G54040	ortholog_one2one
AUR62021168	110729644	AT1G52340	ortholog_one2one
AUR62003557	110681969	AT1G09570	ortholog_one2one
AUR62022611	110731579	AT1G01510	ortholog_one2many
AUR62004166	110714247	AT1G51270	ortholog_many2many
AUR62004166	110714247	AT2G23830	ortholog_many2many
AUR62004166	110714247	AT2G45140	ortholog_many2many
AUR62029861	110702886	AT1G49140	ortholog_one2many
AUR62029861	110702886	AT3G18410	ortholog_one2many
AUR62020115	110683442	AT5G58800	ortholog_one2many
AUR62039131	110728383	AT2G26180	ortholog_one2many
AUR62038413	110739848	AT5G06580	ortholog_one2many
AUR62034533	110723292	AT1G45130	ortholog_one2many
AUR62009091	110705387	AT5G19530	ortholog_one2many
AUR62026231	110697994	AT4G35870	ortholog_one2many
AUR62016682	110705034	AT3G18900	ortholog_one2many
AUR62023893	110699570	AT1G17730	ortholog_one2many
AUR62023893	110699570	AT1G73030	ortholog_one2many
AUR62039936	110704616	AT1G62640	ortholog_one2many
AUR62011890	110734374	AT2G31270	ortholog_many2many
AUR62011890	110734374	AT3G54710	ortholog_many2many
AUR62006953	110701366	AT4G15093	ortholog_one2many
AUR62017086	110706984	AT1G55880	ortholog_one2many
AUR62015400	110718300	AT3G59380	ortholog_one2many
AUR62015400	110689264	AT3G59380	ortholog_one2many
AUR62020629	110710283	AT1G62440	ortholog_one2many
AUR62026115	110707355	AT3G57280	ortholog_one2one
AUR62020554	110721038	AT1G51100	ortholog_one2one
AUR62018058	110734991	AT2G31530	ortholog_one2many
AUR62027584	110689112	AT4G18190	ortholog_one2many
AUR62020771	110721258	AT1G35550	ortholog_many2many
AUR62020771	110721258	AT1G07920	ortholog_many2many
AUR62020771	110721258	AT1G07940	ortholog_many2many
AUR62020771	110721258	AT5G60390	ortholog_many2many
AUR62020771	110721258	AT1G07930	ortholog_many2many
AUR62020771	110710252	AT1G35550	ortholog_many2many
AUR62020771	110710252	AT1G07920	ortholog_many2many
AUR62020771	110710252	AT1G07940	ortholog_many2many
AUR62020771	110710252	AT5G60390	ortholog_many2many
AUR62020771	110710252	AT1G07930	ortholog_many2many
AUR62020771	110710250	AT1G35550	ortholog_many2many
AUR62020771	110710250	AT1G07920	ortholog_many2many
AUR62020771	110710250	AT1G07940	ortholog_many2many
AUR62020771	110710250	AT5G60390	ortholog_many2many
AUR62020771	110710250	AT1G07930	ortholog_many2many
AUR62020771	110683726	AT1G35550	ortholog_many2many
AUR62020771	110683726	AT1G07920	ortholog_many2many
AUR62020771	110683726	AT1G07940	ortholog_many2many
AUR62020771	110683726	AT5G60390	ortholog_many2many
AUR62020771	110683726	AT1G07930	ortholog_many2many
AUR62020771	110683730	AT1G35550	ortholog_many2many
AUR62020771	110683730	AT1G07920	ortholog_many2many
AUR62020771	110683730	AT1G07940	ortholog_many2many
AUR62020771	110683730	AT5G60390	ortholog_many2many
AUR62020771	110683730	AT1G07930	ortholog_many2many
AUR62040787	110696851	AT1G54540	ortholog_one2many
AUR62027098	110740068	AT4G33640	ortholog_one2one
AUR62026228	110697991	AT5G66070	ortholog_one2many
AUR62041850	110732187	AT3G01090	ortholog_one2one
AUR62001172	110687811	AT3G07350	ortholog_one2many
AUR62001172	110687811	AT3G25240	ortholog_one2many
AUR62003945	110682366	AT5G67320	ortholog_one2one
AUR62023410	110720511	AT5G14690	ortholog_many2many
AUR62023410	110720511	AT3G01516	ortholog_many2many
AUR62016529	110703421	AT3G07270	ortholog_one2many
AUR62007044	110732291	AT4G24090	ortholog_one2many
AUR62016374	110703267	AT1G15410	ortholog_one2many
AUR62001841	110688484	AT5G59760	ortholog_many2many
AUR62001841	110688484	AT2G28690	ortholog_many2many
AUR62004368	110714494	AT1G01610	ortholog_many2many
AUR62004368	110714494	AT4G00400	ortholog_many2many
AUR62028403	110721928	AT4G28060	ortholog_one2many
AUR62028403	110721928	AT5G57815	ortholog_one2many
AUR62028403	110698292	AT4G28060	ortholog_one2many
AUR62028403	110698292	AT5G57815	ortholog_one2many
AUR62040093	110690137	AT2G26500	ortholog_one2many
AUR62043128	110704660	AT1G49040	ortholog_one2many
AUR62000994	110737070	AT1G08780	ortholog_one2one
AUR62028375	110721893	AT4G30850	ortholog_many2many
AUR62028375	110721893	AT2G24150	ortholog_many2many
AUR62037667	110722428	AT1G66200	ortholog_many2many
AUR62037667	110722428	AT5G37600	ortholog_many2many
AUR62011766	110734253	AT4G01730	ortholog_one2many
AUR62043509	110688861	AT1G77930	ortholog_one2many
AUR62006948	110701363	AT4G15093	ortholog_one2many
AUR62013229	110682352	AT5G07860	ortholog_many2many
AUR62013229	110682352	AT5G07850	ortholog_many2many
AUR62013229	110682352	AT5G42830	ortholog_many2many
AUR62013229	110682352	AT5G07870	ortholog_many2many
AUR62022346	110696497	AT4G08620	ortholog_many2many
AUR62022346	110696497	AT1G22150	ortholog_many2many
AUR62022346	110696497	AT1G78000	ortholog_many2many
AUR62022346	110682797	AT4G08620	ortholog_many2many
AUR62022346	110682797	AT1G22150	ortholog_many2many
AUR62022346	110682797	AT1G78000	ortholog_many2many
AUR62029446	110694682	AT3G26840	ortholog_many2many
AUR62029446	110694682	AT5G41130	ortholog_many2many
AUR62029446	110694682	AT3G02030	ortholog_many2many
AUR62029446	110694682	AT3G26820	ortholog_many2many
AUR62029446	110694682	AT5G41120	ortholog_many2many
AUR62030707	110733823	AT5G06480	ortholog_one2many
AUR62030707	110733823	AT3G11780	ortholog_one2many
AUR62000916	110736996	AT4G20350	ortholog_one2one
AUR62004539	110714284	AT2G46660	ortholog_many2many
AUR62004539	110714284	AT1G01190	ortholog_many2many
AUR62004539	110714284	AT3G61880	ortholog_many2many
AUR62006983	110701397	AT3G04340	ortholog_one2many
AUR62007123	110732374	AT4G17460	ortholog_many2many
AUR62007123	110732374	AT4G16780	ortholog_many2many
AUR62007123	110732374	AT5G47370	ortholog_many2many
AUR62006784	110701213	AT1G09390	ortholog_many2many
AUR62006784	110701213	AT1G56670	ortholog_many2many
AUR62009480	110705770	AT5G38895	ortholog_one2many
AUR62009480	110705770	AT3G02290	ortholog_one2many
AUR62009480	110705770	AT5G15790	ortholog_one2many
AUR62006518	110700936	AT5G64680	ortholog_one2many
AUR62014113	110694219	AT1G49540	ortholog_one2many
AUR62000024	110736112	AT3G32940	ortholog_one2one
AUR62000024	110695921	AT3G32940	ortholog_one2one
AUR62008911	110728123	AT5G48800	ortholog_one2many
AUR62013968	110694098	AT1G70230	ortholog_one2many
AUR62006992	110701407	AT5G18460	ortholog_one2many
AUR62004282	110714602	AT1G01910	ortholog_one2many
AUR62027223	110692710	AT3G54900	ortholog_one2many
AUR62006970	110701384	AT5G23570	ortholog_one2many
AUR62013261	110725531	AT5G34940	ortholog_one2one
AUR62025342	110715830	AT4G10100	ortholog_one2many
AUR62003654	110695234	AT4G38070	ortholog_one2one
AUR62018614	110730084	AT1G32090	ortholog_one2many
AUR62027295	110692779	AT1G61590	ortholog_one2many
AUR62016865	110705211	AT5G07860	ortholog_many2many
AUR62016865	110705211	AT5G07850	ortholog_many2many
AUR62016865	110705211	AT5G42830	ortholog_many2many
AUR62016865	110705211	AT5G07870	ortholog_many2many
AUR62011781	110734272	AT2G47320	ortholog_one2many
AUR62038759	110696307	AT5G59860	ortholog_many2many
AUR62038759	110696307	AT3G46020	ortholog_many2many
AUR62020989	110714919	AT3G56950	ortholog_one2many
AUR62016754	110705107	AT4G34540	ortholog_one2many
AUR62041150	110684375	AT4G27260	ortholog_many2many
AUR62041150	110684375	AT5G54510	ortholog_many2many
AUR62036223	110684655	AT5G07070	ortholog_many2many
AUR62036223	110684655	AT5G58380	ortholog_many2many
AUR62039935	110704614	AT4G22580	ortholog_one2many
AUR62031391	110729618	AT4G09980	ortholog_one2many
AUR62031391	110693840	AT4G09980	ortholog_one2many
AUR62040822	110719809	AT1G20696	ortholog_one2many
AUR62040822	110719809	AT1G20693	ortholog_one2many
AUR62007967	110686161	AT5G65720	ortholog_one2one
AUR62000226	110736333	AT2G43760	ortholog_one2many
AUR62039018	110686207	AT2G31040	ortholog_one2one
AUR62018592	110711601	AT4G13620	ortholog_one2many
AUR62002233	110718262	AT5G61540	ortholog_one2many
AUR62004455	110714354	AT1G01450	ortholog_one2many
AUR62017071	110706967	AT5G55610	ortholog_one2many
AUR62000276	110736388	AT5G36700	ortholog_many2many
AUR62000276	110736388	AT5G36790	ortholog_many2many
AUR62016917	110706822	AT4G21570	ortholog_many2many
AUR62016917	110706822	AT1G11200	ortholog_many2many
AUR62019117	110709821	AT5G09810	ortholog_one2many
AUR62020453	110720968	AT2G30670	ortholog_many2many
AUR62020453	110720968	AT2G29360	ortholog_many2many
AUR62020453	110720968	AT1G07440	ortholog_many2many
AUR62020453	110720968	AT2G29340	ortholog_many2many
AUR62020453	110720968	AT2G29330	ortholog_many2many
AUR62020453	110720968	AT2G29310	ortholog_many2many
AUR62020453	110720968	AT1G07450	ortholog_many2many
AUR62020453	110720968	AT2G29320	ortholog_many2many
AUR62020453	110720968	AT2G29170	ortholog_many2many
AUR62020453	110720968	AT2G29290	ortholog_many2many
AUR62020453	110720968	AT2G29150	ortholog_many2many
AUR62020453	110720968	AT2G29370	ortholog_many2many
AUR62020453	110720968	AT2G29300	ortholog_many2many
AUR62020453	110720968	AT2G29350	ortholog_many2many
AUR62027945	110721258	AT1G35550	ortholog_many2many
AUR62027945	110721258	AT1G07920	ortholog_many2many
AUR62027945	110721258	AT1G07940	ortholog_many2many
AUR62027945	110721258	AT5G60390	ortholog_many2many
AUR62027945	110721258	AT1G07930	ortholog_many2many
AUR62027945	110710321	AT1G35550	ortholog_many2many
AUR62027945	110710321	AT1G07920	ortholog_many2many
AUR62027945	110710321	AT1G07940	ortholog_many2many
AUR62027945	110710321	AT5G60390	ortholog_many2many
AUR62027945	110710321	AT1G07930	ortholog_many2many
AUR62027945	110710250	AT1G35550	ortholog_many2many
AUR62027945	110710250	AT1G07920	ortholog_many2many
AUR62027945	110710250	AT1G07940	ortholog_many2many
AUR62027945	110710250	AT5G60390	ortholog_many2many
AUR62027945	110710250	AT1G07930	ortholog_many2many
AUR62027945	110683731	AT1G35550	ortholog_many2many
AUR62027945	110683731	AT1G07920	ortholog_many2many
AUR62027945	110683731	AT1G07940	ortholog_many2many
AUR62027945	110683731	AT5G60390	ortholog_many2many
AUR62027945	110683731	AT1G07930	ortholog_many2many
AUR62027945	110683726	AT1G35550	ortholog_many2many
AUR62027945	110683726	AT1G07920	ortholog_many2many
AUR62027945	110683726	AT1G07940	ortholog_many2many
AUR62027945	110683726	AT5G60390	ortholog_many2many
AUR62027945	110683726	AT1G07930	ortholog_many2many
AUR62027945	110683730	AT1G35550	ortholog_many2many
AUR62027945	110683730	AT1G07920	ortholog_many2many
AUR62027945	110683730	AT1G07940	ortholog_many2many
AUR62027945	110683730	AT5G60390	ortholog_many2many
AUR62027945	110683730	AT1G07930	ortholog_many2many
AUR62036862	110699026	AT1G20560	ortholog_one2many
AUR62022855	110699251	AT3G55830	ortholog_one2one
AUR62021992	110731374	AT5G28237	ortholog_one2one
AUR62002003	110718243	AT5G10270	ortholog_many2many
AUR62002003	110718243	AT5G64960	ortholog_many2many
AUR62006842	110701269	AT5G64030	ortholog_one2many
AUR62016702	110705050	AT3G18850	ortholog_one2many
AUR62023856	110738549	AT1G07750	ortholog_many2many
AUR62023856	110738549	AT2G28680	ortholog_many2many
AUR62003375	110724839	AT5G43670	ortholog_one2many
AUR62006599	110701031	AT1G65620	ortholog_one2many
AUR62002090	110717454	AT3G02900	ortholog_one2many
AUR62002090	110717454	AT5G16660	ortholog_one2many
AUR62030341	110710499	AT3G10250	ortholog_many2many
AUR62030341	110710499	AT5G04090	ortholog_many2many
AUR62001979	110717433	AT5G66960	ortholog_one2many
AUR62011992	110734468	AT3G17940	ortholog_one2many
AUR62043508	110688854	AT1G77920	ortholog_many2many
AUR62043508	110688854	AT1G22070	ortholog_many2many
AUR62024961	110737282	AT3G45180	ortholog_many2many
AUR62024961	110737282	AT5G42300	ortholog_many2many
AUR62024961	110711954	AT3G45180	ortholog_many2many
AUR62024961	110711954	AT5G42300	ortholog_many2many
AUR62019601	110737816	AT3G13050	ortholog_one2many
AUR62020090	110683411	AT3G46990	ortholog_many2many
AUR62020090	110683411	AT5G58930	ortholog_many2many
AUR62016259	110703180	AT1G78690	ortholog_one2many
AUR62016259	110702240	AT1G78690	ortholog_one2many
AUR62013126	110740135	AT4G33520	ortholog_one2one
AUR62013126	110718622	AT4G33520	ortholog_one2one
AUR62017725	110716285	AT2G01350	ortholog_one2many
AUR62017725	110702106	AT2G01350	ortholog_one2many
AUR62034531	110723287	AT1G75450	ortholog_one2many
AUR62022399	110696769	AT4G10020	ortholog_one2one
AUR62005867	110713304	AT1G69380	ortholog_one2many
AUR62005727	110712007	AT1G69840	ortholog_one2one
AUR62005727	110690446	AT1G69840	ortholog_one2one
AUR62035332	110692487	AT2G33220	ortholog_many2many
AUR62035332	110692487	AT1G04630	ortholog_many2many
AUR62007327	110732578	AT1G32330	ortholog_many2many
AUR62007327	110732578	AT4G17750	ortholog_many2many
AUR62007327	110730144	AT1G32330	ortholog_many2many
AUR62007327	110730144	AT4G17750	ortholog_many2many
AUR62039659	110722222	AT5G60920	ortholog_one2one
AUR62032894	110716268	AT5G08540	ortholog_one2many
AUR62016351	110703249	AT3G15730	ortholog_many2many
AUR62016351	110703249	AT1G52570	ortholog_many2many
AUR62004216	110714603	AT4G01037	ortholog_one2many
AUR62009508	110683994	AT3G22110	ortholog_one2many
AUR62009508	110683994	AT4G15165	ortholog_one2many
AUR62007086	110732336	AT4G10465	ortholog_many2many
AUR62007086	110732336	AT2G18196	ortholog_many2many
AUR62012065	110734545	AT2G42210	ortholog_one2one
AUR62038307	110738121	AT1G08250	ortholog_many2many
AUR62038307	110738121	AT2G27820	ortholog_many2many
AUR62038307	110699606	AT1G08250	ortholog_many2many
AUR62038307	110699606	AT2G27820	ortholog_many2many
AUR62007654	110685887	AT4G36190	ortholog_many2many
AUR62007654	110685887	AT4G36195	ortholog_many2many
AUR62007654	110685887	AT2G18080	ortholog_many2many
AUR62025248	110715819	AT2G06010	ortholog_one2many
AUR62005796	110714440	AT1G14210	ortholog_one2many
AUR62023522	110725213	AT4G01560	ortholog_one2many
AUR62017664	110702045	AT3G19820	ortholog_one2many
AUR62006575	110701009	AT5G19485	ortholog_one2many
AUR62035901	110732167	AT2G33230	ortholog_many2many
AUR62035901	110732167	AT1G04610	ortholog_many2many
AUR62035901	110727346	AT2G33230	ortholog_many2many
AUR62035901	110727346	AT1G04610	ortholog_many2many
AUR62002360	110717643	AT5G24070	ortholog_many2many
AUR62002360	110717643	AT2G43480	ortholog_many2many
AUR62026175	110721245	AT2G17680	ortholog_many2many
AUR62026175	110721245	AT4G35690	ortholog_many2many
AUR62026175	110721245	AT4G35710	ortholog_many2many
AUR62026175	110698137	AT2G17680	ortholog_many2many
AUR62026175	110698137	AT4G35690	ortholog_many2many
AUR62026175	110698137	AT4G35710	ortholog_many2many
AUR62003843	110682260	AT4G37190	ortholog_one2many
AUR62009477	110705768	AT5G42850	ortholog_one2many
AUR62004190	110721449	AT4G08870	ortholog_many2many
AUR62004190	110721449	AT4G08900	ortholog_many2many
AUR62004190	110713884	AT4G08870	ortholog_many2many
AUR62004190	110713884	AT4G08900	ortholog_many2many
AUR62020934	110714744	AT1G10840	ortholog_one2many
AUR62020934	110711696	AT1G10840	ortholog_one2many
AUR62036655	110709947	AT2G47940	ortholog_one2many
AUR62038996	110686000	AT3G58600	ortholog_one2one
AUR62023688	110738640	AT2G44090	ortholog_many2many
AUR62023688	110738640	AT3G59910	ortholog_many2many
AUR62039226	110689620	AT2G27610	ortholog_one2many
AUR62006976	110701392	AT1G04290	ortholog_one2many
AUR62023453	110725134	AT3G61800	ortholog_one2many
AUR62014290	110724578	AT5G04890	ortholog_one2one
AUR62030818	110733795	AT3G51810	ortholog_one2one
AUR62027766	110706590	AT4G08920	ortholog_one2many
AUR62000258	110736368	AT1G65560	ortholog_one2one
AUR62028629	110727503	AT5G62950	ortholog_many2many
AUR62028629	110727503	AT3G28956	ortholog_many2many
AUR62032631	110718370	AT3G12250	ortholog_many2many
AUR62032631	110718370	AT5G06960	ortholog_many2many
AUR62032631	110718370	AT5G06950	ortholog_many2many
AUR62011612	110698733	AT5G39390	ortholog_one2many
AUR62022699	110731683	AT1G35620	ortholog_one2many
AUR62022717	110731704	AT2G46660	ortholog_many2many
AUR62022717	110731704	AT1G01190	ortholog_many2many
AUR62022717	110731704	AT3G61880	ortholog_many2many
AUR62004079	110682513	AT1G47260	ortholog_one2many
AUR62007782	110737027	AT3G25590	ortholog_one2many
AUR62007782	110685670	AT3G25590	ortholog_one2many
AUR62038585	110733205	AT3G53230	ortholog_one2many
AUR62023487	110725175	AT4G11090	ortholog_many2many
AUR62023487	110725175	AT4G23790	ortholog_many2many
AUR62023487	110725175	AT4G01080	ortholog_many2many
AUR62023487	110725175	AT1G01430	ortholog_many2many
AUR62031873	110729836	AT3G16260	ortholog_many2many
AUR62031873	110729836	AT1G52160	ortholog_many2many
AUR62041526	110726180	AT5G58330	ortholog_one2many
AUR62041526	110698354	AT5G58330	ortholog_one2many
AUR62013971	110694589	AT3G22880	ortholog_one2many
AUR62006614	110701047	AT3G42050	ortholog_one2many
AUR62025965	110707213	AT3G57810	ortholog_one2one
AUR62039261	110738212	AT5G49510	ortholog_one2one
AUR62014329	110724616	AT1G21770	ortholog_many2many
AUR62014329	110724616	AT1G77540	ortholog_many2many
AUR62033720	110693902	AT4G03280	ortholog_one2many
AUR62023411	110721529	AT5G12190	ortholog_one2many
AUR62023411	110720512	AT5G12190	ortholog_one2many
AUR62013278	110725553	AT5G45990	ortholog_many2many
AUR62013278	110725553	AT3G51110	ortholog_many2many
AUR62013278	110725553	AT3G13210	ortholog_many2many
AUR62013278	110725553	AT5G41770	ortholog_many2many
AUR62013278	110708027	AT5G45990	ortholog_many2many
AUR62013278	110708027	AT3G51110	ortholog_many2many
AUR62013278	110708027	AT3G13210	ortholog_many2many
AUR62013278	110708027	AT5G41770	ortholog_many2many
AUR62003878	110682302	AT1G80740	ortholog_one2many
AUR62009243	110705305	AT5G25840	ortholog_one2many
AUR62029729	110690680	AT5G05280	ortholog_many2many
AUR62029729	110690680	AT3G10910	ortholog_many2many
AUR62029729	110690680	AT5G01880	ortholog_many2many
AUR62027084	110740050	AT3G59630	ortholog_one2one
AUR62017355	110702562	AT1G62960	ortholog_one2one
AUR62004485	110714595	AT4G01000	ortholog_many2many
AUR62004485	110714595	AT3G06455	ortholog_many2many
AUR62038749	110696295	AT4G26000	ortholog_one2many
AUR62008660	110727896	AT1G02890	ortholog_many2many
AUR62008660	110727896	AT4G02480	ortholog_many2many
AUR62012884	110737995	AT1G73940	ortholog_one2many
AUR62013977	110694106	AT1G70260	ortholog_many2many
AUR62013977	110694106	AT1G60050	ortholog_many2many
AUR62025587	110726672	AT1G09575	ortholog_one2many
AUR62027170	110692664	AT5G64790	ortholog_one2many
AUR62018094	110735025	AT5G49150	ortholog_one2many
AUR62041045	110731968	AT1G48850	ortholog_one2many
AUR62031295	110716618	AT1G80670	ortholog_many2many
AUR62031295	110716618	AT1G15850	ortholog_many2many
AUR62009903	110688077	AT5G20570	ortholog_many2many
AUR62009903	110688077	AT3G42830	ortholog_many2many
AUR62009903	110684393	AT5G20570	ortholog_many2many
AUR62009903	110684393	AT3G42830	ortholog_many2many
AUR62016542	110703438	AT3G25140	ortholog_one2many
AUR62042366	110699488	AT1G75990	ortholog_many2many
AUR62042366	110699488	AT1G20200	ortholog_many2many
AUR62033736	110694078	AT3G18050	ortholog_one2many
AUR62021070	110729538	AT5G24090	ortholog_one2many
AUR62004280	110714199	AT4G00231	ortholog_one2many
AUR62018541	110727909	AT2G47640	ortholog_many2many
AUR62018541	110727909	AT3G62840	ortholog_many2many
AUR62018541	110711613	AT2G47640	ortholog_many2many
AUR62018541	110711613	AT3G62840	ortholog_many2many
AUR62032996	110713253	AT1G80940	ortholog_one2many
AUR62020212	110683553	AT5G22030	ortholog_one2many
AUR62018611	110730082	AT2G35550	ortholog_one2many
AUR62023266	110720357	AT1G66840	ortholog_one2many
AUR62020181	110683518	AT1G56000	ortholog_many2many
AUR62020181	110683518	AT1G55980	ortholog_many2many
AUR62020787	110710302	AT2G35830	ortholog_many2many
AUR62020787	110710302	AT2G35810	ortholog_many2many
AUR62020787	110710302	AT2G35820	ortholog_many2many
AUR62020927	110714968	AT1G10810	ortholog_many2many
AUR62020927	110714968	AT1G60730	ortholog_many2many
AUR62020927	110714968	AT1G60680	ortholog_many2many
AUR62020927	110714968	AT1G60690	ortholog_many2many
AUR62020927	110714968	AT1G60710	ortholog_many2many
AUR62020927	110714968	AT1G60750	ortholog_many2many
AUR62008313	110700487	AT5G11010	ortholog_one2many
AUR62021943	110731330	AT1G11720	ortholog_one2many
AUR62021943	110687372	AT1G11720	ortholog_one2many
AUR62040795	110719783	AT5G42330	ortholog_one2one
AUR62043519	110731774	AT5G11540	ortholog_one2many
AUR62005925	110727033	AT5G17165	ortholog_many2many
AUR62005925	110727033	AT3G03150	ortholog_many2many
AUR62039363	110715285	AT3G12560	ortholog_one2many
AUR62039363	110715285	AT5G13820	ortholog_one2many
AUR62014040	110694155	AT1G23790	ortholog_many2many
AUR62014040	110694155	AT1G70340	ortholog_many2many
AUR62023546	110725234	AT4G09150	ortholog_one2many
AUR62023284	110720378	AT5G38220	ortholog_many2many
AUR62023284	110720378	AT1G66900	ortholog_many2many
AUR62016557	110703452	AT3G25060	ortholog_one2many
AUR62007420	110732687	AT1G32350	ortholog_many2many
AUR62007420	110732687	AT3G27620	ortholog_many2many
AUR62007420	110732687	AT3G22360	ortholog_many2many
AUR62007420	110732687	AT3G22370	ortholog_many2many
AUR62039158	110690273	AT4G02750	ortholog_one2many
AUR62002312	110717702	AT1G23130	ortholog_many2many
AUR62002312	110717702	AT5G28000	ortholog_many2many
AUR62002312	110717702	AT1G70890	ortholog_many2many
AUR62002312	110717702	AT1G70840	ortholog_many2many
AUR62002312	110717702	AT1G35310	ortholog_many2many
AUR62002312	110717702	AT1G70860	ortholog_many2many
AUR62002312	110717702	AT1G70850	ortholog_many2many
AUR62002312	110717702	AT1G70880	ortholog_many2many
AUR62002312	110717702	AT1G70830	ortholog_many2many
AUR62002312	110717702	AT1G35260	ortholog_many2many
AUR62002312	110717702	AT5G28010	ortholog_many2many
AUR62033376	110685371	AT2G45690	ortholog_one2many
AUR62013790	110721579	AT2G44620	ortholog_one2many
AUR62020594	110710190	AT5G21940	ortholog_many2many
AUR62020594	110710190	AT3G43850	ortholog_many2many
AUR62021174	110729652	AT5G52390	ortholog_one2one
AUR62007853	110686053	AT1G13610	ortholog_one2many
AUR62009322	110705323	AT1G24000	ortholog_many2many
AUR62009322	110705323	AT1G24010	ortholog_many2many
AUR62009322	110705323	AT1G23910	ortholog_many2many
AUR62009322	110705323	AT1G64130	ortholog_many2many
AUR62020924	110714960	AT1G10810	ortholog_many2many
AUR62020924	110714960	AT1G60730	ortholog_many2many
AUR62020924	110714960	AT1G60680	ortholog_many2many
AUR62020924	110714960	AT1G60690	ortholog_many2many
AUR62020924	110714960	AT1G60710	ortholog_many2many
AUR62020924	110714960	AT1G60750	ortholog_many2many
AUR62038318	110738134	AT1G73000	ortholog_one2many
AUR62003857	110682281	AT3G50620	ortholog_one2many
AUR62011876	110734365	AT2G31200	ortholog_one2many
AUR62013766	110721555	AT4G21150	ortholog_one2many
AUR62000192	110736294	AT2G26870	ortholog_one2many
AUR62004386	110714017	AT4G00330	ortholog_one2many
AUR62009586	110684071	AT2G28840	ortholog_one2many
AUR62037781	110738995	AT2G40730	ortholog_one2many
AUR62037781	110720259	AT2G40730	ortholog_one2many
AUR62011751	110734115	AT2G47190	ortholog_one2many
AUR62017598	110701972	AT5G50890	ortholog_one2one
AUR62015429	110689287	AT3G23180	ortholog_many2many
AUR62015429	110689287	AT3G23190	ortholog_many2many
AUR62015429	110689287	AT4G14420	ortholog_many2many
AUR62015429	110689287	AT3G23175	ortholog_many2many
AUR62016942	110706843	AT1G11090	ortholog_one2many
AUR62027557	110690035	AT1G29400	ortholog_one2many
AUR62017569	110701942	AT2G04550	ortholog_one2one
AUR62041841	110732178	AT5G19990	ortholog_one2many
AUR62041841	110732178	AT5G20000	ortholog_one2many
AUR62041841	110712148	AT5G19990	ortholog_one2many
AUR62041841	110712148	AT5G20000	ortholog_one2many
AUR62017306	110702514	AT1G12570	ortholog_one2one
AUR62003892	110682314	AT4G02630	ortholog_one2many
AUR62002741	110710282	AT2G34580	ortholog_one2many
AUR62002741	110709110	AT2G34580	ortholog_one2many
AUR62008281	110700458	AT5G65200	ortholog_one2many
AUR62008281	110700458	AT5G62560	ortholog_one2many
AUR62008281	110700458	AT3G47820	ortholog_one2many
AUR62008629	110727865	AT5G58290	ortholog_one2many
AUR62016568	110703464	AT3G51480	ortholog_one2many
AUR62011936	110734409	AT2G30570	ortholog_one2one
AUR62011936	110728940	AT2G30570	ortholog_one2one
AUR62026210	110697975	AT5G22130	ortholog_one2many
AUR62020498	110723785	AT1G50890	ortholog_one2many
AUR62020498	110723785	AT4G27060	ortholog_one2many
AUR62020498	110720998	AT1G50890	ortholog_one2many
AUR62020498	110720998	AT4G27060	ortholog_one2many
AUR62024718	110733125	AT2G31190	ortholog_one2many
AUR62007212	110732463	AT5G38610	ortholog_one2one
AUR62002811	110718473	AT2G01210	ortholog_one2many
AUR62002811	110694231	AT2G01210	ortholog_one2many
AUR62017122	110707023	AT3G07680	ortholog_one2many
AUR62014068	110694184	AT5G27300	ortholog_many2many
AUR62014068	110694184	AT2G27790	ortholog_many2many
AUR62028066	110683835	AT3G21670	ortholog_one2many
AUR62033602	110729404	AT2G36570	ortholog_one2many
AUR62014772	110693572	AT1G11070	ortholog_many2many
AUR62014772	110693572	AT4G04980	ortholog_many2many
AUR62014772	110693572	AT1G61080	ortholog_many2many
AUR62021222	110729694	AT5G62070	ortholog_one2many
AUR62021222	110729694	AT5G07240	ortholog_one2many
AUR62021222	110697091	AT5G62070	ortholog_one2many
AUR62021222	110697091	AT5G07240	ortholog_one2many
AUR62000251	110736360	AT1G14900	ortholog_one2one
AUR62036010	110706075	AT2G39270	ortholog_one2one
AUR62037284	110715227	AT1G15040	ortholog_one2many
AUR62008747	110727969	AT4G02150	ortholog_many2many
AUR62008747	110727969	AT1G02690	ortholog_many2many
AUR62008747	110727969	AT3G05720	ortholog_many2many
AUR62024611	110733002	AT1G62640	ortholog_one2many
AUR62027080	110740045	AT5G64420	ortholog_one2one
AUR62003971	110682400	AT2G23096	ortholog_one2many
AUR62020711	110710197	AT2G19070	ortholog_one2many
AUR62020606	110710363	AT2G24520	ortholog_one2many
AUR62018752	110730221	AT4G17980	ortholog_many2many
AUR62018752	110730221	AT5G46590	ortholog_many2many
AUR62018752	110730221	AT1G32510	ortholog_many2many
AUR62004548	110714131	AT4G00840	ortholog_one2many
AUR62006688	110701122	AT4G31100	ortholog_many2many
AUR62006688	110701122	AT1G16120	ortholog_many2many
AUR62006688	110701122	AT1G79680	ortholog_many2many
AUR62006688	110701122	AT1G16110	ortholog_many2many
AUR62006688	110701122	AT1G16260	ortholog_many2many
AUR62006688	110701122	AT1G16150	ortholog_many2many
AUR62006688	110701122	AT1G17910	ortholog_many2many
AUR62006688	110701122	AT4G31110	ortholog_many2many
AUR62006688	110701122	AT1G16130	ortholog_many2many
AUR62006688	110701122	AT1G19390	ortholog_many2many
AUR62006688	110701122	AT1G79670	ortholog_many2many
AUR62006688	110701122	AT1G16160	ortholog_many2many
AUR62006688	110701122	AT1G69730	ortholog_many2many
AUR62007280	110732531	AT4G17800	ortholog_one2many
AUR62024185	110712548	AT1G67720	ortholog_one2many
AUR62036085	110689989	AT1G06310	ortholog_many2many
AUR62036085	110689989	AT1G06290	ortholog_many2many
AUR62032037	110707515	AT5G18110	ortholog_one2many
AUR62015433	110689292	AT5G61480	ortholog_one2many
AUR62019066	110709769	AT1G44318	ortholog_many2many
AUR62019066	110709769	AT1G69740	ortholog_many2many
AUR62017411	110702614	AT5G45310	ortholog_one2one
AUR62025471	110689739	AT2G38670	ortholog_one2many
AUR62000422	110736523	AT1G09300	ortholog_one2many
AUR62004340	110714041	AT3G61310	ortholog_many2many
AUR62004340	110714041	AT2G45850	ortholog_many2many
AUR62005504	110721615	AT1G65700	ortholog_one2many
AUR62005504	110712526	AT1G65700	ortholog_one2many
AUR62005504	110709741	AT1G65700	ortholog_one2many
AUR62033611	110713448	AT4G14940	ortholog_one2many
AUR62014622	110693454	AT1G11500	ortholog_one2one
AUR62006679	110701109	AT4G31100	ortholog_many2many
AUR62006679	110701109	AT1G16120	ortholog_many2many
AUR62006679	110701109	AT1G79680	ortholog_many2many
AUR62006679	110701109	AT1G16110	ortholog_many2many
AUR62006679	110701109	AT1G16260	ortholog_many2many
AUR62006679	110701109	AT1G16150	ortholog_many2many
AUR62006679	110701109	AT1G17910	ortholog_many2many
AUR62006679	110701109	AT4G31110	ortholog_many2many
AUR62006679	110701109	AT1G16130	ortholog_many2many
AUR62006679	110701109	AT1G19390	ortholog_many2many
AUR62006679	110701109	AT1G79670	ortholog_many2many
AUR62006679	110701109	AT1G16160	ortholog_many2many
AUR62006679	110701109	AT1G69730	ortholog_many2many
AUR62004046	110681723	AT5G66780	ortholog_one2many
AUR62020434	110720951	AT1G15700	ortholog_one2one
AUR62018708	110730177	AT3G12290	ortholog_one2many
AUR62029449	110724877	AT5G66030	ortholog_one2many
AUR62029449	110694686	AT5G66030	ortholog_one2many
AUR62000434	110736535	AT5G02280	ortholog_one2many
AUR62042922	110739186	AT3G09630	ortholog_many2many
AUR62042922	110739186	AT5G02870	ortholog_many2many
AUR62017321	110702533	AT3G06470	ortholog_one2many
AUR62017321	110702533	AT3G06460	ortholog_one2many
AUR62009040	110728253	AT1G66840	ortholog_one2many
AUR62021559	110726339	AT5G61040	ortholog_many2many
AUR62021559	110726339	AT5G08010	ortholog_many2many
AUR62007341	110732595	AT3G08920	ortholog_one2many
AUR62028998	110683010	AT5G20540	ortholog_one2many
AUR62042218	110720255	AT3G02850	ortholog_many2many
AUR62042218	110720255	AT5G37500	ortholog_many2many
AUR62001910	110717513	AT5G67140	ortholog_one2many
AUR62007499	110732766	AT4G17260	ortholog_one2many
AUR62034914	110704177	AT1G71770	ortholog_one2one
AUR62003982	110682406	AT4G37510	ortholog_many2many
AUR62003982	110682406	AT2G48121	ortholog_many2many
AUR62011644	110698771	AT3G22250	ortholog_one2many
AUR62037119	110740278	AT2G20890	ortholog_one2many
AUR62042760	110692620	AT1G30440	ortholog_one2many
AUR62020185	110683524	AT5G20980	ortholog_one2many
AUR62011858	110734348	AT5G16390	ortholog_one2many
AUR62015519	110689374	AT5G51480	ortholog_many2many
AUR62015519	110689374	AT4G25240	ortholog_many2many
AUR62036665	110709949	AT4G03110	ortholog_many2many
AUR62036665	110709949	AT1G03457	ortholog_many2many
AUR62036665	110697809	AT4G03110	ortholog_many2many
AUR62036665	110697809	AT1G03457	ortholog_many2many
AUR62000244	110736354	AT2G26950	ortholog_many2many
AUR62000244	110736354	AT2G26960	ortholog_many2many
AUR62040307	110721097	AT5G57580	ortholog_one2many
AUR62040307	110721097	AT4G25800	ortholog_one2many
AUR62040307	110721097	AT2G18750	ortholog_one2many
AUR62040307	110720645	AT5G57580	ortholog_one2many
AUR62040307	110720645	AT4G25800	ortholog_one2many
AUR62040307	110720645	AT2G18750	ortholog_one2many
AUR62019045	110709752	AT1G77610	ortholog_many2many
AUR62019045	110709752	AT1G21870	ortholog_many2many
AUR62003919	110682338	AT3G50230	ortholog_one2many
AUR62003919	110682338	AT5G67200	ortholog_one2many
AUR62004509	110713885	AT1G01240	ortholog_many2many
AUR62004509	110713885	AT2G46550	ortholog_many2many
AUR62027572	110690226	AT1G29790	ortholog_one2many
AUR62021732	110726498	AT1G74700	ortholog_one2many
AUR62017557	110701930	AT3G07890	ortholog_one2one
AUR62006818	110701244	AT1G61690	ortholog_one2many
AUR62042486	110732160	AT4G03510	ortholog_one2one
AUR62007259	110732513	AT2G29100	ortholog_many2many
AUR62007259	110732513	AT2G29120	ortholog_many2many
AUR62007259	110732513	AT2G24720	ortholog_many2many
AUR62007259	110732513	AT2G29110	ortholog_many2many
AUR62007259	110732513	AT5G11180	ortholog_many2many
AUR62007259	110732513	AT5G11210	ortholog_many2many
AUR62007259	110732513	AT2G24710	ortholog_many2many
AUR62007259	110732513	AT5G27100	ortholog_many2many
AUR62007259	110732513	AT4G31710	ortholog_many2many
AUR62033989	110712892	AT1G17060	ortholog_one2many
AUR62030135	110728507	AT4G03610	ortholog_many2many
AUR62030135	110728507	AT1G30300	ortholog_many2many
AUR62030135	110701825	AT4G03610	ortholog_many2many
AUR62030135	110701825	AT1G30300	ortholog_many2many
AUR62017666	110702048	AT3G03990	ortholog_one2one
AUR62013791	110721580	AT3G50050	ortholog_one2many
AUR62023884	110699564	AT3G21310	ortholog_one2many
AUR62023884	110699564	AT1G51770	ortholog_one2many
AUR62042674	110733338	AT3G55590	ortholog_one2many
AUR62042674	110684713	AT3G55590	ortholog_one2many
AUR62002894	110719625	AT1G13330	ortholog_one2many
AUR62024274	110712368	AT1G67900	ortholog_one2many
AUR62024274	110709378	AT1G67900	ortholog_one2many
AUR62013179	110681882	AT4G35300	ortholog_one2one
AUR62026071	110707318	AT3G29070	ortholog_one2one
AUR62025498	110689765	AT2G47485	ortholog_many2many
AUR62025498	110689765	AT3G62650	ortholog_many2many
AUR62030289	110710675	AT5G05130	ortholog_one2many
AUR62036889	110699048	AT1G76240	ortholog_one2one
AUR62002772	110714596	AT1G22980	ortholog_many2many
AUR62002772	110714596	AT1G71150	ortholog_many2many
AUR62002772	110714596	AT1G22970	ortholog_many2many
AUR62004032	110682466	AT5G65840	ortholog_one2many
AUR62026346	110730485	AT3G21390	ortholog_many2many
AUR62026346	110730485	AT5G48970	ortholog_many2many
AUR62026346	110698108	AT3G21390	ortholog_many2many
AUR62026346	110698108	AT5G48970	ortholog_many2many
AUR62003270	110723660	AT5G39390	ortholog_one2many
AUR62030240	110728447	AT3G66656	ortholog_many2many
AUR62030240	110728447	AT2G34440	ortholog_many2many
AUR62037575	110734029	AT3G13050	ortholog_one2many
AUR62008204	110700387	AT3G06040	ortholog_one2one
AUR62024045	110719120	AT1G06400	ortholog_one2many
AUR62024045	110699702	AT1G06400	ortholog_one2many
AUR62009316	110705612	AT5G25757	ortholog_many2many
AUR62009316	110705612	AT5G25754	ortholog_many2many
AUR62009316	110689081	AT5G25757	ortholog_many2many
AUR62009316	110689081	AT5G25754	ortholog_many2many
AUR62001750	110688380	AT2G29190	ortholog_many2many
AUR62001750	110688380	AT2G29140	ortholog_many2many
AUR62001750	110688380	AT2G29200	ortholog_many2many
AUR62038678	110730677	AT3G02080	ortholog_many2many
AUR62038678	110730677	AT5G15520	ortholog_many2many
AUR62038678	110730677	AT5G61170	ortholog_many2many
AUR62029134	110730855	AT2G42820	ortholog_one2one
AUR62034515	110723271	AT1G59580	ortholog_many2many
AUR62034515	110723271	AT1G10210	ortholog_many2many
AUR62026987	110739957	AT1G15880	ortholog_one2one
AUR62026987	110684965	AT1G15880	ortholog_one2one
AUR62043077	110684291	AT2G27740	ortholog_one2many
AUR62043077	110683635	AT2G27740	ortholog_one2many
AUR62020468	110723816	AT5G54870	ortholog_one2many
AUR62020468	110723816	AT4G27020	ortholog_one2many
AUR62020468	110720982	AT5G54870	ortholog_one2many
AUR62020468	110720982	AT4G27020	ortholog_one2many
AUR62036630	110710051	AT1G45688	ortholog_many2many
AUR62036630	110710051	AT5G42860	ortholog_many2many
AUR62004433	110714353	AT4G01190	ortholog_many2many
AUR62004433	110714353	AT1G01460	ortholog_many2many
AUR62015313	110689191	AT3G58560	ortholog_many2many
AUR62015313	110689191	AT3G58580	ortholog_many2many
AUR62000312	110736425	AT3G02790	ortholog_many2many
AUR62000312	110736425	AT5G16470	ortholog_many2many
AUR62020339	110723926	AT4G26750	ortholog_one2one
AUR62020339	110720884	AT4G26750	ortholog_one2one
AUR62032876	110706404	AT5G65660	ortholog_one2many
AUR62035094	110692931	AT5G35620	ortholog_one2one
AUR62021664	110726438	AT1G18750	ortholog_one2many
AUR62030308	110711487	AT1G80270	ortholog_many2many
AUR62030308	110711487	AT1G15480	ortholog_many2many
AUR62030308	110711487	AT3G15590	ortholog_many2many
AUR62030308	110710491	AT1G80270	ortholog_many2many
AUR62030308	110710491	AT1G15480	ortholog_many2many
AUR62030308	110710491	AT3G15590	ortholog_many2many
AUR62005884	110713444	AT5G10560	ortholog_one2many
AUR62039113	110728369	AT4G38120	ortholog_one2many
AUR62038334	110738143	AT2G34980	ortholog_one2many
AUR62004629	110714291	AT1G35510	ortholog_one2many
AUR62043366	110704219	AT3G01540	ortholog_many2many
AUR62043366	110704219	AT5G14610	ortholog_many2many
AUR62041664	110711251	AT3G16150	ortholog_one2one
AUR62020187	110683294	AT5G20970	ortholog_many2many
AUR62020187	110683294	AT2G27140	ortholog_many2many
AUR62024646	110733038	AT2G47370	ortholog_many2many
AUR62024646	110733038	AT2G16760	ortholog_many2many
AUR62024646	110733038	AT5G28660	ortholog_many2many
AUR62043612	110729795	AT2G18030	ortholog_one2many
AUR62013876	110721664	AT1G20330	ortholog_many2many
AUR62013876	110721664	AT1G76090	ortholog_many2many
AUR62029051	110683060	AT3G26560	ortholog_one2many
AUR62019873	110722726	AT1G64510	ortholog_one2many
AUR62029871	110724205	AT4G24840	ortholog_one2one
AUR62029871	110702895	AT4G24840	ortholog_one2one
AUR62037089	110700050	AT3G20970	ortholog_many2many
AUR62037089	110700050	AT1G51390	ortholog_many2many
AUR62022411	110696553	AT4G33330	ortholog_one2many
AUR62030722	110733837	AT3G44150	ortholog_one2many
AUR62030722	110733837	AT3G11800	ortholog_one2many
AUR62003797	110682213	AT4G39900	ortholog_one2many
AUR62036411	110735468	AT5G55640	ortholog_one2many
AUR62004343	110714432	AT4G00530	ortholog_one2many
AUR62004343	110714432	AT1G01725	ortholog_one2many
AUR62018808	110730269	AT1G05490	ortholog_many2many
AUR62018808	110730269	AT3G24340	ortholog_many2many
AUR62020697	110710457	AT3G49600	ortholog_one2many
AUR62038326	110738139	AT3G19260	ortholog_one2many
AUR62019734	110722590	AT5G41470	ortholog_one2one
AUR62003403	110681806	AT5G17310	ortholog_one2many
AUR62003403	110681806	AT3G03250	ortholog_one2many
AUR62037795	110739009	AT5G37680	ortholog_one2many
AUR62021716	110726487	AT1G74510	ortholog_one2many
AUR62001456	110688069	AT1G72510	ortholog_many2many
AUR62001456	110688069	AT1G54095	ortholog_many2many
AUR62001456	110688069	AT2G09970	ortholog_many2many
AUR62021275	110729749	AT5G62180	ortholog_one2many
AUR62029033	110683044	AT2G19430	ortholog_one2many
AUR62040756	110713149	AT3G05560	ortholog_many2many
AUR62040756	110713149	AT5G27770	ortholog_many2many
AUR62040756	110713152	AT3G05560	ortholog_many2many
AUR62040756	110713152	AT5G27770	ortholog_many2many
AUR62040756	110696558	AT3G05560	ortholog_many2many
AUR62040756	110696558	AT5G27770	ortholog_many2many
AUR62040756	110696549	AT3G05560	ortholog_many2many
AUR62040756	110696549	AT5G27770	ortholog_many2many
AUR62038021	110702195	AT5G17660	ortholog_one2one
AUR62017158	110707092	AT5G44590	ortholog_one2many
AUR62017158	110707092	AT5G44600	ortholog_one2many
AUR62013728	110721518	AT4G01710	ortholog_many2many
AUR62013728	110721518	AT5G65274	ortholog_many2many
AUR62031443	110693893	AT4G23570	ortholog_many2many
AUR62031443	110693893	AT4G11260	ortholog_many2many
AUR62035473	110699866	AT1G16670	ortholog_one2many
AUR62038328	110738140	AT3G21270	ortholog_many2many
AUR62038328	110738140	AT1G51700	ortholog_many2many
AUR62024180	110712392	AT1G67700	ortholog_one2many
AUR62004059	110682494	AT2G18360	ortholog_many2many
AUR62004059	110682494	AT4G36610	ortholog_many2many
AUR62027108	110740079	AT1G73940	ortholog_one2many
AUR62002904	110719734	AT1G25500	ortholog_one2many
AUR62044578	110690095	AT3G16950	ortholog_many2many
AUR62044578	110690095	AT4G16155	ortholog_many2many
AUR62027574	110690258	AT5G60335	ortholog_one2one
AUR62018199	110735121	AT5G44110	ortholog_many2many
AUR62018199	110735121	AT1G03905	ortholog_many2many
AUR62001981	110717927	AT5G66950	ortholog_many2many
AUR62001981	110717927	AT4G37100	ortholog_many2many
AUR62001981	110717927	AT2G23520	ortholog_many2many
AUR62018584	110711534	AT1G04910	ortholog_one2many
AUR62013368	110725652	AT2G26690	ortholog_one2one
AUR62013368	110707935	AT2G26690	ortholog_one2one
AUR62022743	110731730	AT5G07860	ortholog_many2many
AUR62022743	110731730	AT5G07850	ortholog_many2many
AUR62022743	110731730	AT5G42830	ortholog_many2many
AUR62022743	110731730	AT5G07870	ortholog_many2many
AUR62011713	110734197	AT4G38370	ortholog_one2many
AUR62007977	110686171	AT5G65770	ortholog_many2many
AUR62007977	110686171	AT5G65780	ortholog_many2many
AUR62007866	110686066	AT1G03130	ortholog_many2many
AUR62007866	110686066	AT4G02770	ortholog_many2many
AUR62025102	110712115	AT4G12640	ortholog_one2many
AUR62011292	110698437	AT5G11880	ortholog_many2many
AUR62011292	110698437	AT3G14390	ortholog_many2many
AUR62014918	110693715	AT4G18470	ortholog_one2one
AUR62034909	110704172	AT4G09730	ortholog_one2one
AUR62036843	110699011	AT1G20640	ortholog_many2many
AUR62036843	110699011	AT1G76350	ortholog_many2many
AUR62023500	110725184	AT2G46320	ortholog_one2many
AUR62029075	110683093	AT1G03150	ortholog_one2many
AUR62041817	110716156	AT1G78720	ortholog_one2many
AUR62033705	110713462	AT2G48150	ortholog_many2many
AUR62033705	110713462	AT3G63080	ortholog_many2many
AUR62033705	110713461	AT2G48150	ortholog_many2many
AUR62033705	110713461	AT3G63080	ortholog_many2many
AUR62013176	110681841	AT2G17260	ortholog_one2many
AUR62013176	110681841	AT4G35290	ortholog_one2many
AUR62018362	110711763	AT2G19120	ortholog_many2many
AUR62018362	110711763	AT4G30100	ortholog_many2many
AUR62043209	110688660	AT1G45230	ortholog_one2many
AUR62022556	110731526	AT2G45880	ortholog_one2many
AUR62000332	110736443	AT1G79790	ortholog_one2many
AUR62026056	110707302	AT3G04230	ortholog_many2many
AUR62026056	110707302	AT2G09990	ortholog_many2many
AUR62026056	110707302	AT5G18380	ortholog_many2many
AUR62016357	110703253	AT1G52620	ortholog_one2many
AUR62006064	110728360	AT1G18480	ortholog_one2many
AUR62007291	110732541	AT2G35230	ortholog_many2many
AUR62007291	110732541	AT1G32610	ortholog_many2many
AUR62007291	110732541	AT5G46780	ortholog_many2many
AUR62000325	110736435	AT1G65320	ortholog_one2many
AUR62014023	110694141	AT1G70330	ortholog_one2many
AUR62001538	110688152	AT5G22220	ortholog_one2many
AUR62043092	110686567	AT5G04460	ortholog_one2many
AUR62039618	110695395	AT3G53390	ortholog_many2many
AUR62039618	110695395	AT2G37160	ortholog_many2many
AUR62008203	110700386	AT4G32180	ortholog_one2one
AUR62001399	110688017	AT2G39540	ortholog_one2many
AUR62001399	110688017	AT5G59845	ortholog_one2many
AUR62001399	110688017	AT1G10588	ortholog_one2many
AUR62040901	110682898	AT5G56530	ortholog_one2many
AUR62014449	110724734	AT1G75500	ortholog_one2many
AUR62014294	110724580	AT3G01435	ortholog_one2one
AUR62037741	110738958	AT4G14110	ortholog_one2many
AUR62007446	110732714	AT3G54250	ortholog_many2many
AUR62007446	110732714	AT2G38700	ortholog_many2many
AUR62001248	110715337	AT4G24760	ortholog_one2one
AUR62003233	110723281	AT2G23450	ortholog_one2many
AUR62040698	110722302	AT2G39740	ortholog_one2one
AUR62030607	110723204	AT2G40660	ortholog_one2one
AUR62030607	110704453	AT2G40660	ortholog_one2one
AUR62002168	110717947	AT4G14305	ortholog_one2many
AUR62011471	110698611	AT1G80510	ortholog_one2many
AUR62038521	110739117	AT2G33180	ortholog_one2many
AUR62028321	110721840	AT4G33250	ortholog_one2many
AUR62021579	110726358	AT5G07950	ortholog_one2many
AUR62023319	110720415	AT1G25450	ortholog_many2many
AUR62023319	110720415	AT1G68530	ortholog_many2many
AUR62000983	110737060	AT3G04880	ortholog_one2one
AUR62014559	110724868	AT3G30841	ortholog_many2many
AUR62014559	110724868	AT4G09520	ortholog_many2many
AUR62037907	110709258	AT5G24420	ortholog_many2many
AUR62037907	110709258	AT3G49360	ortholog_many2many
AUR62037907	110709258	AT5G24410	ortholog_many2many
AUR62023429	110720523	AT4G22000	ortholog_one2many
AUR62013788	110721577	AT2G44650	ortholog_many2many
AUR62013788	110721577	AT3G60210	ortholog_many2many
AUR62036011	110706077	AT3G55005	ortholog_one2many
AUR62036011	110706077	AT3G55000	ortholog_one2many
AUR62036011	110699509	AT3G55005	ortholog_one2many
AUR62036011	110699509	AT3G55000	ortholog_one2many
AUR62032883	110706415	AT5G65620	ortholog_many2many
AUR62032883	110706415	AT5G10540	ortholog_many2many
AUR62001885	110687654	AT2G30130	ortholog_one2many
AUR62014518	110724810	AT1G18870	ortholog_many2many
AUR62014518	110724810	AT1G74710	ortholog_many2many
AUR62022966	110699356	AT2G40410	ortholog_one2many
AUR62022966	110699356	AT3G56170	ortholog_one2many
AUR62007987	110686182	AT4G36650	ortholog_one2many
AUR62044025	110703580	AT2G06000	ortholog_one2many
AUR62044025	110703200	AT2G06000	ortholog_one2many
AUR62007219	110732469	AT2G38740	ortholog_one2many
AUR62020363	110723900	AT4G26840	ortholog_many2many
AUR62020363	110723900	AT5G55160	ortholog_many2many
AUR62020363	110720910	AT4G26840	ortholog_many2many
AUR62020363	110720910	AT5G55160	ortholog_many2many
AUR62000965	110737044	AT5G28030	ortholog_many2many
AUR62000965	110737044	AT3G04940	ortholog_many2many
AUR62000965	110737044	AT5G28020	ortholog_many2many
AUR62037869	110709231	AT1G53210	ortholog_one2many
AUR62018387	110711640	AT3G56640	ortholog_one2many
AUR62024194	110712414	AT1G24470	ortholog_one2one
AUR62042195	110737282	AT3G45180	ortholog_many2many
AUR62042195	110737282	AT5G42300	ortholog_many2many
AUR62042195	110711954	AT3G45180	ortholog_many2many
AUR62042195	110711954	AT5G42300	ortholog_many2many
AUR62013252	110682583	AT2G15400	ortholog_many2many
AUR62013252	110682583	AT2G15430	ortholog_many2many
AUR62006302	110730491	AT2G38460	ortholog_many2many
AUR62006302	110730491	AT5G03570	ortholog_many2many
AUR62011942	110734416	AT3G04730	ortholog_one2one
AUR62040325	110734722	AT3G53620	ortholog_one2many
AUR62029904	110702928	AT1G18390	ortholog_one2many
AUR62036456	110735507	AT5G19440	ortholog_many2many
AUR62036456	110735507	AT1G51410	ortholog_many2many
AUR62031826	110731866	AT3G07020	ortholog_one2many
AUR62009236	110705540	AT2G16620	ortholog_many2many
AUR62009236	110705540	AT2G01820	ortholog_many2many
AUR62009236	110705540	AT4G29654	ortholog_many2many
AUR62009236	110705540	AT1G24650	ortholog_many2many
AUR62021885	110731276	AT4G05520	ortholog_one2one
AUR62018405	110711554	AT4G19680	ortholog_many2many
AUR62018405	110711554	AT4G19690	ortholog_many2many
AUR62018405	110711554	AT1G31260	ortholog_many2many
AUR62021843	110731240	AT5G47540	ortholog_one2many
AUR62021843	110731240	AT4G17270	ortholog_one2many
AUR62017709	110702093	AT5G08290	ortholog_one2many
AUR62032551	110717902	AT3G10840	ortholog_one2many
AUR62000092	110736185	AT1G06500	ortholog_one2one
AUR62027951	110683739	AT4G25030	ortholog_one2many
AUR62019930	110722778	AT5G42090	ortholog_one2many
AUR62004399	110714636	AT4G01320	ortholog_one2many
AUR62021900	110731292	AT4G22150	ortholog_one2many
AUR62021900	110731292	AT4G04210	ortholog_one2many
AUR62036441	110735492	AT5G55630	ortholog_one2many
AUR62021205	110729678	AT5G52240	ortholog_one2one
AUR62021205	110697075	AT5G52240	ortholog_one2one
AUR62022757	110731465	AT3G61200	ortholog_one2many
AUR62021135	110729607	AT5G24000	ortholog_one2one
AUR62015294	110704813	AT3G58490	ortholog_one2many
AUR62015294	110689178	AT3G58490	ortholog_one2many
AUR62035329	110692585	AT3G62950	ortholog_many2many
AUR62035329	110692585	AT2G47870	ortholog_many2many
AUR62034490	110723244	AT2G26230	ortholog_one2one
AUR62018513	110711681	AT2G31680	ortholog_many2many
AUR62018513	110711681	AT2G43130	ortholog_many2many
AUR62018513	110711681	AT1G05810	ortholog_many2many
AUR62001614	110688231	AT5G21070	ortholog_one2one
AUR62007484	110732749	AT1G62530	ortholog_many2many
AUR62007484	110732749	AT1G12120	ortholog_many2many
AUR62002184	110717666	AT1G20000	ortholog_many2many
AUR62002184	110717666	AT4G20280	ortholog_many2many
AUR62006306	110730526	AT5G65158	ortholog_many2many
AUR62006306	110730526	AT4G39730	ortholog_many2many
AUR62006306	110730526	AT2G22170	ortholog_many2many
AUR62032972	110716340	AT5G08290	ortholog_one2many
AUR62021578	110726357	AT5G07940	ortholog_many2many
AUR62021578	110726357	AT5G07970	ortholog_many2many
AUR62021578	110726357	AT5G07980	ortholog_many2many
AUR62016875	110718988	AT4G34800	ortholog_one2many
AUR62017062	110706957	AT3G20170	ortholog_one2one
AUR62012037	110734516	AT3G12120	ortholog_one2many
AUR62040304	110721093	AT3G55750	ortholog_many2many
AUR62040304	110721093	AT1G74270	ortholog_many2many
AUR62040304	110721093	AT1G07070	ortholog_many2many
AUR62040304	110721093	AT1G41880	ortholog_many2many
AUR62042943	110716227	AT3G54130	ortholog_one2one
AUR62019754	110722558	AT4G23550	ortholog_one2one
AUR62043580	110737726	AT5G10400	ortholog_one2one
AUR62043580	110737725	AT5G10400	ortholog_one2one
AUR62043580	110737724	AT5G10400	ortholog_one2one
AUR62043580	110736179	AT5G10400	ortholog_one2one
AUR62043580	110735726	AT5G10400	ortholog_one2one
AUR62043580	110735727	AT5G10400	ortholog_one2one
AUR62043580	110726035	AT5G10400	ortholog_one2one
AUR62043580	110725863	AT5G10400	ortholog_one2one
AUR62043580	110695989	AT5G10400	ortholog_one2one
AUR62043580	110686944	AT5G10400	ortholog_one2one
AUR62043580	110686945	AT5G10400	ortholog_one2one
AUR62043580	110686943	AT5G10400	ortholog_one2one
AUR62017369	110702575	AT4G22790	ortholog_one2many
AUR62001412	110688028	AT1G53890	ortholog_many2many
AUR62001412	110688028	AT3G14260	ortholog_many2many
AUR62001412	110688028	AT1G53875	ortholog_many2many
AUR62001412	110688028	AT1G53870	ortholog_many2many
AUR62013289	110725571	AT5G38110	ortholog_many2many
AUR62013289	110725571	AT1G66740	ortholog_many2many
AUR62004725	110714267	AT3G60961	ortholog_many2many
AUR62004725	110714267	AT3G60180	ortholog_many2many
AUR62004725	110714267	AT5G26667	ortholog_many2many
AUR62023851	110738789	AT5G58575	ortholog_one2many
AUR62034504	110723261	AT3G56160	ortholog_one2one
AUR62035100	110692985	AT5G51540	ortholog_one2one
AUR62021156	110729485	AT3G22560	ortholog_one2one
AUR62019498	110737722	AT4G02270	ortholog_one2many
AUR62019498	110737722	AT2G47540	ortholog_one2many
AUR62019498	110737722	AT2G47530	ortholog_one2many
AUR62002970	110694336	AT1G13550	ortholog_many2many
AUR62002970	110694336	AT1G13510	ortholog_many2many
AUR62002970	110694336	AT1G13480	ortholog_many2many
AUR62002970	110694336	AT1G13540	ortholog_many2many
AUR62002970	110694336	AT1G13490	ortholog_many2many
AUR62002970	110694336	AT1G13470	ortholog_many2many
AUR62002970	110694336	AT1G13530	ortholog_many2many
AUR62002970	110694336	AT1G13500	ortholog_many2many
AUR62002970	110694336	AT1G13520	ortholog_many2many
AUR62016898	110706801	AT1G61340	ortholog_one2many
AUR62016898	110706801	AT4G05010	ortholog_one2many
AUR62016898	110706801	AT4G21510	ortholog_one2many
AUR62003136	110696438	AT2G03420	ortholog_one2many
AUR62026131	110707374	AT2G41451	ortholog_many2many
AUR62026131	110707374	AT3G57200	ortholog_many2many
AUR62018842	110732416	AT4G17600	ortholog_many2many
AUR62018842	110732416	AT5G47110	ortholog_many2many
AUR62018842	110730297	AT4G17600	ortholog_many2many
AUR62018842	110730297	AT5G47110	ortholog_many2many
AUR62006482	110701594	AT2G32650	ortholog_many2many
AUR62006482	110701594	AT2G32180	ortholog_many2many
AUR62042288	110715232	AT3G09560	ortholog_one2many
AUR62005449	110709259	AT1G70590	ortholog_one2many
AUR62026018	110707262	AT1G65880	ortholog_one2many
AUR62026018	110707262	AT1G68270	ortholog_one2many
AUR62026018	110707262	AT1G66120	ortholog_one2many
AUR62026018	110707262	AT1G65890	ortholog_one2many
AUR62016769	110705120	AT4G39170	ortholog_many2many
AUR62016769	110705120	AT2G21520	ortholog_many2many
AUR62037273	110715156	AT1G68220	ortholog_one2many
AUR62028764	110727610	AT4G24680	ortholog_one2many
AUR62034714	110684820	AT2G32040	ortholog_one2many
AUR62039662	110722224	AT1G69170	ortholog_one2one
AUR62037011	110730988	AT1G28150	ortholog_one2many
AUR62011555	110698678	AT1G15410	ortholog_one2many
AUR62020826	110714784	AT4G13620	ortholog_one2many
AUR62030233	110728597	AT5G39850	ortholog_many2many
AUR62030233	110728597	AT5G15200	ortholog_many2many
AUR62030233	110690411	AT5G39850	ortholog_many2many
AUR62030233	110690411	AT5G15200	ortholog_many2many
AUR62013837	110721632	AT1G76150	ortholog_one2many
AUR62004454	110714511	AT2G46340	ortholog_one2many
AUR62001318	110687700	AT3G20190	ortholog_many2many
AUR62001318	110687700	AT1G50610	ortholog_many2many
AUR62031242	110716728	AT3G47810	ortholog_one2many
AUR62014017	110694133	AT1G23800	ortholog_one2many
AUR62019144	110709853	AT5G42520	ortholog_one2many
AUR62014183	110694418	AT1G23110	ortholog_one2many
AUR62014183	110694418	AT1G70900	ortholog_one2many
AUR62013633	110721426	AT4G01026	ortholog_many2many
AUR62013633	110721426	AT1G01360	ortholog_many2many
AUR62017227	110702445	AT1G63460	ortholog_one2many
AUR62009784	110689623	AT4G33790	ortholog_one2many
AUR62009784	110684270	AT4G33790	ortholog_one2many
AUR62028306	110721827	AT3G26060	ortholog_one2many
AUR62041032	110735310	AT5G18660	ortholog_one2many
AUR62002973	110720652	AT1G13550	ortholog_many2many
AUR62002973	110720652	AT1G13510	ortholog_many2many
AUR62002973	110720652	AT1G13480	ortholog_many2many
AUR62002973	110720652	AT1G13540	ortholog_many2many
AUR62002973	110720652	AT1G13490	ortholog_many2many
AUR62002973	110720652	AT1G13470	ortholog_many2many
AUR62002973	110720652	AT1G13530	ortholog_many2many
AUR62002973	110720652	AT1G13500	ortholog_many2many
AUR62002973	110720652	AT1G13520	ortholog_many2many
AUR62027408	110716931	AT3G54420	ortholog_one2many
AUR62000107	110736203	AT4G37500	ortholog_one2many
AUR62000107	110736203	AT4G34890	ortholog_one2many
AUR62000107	110736203	AT4G34900	ortholog_one2many
AUR62000107	110696014	AT4G37500	ortholog_one2many
AUR62000107	110696014	AT4G34890	ortholog_one2many
AUR62000107	110696014	AT4G34900	ortholog_one2many
AUR62011593	110698715	AT1G52770	ortholog_many2many
AUR62011593	110698715	AT3G15570	ortholog_many2many
AUR62022937	110699467	AT3G47430	ortholog_one2one
AUR62034626	110697823	AT2G47920	ortholog_many2many
AUR62034626	110697823	AT1G03470	ortholog_many2many
AUR62007775	110686002	AT1G13550	ortholog_many2many
AUR62007775	110686002	AT1G13510	ortholog_many2many
AUR62007775	110686002	AT1G13480	ortholog_many2many
AUR62007775	110686002	AT1G13540	ortholog_many2many
AUR62007775	110686002	AT1G13490	ortholog_many2many
AUR62007775	110686002	AT1G13470	ortholog_many2many
AUR62007775	110686002	AT1G13530	ortholog_many2many
AUR62007775	110686002	AT1G13500	ortholog_many2many
AUR62007775	110686002	AT1G13520	ortholog_many2many
AUR62017042	110706935	AT1G03000	ortholog_one2many
AUR62022972	110699365	AT3G56190	ortholog_one2many
AUR62022972	110699365	AT3G56450	ortholog_one2many
AUR62038657	110685462	AT5G20660	ortholog_one2many
AUR62021752	110726518	AT1G18890	ortholog_many2many
AUR62021752	110726518	AT1G74740	ortholog_many2many
AUR62017280	110719490	AT2G36620	ortholog_many2many
AUR62017280	110719490	AT3G53020	ortholog_many2many
AUR62017280	110702491	AT2G36620	ortholog_many2many
AUR62017280	110702491	AT3G53020	ortholog_many2many
AUR62009430	110705722	AT3G51990	ortholog_one2one
AUR62033591	110729398	AT3G52960	ortholog_one2many
AUR62000132	110736231	AT3G21055	ortholog_one2many
AUR62000132	110736231	AT1G51400	ortholog_one2many
AUR62035539	110700721	AT5G38410	ortholog_many2many
AUR62035539	110700721	AT1G67090	ortholog_many2many
AUR62035539	110700721	AT5G38430	ortholog_many2many
AUR62035539	110700721	AT5G38420	ortholog_many2many
AUR62007449	110732717	AT4G12280	ortholog_many2many
AUR62007449	110732717	AT4G12290	ortholog_many2many
AUR62007449	110732717	AT4G12270	ortholog_many2many
AUR62027878	110706697	AT3G12500	ortholog_one2many
AUR62043379	110710061	AT5G51040	ortholog_one2many
AUR62018766	110730233	AT1G09700	ortholog_one2many
AUR62009920	110688057	AT3G14100	ortholog_many2many
AUR62009920	110688057	AT1G54080	ortholog_many2many
AUR62009920	110688057	AT1G17370	ortholog_many2many
AUR62009920	110684411	AT3G14100	ortholog_many2many
AUR62009920	110684411	AT1G54080	ortholog_many2many
AUR62009920	110684411	AT1G17370	ortholog_many2many
AUR62000298	110736413	AT1G65230	ortholog_one2many
AUR62003053	110721356	AT1G03130	ortholog_many2many
AUR62003053	110721356	AT4G02770	ortholog_many2many
AUR62033996	110712886	AT5G57150	ortholog_one2one
AUR62025428	110689692	AT4G28680	ortholog_one2many
AUR62035622	110738903	AT5G24490	ortholog_one2many
AUR62020032	110683347	AT5G59260	ortholog_many2many
AUR62020032	110683347	AT5G59270	ortholog_many2many
AUR62006910	110701324	AT5G08720	ortholog_one2many
AUR62011606	110698729	AT1G80390	ortholog_one2many
AUR62017273	110719483	AT1G12780	ortholog_one2many
AUR62017273	110719483	AT1G63180	ortholog_one2many
AUR62017273	110702485	AT1G12780	ortholog_one2many
AUR62017273	110702485	AT1G63180	ortholog_one2many
AUR62020727	110710270	AT5G02290	ortholog_many2many
AUR62020727	110710270	AT2G39660	ortholog_many2many
AUR62020727	110710270	AT3G55450	ortholog_many2many
AUR62002111	110717605	AT5G43430	ortholog_one2one
AUR62008496	110700669	AT5G61210	ortholog_many2many
AUR62008496	110700669	AT5G07880	ortholog_many2many
AUR62013500	110725801	AT1G72680	ortholog_one2many
AUR62040928	110704561	AT1G08610	ortholog_one2one
AUR62039461	110736202	AT5G45770	ortholog_many2many
AUR62039461	110736202	AT4G18760	ortholog_many2many
AUR62001707	110688331	AT1G07370	ortholog_many2many
AUR62001707	110688331	AT2G29570	ortholog_many2many
AUR62028934	110682963	AT5G20580	ortholog_many2many
AUR62028934	110682963	AT2G06005	ortholog_many2many
AUR62025616	110726706	AT1G72330	ortholog_many2many
AUR62025616	110726706	AT1G17290	ortholog_many2many
AUR62008649	110727885	AT1G02860	ortholog_one2many
AUR62040310	110721099	AT1G51680	ortholog_many2many
AUR62040310	110721099	AT3G21230	ortholog_many2many
AUR62040310	110721099	AT3G21240	ortholog_many2many
AUR62003097	110721861	AT1G13750	ortholog_one2many
AUR62025656	110726742	AT5G22410	ortholog_one2many
AUR62012902	110738156	AT4G22930	ortholog_one2many
AUR62035571	110738853	AT4G27700	ortholog_one2many
AUR62027045	110740013	AT2G45580	ortholog_many2many
AUR62027045	110740013	AT2G45550	ortholog_many2many
AUR62027045	110740013	AT2G45570	ortholog_many2many
AUR62027045	110740013	AT3G61040	ortholog_many2many
AUR62027045	110740013	AT3G61035	ortholog_many2many
AUR62027045	110740013	AT1G33730	ortholog_many2many
AUR62027045	110740013	AT2G45560	ortholog_many2many
AUR62027045	110740013	AT1G33720	ortholog_many2many
AUR62020613	110710145	AT2G24500	ortholog_many2many
AUR62020613	110710145	AT4G31420	ortholog_many2many
AUR62003282	110723719	AT5G65380	ortholog_many2many
AUR62003282	110723719	AT5G10420	ortholog_many2many
AUR62003282	110723719	AT5G44050	ortholog_many2many
AUR62030612	110704458	AT5G05270	ortholog_one2one
AUR62024005	110699667	AT3G58740	ortholog_one2many
AUR62024005	110699667	AT3G58750	ortholog_one2many
AUR62024005	110699667	AT2G42790	ortholog_one2many
AUR62007337	110732589	AT4G17720	ortholog_many2many
AUR62007337	110732589	AT5G46870	ortholog_many2many
AUR62006798	110701224	AT5G26760	ortholog_one2many
AUR62036028	110700132	AT3G63030	ortholog_many2many
AUR62036028	110700132	AT4G22745	ortholog_many2many
AUR62023577	110725272	AT1G34370	ortholog_one2many
AUR62004133	110714540	AT2G44950	ortholog_one2many
AUR62008553	110722204	AT1G18620	ortholog_many2many
AUR62008553	110722204	AT1G74160	ortholog_many2many
AUR62008553	110700731	AT1G18620	ortholog_many2many
AUR62008553	110700731	AT1G74160	ortholog_many2many
AUR62030251	110728612	AT5G46330	ortholog_one2many
AUR62009737	110683962	AT5G22410	ortholog_one2many
AUR62018964	110709675	AT3G07850	ortholog_many2many
AUR62018964	110709675	AT3G14040	ortholog_many2many
AUR62004537	110714375	AT2G46660	ortholog_many2many
AUR62004537	110714375	AT1G01190	ortholog_many2many
AUR62004537	110714375	AT3G61880	ortholog_many2many
AUR62023335	110720431	AT1G80150	ortholog_one2many
AUR62022365	110696519	AT4G09940	ortholog_many2many
AUR62022365	110696519	AT1G33970	ortholog_many2many
AUR62022365	110696519	AT4G09950	ortholog_many2many
AUR62022365	110696519	AT4G09930	ortholog_many2many
AUR62014259	110694501	AT3G54870	ortholog_one2many
AUR62011946	110734420	AT1G79470	ortholog_many2many
AUR62011946	110734420	AT1G16350	ortholog_many2many
AUR62007294	110732543	AT5G46830	ortholog_many2many
AUR62007294	110732543	AT5G46760	ortholog_many2many
AUR62007294	110732543	AT4G17880	ortholog_many2many
AUR62007294	110732543	AT1G32640	ortholog_many2many
AUR62023366	110720462	AT1G77680	ortholog_one2many
AUR62004170	110721463	AT4G00170	ortholog_one2many
AUR62004170	110713897	AT4G00170	ortholog_one2many
AUR62019992	110722837	AT4G17460	ortholog_many2many
AUR62019992	110722837	AT4G16780	ortholog_many2many
AUR62019992	110722837	AT5G47370	ortholog_many2many
AUR62006500	110700922	AT5G49210	ortholog_one2many
AUR62000628	110736719	AT5G18490	ortholog_many2many
AUR62000628	110736719	AT3G04350	ortholog_many2many
AUR62000487	110736583	AT4G26240	ortholog_one2many
AUR62026344	110698107	AT5G01720	ortholog_one2many
AUR62028678	110727426	AT2G40230	ortholog_one2many
AUR62016429	110703323	AT1G80410	ortholog_one2many
AUR62016995	110706897	AT1G65070	ortholog_one2many
AUR62038631	110685102	AT5G26340	ortholog_one2one
AUR62003906	110682325	AT2G23370	ortholog_one2many
AUR62001435	110688045	AT3G14200	ortholog_one2many
AUR62024000	110699664	AT1G08750	ortholog_one2many
AUR62038466	110738409	AT3G09680	ortholog_many2many
AUR62038466	110738409	AT5G02960	ortholog_many2many
AUR62038466	110737905	AT3G09680	ortholog_many2many
AUR62038466	110737905	AT5G02960	ortholog_many2many
AUR62038466	110737452	AT3G09680	ortholog_many2many
AUR62038466	110737452	AT5G02960	ortholog_many2many
AUR62038466	110721262	AT3G09680	ortholog_many2many
AUR62038466	110721262	AT5G02960	ortholog_many2many
AUR62038466	110719313	AT3G09680	ortholog_many2many
AUR62038466	110719313	AT5G02960	ortholog_many2many
AUR62038466	110712681	AT3G09680	ortholog_many2many
AUR62038466	110712681	AT5G02960	ortholog_many2many
AUR62038466	110712477	AT3G09680	ortholog_many2many
AUR62038466	110712477	AT5G02960	ortholog_many2many
AUR62038466	110707979	AT3G09680	ortholog_many2many
AUR62038466	110707979	AT5G02960	ortholog_many2many
AUR62020765	110710187	AT1G35550	ortholog_many2many
AUR62020765	110710187	AT1G07920	ortholog_many2many
AUR62020765	110710187	AT1G07940	ortholog_many2many
AUR62020765	110710187	AT5G60390	ortholog_many2many
AUR62020765	110710187	AT1G07930	ortholog_many2many
AUR62021253	110729501	AT5G62150	ortholog_one2many
AUR62021253	110729501	AT4G25433	ortholog_one2many
AUR62030282	110710593	AT3G11520	ortholog_many2many
AUR62030282	110710593	AT4G37490	ortholog_many2many
AUR62030282	110710593	AT5G06150	ortholog_many2many
AUR62030282	110710593	AT1G34460	ortholog_many2many
AUR62014338	110724628	AT4G08330	ortholog_one2many
AUR62021746	110726511	AT5G62710	ortholog_one2many
AUR62017316	110702527	AT4G22950	ortholog_one2many
AUR62017316	110702527	AT4G11880	ortholog_one2many
AUR62013319	110725604	AT2G13290	ortholog_one2one
AUR62022755	110731742	AT2G45770	ortholog_one2many
AUR62041911	110733489	AT3G51240	ortholog_one2many
AUR62027344	110716820	AT1G30630	ortholog_one2many
AUR62027344	110716820	AT2G34840	ortholog_one2many
AUR62020943	110714736	AT1G10830	ortholog_one2many
AUR62040139	110686845	AT4G24290	ortholog_one2one
AUR62006389	110731185	AT5G05280	ortholog_many2many
AUR62006389	110731185	AT3G10910	ortholog_many2many
AUR62006389	110731185	AT5G01880	ortholog_many2many
AUR62026521	110713601	AT1G24170	ortholog_many2many
AUR62026521	110713601	AT1G70090	ortholog_many2many
AUR62015280	110689548	AT3G04280	ortholog_one2many
AUR62009031	110728239	AT4G20810	ortholog_one2many
AUR62009031	110728239	AT4G20340	ortholog_one2many
AUR62009031	110728239	AT1G03280	ortholog_one2many
AUR62022427	110696568	AT2G37560	ortholog_one2many
AUR62015442	110689301	AT5G61520	ortholog_one2many
AUR62040952	110735340	AT5G13680	ortholog_one2many
AUR62040952	110698885	AT5G13680	ortholog_one2many
AUR62036233	110684667	AT2G30260	ortholog_many2many
AUR62036233	110684667	AT1G06960	ortholog_many2many
AUR62019508	110737735	AT3G15070	ortholog_one2many
AUR62019508	110737735	AT1G53190	ortholog_one2many
AUR62019508	110686935	AT3G15070	ortholog_one2many
AUR62019508	110686935	AT1G53190	ortholog_one2many
AUR62002231	110717864	AT5G61520	ortholog_one2many
AUR62027613	110690568	AT5G39850	ortholog_many2many
AUR62027613	110690568	AT5G15200	ortholog_many2many
AUR62027613	110690411	AT5G39850	ortholog_many2many
AUR62027613	110690411	AT5G15200	ortholog_many2many
AUR62040844	110712846	AT2G41380	ortholog_one2many
AUR62019659	110737867	AT1G53500	ortholog_many2many
AUR62019659	110737867	AT1G78570	ortholog_many2many
AUR62019659	110737867	AT3G14790	ortholog_many2many
AUR62013456	110725757	AT2G34300	ortholog_many2many
AUR62013456	110725757	AT1G29470	ortholog_many2many
AUR62005433	110709186	AT1G23340	ortholog_many2many
AUR62005433	110709186	AT1G10750	ortholog_many2many
AUR62005433	110709186	AT1G70550	ortholog_many2many
AUR62040834	110712834	AT2G41290	ortholog_one2many
AUR62003309	110724071	AT2G21970	ortholog_one2many
AUR62041545	110698364	AT3G52240	ortholog_one2one
AUR62002251	110718163	AT3G23100	ortholog_one2many
AUR62003508	110695082	AT3G01910	ortholog_one2one
AUR62002363	110717683	AT3G07560	ortholog_one2many
AUR62023757	110738693	AT2G43810	ortholog_many2many
AUR62023757	110738693	AT3G59810	ortholog_many2many
AUR62023825	110738765	AT5G24070	ortholog_many2many
AUR62023825	110738765	AT2G43480	ortholog_many2many
AUR62007063	110732312	AT1G64680	ortholog_one2many
AUR62017668	110702050	AT5G18400	ortholog_one2many
AUR62003522	110695096	AT5G40950	ortholog_one2one
AUR62003522	110681934	AT5G40950	ortholog_one2one
AUR62001847	110688491	AT1G07670	ortholog_many2many
AUR62001847	110688491	AT1G07810	ortholog_many2many
AUR62001847	110684131	AT1G07670	ortholog_many2many
AUR62001847	110684131	AT1G07810	ortholog_many2many
AUR62016410	110703101	AT1G52780	ortholog_one2many
AUR62040284	110721073	AT2G18700	ortholog_one2one
AUR62019781	110722629	AT1G64170	ortholog_many2many
AUR62019781	110722629	AT4G23700	ortholog_many2many
AUR62004048	110682482	AT4G36640	ortholog_one2many
AUR62030125	110728498	AT2G20510	ortholog_many2many
AUR62030125	110728498	AT2G36070	ortholog_many2many
AUR62022785	110699175	AT1G08040	ortholog_many2many
AUR62022785	110699175	AT2G28310	ortholog_many2many
AUR62036831	110695000	AT4G19670	ortholog_one2many
AUR62038732	110696280	AT3G47130	ortholog_many2many
AUR62038732	110696280	AT3G47150	ortholog_many2many
AUR62038732	110696280	AT3G47140	ortholog_many2many
AUR62039045	110686400	AT5G08650	ortholog_one2one
AUR62035793	110728801	AT1G29395	ortholog_many2many
AUR62035793	110728801	AT1G29390	ortholog_many2many
AUR62011999	110734474	AT3G12040	ortholog_one2many
AUR62005965	110727399	AT5G54130	ortholog_one2one
AUR62005965	110692936	AT5G54130	ortholog_one2one
AUR62009950	110684437	AT1G53910	ortholog_many2many
AUR62009950	110684437	AT3G14230	ortholog_many2many
AUR62025401	110689667	AT3G53270	ortholog_one2many
AUR62027169	110692663	AT4G39470	ortholog_one2many
AUR62035505	110700316	AT3G01480	ortholog_one2many
AUR62029338	110693227	AT5G54400	ortholog_one2many
AUR62029338	110693227	AT3G15530	ortholog_one2many
AUR62033415	110729097	AT5G19930	ortholog_one2one
AUR62006882	110701305	AT5G63810	ortholog_one2many
AUR62008293	110700782	AT3G48140	ortholog_one2many
AUR62008788	110728006	AT5G43990	ortholog_many2many
AUR62008788	110728006	AT1G04050	ortholog_many2many
AUR62027701	110691405	AT1G29200	ortholog_one2many
AUR62019054	110709760	AT1G77470	ortholog_one2many
AUR62020968	110714879	AT3G56820	ortholog_one2one
AUR62039146	110728395	AT5G12000	ortholog_many2many
AUR62039146	110728395	AT5G26150	ortholog_many2many
AUR62030668	110704510	AT1G17070	ortholog_many2many
AUR62030668	110704510	AT2G42330	ortholog_many2many
AUR62009797	110684283	AT3G63200	ortholog_one2many
AUR62009921	110684412	AT3G14110	ortholog_one2many
AUR62024047	110699704	AT2G42750	ortholog_one2one
AUR62005793	110712596	AT2G02990	ortholog_one2many
AUR62018865	110730323	AT3G11730	ortholog_one2many
AUR62025604	110726691	AT1G53750	ortholog_one2many
AUR62025604	110688011	AT1G53750	ortholog_one2many
AUR62007110	110732359	AT4G16745	ortholog_one2many
AUR62027043	110739938	AT2G19980	ortholog_many2many
AUR62027043	110739938	AT2G19990	ortholog_many2many
AUR62027043	110739938	AT2G19970	ortholog_many2many
AUR62003699	110682114	AT5G04600	ortholog_one2one
AUR62019151	110709860	AT4G29860	ortholog_one2many
AUR62005804	110712641	AT1G14205	ortholog_one2many
AUR62029487	110724570	AT3G51260	ortholog_many2many
AUR62029487	110724570	AT5G66140	ortholog_many2many
AUR62029487	110719768	AT3G51260	ortholog_many2many
AUR62029487	110719768	AT5G66140	ortholog_many2many
AUR62029487	110694725	AT3G51260	ortholog_many2many
AUR62029487	110694725	AT5G66140	ortholog_many2many
AUR62029405	110694636	AT5G14140	ortholog_one2many
AUR62004369	110714659	AT4G00370	ortholog_one2many
AUR62003581	110681994	AT5G63990	ortholog_many2many
AUR62003581	110681994	AT5G63980	ortholog_many2many
AUR62003581	110681994	AT5G64000	ortholog_many2many
AUR62003581	110681994	AT5G09290	ortholog_many2many
AUR62004101	110682538	AT3G26750	ortholog_one2many
AUR62040270	110682403	AT1G64810	ortholog_one2many
AUR62029022	110683035	AT1G77180	ortholog_one2many
AUR62007699	110685614	AT1G21550	ortholog_one2many
AUR62002395	110717805	AT1G05720	ortholog_one2many
AUR62008655	110727891	AT5G27720	ortholog_one2many
AUR62043182	110684732	AT2G03390	ortholog_one2one
AUR62020990	110714855	AT3G56940	ortholog_one2many
AUR62002029	110718148	AT1G78040	ortholog_one2many
AUR62001215	110687840	AT1G31340	ortholog_one2many
AUR62001215	110687840	AT2G35635	ortholog_one2many
AUR62042360	110699480	AT2G41000	ortholog_one2many
AUR62022636	110731605	AT2G46230	ortholog_many2many
AUR62022636	110731605	AT1G26530	ortholog_many2many
AUR62035983	110706042	AT5G13560	ortholog_one2one
AUR62024979	110711913	AT2G28410	ortholog_one2many
AUR62034961	110719965	AT5G40850	ortholog_one2many
AUR62034961	110688754	AT5G40850	ortholog_one2many
AUR62006773	110736530	AT4G15510	ortholog_one2many
AUR62006773	110701201	AT4G15510	ortholog_one2many
AUR62014541	110724845	AT2G04400	ortholog_many2many
AUR62014541	110724845	AT5G48220	ortholog_many2many
AUR62031772	110731819	AT5G22830	ortholog_one2many
AUR62031772	110699643	AT5G22830	ortholog_one2many
AUR62025553	110689819	AT4G02320	ortholog_many2many
AUR62025553	110689819	AT4G02300	ortholog_many2many
AUR62009857	110684349	AT1G17540	ortholog_many2many
AUR62009857	110684349	AT1G72760	ortholog_many2many
AUR62011891	110734375	AT1G33350	ortholog_one2many
AUR62033135	110739240	AT4G02440	ortholog_one2many
AUR62020802	110710349	AT3G45690	ortholog_many2many
AUR62020802	110710349	AT3G45680	ortholog_many2many
AUR62020802	110710349	AT3G45700	ortholog_many2many
AUR62020802	110710349	AT3G45650	ortholog_many2many
AUR62020802	110710349	AT3G45660	ortholog_many2many
AUR62020802	110710349	AT3G45710	ortholog_many2many
AUR62020802	110710349	AT3G45720	ortholog_many2many
AUR62004493	110714504	AT3G61760	ortholog_one2many
AUR62023308	110720403	AT5G38410	ortholog_many2many
AUR62023308	110720403	AT1G67090	ortholog_many2many
AUR62023308	110720403	AT5G38430	ortholog_many2many
AUR62023308	110720403	AT5G38420	ortholog_many2many
AUR62038802	110724419	AT1G47230	ortholog_many2many
AUR62038802	110724419	AT5G43080	ortholog_many2many
AUR62038802	110724419	AT1G47210	ortholog_many2many
AUR62038802	110724419	AT1G47220	ortholog_many2many
AUR62013943	110694076	AT3G14750	ortholog_one2many
AUR62009077	110705372	AT5G21920	ortholog_one2many
AUR62035547	110700809	AT3G02690	ortholog_one2one
AUR62017272	110702484	AT2G03210	ortholog_many2many
AUR62017272	110702484	AT2G15350	ortholog_many2many
AUR62017272	110702484	AT2G15370	ortholog_many2many
AUR62017272	110702484	AT2G03220	ortholog_many2many
AUR62017272	110702484	AT1G14100	ortholog_many2many
AUR62017272	110702484	AT2G15390	ortholog_many2many
AUR62017272	110702484	AT1G14110	ortholog_many2many
AUR62017272	110702484	AT1G14080	ortholog_many2many
AUR62027166	110692659	AT1G10500	ortholog_one2many
AUR62021196	110729671	AT3G48940	ortholog_many2many
AUR62021196	110729671	AT5G23750	ortholog_many2many
AUR62013927	110721700	AT1G11320	ortholog_one2many
AUR62019810	110722662	AT5G05190	ortholog_one2many
AUR62019810	110722662	AT3G56410	ortholog_one2many
AUR62036324	110688863	AT1G06820	ortholog_one2many
AUR62034703	110684812	AT1G04190	ortholog_one2many
AUR62007340	110732594	AT5G62130	ortholog_one2many
AUR62009558	110684045	AT5G59420	ortholog_one2many
AUR62022733	110731720	AT4G00910	ortholog_one2many
AUR62003377	110724857	AT4G35620	ortholog_many2many
AUR62003377	110724857	AT2G17620	ortholog_many2many
AUR62018813	110730042	AT3G13020	ortholog_many2many
AUR62018813	110730042	AT3G13010	ortholog_many2many
AUR62018813	110730042	AT3G13030	ortholog_many2many
AUR62038681	110730679	AT5G08060	ortholog_one2many
AUR62017264	110702477	AT4G11650	ortholog_one2many
AUR62014228	110694474	AT4G04940	ortholog_one2many
AUR62042541	110683661	AT5G03070	ortholog_one2many
AUR62019949	110722798	AT4G10465	ortholog_many2many
AUR62019949	110722798	AT2G18196	ortholog_many2many
AUR62013677	110721471	AT5G13930	ortholog_one2many
AUR62043376	110710058	AT5G61840	ortholog_one2one
AUR62004296	110714272	AT5G07860	ortholog_many2many
AUR62004296	110714272	AT5G07850	ortholog_many2many
AUR62004296	110714272	AT5G42830	ortholog_many2many
AUR62004296	110714272	AT5G07870	ortholog_many2many
AUR62041392	110738044	AT3G06660	ortholog_one2one
AUR62003121	110722151	AT1G13890	ortholog_one2one
AUR62017383	110702589	AT4G22760	ortholog_one2one
AUR62008739	110727966	AT2G47485	ortholog_many2many
AUR62008739	110727966	AT3G62650	ortholog_many2many
AUR62023446	110725123	AT1G01240	ortholog_many2many
AUR62023446	110725123	AT2G46550	ortholog_many2many
AUR62014396	110724689	AT4G13770	ortholog_one2many
AUR62002908	110719806	AT1G68650	ortholog_many2many
AUR62002908	110719806	AT1G25520	ortholog_many2many
AUR62011535	110698970	AT1G52580	ortholog_one2many
AUR62035293	110691276	AT1G25682	ortholog_one2many
AUR62018205	110735127	AT5G37730	ortholog_one2many
AUR62030689	110735368	AT2G35880	ortholog_one2one
AUR62030689	110733808	AT2G35880	ortholog_one2one
AUR62004157	110714111	AT1G65680	ortholog_one2many
AUR62011869	110734357	AT4G28520	ortholog_many2many
AUR62011869	110734357	AT1G03880	ortholog_many2many
AUR62011869	110734357	AT5G44120	ortholog_many2many
AUR62011869	110734357	AT1G03890	ortholog_many2many
AUR62029133	110730853	AT3G58760	ortholog_one2one
AUR62026153	110707389	AT5G04040	ortholog_one2many
AUR62030719	110735386	AT3G52390	ortholog_one2one
AUR62036788	110694961	AT2G48150	ortholog_many2many
AUR62036788	110694961	AT3G63080	ortholog_many2many
AUR62005898	110713544	AT4G37930	ortholog_one2many
AUR62000971	110737049	AT5G28050	ortholog_one2one
AUR62011747	110734232	AT3G62280	ortholog_one2many
AUR62018571	110714853	AT3G52090	ortholog_one2many
AUR62018571	110711711	AT3G52090	ortholog_one2many
AUR62014467	110724757	AT1G75450	ortholog_one2many
AUR62003753	110682172	AT4G39680	ortholog_one2many
AUR62000842	110736932	AT1G08980	ortholog_one2one
AUR62008787	110728005	AT5G44000	ortholog_one2many
AUR62029420	110694648	AT5G41000	ortholog_many2many
AUR62029420	110694648	AT3G27020	ortholog_many2many
AUR62000873	110736961	AT5G27420	ortholog_many2many
AUR62000873	110736961	AT3G05200	ortholog_many2many
AUR62011385	110698523	AT2G15980	ortholog_one2many
AUR62002846	110718959	AT3G18295	ortholog_many2many
AUR62002846	110718959	AT1G68340	ortholog_many2many
AUR62002846	110718959	AT1G25370	ortholog_many2many
AUR62002846	110718959	AT1G48770	ortholog_many2many
AUR62004053	110682489	AT3G50860	ortholog_one2many
AUR62042843	110708204	AT1G75110	ortholog_many2many
AUR62042843	110708204	AT1G75120	ortholog_many2many
AUR62042843	110708204	AT1G19360	ortholog_many2many
AUR62027086	110740053	AT5G64410	ortholog_one2many
AUR62043485	110739077	AT1G02780	ortholog_many2many
AUR62043485	110739077	AT4G02230	ortholog_many2many
AUR62043485	110727939	AT1G02780	ortholog_many2many
AUR62043485	110727939	AT4G02230	ortholog_many2many
AUR62043485	110705894	AT1G02780	ortholog_many2many
AUR62043485	110705894	AT4G02230	ortholog_many2many
AUR62043485	110689789	AT1G02780	ortholog_many2many
AUR62043485	110689789	AT4G02230	ortholog_many2many
AUR62018281	110735205	AT1G20190	ortholog_one2many
AUR62022578	110731546	AT4G00370	ortholog_one2many
AUR62025707	110726794	AT1G16790	ortholog_one2many
AUR62007867	110686067	AT1G49510	ortholog_one2many
AUR62024238	110712622	AT3G26370	ortholog_one2many
AUR62024238	110709671	AT3G26370	ortholog_one2many
AUR62029721	110690672	AT5G59310	ortholog_many2many
AUR62029721	110690672	AT2G15050	ortholog_many2many
AUR62029721	110690672	AT5G59320	ortholog_many2many
AUR62029721	110690672	AT2G38540	ortholog_many2many
AUR62029721	110690672	AT3G51600	ortholog_many2many
AUR62029721	110690672	AT3G51590	ortholog_many2many
AUR62029721	110690672	AT2G38530	ortholog_many2many
AUR62023619	110725318	AT4G34340	ortholog_one2many
AUR62023483	110725169	AT1G43140	ortholog_many2many
AUR62023483	110725169	AT4G02570	ortholog_many2many
AUR62023483	110725169	AT1G59800	ortholog_many2many
AUR62023483	110725169	AT1G02980	ortholog_many2many
AUR62023483	110725169	AT1G59790	ortholog_many2many
AUR62012999	110738939	AT2G17710	ortholog_one2one
AUR62027103	110740072	AT2G32520	ortholog_one2one
AUR62019532	110737752	AT1G53270	ortholog_one2one
AUR62007304	110732557	AT4G30470	ortholog_many2many
AUR62007304	110732557	AT2G23910	ortholog_many2many
AUR62014685	110693499	AT1G61620	ortholog_one2one
AUR62008716	110727942	AT2G40940	ortholog_one2many
AUR62040467	110697690	AT3G53260	ortholog_many2many
AUR62040467	110697690	AT5G04230	ortholog_many2many
AUR62040467	110697690	AT2G37040	ortholog_many2many
AUR62040467	110697690	AT3G10340	ortholog_many2many
AUR62017081	110706979	AT1G80750	ortholog_one2many
AUR62011973	110734445	AT3G63350	ortholog_one2many
AUR62011973	110734445	AT3G51910	ortholog_one2many
AUR62009706	110684197	AT5G02780	ortholog_many2many
AUR62009706	110684197	AT5G02790	ortholog_many2many
AUR62009706	110684197	AT3G55040	ortholog_many2many
AUR62027280	110692765	AT4G22710	ortholog_many2many
AUR62027280	110692765	AT4G12330	ortholog_many2many
AUR62027280	110692765	AT5G44620	ortholog_many2many
AUR62027280	110692765	AT4G12320	ortholog_many2many
AUR62027280	110692765	AT4G12310	ortholog_many2many
AUR62027280	110692765	AT4G12300	ortholog_many2many
AUR62027280	110692765	AT4G22690	ortholog_many2many
AUR62003612	110682023	AT5G64660	ortholog_one2many
AUR62003612	110682023	AT3G18710	ortholog_one2many
AUR62003612	110682023	AT5G09800	ortholog_one2many
AUR62007171	110732421	AT5G41150	ortholog_one2many
AUR62009682	110684171	AT1G07060	ortholog_one2many
AUR62006156	110726561	AT1G76750	ortholog_one2one
AUR62003560	110681972	AT1G19025	ortholog_one2one
AUR62000141	110736243	AT5G19440	ortholog_many2many
AUR62000141	110736243	AT1G51410	ortholog_many2many
AUR62014490	110724783	AT1G27630	ortholog_one2many
AUR62038352	110735132	AT3G04020	ortholog_one2one
AUR62005635	110711104	AT1G27320	ortholog_one2one
AUR62028353	110721871	AT4G30700	ortholog_one2many
AUR62035251	110691237	AT1G13330	ortholog_one2many
AUR62035913	110727358	AT2G47880	ortholog_many2many
AUR62035913	110727358	AT2G30540	ortholog_many2many
AUR62035913	110727358	AT3G62960	ortholog_many2many
AUR62035913	110727358	AT1G06830	ortholog_many2many
AUR62007185	110732432	AT4G17616	ortholog_one2many
AUR62001865	110687652	AT2G30230	ortholog_one2many
AUR62001865	110687652	AT1G06980	ortholog_one2many
AUR62001222	110715544	AT2G42160	ortholog_one2one
AUR62038370	110735290	AT1G65520	ortholog_one2many
AUR62000397	110736500	AT1G56423	ortholog_one2many
AUR62001197	110715576	AT3G07420	ortholog_one2one
AUR62001197	110687824	AT3G07420	ortholog_one2one
AUR62002146	110717676	AT3G23300	ortholog_many2many
AUR62002146	110717676	AT1G04430	ortholog_many2many
AUR62002146	110717676	AT4G14360	ortholog_many2many
AUR62011496	110698625	AT1G80460	ortholog_one2many
AUR62028362	110721881	AT5G02850	ortholog_one2many
AUR62001871	110688513	AT2G30210	ortholog_many2many
AUR62001871	110688513	AT5G07130	ortholog_many2many
AUR62013050	110739383	AT4G34970	ortholog_one2many
AUR62013050	110739383	AT2G16700	ortholog_one2many
AUR62013050	110718545	AT4G34970	ortholog_one2many
AUR62013050	110718545	AT2G16700	ortholog_one2many
AUR62043142	110715224	AT1G23130	ortholog_many2many
AUR62043142	110715224	AT5G28000	ortholog_many2many
AUR62043142	110715224	AT1G70890	ortholog_many2many
AUR62043142	110715224	AT1G70840	ortholog_many2many
AUR62043142	110715224	AT1G35310	ortholog_many2many
AUR62043142	110715224	AT1G70860	ortholog_many2many
AUR62043142	110715224	AT1G70850	ortholog_many2many
AUR62043142	110715224	AT1G70880	ortholog_many2many
AUR62043142	110715224	AT1G70830	ortholog_many2many
AUR62043142	110715224	AT1G35260	ortholog_many2many
AUR62043142	110715224	AT5G28010	ortholog_many2many
AUR62043142	110711335	AT1G23130	ortholog_many2many
AUR62043142	110711335	AT5G28000	ortholog_many2many
AUR62043142	110711335	AT1G70890	ortholog_many2many
AUR62043142	110711335	AT1G70840	ortholog_many2many
AUR62043142	110711335	AT1G35310	ortholog_many2many
AUR62043142	110711335	AT1G70860	ortholog_many2many
AUR62043142	110711335	AT1G70850	ortholog_many2many
AUR62043142	110711335	AT1G70880	ortholog_many2many
AUR62043142	110711335	AT1G70830	ortholog_many2many
AUR62043142	110711335	AT1G35260	ortholog_many2many
AUR62043142	110711335	AT5G28010	ortholog_many2many
AUR62043142	110711336	AT1G23130	ortholog_many2many
AUR62043142	110711336	AT5G28000	ortholog_many2many
AUR62043142	110711336	AT1G70890	ortholog_many2many
AUR62043142	110711336	AT1G70840	ortholog_many2many
AUR62043142	110711336	AT1G35310	ortholog_many2many
AUR62043142	110711336	AT1G70860	ortholog_many2many
AUR62043142	110711336	AT1G70850	ortholog_many2many
AUR62043142	110711336	AT1G70880	ortholog_many2many
AUR62043142	110711336	AT1G70830	ortholog_many2many
AUR62043142	110711336	AT1G35260	ortholog_many2many
AUR62043142	110711336	AT5G28010	ortholog_many2many
AUR62032055	110707596	AT3G12145	ortholog_one2one
AUR62021031	110714890	AT3G29010	ortholog_one2many
AUR62044373	110688921	AT1G26870	ortholog_one2many
AUR62009603	110684090	AT3G46450	ortholog_one2many
AUR62022721	110731708	AT2G46620	ortholog_one2many
AUR62001078	110737155	AT3G04570	ortholog_one2one
AUR62002424	110718296	AT5G28530	ortholog_one2many
AUR62008072	110700272	AT5G26710	ortholog_one2many
AUR62003830	110682246	AT2G23590	ortholog_many2many
AUR62003830	110682246	AT2G23620	ortholog_many2many
AUR62003830	110682246	AT2G23600	ortholog_many2many
AUR62017109	110707010	AT5G55830	ortholog_one2many
AUR62034033	110692124	AT3G60150	ortholog_one2many
AUR62034033	110692124	AT2G44525	ortholog_one2many
AUR62043447	110704584	AT3G21430	ortholog_one2many
AUR62043447	110694880	AT3G21430	ortholog_one2many
AUR62016493	110703383	AT4G28580	ortholog_many2many
AUR62016493	110703383	AT3G58970	ortholog_many2many
AUR62000175	110736277	AT5G57160	ortholog_one2one
AUR62004494	110714392	AT3G61770	ortholog_one2many
AUR62016459	110703357	AT3G16060	ortholog_one2many
AUR62028734	110727583	AT5G50160	ortholog_one2many
AUR62006435	110731665	AT3G51550	ortholog_one2many
AUR62021927	110731317	AT1G62250	ortholog_one2one
AUR62001259	110687878	AT5G63190	ortholog_many2many
AUR62001259	110687878	AT3G48390	ortholog_many2many
AUR62001259	110687878	AT4G24800	ortholog_many2many
AUR62006981	110701395	AT5G18490	ortholog_many2many
AUR62006981	110701395	AT3G04350	ortholog_many2many
AUR62029028	110712958	AT5G57035	ortholog_many2many
AUR62029028	110712958	AT2G19410	ortholog_many2many
AUR62029028	110683038	AT5G57035	ortholog_many2many
AUR62029028	110683038	AT2G19410	ortholog_many2many
AUR62002540	110717875	AT1G48300	ortholog_one2many
AUR62002351	110718083	AT2G43430	ortholog_many2many
AUR62002351	110718083	AT2G31350	ortholog_many2many
AUR62002351	110718083	AT1G06130	ortholog_many2many
AUR62023942	110699613	AT2G27830	ortholog_one2many
AUR62022882	110699277	AT2G40116	ortholog_one2one
AUR62009054	110705353	AT3G47130	ortholog_many2many
AUR62009054	110705353	AT3G47150	ortholog_many2many
AUR62009054	110705353	AT3G47140	ortholog_many2many
AUR62028741	110727458	AT5G19100	ortholog_one2many
AUR62035981	110706040	AT3G12360	ortholog_one2one
AUR62035981	110699527	AT3G12360	ortholog_one2one
AUR62020951	110714740	AT3G55060	ortholog_many2many
AUR62020951	110714740	AT2G39300	ortholog_many2many
AUR62014421	110724713	AT1G75640	ortholog_one2many
AUR62018724	110730193	AT4G17800	ortholog_one2many
AUR62007812	110685633	AT2G36970	ortholog_one2many
AUR62036870	110699031	AT1G20560	ortholog_one2many
AUR62028626	110727498	AT3G07550	ortholog_one2many
AUR62027798	110706616	AT1G22410	ortholog_one2many
AUR62029440	110694674	AT3G26900	ortholog_one2many
AUR62000221	110736325	AT2G26780	ortholog_one2many
AUR62014474	110724764	AT1G44970	ortholog_one2many
AUR62037225	110716431	AT3G54570	ortholog_one2many
AUR62037225	110716431	AT2G38800	ortholog_one2many
AUR62037059	110700018	AT5G17770	ortholog_one2one
AUR62042869	110687051	AT3G26680	ortholog_one2many
AUR62003117	110722071	AT1G26560	ortholog_one2many
AUR62008251	110700779	AT2G24840	ortholog_many2many
AUR62008251	110700779	AT1G65360	ortholog_many2many
AUR62008251	110700779	AT1G01530	ortholog_many2many
AUR62008251	110700779	AT4G36590	ortholog_many2many
AUR62008251	110700779	AT5G60440	ortholog_many2many
AUR62014128	110694244	AT1G15130	ortholog_one2many
AUR62033883	110686423	AT2G30440	ortholog_many2many
AUR62033883	110686423	AT1G06870	ortholog_many2many
AUR62016524	110703416	AT4G13010	ortholog_one2many
AUR62016834	110705186	AT2G21280	ortholog_one2one
AUR62027553	110690000	AT1G29520	ortholog_many2many
AUR62027553	110690000	AT5G46530	ortholog_many2many
AUR62021293	110729764	AT5G51720	ortholog_one2one
AUR62009208	110705508	AT5G28450	ortholog_many2many
AUR62009208	110705508	AT3G61470	ortholog_many2many
AUR62007116	110732370	AT4G16770	ortholog_many2many
AUR62007116	110732370	AT4G16765	ortholog_many2many
AUR62003203	110722984	AT4G36820	ortholog_many2many
AUR62003203	110722984	AT5G66650	ortholog_many2many
AUR62003203	110722984	AT2G23790	ortholog_many2many
AUR62026485	110713865	AT5G39970	ortholog_one2many
AUR62002294	110717638	AT1G05950	ortholog_one2one
AUR62033299	110692339	AT4G19750	ortholog_many2many
AUR62033299	110692339	AT4G19770	ortholog_many2many
AUR62033299	110692339	AT4G19740	ortholog_many2many
AUR62033299	110692339	AT4G19730	ortholog_many2many
AUR62033299	110692339	AT4G19810	ortholog_many2many
AUR62033299	110692339	AT4G19760	ortholog_many2many
AUR62033299	110692339	AT4G19720	ortholog_many2many
AUR62033299	110692339	AT4G19820	ortholog_many2many
AUR62033299	110692339	AT4G19800	ortholog_many2many
AUR62025324	110715745	AT2G26210	ortholog_one2one
AUR62028330	110721849	AT5G20850	ortholog_one2many
AUR62028330	110715930	AT5G20850	ortholog_one2many
AUR62016592	110704940	AT5G11090	ortholog_many2many
AUR62016592	110704940	AT5G25280	ortholog_many2many
AUR62016592	110704940	AT5G20370	ortholog_many2many
AUR62041932	110686513	AT1G16680	ortholog_many2many
AUR62041932	110686513	AT1G79030	ortholog_many2many
AUR62035322	110692477	AT3G24020	ortholog_many2many
AUR62035322	110692477	AT4G13580	ortholog_many2many
AUR62008213	110700396	AT4G09810	ortholog_many2many
AUR62008213	110700396	AT1G34020	ortholog_many2many
AUR62003518	110681931	AT3G27050	ortholog_one2one
AUR62036250	110684681	AT5G07140	ortholog_many2many
AUR62036250	110684681	AT5G58520	ortholog_many2many
AUR62003169	110722607	AT4G36650	ortholog_one2many
AUR62031243	110716726	AT5G11980	ortholog_one2many
AUR62026422	110698226	AT2G22620	ortholog_many2many
AUR62026422	110698226	AT4G37950	ortholog_many2many
AUR62026422	110698226	AT1G65210	ortholog_many2many
AUR62026422	110698226	AT4G38030	ortholog_many2many
AUR62022579	110731547	AT2G45970	ortholog_many2many
AUR62022579	110731547	AT4G00360	ortholog_many2many
AUR62022579	110731547	AT1G01600	ortholog_many2many
AUR62007198	110732445	AT4G17660	ortholog_many2many
AUR62007198	110732445	AT5G47070	ortholog_many2many
AUR62013573	110725867	AT1G43670	ortholog_one2one
AUR62024600	110732993	AT4G01935	ortholog_one2many
AUR62015364	110689233	AT3G58020	ortholog_many2many
AUR62015364	110689233	AT2G42080	ortholog_many2many
AUR62015364	110689233	AT2G42065	ortholog_many2many
AUR62043056	110682878	AT3G27925	ortholog_one2many
AUR62016932	110706750	AT3G47130	ortholog_many2many
AUR62016932	110706750	AT3G47150	ortholog_many2many
AUR62016932	110706750	AT3G47140	ortholog_many2many
AUR62038483	110712632	AT5G04240	ortholog_one2many
AUR62029102	110730820	AT5G28530	ortholog_one2many
AUR62016880	110704892	AT4G34800	ortholog_one2many
AUR62022383	110696533	AT5G07840	ortholog_many2many
AUR62022383	110696533	AT5G61230	ortholog_many2many
AUR62020779	110710196	AT3G49080	ortholog_one2many
AUR62001814	110688451	AT5G59300	ortholog_many2many
AUR62001814	110688451	AT3G46460	ortholog_many2many
AUR62043613	110729796	AT2G18040	ortholog_one2many
AUR62006325	110730705	AT1G16010	ortholog_many2many
AUR62006325	110730705	AT1G80900	ortholog_many2many
AUR62008690	110727924	AT1G02810	ortholog_many2many
AUR62008690	110727924	AT4G02330	ortholog_many2many
AUR62008690	110727924	AT2G47550	ortholog_many2many
AUR62017259	110702474	AT5G41190	ortholog_one2one
AUR62019615	110737828	AT5G14680	ortholog_many2many
AUR62019615	110737828	AT3G01520	ortholog_many2many
AUR62002064	110717359	AT1G65060	ortholog_one2one
AUR62008599	110727843	AT1G02940	ortholog_many2many
AUR62008599	110727843	AT1G02930	ortholog_many2many
AUR62008599	110727843	AT2G02930	ortholog_many2many
AUR62008599	110727843	AT1G02920	ortholog_many2many
AUR62008599	110727843	AT1G49860	ortholog_many2many
AUR62008599	110727843	AT4G02520	ortholog_many2many
AUR62008599	110727843	AT2G47730	ortholog_many2many
AUR62008599	110727843	AT1G02950	ortholog_many2many
AUR62009444	110705735	AT3G02350	ortholog_one2many
AUR62026375	110713653	AT3G51400	ortholog_many2many
AUR62026375	110713653	AT4G35720	ortholog_many2many
AUR62026375	110698148	AT3G51400	ortholog_many2many
AUR62026375	110698148	AT4G35720	ortholog_many2many
AUR62019046	110709753	AT1G44760	ortholog_one2many
AUR62001562	110688172	AT3G02530	ortholog_many2many
AUR62001562	110688172	AT5G16070	ortholog_many2many
AUR62000121	110736220	AT3G20890	ortholog_one2one
AUR62040719	110722324	AT5G60020	ortholog_one2many
AUR62040764	110696668	AT4G19880	ortholog_many2many
AUR62040764	110696668	AT5G45020	ortholog_many2many
AUR62040764	110696668	AT5G44990	ortholog_many2many
AUR62032608	110718349	AT5G51795	ortholog_many2many
AUR62032608	110718349	AT1G55460	ortholog_many2many
AUR62009678	110684167	AT2G30150	ortholog_many2many
AUR62009678	110684167	AT2G30140	ortholog_many2many
AUR62004659	110714283	AT1G34380	ortholog_one2many
AUR62019137	110709847	AT4G13770	ortholog_one2many
AUR62016731	110705075	AT4G34460	ortholog_one2many
AUR62016731	110698472	AT4G34460	ortholog_one2many
AUR62017034	110706927	AT2G21740	ortholog_one2many
AUR62017034	110706927	AT2G21750	ortholog_one2many
AUR62017034	110706927	AT4G39340	ortholog_one2many
AUR62017034	110706927	AT5G64720	ortholog_one2many
AUR62000227	110736332	AT2G26760	ortholog_one2many
AUR62029685	110690643	AT5G01810	ortholog_one2many
AUR62022878	110699274	AT2G40080	ortholog_one2many
AUR62000945	110737022	AT1G25230	ortholog_one2many
AUR62000945	110737022	AT2G01890	ortholog_one2many
AUR62000945	110737022	AT1G14700	ortholog_one2many
AUR62042018	110738255	AT4G02050	ortholog_one2many
AUR62011510	110698641	AT1G80030	ortholog_one2many
AUR62029223	110730936	AT3G57120	ortholog_one2many
AUR62019605	110737818	AT1G78650	ortholog_one2many
AUR62008795	110728016	AT5G43960	ortholog_one2many
AUR62008795	110689710	AT5G43960	ortholog_one2many
AUR62019903	110722755	AT4G10760	ortholog_one2many
AUR62038289	110738101	AT5G22740	ortholog_one2many
AUR62002671	110701097	AT3G04840	ortholog_many2many
AUR62002671	110701097	AT4G34670	ortholog_many2many
AUR62002671	110690707	AT3G04840	ortholog_many2many
AUR62002671	110690707	AT4G34670	ortholog_many2many
AUR62030275	110710558	AT3G56640	ortholog_one2many
AUR62001369	110687991	AT1G49820	ortholog_one2many
AUR62039807	110730394	AT5G15240	ortholog_one2many
AUR62025041	110711843	AT1G07890	ortholog_one2many
AUR62025041	110701606	AT1G07890	ortholog_one2many
AUR62033631	110713460	AT4G15560	ortholog_many2many
AUR62033631	110713460	AT3G21500	ortholog_many2many
AUR62041519	110726173	AT3G52220	ortholog_one2one
AUR62007556	110685782	AT4G01790	ortholog_one2many
AUR62000806	110736894	AT4G15730	ortholog_one2one
AUR62000220	110736320	AT2G44820	ortholog_one2many
AUR62014302	110724589	AT5G04930	ortholog_one2one
AUR62028968	110682981	AT1G79310	ortholog_many2many
AUR62028968	110682981	AT1G79320	ortholog_many2many
AUR62028968	110682981	AT1G79330	ortholog_many2many
AUR62028968	110682981	AT1G16420	ortholog_many2many
AUR62028968	110682981	AT1G79340	ortholog_many2many
AUR62035928	110727371	AT3G24030	ortholog_one2many
AUR62018323	110735235	AT3G28480	ortholog_many2many
AUR62018323	110735235	AT3G28490	ortholog_many2many
AUR62038798	110724362	AT1G27740	ortholog_many2many
AUR62038798	110724362	AT5G43175	ortholog_many2many
AUR62025373	110715734	AT2G24090	ortholog_one2many
AUR62029161	110730880	AT5G22920	ortholog_one2one
AUR62041949	110704022	AT1G07410	ortholog_one2many
AUR62041949	110704022	AT3G46830	ortholog_one2many
AUR62041949	110704022	AT5G59150	ortholog_one2many
AUR62041949	110704022	AT4G08190	ortholog_one2many
AUR62041949	110695632	AT1G07410	ortholog_one2many
AUR62041949	110695632	AT3G46830	ortholog_one2many
AUR62041949	110695632	AT5G59150	ortholog_one2many
AUR62041949	110695632	AT4G08190	ortholog_one2many
AUR62001628	110688243	AT2G30000	ortholog_many2many
AUR62001628	110688243	AT1G07170	ortholog_many2many
AUR62001628	110683483	AT2G30000	ortholog_many2many
AUR62001628	110683483	AT1G07170	ortholog_many2many
AUR62028698	110727556	AT5G48460	ortholog_one2many
AUR62006524	110700946	AT1G07960	ortholog_one2one
AUR62021588	110726366	AT5G07920	ortholog_one2one
AUR62021588	110700675	AT5G07920	ortholog_one2one
AUR62037757	110738978	AT4G30080	ortholog_one2many
AUR62021677	110726451	AT1G74680	ortholog_one2many
AUR62019935	110722783	AT1G32760	ortholog_many2many
AUR62019935	110722783	AT4G10630	ortholog_many2many
AUR62001566	110688177	AT3G22190	ortholog_one2many
AUR62035018	110720029	AT1G75800	ortholog_one2many
AUR62035018	110720029	AT1G20030	ortholog_one2many
AUR62036260	110688805	AT3G51500	ortholog_one2many
AUR62000097	110736192	AT3G20860	ortholog_one2one
AUR62000097	110696003	AT3G20860	ortholog_one2one
AUR62037244	110716588	AT4G31560	ortholog_one2one
AUR62016280	110703579	AT2G21940	ortholog_many2many
AUR62016280	110703579	AT4G39540	ortholog_many2many
AUR62016280	110703199	AT2G21940	ortholog_many2many
AUR62016280	110703199	AT4G39540	ortholog_many2many
AUR62041946	110704019	AT1G03600	ortholog_one2one
AUR62013952	110694088	AT1G53500	ortholog_many2many
AUR62013952	110694088	AT1G78570	ortholog_many2many
AUR62013952	110694088	AT3G14790	ortholog_many2many
AUR62007287	110732537	AT5G46800	ortholog_one2many
AUR62007113	110732365	AT1G73010	ortholog_many2many
AUR62007113	110732365	AT1G17710	ortholog_many2many
AUR62034644	110697876	AT1G03020	ortholog_many2many
AUR62034644	110697876	AT3G62930	ortholog_many2many
AUR62025639	110726727	AT4G31480	ortholog_many2many
AUR62025639	110726727	AT4G31490	ortholog_many2many
AUR62018212	110735135	AT1G70750	ortholog_many2many
AUR62018212	110735135	AT5G16720	ortholog_many2many
AUR62008823	110728040	AT5G40670	ortholog_one2many
AUR62016526	110703417	AT4G13020	ortholog_one2many
AUR62018696	110730161	AT5G46840	ortholog_one2many
AUR62015241	110689125	AT1G04530	ortholog_one2many
AUR62004413	110714256	AT2G46110	ortholog_many2many
AUR62004413	110714256	AT3G61530	ortholog_many2many
AUR62032788	110706287	AT1G14210	ortholog_one2many
AUR62024182	110712402	AT1G67710	ortholog_one2many
AUR62022946	110699333	AT5G05460	ortholog_one2many
AUR62022946	110699333	AT3G11040	ortholog_one2many
AUR62003060	110721421	AT2G14920	ortholog_many2many
AUR62003060	110721421	AT1G28170	ortholog_many2many
AUR62003060	110721421	AT2G03770	ortholog_many2many
AUR62003060	110721421	AT2G03750	ortholog_many2many
AUR62003060	110721421	AT1G13420	ortholog_many2many
AUR62003060	110721421	AT5G43690	ortholog_many2many
AUR62003060	110721421	AT2G03760	ortholog_many2many
AUR62003060	110721421	AT1G13430	ortholog_many2many
AUR62003060	110721421	AT4G26280	ortholog_many2many
AUR62003060	110721421	AT2G27570	ortholog_many2many
AUR62003060	110721421	AT3G45080	ortholog_many2many
AUR62003060	110721421	AT3G45070	ortholog_many2many
AUR62021188	110729663	AT3G53970	ortholog_one2many
AUR62021188	110729663	AT1G48530	ortholog_one2many
AUR62027985	110683773	AT2G07170	ortholog_one2many
AUR62037044	110731025	AT3G52500	ortholog_one2many
AUR62013941	110694075	AT1G78560	ortholog_one2many
AUR62003264	110723559	AT4G40060	ortholog_many2many
AUR62003264	110723559	AT5G65310	ortholog_many2many
AUR62003264	110723559	AT2G22430	ortholog_many2many
AUR62039667	110722234	AT5G08120	ortholog_one2one
AUR62039202	110690312	AT3G05930	ortholog_many2many
AUR62039202	110690312	AT5G26700	ortholog_many2many
AUR62021642	110726417	AT5G07710	ortholog_many2many
AUR62021642	110726417	AT5G61390	ortholog_many2many
AUR62021642	110726417	AT1G74390	ortholog_many2many
AUR62038558	110739157	AT1G71260	ortholog_one2many
AUR62038558	110739147	AT1G71260	ortholog_one2many
AUR62000090	110736182	AT5G12960	ortholog_many2many
AUR62000090	110736182	AT5G12950	ortholog_many2many
AUR62028363	110721882	AT2G19160	ortholog_many2many
AUR62028363	110721882	AT4G30060	ortholog_many2many
AUR62028363	110721882	AT4G25870	ortholog_many2many
AUR62028363	110721882	AT5G57270	ortholog_many2many
AUR62028363	110715740	AT2G19160	ortholog_many2many
AUR62028363	110715740	AT4G30060	ortholog_many2many
AUR62028363	110715740	AT4G25870	ortholog_many2many
AUR62028363	110715740	AT5G57270	ortholog_many2many
AUR62014638	110693467	AT4G38830	ortholog_one2many
AUR62015272	110689156	AT3G16720	ortholog_one2many
AUR62037787	110739003	AT2G47990	ortholog_one2many
AUR62002134	110717865	AT2G31200	ortholog_one2many
AUR62002134	110689434	AT2G31200	ortholog_one2many
AUR62001799	110688433	AT2G28840	ortholog_one2many
AUR62013663	110721458	AT1G51270	ortholog_many2many
AUR62013663	110721458	AT2G23830	ortholog_many2many
AUR62013663	110721458	AT2G45140	ortholog_many2many
AUR62037322	110715635	AT1G68300	ortholog_one2many
AUR62033500	110729320	AT1G66340	ortholog_one2one
AUR62002525	110717571	AT3G17590	ortholog_one2many
AUR62042666	110684707	AT3G12345	ortholog_one2many
AUR62020592	110710156	AT2G26330	ortholog_one2many
AUR62020592	110705369	AT2G26330	ortholog_one2many
AUR62004126	110714641	AT3G60415	ortholog_many2many
AUR62004126	110714641	AT3G60440	ortholog_many2many
AUR62004126	110714641	AT3G60420	ortholog_many2many
AUR62004126	110714641	AT3G60450	ortholog_many2many
AUR62007249	110732504	AT5G41270	ortholog_one2many
AUR62040628	110709174	AT1G80890	ortholog_many2many
AUR62040628	110709174	AT1G16000	ortholog_many2many
AUR62004439	110714220	AT4G01150	ortholog_one2many
AUR62019104	110709601	AT5G23610	ortholog_one2one
AUR62007614	110685842	AT3G26750	ortholog_one2many
AUR62004320	110714328	AT5G17620	ortholog_one2many
AUR62005795	110712613	AT1G14210	ortholog_one2many
AUR62035027	110720036	AT1G60500	ortholog_many2many
AUR62035027	110720036	AT1G60530	ortholog_many2many
AUR62027160	110739068	AT5G64816	ortholog_one2many
AUR62027160	110692654	AT5G64816	ortholog_one2many
AUR62026463	110713667	AT1G68050	ortholog_one2many
AUR62031668	110727088	AT3G10840	ortholog_one2many
AUR62042405	110712751	AT1G61750	ortholog_one2many
AUR62035749	110688726	AT1G75720	ortholog_one2many
AUR62013019	110739151	AT2G20940	ortholog_one2one
AUR62039561	110699958	AT1G71090	ortholog_one2many
AUR62023299	110720394	AT1G48830	ortholog_many2many
AUR62023299	110720394	AT3G02560	ortholog_many2many
AUR62023299	110720394	AT5G16130	ortholog_many2many
AUR62023375	110720472	AT5G05370	ortholog_many2many
AUR62023375	110720472	AT3G10860	ortholog_many2many
AUR62014422	110724714	AT1G28350	ortholog_many2many
AUR62014422	110724714	AT2G33840	ortholog_many2many
AUR62003155	110722501	AT5G65770	ortholog_many2many
AUR62003155	110722501	AT5G65780	ortholog_many2many
AUR62011465	110698608	AT5G22210	ortholog_one2many
AUR62004574	110714304	AT1G01050	ortholog_many2many
AUR62004574	110714304	AT4G01480	ortholog_many2many
AUR62004574	110714304	AT2G46860	ortholog_many2many
AUR62022881	110699459	AT3G42150	ortholog_many2many
AUR62022881	110699459	AT1G21930	ortholog_many2many
AUR62022881	110698559	AT3G42150	ortholog_many2many
AUR62022881	110698559	AT1G21930	ortholog_many2many
AUR62008853	110728067	AT2G20240	ortholog_many2many
AUR62008853	110728067	AT4G28760	ortholog_many2many
AUR62008853	110728067	AT5G43880	ortholog_many2many
AUR62014052	110694169	AT1G60420	ortholog_one2many
AUR62025650	110726737	AT3G21150	ortholog_one2many
AUR62029094	110730752	AT5G48170	ortholog_one2one
AUR62038818	110724434	AT4G29830	ortholog_one2many
AUR62043132	110706209	AT4G19670	ortholog_one2many
AUR62041661	110711261	AT4G33800	ortholog_one2many
AUR62031255	110716612	AT4G29530	ortholog_one2many
AUR62003673	110681782	AT5G65520	ortholog_one2one
AUR62005530	110710012	AT5G63180	ortholog_many2many
AUR62005530	110710012	AT1G67750	ortholog_many2many
AUR62002169	110717785	AT3G23440	ortholog_one2many
AUR62008013	110686210	AT3G28270	ortholog_many2many
AUR62008013	110686210	AT3G28300	ortholog_many2many
AUR62008013	110686210	AT5G66670	ortholog_many2many
AUR62008013	110686210	AT5G66675	ortholog_many2many
AUR62008013	110686210	AT3G28290	ortholog_many2many
AUR62008013	110686210	AT2G18630	ortholog_many2many
AUR62008013	110686210	AT5G66660	ortholog_many2many
AUR62008013	110686210	AT3G48640	ortholog_many2many
AUR62008013	110686210	AT3G28320	ortholog_many2many
AUR62044026	110703582	AT3G59280	ortholog_one2many
AUR62044026	110703201	AT3G59280	ortholog_one2many
AUR62008243	110700419	AT4G11130	ortholog_one2one
AUR62016758	110705110	AT4G34550	ortholog_many2many
AUR62016758	110705110	AT2G16365	ortholog_many2many
AUR62014317	110724605	AT1G44170	ortholog_one2one
AUR62003043	110721236	AT1G13610	ortholog_one2many
AUR62004414	110714277	AT3G61540	ortholog_one2many
AUR62025554	110689933	AT1G02810	ortholog_many2many
AUR62025554	110689933	AT4G02330	ortholog_many2many
AUR62025554	110689933	AT2G47550	ortholog_many2many
AUR62027309	110692795	AT3G46940	ortholog_one2many
AUR62026219	110713813	AT4G35790	ortholog_one2many
AUR62026219	110697985	AT4G35790	ortholog_one2many
AUR62017281	110702492	AT5G07250	ortholog_one2one
AUR62031452	110693962	AT4G28000	ortholog_many2many
AUR62031452	110693962	AT5G52882	ortholog_many2many
AUR62038709	110730704	AT2G14740	ortholog_many2many
AUR62038709	110730704	AT2G14720	ortholog_many2many
AUR62000663	110736762	AT2G02350	ortholog_many2many
AUR62000663	110736762	AT2G02310	ortholog_many2many
AUR62000663	110736762	AT2G02360	ortholog_many2many
AUR62000663	110736762	AT2G02340	ortholog_many2many
AUR62000663	110736762	AT2G02250	ortholog_many2many
AUR62000663	110736762	AT2G02320	ortholog_many2many
AUR62000663	110736762	AT2G02280	ortholog_many2many
AUR62000663	110736762	AT2G02230	ortholog_many2many
AUR62000663	110736762	AT2G02300	ortholog_many2many
AUR62000663	110736762	AT2G02240	ortholog_many2many
AUR62026151	110707385	AT1G80870	ortholog_one2many
AUR62000828	110736921	AT5G27560	ortholog_one2one
AUR62003641	110695218	AT4G24630	ortholog_one2many
AUR62003641	110695218	AT5G50020	ortholog_one2many
AUR62003641	110682059	AT4G24630	ortholog_one2many
AUR62003641	110682059	AT5G50020	ortholog_one2many
AUR62020438	110723843	AT5G54940	ortholog_one2one
AUR62020438	110720955	AT5G54940	ortholog_one2one
AUR62001893	110688531	AT5G58490	ortholog_one2many
AUR62022939	110699328	AT2G35120	ortholog_one2one
AUR62038702	110730699	AT1G70750	ortholog_many2many
AUR62038702	110730699	AT5G16720	ortholog_many2many
AUR62004273	110714100	AT3G53900	ortholog_one2many
AUR62004273	110685382	AT3G53900	ortholog_one2many
AUR62011685	110698813	AT1G79810	ortholog_one2many
AUR62008699	110727927	AT4G02280	ortholog_one2many
AUR62029180	110730894	AT2G28130	ortholog_one2one
AUR62007909	110686109	AT1G69250	ortholog_many2many
AUR62007909	110686109	AT3G55540	ortholog_many2many
AUR62007909	110686109	AT1G13730	ortholog_many2many
AUR62007909	110686109	AT2G03640	ortholog_many2many
AUR62016853	110705202	AT4G34730	ortholog_one2one
AUR62024293	110712582	AT1G23310	ortholog_many2many
AUR62024293	110712582	AT1G70580	ortholog_many2many
AUR62020297	110720839	AT2G24640	ortholog_one2many
AUR62020297	110720839	AT4G31670	ortholog_one2many
AUR62043801	110732192	AT3G55070	ortholog_one2many
AUR62037640	110722394	AT1G16280	ortholog_one2many
AUR62019003	110709708	AT5G49970	ortholog_one2many
AUR62034382	110682815	AT3G55490	ortholog_many2many
AUR62034382	110682815	AT1G19080	ortholog_many2many
AUR62039783	110730374	AT3G09670	ortholog_many2many
AUR62039783	110730374	AT5G02950	ortholog_many2many
AUR62021658	110726433	AT2G36970	ortholog_one2many
AUR62026323	110698092	AT1G24170	ortholog_many2many
AUR62026323	110698092	AT1G70090	ortholog_many2many
AUR62002632	110717882	AT3G06190	ortholog_one2many
AUR62002632	110717882	AT5G19000	ortholog_one2many
AUR62032092	110707560	AT5G40190	ortholog_one2many
AUR62032092	110707560	AT3G28140	ortholog_one2many
AUR62011857	110734347	AT1G03900	ortholog_one2many
AUR62023776	110738712	AT3G59780	ortholog_one2many
AUR62023776	110717360	AT3G59780	ortholog_one2many
AUR62008148	110700327	AT3G11330	ortholog_many2many
AUR62008148	110700327	AT5G05850	ortholog_many2many
AUR62036429	110735484	AT5G55610	ortholog_one2many
AUR62019425	110737490	AT5G22410	ortholog_one2many
AUR62027864	110706683	AT5G58260	ortholog_one2many
AUR62013329	110725612	AT3G15810	ortholog_one2many
AUR62013329	110725612	AT1G80120	ortholog_one2many
AUR62009402	110705695	AT3G53170	ortholog_one2one
AUR62037165	110740329	AT5G60190	ortholog_one2many
AUR62040455	110697678	AT2G32630	ortholog_one2one
AUR62019094	110709795	AT4G24510	ortholog_one2many
AUR62043639	110702247	AT5G63220	ortholog_one2many
AUR62028938	110682967	AT2G06025	ortholog_one2many
AUR62008285	110700462	AT1G74920	ortholog_one2many
AUR62019665	110737594	AT3G14760	ortholog_one2many
AUR62038690	110730688	AT1G66360	ortholog_many2many
AUR62038690	110730688	AT5G37740	ortholog_many2many
AUR62002467	110717586	AT1G05630	ortholog_many2many
AUR62002467	110717586	AT2G43900	ortholog_many2many
AUR62002467	110717586	AT2G31830	ortholog_many2many
AUR62038516	110739112	AT4G08910	ortholog_many2many
AUR62038516	110739112	AT1G22250	ortholog_many2many
AUR62038516	110739112	AT1G78170	ortholog_many2many
AUR62001012	110737093	AT5G28840	ortholog_one2one
AUR62001012	110708427	AT5G28840	ortholog_one2one
AUR62039336	110732056	AT1G10060	ortholog_many2many
AUR62039336	110732056	AT1G10070	ortholog_many2many
AUR62041936	110709380	AT4G31850	ortholog_one2many
AUR62041936	110686517	AT4G31850	ortholog_one2many
AUR62023259	110720349	AT1G66680	ortholog_one2one
AUR62013112	110739973	AT5G64160	ortholog_one2one
AUR62038667	110730667	AT5G15380	ortholog_many2many
AUR62038667	110730667	AT5G14620	ortholog_many2many
AUR62022550	110731522	AT2G45870	ortholog_many2many
AUR62022550	110731522	AT3G61320	ortholog_many2many
AUR62023332	110720427	AT2G43030	ortholog_one2many
AUR62019600	110737813	AT3G13050	ortholog_one2many
AUR62004314	110713881	AT4G00570	ortholog_one2many
AUR62039205	110737653	AT3G15350	ortholog_many2many
AUR62039205	110737653	AT4G27480	ortholog_many2many
AUR62039205	110737653	AT1G53100	ortholog_many2many
AUR62039205	110690314	AT3G15350	ortholog_many2many
AUR62039205	110690314	AT4G27480	ortholog_many2many
AUR62039205	110690314	AT1G53100	ortholog_many2many
AUR62007297	110732551	AT3G12290	ortholog_one2many
AUR62042761	110692622	AT2G34670	ortholog_one2many
AUR62014165	110694401	AT5G50960	ortholog_one2many
AUR62005952	110727281	AT1G04635	ortholog_one2one
AUR62025522	110739077	AT1G02780	ortholog_many2many
AUR62025522	110739077	AT4G02230	ortholog_many2many
AUR62025522	110727939	AT1G02780	ortholog_many2many
AUR62025522	110727939	AT4G02230	ortholog_many2many
AUR62025522	110705894	AT1G02780	ortholog_many2many
AUR62025522	110705894	AT4G02230	ortholog_many2many
AUR62025522	110689789	AT1G02780	ortholog_many2many
AUR62025522	110689789	AT4G02230	ortholog_many2many
AUR62005550	110710253	AT1G67710	ortholog_one2many
AUR62007955	110686155	AT2G03420	ortholog_one2many
AUR62019101	110709804	AT5G49690	ortholog_one2many
AUR62013704	110721500	AT2G45010	ortholog_one2many
AUR62043210	110688661	AT1G45207	ortholog_one2many
AUR62021081	110729555	AT5G52880	ortholog_one2many
AUR62025530	110689794	AT1G02790	ortholog_one2many
AUR62007387	110732652	AT5G45410	ortholog_one2many
AUR62002128	110718146	AT2G32830	ortholog_one2many
AUR62007979	110686172	AT3G50660	ortholog_one2many
AUR62018282	110735207	AT1G20190	ortholog_one2many
AUR62023365	110720461	AT2G44620	ortholog_one2many
AUR62029120	110730834	AT4G12730	ortholog_one2one
AUR62020210	110683551	AT1G08465	ortholog_one2many
AUR62022488	110696619	AT1G45688	ortholog_many2many
AUR62022488	110696619	AT5G42860	ortholog_many2many
AUR62009702	110684193	AT3G45770	ortholog_one2many
AUR62033635	110713339	AT4G14890	ortholog_one2one
AUR62006571	110701005	AT2G26770	ortholog_one2many
AUR62040234	110717101	AT5G67570	ortholog_one2many
AUR62008647	110739233	AT2G47710	ortholog_one2many
AUR62008647	110727884	AT2G47710	ortholog_one2many
AUR62004178	110714094	AT5G13930	ortholog_one2many
AUR62032029	110707509	AT5G19760	ortholog_one2many
AUR62009307	110705601	AT5G11550	ortholog_one2one
AUR62031907	110729860	AT1G79760	ortholog_one2one
AUR62035781	110728789	AT1G29850	ortholog_one2many
AUR62011391	110698531	AT2G15970	ortholog_one2many
AUR62003305	110724051	AT2G21940	ortholog_many2many
AUR62003305	110724051	AT4G39540	ortholog_many2many
AUR62042741	110695688	AT2G45580	ortholog_many2many
AUR62042741	110695688	AT2G45550	ortholog_many2many
AUR62042741	110695688	AT2G45570	ortholog_many2many
AUR62042741	110695688	AT3G61040	ortholog_many2many
AUR62042741	110695688	AT3G61035	ortholog_many2many
AUR62042741	110695688	AT1G33730	ortholog_many2many
AUR62042741	110695688	AT2G45560	ortholog_many2many
AUR62042741	110695688	AT1G33720	ortholog_many2many
AUR62044331	110710094	AT2G36895	ortholog_one2many
AUR62044331	110709925	AT2G36895	ortholog_one2many
AUR62003442	110681846	AT3G01930	ortholog_one2many
AUR62020762	110710380	AT3G52270	ortholog_one2many
AUR62020714	110710195	AT2G30520	ortholog_one2many
AUR62016368	110703263	AT1G15390	ortholog_one2many
AUR62021638	110726415	AT4G12790	ortholog_one2many
AUR62008549	110700723	AT3G16640	ortholog_one2many
AUR62003645	110682063	AT4G39380	ortholog_one2one
AUR62035325	110692482	AT5G25900	ortholog_one2many
AUR62042908	110711111	AT1G20770	ortholog_one2one
AUR62001491	110688099	AT1G17460	ortholog_many2many
AUR62001491	110688099	AT1G72650	ortholog_many2many
AUR62041708	110711424	AT1G16340	ortholog_many2many
AUR62041708	110711424	AT1G79500	ortholog_many2many
AUR62041708	110693345	AT1G16340	ortholog_many2many
AUR62041708	110693345	AT1G79500	ortholog_many2many
AUR62033870	110686405	AT5G42650	ortholog_one2many
AUR62032847	110706381	AT3G11810	ortholog_many2many
AUR62032847	110706381	AT2G03330	ortholog_many2many
AUR62020741	110710353	AT4G31170	ortholog_many2many
AUR62020741	110710353	AT2G24360	ortholog_many2many
AUR62027117	110740088	AT3G51010	ortholog_one2many
AUR62016276	110703194	AT2G21970	ortholog_one2many
AUR62006438	110731699	AT3G08680	ortholog_one2many
AUR62018393	110711520	AT4G16440	ortholog_one2many
AUR62018393	110710526	AT4G16440	ortholog_one2many
AUR62006371	110731027	AT3G51620	ortholog_one2many
AUR62038010	110702183	AT3G51160	ortholog_many2many
AUR62038010	110702183	AT5G66280	ortholog_many2many
AUR62027364	110716984	AT4G24220	ortholog_one2one
AUR62016346	110703245	AT1G52560	ortholog_one2many
AUR62018343	110711789	AT3G20540	ortholog_many2many
AUR62018343	110711789	AT1G50840	ortholog_many2many
AUR62025143	110712034	AT2G41510	ortholog_one2many
AUR62017387	110702592	AT1G12330	ortholog_one2one
AUR62000496	110736602	AT5G64030	ortholog_one2many
AUR62022933	110699324	AT4G19180	ortholog_one2one
AUR62025591	110726677	AT1G50400	ortholog_many2many
AUR62025591	110726677	AT3G20000	ortholog_many2many
AUR62002019	110717437	AT4G39740	ortholog_one2many
AUR62021726	110726493	AT5G62550	ortholog_one2many
AUR62031895	110729926	AT3G16330	ortholog_many2many
AUR62031895	110729926	AT1G52140	ortholog_many2many
AUR62001684	110688299	AT3G47060	ortholog_many2many
AUR62001684	110688299	AT5G58870	ortholog_many2many
AUR62001684	110683421	AT3G47060	ortholog_many2many
AUR62001684	110683421	AT5G58870	ortholog_many2many
AUR62006845	110736603	AT5G63960	ortholog_one2many
AUR62006845	110701270	AT5G63960	ortholog_one2many
AUR62028267	110721792	AT2G05840	ortholog_many2many
AUR62028267	110721792	AT5G35590	ortholog_many2many
AUR62015422	110689280	AT4G25640	ortholog_one2many
AUR62004084	110682520	AT5G66480	ortholog_many2many
AUR62004084	110682520	AT3G50910	ortholog_many2many
AUR62016543	110703440	AT4G10260	ortholog_one2many
AUR62023233	110720325	AT3G03440	ortholog_one2one
AUR62027065	110740027	AT4G33670	ortholog_one2many
AUR62037102	110700063	AT1G05850	ortholog_one2many
AUR62034712	110684775	AT1G05440	ortholog_one2many
AUR62029772	110690712	AT1G61670	ortholog_many2many
AUR62029772	110690712	AT1G10980	ortholog_many2many
AUR62037024	110730998	AT5G03940	ortholog_one2many
AUR62038692	110735366	AT5G59690	ortholog_one2one
AUR62038692	110735128	AT5G59690	ortholog_one2one
AUR62038692	110735129	AT5G59690	ortholog_one2one
AUR62038692	110733806	AT5G59690	ortholog_one2one
AUR62038692	110732262	AT5G59690	ortholog_one2one
AUR62038692	110732263	AT5G59690	ortholog_one2one
AUR62038692	110730690	AT5G59690	ortholog_one2one
AUR62038692	110730691	AT5G59690	ortholog_one2one
AUR62038692	110722730	AT5G59690	ortholog_one2one
AUR62038692	110722731	AT5G59690	ortholog_one2one
AUR62038692	110707432	AT5G59690	ortholog_one2one
AUR62038692	110704809	AT5G59690	ortholog_one2one
AUR62038692	110689182	AT5G59690	ortholog_one2one
AUR62038692	110688458	AT5G59690	ortholog_one2one
AUR62038692	110684094	AT5G59690	ortholog_one2one
AUR62038692	110681639	AT5G59690	ortholog_one2one
AUR62000713	110736804	AT4G39630	ortholog_one2one
AUR62005770	110712400	AT1G26850	ortholog_one2one
AUR62017756	110702142	AT3G07930	ortholog_one2many
AUR62004096	110682606	AT4G05380	ortholog_many2many
AUR62004096	110682606	AT1G43910	ortholog_many2many
AUR62039199	110690309	AT1G53140	ortholog_one2many
AUR62035725	110688700	AT3G27230	ortholog_one2many
AUR62035725	110688700	AT5G40830	ortholog_one2many
AUR62016817	110705172	AT2G16460	ortholog_one2one
AUR62018791	110730253	AT5G47020	ortholog_one2many
AUR62030555	110704409	AT1G14790	ortholog_one2many
AUR62000838	110736055	AT1G54860	ortholog_one2one
AUR62036052	110700153	AT4G08140	ortholog_one2many
AUR62036052	110683996	AT4G08140	ortholog_one2many
AUR62018494	110711772	AT1G10810	ortholog_many2many
AUR62018494	110711772	AT1G60730	ortholog_many2many
AUR62018494	110711772	AT1G60680	ortholog_many2many
AUR62018494	110711772	AT1G60690	ortholog_many2many
AUR62018494	110711772	AT1G60710	ortholog_many2many
AUR62018494	110711772	AT1G60750	ortholog_many2many
AUR62029472	110694708	AT5G66190	ortholog_one2many
AUR62027746	110706569	AT1G78150	ortholog_many2many
AUR62027746	110706569	AT1G35780	ortholog_many2many
AUR62002259	110718200	AT3G23150	ortholog_many2many
AUR62002259	110718200	AT1G04310	ortholog_many2many
AUR62002079	110717502	AT3G02980	ortholog_one2many
AUR62002079	110717502	AT5G16800	ortholog_one2many
AUR62002079	110693033	AT3G02980	ortholog_one2many
AUR62002079	110693033	AT5G16800	ortholog_one2many
AUR62029397	110694630	AT4G31100	ortholog_many2many
AUR62029397	110694630	AT1G16120	ortholog_many2many
AUR62029397	110694630	AT1G79680	ortholog_many2many
AUR62029397	110694630	AT1G16110	ortholog_many2many
AUR62029397	110694630	AT1G16260	ortholog_many2many
AUR62029397	110694630	AT1G16150	ortholog_many2many
AUR62029397	110694630	AT1G17910	ortholog_many2many
AUR62029397	110694630	AT4G31110	ortholog_many2many
AUR62029397	110694630	AT1G16130	ortholog_many2many
AUR62029397	110694630	AT1G19390	ortholog_many2many
AUR62029397	110694630	AT1G79670	ortholog_many2many
AUR62029397	110694630	AT1G16160	ortholog_many2many
AUR62029397	110694630	AT1G69730	ortholog_many2many
AUR62024653	110733046	AT4G02030	ortholog_one2many
AUR62035272	110691255	AT1G13310	ortholog_one2many
AUR62020113	110683441	AT4G21010	ortholog_many2many
AUR62020113	110683441	AT4G20330	ortholog_many2many
AUR62042678	110697737	AT4G03415	ortholog_one2many
AUR62042678	110697737	AT1G03590	ortholog_one2many
AUR62024679	110733075	AT5G44360	ortholog_many2many
AUR62024679	110733075	AT4G20860	ortholog_many2many
AUR62039116	110728371	AT1G66080	ortholog_one2many
AUR62014739	110693544	AT4G21580	ortholog_one2many
AUR62007625	110685855	AT5G55490	ortholog_one2many
AUR62021951	110731335	AT1G61950	ortholog_many2many
AUR62021951	110731335	AT4G04740	ortholog_many2many
AUR62021951	110731335	AT4G04720	ortholog_many2many
AUR62021951	110731335	AT4G21940	ortholog_many2many
AUR62021147	110729619	AT1G48360	ortholog_one2many
AUR62021147	110693839	AT1G48360	ortholog_one2many
AUR62020021	110683336	AT2G29190	ortholog_many2many
AUR62020021	110683336	AT2G29140	ortholog_many2many
AUR62020021	110683336	AT2G29200	ortholog_many2many
AUR62042721	110737958	AT3G58800	ortholog_one2one
AUR62024021	110699681	AT1G08160	ortholog_many2many
AUR62024021	110699681	AT5G22870	ortholog_many2many
AUR62006403	110731343	AT5G17530	ortholog_one2many
AUR62006403	110690692	AT5G17530	ortholog_one2many
AUR62001348	110687968	AT5G22410	ortholog_one2many
AUR62014086	110694201	AT1G70520	ortholog_one2many
AUR62039119	110728373	AT4G33030	ortholog_one2many
AUR62039119	110696977	AT4G33030	ortholog_one2many
AUR62005358	110708446	AT1G23830	ortholog_many2many
AUR62005358	110708446	AT1G23850	ortholog_many2many
AUR62005358	110708446	AT1G23840	ortholog_many2many
AUR62009398	110705692	AT3G23890	ortholog_one2one
AUR62035084	110692864	AT2G05590	ortholog_one2one
AUR62008483	110700654	AT5G61290	ortholog_many2many
AUR62008483	110700654	AT5G07800	ortholog_many2many
AUR62030741	110733856	AT3G55390	ortholog_one2one
AUR62026479	110713848	AT1G27150	ortholog_many2many
AUR62026479	110713848	AT1G27110	ortholog_many2many
AUR62026479	110698047	AT1G27150	ortholog_many2many
AUR62026479	110698047	AT1G27110	ortholog_many2many
AUR62041655	110696944	AT5G20610	ortholog_one2many
AUR62008607	110727848	AT1G02940	ortholog_many2many
AUR62008607	110727848	AT1G02930	ortholog_many2many
AUR62008607	110727848	AT2G02930	ortholog_many2many
AUR62008607	110727848	AT1G02920	ortholog_many2many
AUR62008607	110727848	AT1G49860	ortholog_many2many
AUR62008607	110727848	AT4G02520	ortholog_many2many
AUR62008607	110727848	AT2G47730	ortholog_many2many
AUR62008607	110727848	AT1G02950	ortholog_many2many
AUR62039312	110732043	AT2G26560	ortholog_one2many
AUR62004377	110713956	AT2G46000	ortholog_one2many
AUR62003327	110724233	AT1G14120	ortholog_many2many
AUR62003327	110724233	AT1G14130	ortholog_many2many
AUR62019943	110722791	AT1G64720	ortholog_one2many
AUR62006565	110700998	AT2G44820	ortholog_one2many
AUR62000420	110736522	AT1G09270	ortholog_one2many
AUR62000420	110701193	AT1G09270	ortholog_one2many
AUR62001090	110687723	AT3G22680	ortholog_one2many
AUR62019872	110722725	AT4G24015	ortholog_one2one
AUR62002552	110718258	AT1G32490	ortholog_many2many
AUR62002552	110718258	AT2G35340	ortholog_many2many
AUR62002552	110718258	AT4G16680	ortholog_many2many
AUR62009488	110705782	AT3G02320	ortholog_one2many
AUR62009488	110705782	AT5G15810	ortholog_one2many
AUR62009488	110703543	AT3G02320	ortholog_one2many
AUR62009488	110703543	AT5G15810	ortholog_one2many
AUR62021167	110729643	AT5G23880	ortholog_one2one
AUR62002909	110719815	AT1G68660	ortholog_one2many
AUR62002909	110691252	AT1G68660	ortholog_one2many
AUR62037247	110716607	AT5G13460	ortholog_one2many
AUR62022778	110699169	AT5G39250	ortholog_one2many
AUR62032739	110704810	AT3G58520	ortholog_one2many
AUR62022637	110731606	AT2G46240	ortholog_one2many
AUR62008039	110686237	AT4G10380	ortholog_one2many
AUR62034654	110697885	AT1G03020	ortholog_many2many
AUR62034654	110697885	AT3G62930	ortholog_many2many
AUR62019649	110737854	AT1G78600	ortholog_one2one
AUR62018252	110735177	AT3G54890	ortholog_one2many
AUR62006584	110701017	AT2G40880	ortholog_many2many
AUR62006584	110701017	AT5G12140	ortholog_many2many
AUR62003139	110722334	AT5G09660	ortholog_one2many
AUR62008346	110700525	AT3G47940	ortholog_one2many
AUR62025349	110715976	AT5G17420	ortholog_one2many
AUR62031812	110731855	AT2G20140	ortholog_many2many
AUR62031812	110731855	AT4G29040	ortholog_many2many
AUR62013775	110721563	AT3G60245	ortholog_one2many
AUR62027040	110739936	AT2G14580	ortholog_many2many
AUR62027040	110739936	AT5G26130	ortholog_many2many
AUR62027040	110739936	AT2G14610	ortholog_many2many
AUR62027040	110739936	AT4G33710	ortholog_many2many
AUR62027040	110739936	AT4G33720	ortholog_many2many
AUR62007516	110732784	AT4G16600	ortholog_many2many
AUR62007516	110732784	AT2G35710	ortholog_many2many
AUR62022940	110733487	AT3G47460	ortholog_one2many
AUR62022940	110733487	AT5G62410	ortholog_one2many
AUR62022940	110699329	AT3G47460	ortholog_one2many
AUR62022940	110699329	AT5G62410	ortholog_one2many
AUR62038349	110735099	AT1G79570	ortholog_many2many
AUR62038349	110735099	AT1G16270	ortholog_many2many
AUR62038349	110697503	AT1G79570	ortholog_many2many
AUR62038349	110697503	AT1G16270	ortholog_many2many
AUR62016733	110705082	AT4G34500	ortholog_one2many
AUR62040221	110740241	AT2G25870	ortholog_one2many
AUR62013116	110740020	AT5G64180	ortholog_one2one
AUR62003633	110682049	AT4G39330	ortholog_one2one
AUR62002774	110714786	AT3G52155	ortholog_one2one
AUR62007270	110732524	AT5G22330	ortholog_one2many
AUR62008331	110700505	AT3G29170	ortholog_one2many
AUR62033995	110712921	AT5G18870	ortholog_one2many
AUR62033995	110712921	AT5G18890	ortholog_one2many
AUR62033995	110712921	AT5G18860	ortholog_one2many
AUR62034678	110684795	AT1G18370	ortholog_one2many
AUR62027474	110716819	AT3G11730	ortholog_one2many
AUR62039121	110728376	AT2G26140	ortholog_one2many
AUR62039121	110705430	AT2G26140	ortholog_one2many
AUR62000188	110736289	AT5G12300	ortholog_one2many
AUR62009834	110684327	AT3G13784	ortholog_many2many
AUR62009834	110684327	AT1G55120	ortholog_many2many
AUR62009834	110684327	AT3G13790	ortholog_many2many
AUR62018430	110711661	AT3G56880	ortholog_many2many
AUR62018430	110711661	AT2G41010	ortholog_many2many
AUR62027469	110716799	AT4G26220	ortholog_one2many
AUR62014350	110724642	AT4G24520	ortholog_one2many
AUR62014350	110709794	AT4G24520	ortholog_one2many
AUR62039242	110689636	AT1G76920	ortholog_one2many
AUR62020146	110683478	AT5G58620	ortholog_one2many
AUR62009778	110684262	AT2G27590	ortholog_one2many
AUR62029069	110683084	AT5G56890	ortholog_one2many
AUR62040986	110711441	AT5G44635	ortholog_one2many
AUR62003640	110682058	AT5G64730	ortholog_one2one
AUR62000581	110736684	AT5G18420	ortholog_one2many
AUR62017619	110701996	AT1G06690	ortholog_one2one
AUR62017619	110691946	AT1G06690	ortholog_one2one
AUR62039639	110695418	AT2G28410	ortholog_one2many
AUR62032828	110706364	AT3G29130	ortholog_one2many
AUR62014468	110724758	AT3G03305	ortholog_one2many
AUR62038655	110694018	AT3G54840	ortholog_one2many
AUR62038655	110685449	AT3G54840	ortholog_one2many
AUR62041871	110706394	AT3G12570	ortholog_one2many
AUR62035262	110719717	AT3G02520	ortholog_many2many
AUR62035262	110719717	AT5G16050	ortholog_many2many
AUR62035262	110691249	AT3G02520	ortholog_many2many
AUR62035262	110691249	AT5G16050	ortholog_many2many
AUR62021053	110729516	AT1G79740	ortholog_one2many
AUR62000761	110736851	AT5G43820	ortholog_one2one
AUR62001320	110687937	AT3G21060	ortholog_one2many
AUR62032971	110716339	AT5G23240	ortholog_one2many
AUR62018681	110729987	AT5G07860	ortholog_many2many
AUR62018681	110729987	AT5G07850	ortholog_many2many
AUR62018681	110729987	AT5G42830	ortholog_many2many
AUR62018681	110729987	AT5G07870	ortholog_many2many
AUR62037303	110715403	AT1G25375	ortholog_one2many
AUR62000169	110736270	AT5G41560	ortholog_one2one
AUR62037877	110709238	AT1G47420	ortholog_one2many
AUR62022756	110731744	AT3G61200	ortholog_one2many
AUR62020774	110710200	AT3G55510	ortholog_one2many
AUR62005984	110727557	AT5G54160	ortholog_one2one
AUR62005984	110692921	AT5G54160	ortholog_one2one
AUR62038332	110738141	AT3G43300	ortholog_one2many
AUR62033874	110686410	AT2G26500	ortholog_one2many
AUR62022805	110699193	AT5G56360	ortholog_one2one
AUR62011285	110698429	AT1G45000	ortholog_many2many
AUR62011285	110698429	AT5G43010	ortholog_many2many
AUR62005951	110727270	AT5G24610	ortholog_one2many
AUR62005951	110727270	AT3G49550	ortholog_one2many
AUR62002829	110718686	AT1G25380	ortholog_one2many
AUR62000209	110700988	AT5G12220	ortholog_one2many
AUR62026041	110707287	AT2G41750	ortholog_one2one
AUR62023927	110699600	AT5G22620	ortholog_one2many
AUR62036271	110688813	AT1G54400	ortholog_one2many
AUR62020535	110721027	AT4G27120	ortholog_one2many
AUR62027805	110706622	AT1G22450	ortholog_one2many
AUR62014664	110693497	AT3G04040	ortholog_one2many
AUR62014664	110693497	AT5G18250	ortholog_one2many
AUR62005906	110726778	AT5G17060	ortholog_one2many
AUR62005906	110726778	AT3G03120	ortholog_one2many
AUR62005906	110692995	AT5G17060	ortholog_one2many
AUR62005906	110692995	AT3G03120	ortholog_one2many
AUR62044321	110739077	AT1G02780	ortholog_many2many
AUR62044321	110739077	AT4G02230	ortholog_many2many
AUR62044321	110727939	AT1G02780	ortholog_many2many
AUR62044321	110727939	AT4G02230	ortholog_many2many
AUR62044321	110705894	AT1G02780	ortholog_many2many
AUR62044321	110705894	AT4G02230	ortholog_many2many
AUR62044321	110689789	AT1G02780	ortholog_many2many
AUR62044321	110689789	AT4G02230	ortholog_many2many
AUR62025577	110689840	AT2G47600	ortholog_one2many
AUR62036658	110709976	AT4G03140	ortholog_one2many
AUR62013551	110725849	AT5G40390	ortholog_one2one
AUR62033281	110692325	AT1G10060	ortholog_many2many
AUR62033281	110692325	AT1G10070	ortholog_many2many
AUR62031623	110727049	AT1G48520	ortholog_one2one
AUR62019037	110709740	AT1G09740	ortholog_one2many
AUR62039279	110738228	AT2G18790	ortholog_one2many
AUR62039279	110738228	AT4G16250	ortholog_one2many
AUR62039279	110697283	AT2G18790	ortholog_one2many
AUR62039279	110697283	AT4G16250	ortholog_one2many
AUR62037923	110709273	AT5G03810	ortholog_one2many
AUR62037923	110709273	AT3G53100	ortholog_one2many
AUR62037923	110709273	AT5G03820	ortholog_one2many
AUR62013692	110721485	AT2G45080	ortholog_one2many
AUR62013692	110721485	AT3G60550	ortholog_one2many
AUR62003216	110723172	AT2G23700	ortholog_many2many
AUR62003216	110723172	AT5G66600	ortholog_many2many
AUR62034964	110719967	AT5G17870	ortholog_one2many
AUR62014859	110693660	AT1G28380	ortholog_one2one
AUR62021124	110729592	AT5G52570	ortholog_many2many
AUR62021124	110729592	AT4G25700	ortholog_many2many
AUR62017356	110702561	AT1G12460	ortholog_one2many
AUR62017356	110702561	AT1G62950	ortholog_one2many
AUR62019651	110737856	AT1G78590	ortholog_one2one
AUR62022970	110699363	AT1G11860	ortholog_one2one
AUR62026005	110707248	AT2G41900	ortholog_one2one
AUR62032887	110716307	AT5G08370	ortholog_one2many
AUR62041269	110709338	AT5G04430	ortholog_one2many
AUR62014444	110724729	AT1G62020	ortholog_many2many
AUR62014444	110724729	AT2G21390	ortholog_many2many
AUR62014444	110723313	AT1G62020	ortholog_many2many
AUR62014444	110723313	AT2G21390	ortholog_many2many
AUR62032526	110688706	AT3G27280	ortholog_many2many
AUR62032526	110688706	AT5G40770	ortholog_many2many
AUR62009420	110705713	AT3G24090	ortholog_one2one
AUR62009420	110702918	AT3G24090	ortholog_one2one
AUR62043148	110711352	AT5G03170	ortholog_one2many
AUR62016874	110705218	AT4G34800	ortholog_one2many
AUR62038706	110730703	AT1G66250	ortholog_one2many
AUR62043776	110697213	AT5G49360	ortholog_one2many
AUR62043776	110692311	AT5G49360	ortholog_one2many
AUR62022976	110699368	AT3G56210	ortholog_one2one
AUR62018321	110735233	AT5G40020	ortholog_one2many
AUR62018321	110704419	AT5G40020	ortholog_one2many
AUR62000701	110736790	AT5G09930	ortholog_many2many
AUR62000701	110736790	AT5G64840	ortholog_many2many
AUR62000701	110708729	AT5G09930	ortholog_many2many
AUR62000701	110708729	AT5G64840	ortholog_many2many
AUR62033303	110692342	AT4G19750	ortholog_many2many
AUR62033303	110692342	AT4G19770	ortholog_many2many
AUR62033303	110692342	AT4G19740	ortholog_many2many
AUR62033303	110692342	AT4G19730	ortholog_many2many
AUR62033303	110692342	AT4G19810	ortholog_many2many
AUR62033303	110692342	AT4G19760	ortholog_many2many
AUR62033303	110692342	AT4G19720	ortholog_many2many
AUR62033303	110692342	AT4G19820	ortholog_many2many
AUR62033303	110692342	AT4G19800	ortholog_many2many
AUR62034969	110719971	AT1G10020	ortholog_one2many
AUR62007823	110686028	AT3G25545	ortholog_one2one
AUR62027758	110706581	AT1G34630	ortholog_one2many
AUR62020869	110714929	AT1G25155	ortholog_many2many
AUR62020869	110714929	AT5G57890	ortholog_many2many
AUR62020869	110714929	AT1G25083	ortholog_many2many
AUR62020869	110714929	AT1G24909	ortholog_many2many
AUR62020869	110714929	AT1G24807	ortholog_many2many
AUR62020869	110714929	AT1G25220	ortholog_many2many
AUR62019528	110737749	AT4G20980	ortholog_many2many
AUR62019528	110737749	AT5G44320	ortholog_many2many
AUR62008267	110700442	AT5G40810	ortholog_one2many
AUR62008267	110700442	AT3G27240	ortholog_one2many
AUR62008267	110686694	AT5G40810	ortholog_one2many
AUR62008267	110686694	AT3G27240	ortholog_one2many
AUR62029959	110702981	AT1G18100	ortholog_one2one
AUR62005994	110727716	AT5G53730	ortholog_one2one
AUR62007378	110732642	AT1G32060	ortholog_one2many
AUR62030676	110704520	AT5G17450	ortholog_one2many
AUR62031257	110716725	AT5G20500	ortholog_one2many
AUR62008562	110727811	AT5G11680	ortholog_one2many
AUR62038805	110724426	AT4G06744	ortholog_one2many
AUR62022932	110699323	AT5G11010	ortholog_one2many
AUR62034612	110697812	AT4G03140	ortholog_one2many
AUR62023860	110738603	AT3G59510	ortholog_one2many
AUR62020062	110688348	AT5G02020	ortholog_one2many
AUR62020062	110683384	AT5G02020	ortholog_one2many
AUR62011903	110734383	AT3G58180	ortholog_one2many
AUR62029063	110683077	AT5G11900	ortholog_one2many
AUR62043827	110698416	AT4G31270	ortholog_one2many
AUR62043827	110696275	AT4G31270	ortholog_one2many
AUR62006739	110701167	AT4G18372	ortholog_one2one
AUR62006104	110728735	AT5G53420	ortholog_one2many
AUR62006104	110728735	AT4G27900	ortholog_one2many
AUR62006104	110696115	AT5G53420	ortholog_one2many
AUR62006104	110696115	AT4G27900	ortholog_one2many
AUR62022957	110699349	AT1G08700	ortholog_one2one
AUR62027049	110740016	AT4G10040	ortholog_one2one
AUR62027049	110685028	AT4G10040	ortholog_one2one
AUR62016678	110705032	AT2G16060	ortholog_one2many
AUR62020373	110720690	AT4G35210	ortholog_many2many
AUR62020373	110720690	AT4G35200	ortholog_many2many
AUR62020373	110720690	AT2G17080	ortholog_many2many
AUR62020373	110720690	AT2G17070	ortholog_many2many
AUR62014124	110694233	AT5G08670	ortholog_many2many
AUR62014124	110694233	AT5G08680	ortholog_many2many
AUR62014124	110694233	AT5G08690	ortholog_many2many
AUR62018621	110730092	AT4G15420	ortholog_one2many
AUR62019472	110737694	AT3G15190	ortholog_one2one
AUR62025585	110726670	AT1G49820	ortholog_one2many
AUR62033211	110692243	AT5G57490	ortholog_one2many
AUR62026025	110707269	AT1G58380	ortholog_one2many
AUR62026025	110707269	AT1G58684	ortholog_one2many
AUR62026025	110707269	AT3G57490	ortholog_one2many
AUR62026025	110707269	AT1G59359	ortholog_one2many
AUR62026025	110707269	AT1G58983	ortholog_one2many
AUR62026025	110707269	AT2G41840	ortholog_one2many
AUR62021274	110729748	AT5G62180	ortholog_one2many
AUR62013480	110725786	AT1G21460	ortholog_one2one
AUR62008759	110727979	AT5G55125	ortholog_one2many
AUR62040266	110717079	AT3G49970	ortholog_many2many
AUR62040266	110717079	AT5G67385	ortholog_many2many
AUR62023226	110720321	AT1G66430	ortholog_one2one
AUR62023226	110703632	AT1G66430	ortholog_one2one
AUR62040311	110721067	AT5G57500	ortholog_one2many
AUR62008189	110700372	AT5G63010	ortholog_one2one
AUR62017603	110701976	AT1G29260	ortholog_one2one
AUR62016362	110703258	AT1G80160	ortholog_one2many
AUR62016362	110703258	AT1G15380	ortholog_one2many
AUR62042127	110684566	AT5G59840	ortholog_many2many
AUR62042127	110684566	AT3G46060	ortholog_many2many
AUR62015336	110689553	AT2G41970	ortholog_one2many
AUR62003015	110720877	AT4G34135	ortholog_many2many
AUR62003015	110720877	AT2G15490	ortholog_many2many
AUR62003015	110720877	AT4G34131	ortholog_many2many
AUR62003015	110720877	AT4G34138	ortholog_many2many
AUR62003015	110720877	AT2G15480	ortholog_many2many
AUR62035227	110691215	AT3G45170	ortholog_many2many
AUR62035227	110691215	AT2G28340	ortholog_many2many
AUR62017148	110707051	AT5G56240	ortholog_one2many
AUR62017148	110707051	AT5G56250	ortholog_one2many
AUR62030705	110733822	AT3G11760	ortholog_one2one
AUR62003445	110681851	AT5G40960	ortholog_one2one
AUR62013841	110721344	AT1G76140	ortholog_many2many
AUR62013841	110721344	AT1G20380	ortholog_many2many
AUR62008613	110727852	AT2G47750	ortholog_one2many
AUR62014573	110724887	AT2G22870	ortholog_one2many
AUR62014663	110693487	AT1G61610	ortholog_one2many
AUR62014663	110693487	AT4G21390	ortholog_one2many
AUR62029209	110730924	AT3G45040	ortholog_one2one
AUR62003376	110724849	AT2G17580	ortholog_one2many
AUR62016841	110718862	AT4G34720	ortholog_one2many
AUR62016841	110718862	AT4G38920	ortholog_one2many
AUR62016841	110718862	AT2G16510	ortholog_one2many
AUR62016841	110705189	AT4G34720	ortholog_one2many
AUR62016841	110705189	AT4G38920	ortholog_one2many
AUR62016841	110705189	AT2G16510	ortholog_one2many
AUR62014920	110693718	AT2G34050	ortholog_one2one
AUR62000007	110736091	AT4G00340	ortholog_one2one
AUR62003326	110724224	AT1G14120	ortholog_many2many
AUR62003326	110724224	AT1G14130	ortholog_many2many
AUR62006851	110736610	AT2G13440	ortholog_one2many
AUR62006851	110701276	AT2G13440	ortholog_one2many
AUR62019906	110722758	AT4G24080	ortholog_one2many
AUR62030270	110710661	AT3G56630	ortholog_many2many
AUR62030270	110710661	AT1G34540	ortholog_many2many
AUR62035876	110727310	AT4G25330	ortholog_one2many
AUR62035876	110691797	AT4G25330	ortholog_one2many
AUR62032764	110704832	AT2G20890	ortholog_one2many
AUR62000126	110736225	AT3G20920	ortholog_one2one
AUR62000126	110696036	AT3G20920	ortholog_one2one
AUR62001276	110687600	AT5G63290	ortholog_one2many
AUR62033333	110685331	AT4G00620	ortholog_one2many
AUR62013599	110735702	AT2G47980	ortholog_one2one
AUR62013599	110725892	AT2G47980	ortholog_one2one
AUR62002223	110718197	AT3G10572	ortholog_one2many
AUR62002223	110689296	AT3G10572	ortholog_one2many
AUR62021242	110729715	AT4G25470	ortholog_one2many
AUR62021242	110729715	AT4G25480	ortholog_one2many
AUR62021242	110729715	AT5G51990	ortholog_one2many
AUR62021242	110729715	AT4G25490	ortholog_one2many
AUR62018454	110711748	AT3G11980	ortholog_one2many
AUR62033674	110713328	AT2G32040	ortholog_one2many
AUR62032849	110706384	AT1G13970	ortholog_one2many
AUR62018959	110709670	AT1G22450	ortholog_one2many
AUR62036746	110721645	AT3G07950	ortholog_one2many
AUR62036746	110703636	AT3G07950	ortholog_one2many
AUR62030360	110710556	AT5G51970	ortholog_one2many
AUR62005527	110709978	AT1G04945	ortholog_many2many
AUR62005527	110709978	AT1G04940	ortholog_many2many
AUR62004010	110682439	AT5G67540	ortholog_many2many
AUR62004010	110682439	AT3G49880	ortholog_many2many
AUR62004065	110682500	AT4G36550	ortholog_one2many
AUR62007617	110685844	AT5G44230	ortholog_one2many
AUR62041647	110696937	AT5G02540	ortholog_many2many
AUR62041647	110696937	AT2G37540	ortholog_many2many
AUR62000903	110736979	AT1G54690	ortholog_one2many
AUR62000903	110736979	AT1G08880	ortholog_one2many
AUR62033428	110729107	AT5G19960	ortholog_one2one
AUR62000485	110736023	AT2G22250	ortholog_one2many
AUR62008988	110728199	AT5G38450	ortholog_many2many
AUR62008988	110728199	AT1G67110	ortholog_many2many
AUR62023853	110738790	AT3G59530	ortholog_one2many
AUR62009722	110684211	AT2G30330	ortholog_one2many
AUR62033648	110713337	AT3G22750	ortholog_one2many
AUR62003303	110724038	AT3G59280	ortholog_one2many
AUR62013822	110721617	AT1G75310	ortholog_one2many
AUR62039549	110699950	AT1G15130	ortholog_one2many
AUR62028966	110682979	AT5G20630	ortholog_one2many
AUR62041249	110709370	AT1G75110	ortholog_many2many
AUR62041249	110709370	AT1G75120	ortholog_many2many
AUR62041249	110709370	AT1G19360	ortholog_many2many
AUR62020393	110720746	AT3G20420	ortholog_one2many
AUR62019028	110709736	AT2G37970	ortholog_one2many
AUR62003364	110724742	AT4G36050	ortholog_one2many
AUR62032899	110716305	AT5G08535	ortholog_many2many
AUR62032899	110716305	AT3G52350	ortholog_many2many
AUR62014779	110693579	AT1G61065	ortholog_one2many
AUR62043506	110688838	AT2G30660	ortholog_many2many
AUR62043506	110688838	AT2G30650	ortholog_many2many
AUR62043506	110688838	AT5G65940	ortholog_many2many
AUR62031277	110716692	AT5G57140	ortholog_one2many
AUR62007365	110732627	AT2G35540	ortholog_one2many
AUR62027409	110716924	AT5G56770	ortholog_many2many
AUR62027409	110716924	AT5G56780	ortholog_many2many
AUR62027409	110716924	AT4G26170	ortholog_many2many
AUR62020244	110683583	AT5G22220	ortholog_one2many
AUR62001150	110687793	AT4G13020	ortholog_one2many
AUR62041322	110696834	AT2G32120	ortholog_one2many
AUR62013628	110721422	AT3G60810	ortholog_one2many
AUR62024147	110712609	AT1G67550	ortholog_one2many
AUR62034062	110692145	AT2G42710	ortholog_one2many
AUR62024990	110711947	AT5G60600	ortholog_one2many
AUR62024990	110695406	AT5G60600	ortholog_one2many
AUR62025500	110689768	AT1G02730	ortholog_one2many
AUR62011453	110698595	AT1G80600	ortholog_one2many
AUR62008631	110727867	AT5G10860	ortholog_one2many
AUR62031385	110693836	AT2G36580	ortholog_many2many
AUR62031385	110693836	AT3G52990	ortholog_many2many
AUR62033342	110685342	AT3G18420	ortholog_one2many
AUR62033342	110685314	AT3G18420	ortholog_one2many
AUR62011703	110734189	AT2G17190	ortholog_many2many
AUR62011703	110734189	AT2G17200	ortholog_many2many
AUR62022732	110731721	AT1G01225	ortholog_many2many
AUR62022732	110731721	AT4G00905	ortholog_many2many
AUR62009050	110705349	AT2G24500	ortholog_many2many
AUR62009050	110705349	AT4G31420	ortholog_many2many
AUR62029818	110690759	AT3G08590	ortholog_many2many
AUR62029818	110690759	AT1G09780	ortholog_many2many
AUR62019801	110722655	AT1G62400	ortholog_one2one
AUR62030359	110710561	AT2G41380	ortholog_one2many
AUR62019777	110722626	AT1G64150	ortholog_one2one
AUR62029460	110694805	AT3G51220	ortholog_many2many
AUR62029460	110694805	AT2G17940	ortholog_many2many
AUR62028008	110683785	AT2G30520	ortholog_one2many
AUR62009486	110705337	AT5G15802	ortholog_one2one
AUR62025114	110711867	AT5G21170	ortholog_one2many
AUR62025499	110689766	AT1G02720	ortholog_many2many
AUR62025499	110689766	AT3G62660	ortholog_many2many
AUR62025499	110689766	AT4G02130	ortholog_many2many
AUR62001130	110687761	AT4G13050	ortholog_many2many
AUR62001130	110687761	AT3G25110	ortholog_many2many
AUR62036071	110700172	AT5G44140	ortholog_many2many
AUR62036071	110700172	AT1G03860	ortholog_many2many
AUR62036071	110700172	AT2G20530	ortholog_many2many
AUR62036071	110700172	AT4G28510	ortholog_many2many
AUR62016999	110706899	AT4G04950	ortholog_many2many
AUR62016999	110706899	AT4G32580	ortholog_many2many
AUR62019023	110709730	AT4G24620	ortholog_one2many
AUR62029851	110702873	AT3G48210	ortholog_one2many
AUR62017720	110702102	AT5G64320	ortholog_one2one
AUR62021598	110726377	AT5G61210	ortholog_many2many
AUR62021598	110726377	AT5G07880	ortholog_many2many
AUR62041146	110684325	AT5G54580	ortholog_one2many
AUR62008946	110728157	AT5G15900	ortholog_many2many
AUR62008946	110728157	AT3G02440	ortholog_many2many
AUR62008946	110728157	AT5G15890	ortholog_many2many
AUR62016828	110705180	AT2G21320	ortholog_one2many
AUR62016828	110705180	AT4G38960	ortholog_one2many
AUR62021163	110729639	AT4G25600	ortholog_one2one
AUR62022918	110699312	AT4G21192	ortholog_one2one
AUR62004181	110714092	AT5G15610	ortholog_many2many
AUR62004181	110714092	AT3G02200	ortholog_many2many
AUR62020850	110714733	AT5G62270	ortholog_one2many
AUR62038783	110724407	AT5G65860	ortholog_one2many
AUR62013470	110725776	AT1G77060	ortholog_many2many
AUR62013470	110725776	AT1G21440	ortholog_many2many
AUR62035713	110688787	AT2G21820	ortholog_one2one
AUR62009909	110684401	AT3G14067	ortholog_one2many
AUR62043764	110720240	AT4G02050	ortholog_one2many
AUR62005822	110712888	AT1G26760	ortholog_one2many
AUR62022605	110731574	AT4G01320	ortholog_one2many
AUR62019958	110722808	AT5G47450	ortholog_many2many
AUR62019958	110722808	AT4G17340	ortholog_many2many
AUR62025396	110689663	AT4G28740	ortholog_one2many
AUR62024575	110734225	AT3G62260	ortholog_one2many
AUR62024575	110732966	AT3G62260	ortholog_one2many
AUR62005368	110708518	AT1G60190	ortholog_many2many
AUR62005368	110708518	AT1G10560	ortholog_many2many
AUR62005966	110727422	AT3G49530	ortholog_one2many
AUR62005966	110727422	AT5G24590	ortholog_one2many
AUR62020801	110710358	AT3G45690	ortholog_many2many
AUR62020801	110710358	AT3G45680	ortholog_many2many
AUR62020801	110710358	AT3G45700	ortholog_many2many
AUR62020801	110710358	AT3G45650	ortholog_many2many
AUR62020801	110710358	AT3G45660	ortholog_many2many
AUR62020801	110710358	AT3G45710	ortholog_many2many
AUR62020801	110710358	AT3G45720	ortholog_many2many
AUR62025238	110715801	AT3G11950	ortholog_one2many
AUR62000960	110737040	AT5G27990	ortholog_one2one
AUR62014571	110724885	AT3G48140	ortholog_one2many
AUR62007388	110732653	AT4G19120	ortholog_one2many
AUR62002025	110717834	AT5G65120	ortholog_many2many
AUR62002025	110717834	AT5G10110	ortholog_many2many
AUR62018590	110711688	AT2G32760	ortholog_one2many
AUR62022630	110731600	AT2G46220	ortholog_one2many
AUR62034091	110692177	AT2G14740	ortholog_many2many
AUR62034091	110692177	AT2G14720	ortholog_many2many
AUR62003974	110717069	AT2G23090	ortholog_one2many
AUR62003974	110682402	AT2G23090	ortholog_one2many
AUR62007442	110732710	AT4G19460	ortholog_one2many
AUR62008345	110700523	AT1G18890	ortholog_many2many
AUR62008345	110700523	AT1G74740	ortholog_many2many
AUR62030362	110710563	AT5G14800	ortholog_one2many
AUR62031250	110716567	AT5G05670	ortholog_many2many
AUR62031250	110716567	AT2G18770	ortholog_many2many
AUR62012878	110737928	AT5G18200	ortholog_one2many
AUR62034920	110704179	AT4G09720	ortholog_one2many
AUR62034920	110704179	AT1G22740	ortholog_one2many
AUR62018213	110735136	AT1G66330	ortholog_one2many
AUR62001845	110688488	AT2G28670	ortholog_many2many
AUR62001845	110688488	AT1G07730	ortholog_many2many
AUR62011595	110698717	AT1G52780	ortholog_one2many
AUR62021148	110729622	AT5G52440	ortholog_one2many
AUR62017699	110702080	AT5G23140	ortholog_one2one
AUR62009018	110728230	AT5G38220	ortholog_many2many
AUR62009018	110728230	AT1G66900	ortholog_many2many
AUR62027569	110690199	AT4G18150	ortholog_many2many
AUR62027569	110690199	AT1G29370	ortholog_many2many
AUR62027569	110690199	AT1G29350	ortholog_many2many
AUR62027569	110690199	AT5G46380	ortholog_many2many
AUR62034525	110723280	AT1G44970	ortholog_one2many
AUR62035758	110688737	AT1G58340	ortholog_one2many
AUR62027705	110691478	AT4G18740	ortholog_one2many
AUR62018710	110730182	AT2G35210	ortholog_one2many
AUR62013010	110739072	AT1G34360	ortholog_one2one
AUR62013010	110718507	AT1G34360	ortholog_one2one
AUR62018219	110735142	AT5G37680	ortholog_one2many
AUR62029226	110730938	AT1G08060	ortholog_one2many
AUR62000659	110736758	AT2G39060	ortholog_one2one
AUR62023560	110725251	AT1G72180	ortholog_one2many
AUR62020130	110683457	AT5G58730	ortholog_one2many
AUR62012984	110738778	AT4G35150	ortholog_one2many
AUR62012984	110738778	AT4G35160	ortholog_one2many
AUR62016330	110703229	AT1G80040	ortholog_one2many
AUR62021968	110731349	AT5G44316	ortholog_one2many
AUR62021968	110731349	AT4G04770	ortholog_one2many
AUR62021968	110687356	AT5G44316	ortholog_one2many
AUR62021968	110687356	AT4G04770	ortholog_one2many
AUR62007537	110685759	AT2G22860	ortholog_many2many
AUR62007537	110685759	AT4G37720	ortholog_many2many
AUR62011406	110698930	AT2G15910	ortholog_one2many
AUR62027028	110739997	AT1G50020	ortholog_one2one
AUR62031797	110731842	AT1G17745	ortholog_one2many
AUR62002008	110717831	AT4G39880	ortholog_one2many
AUR62012876	110737921	AT5G64380	ortholog_one2many
AUR62002204	110717352	AT5G51410	ortholog_one2many
AUR62016515	110703405	AT3G16200	ortholog_one2many
AUR62027958	110683745	AT5G58110	ortholog_one2many
AUR62002074	110717615	AT5G16840	ortholog_one2one
AUR62016430	110703324	AT1G80420	ortholog_one2many
AUR62006285	110730402	AT4G14160	ortholog_many2many
AUR62006285	110730402	AT1G05520	ortholog_many2many
AUR62006285	110730402	AT3G23660	ortholog_many2many
AUR62002403	110717759	AT3G59660	ortholog_one2many
AUR62038537	110739139	AT4G10110	ortholog_one2many
AUR62020751	110710408	AT3G52160	ortholog_one2many
AUR62015262	110734995	AT3G16785	ortholog_one2many
AUR62015262	110689149	AT3G16785	ortholog_one2many
AUR62031765	110731807	AT3G44820	ortholog_one2many
AUR62034607	110697810	AT4G03115	ortholog_one2many
AUR62016934	110706837	AT2G20860	ortholog_one2many
AUR62001589	110688204	AT5G20940	ortholog_many2many
AUR62001589	110688204	AT5G20950	ortholog_many2many
AUR62043572	110699296	AT2G40180	ortholog_one2many
AUR62043572	110683221	AT2G40180	ortholog_one2many
AUR62039723	110683183	AT1G54400	ortholog_one2many
AUR62012899	110738099	AT4G33590	ortholog_many2many
AUR62012899	110738099	AT4G33600	ortholog_many2many
AUR62014190	110694426	AT1G23150	ortholog_many2many
AUR62014190	110694426	AT2G01554	ortholog_many2many
AUR62014190	110694426	AT1G70780	ortholog_many2many
AUR62008066	110700266	AT5G11750	ortholog_many2many
AUR62008066	110700266	AT1G24240	ortholog_many2many
AUR62008066	110700266	AT4G11630	ortholog_many2many
AUR62020102	110683425	AT3G47070	ortholog_one2many
AUR62020462	110720759	AT1G03020	ortholog_many2many
AUR62020462	110720759	AT3G62930	ortholog_many2many
AUR62013619	110721406	AT2G45460	ortholog_one2many
AUR62024624	110733017	AT2G47300	ortholog_one2many
AUR62001018	110737099	AT2G39120	ortholog_one2many
AUR62006483	110701595	AT3G45630	ortholog_many2many
AUR62006483	110701595	AT2G28540	ortholog_many2many
AUR62006483	110701595	AT5G60170	ortholog_many2many
AUR62014736	110693541	AT5G17570	ortholog_many2many
AUR62014736	110693541	AT3G03500	ortholog_many2many
AUR62042527	110699102	AT1G77380	ortholog_one2many
AUR62042527	110699102	AT1G44100	ortholog_one2many
AUR62036868	110699033	AT1G16310	ortholog_many2many
AUR62036868	110699033	AT1G79520	ortholog_many2many
AUR62011396	110698536	AT4G34390	ortholog_one2many
AUR62025264	110715735	AT2G05840	ortholog_many2many
AUR62025264	110715735	AT5G35590	ortholog_many2many
AUR62002821	110718550	AT1G15040	ortholog_one2many
AUR62021932	110731318	AT4G22010	ortholog_one2one
AUR62000601	110736694	AT3G56570	ortholog_one2many
AUR62024208	110712570	AT1G24510	ortholog_one2many
AUR62030391	110710547	AT2G41430	ortholog_one2many
AUR62020394	110720747	AT1G50720	ortholog_many2many
AUR62020394	110720747	AT5G55110	ortholog_many2many
AUR62020394	110720747	AT4G26880	ortholog_many2many
AUR62035773	110688755	AT4G08170	ortholog_one2many
AUR62021708	110717418	AT1G74040	ortholog_many2many
AUR62021708	110717418	AT1G18500	ortholog_many2many
AUR62011352	110698495	AT2G15570	ortholog_one2many
AUR62021860	110731139	AT3G51970	ortholog_one2one
AUR62021860	110687539	AT3G51970	ortholog_one2one
AUR62005818	110712845	AT1G14160	ortholog_many2many
AUR62005818	110712845	AT5G15290	ortholog_many2many
AUR62008193	110700377	AT5G50290	ortholog_one2many
AUR62041517	110726170	AT3G54300	ortholog_one2many
AUR62007250	110732505	AT5G46580	ortholog_one2many
AUR62008669	110727907	AT4G02405	ortholog_one2many
AUR62009583	110684068	AT5G59370	ortholog_many2many
AUR62009583	110684068	AT3G12110	ortholog_many2many
AUR62009583	110684068	AT3G46520	ortholog_many2many
AUR62009583	110684068	AT3G53750	ortholog_many2many
AUR62009583	110684068	AT2G37620	ortholog_many2many
AUR62025621	110726711	AT1G53890	ortholog_many2many
AUR62025621	110726711	AT3G14260	ortholog_many2many
AUR62025621	110726711	AT1G53875	ortholog_many2many
AUR62025621	110726711	AT1G53870	ortholog_many2many
AUR62007483	110732747	AT1G12200	ortholog_many2many
AUR62007483	110732747	AT1G63370	ortholog_many2many
AUR62007483	110732747	AT1G65860	ortholog_many2many
AUR62007483	110732747	AT1G62560	ortholog_many2many
AUR62007483	110732747	AT1G63390	ortholog_many2many
AUR62007483	110732747	AT1G62580	ortholog_many2many
AUR62007483	110732747	AT1G62570	ortholog_many2many
AUR62007483	110732747	AT1G62540	ortholog_many2many
AUR62007483	110732747	AT1G12140	ortholog_many2many
AUR62007483	110732747	AT1G63340	ortholog_many2many
AUR62007483	110732747	AT1G12130	ortholog_many2many
AUR62007483	110732747	AT1G62620	ortholog_many2many
AUR62007483	110732747	AT1G62600	ortholog_many2many
AUR62007483	110732747	AT1G12160	ortholog_many2many
AUR62037213	110716380	AT2G38760	ortholog_one2one
AUR62013484	110725791	AT1G77120	ortholog_one2one
AUR62004319	110714019	AT1G01790	ortholog_many2many
AUR62004319	110714019	AT4G00630	ortholog_many2many
AUR62004319	110685332	AT1G01790	ortholog_many2many
AUR62004319	110685332	AT4G00630	ortholog_many2many
AUR62004319	110685323	AT1G01790	ortholog_many2many
AUR62004319	110685323	AT4G00630	ortholog_many2many
AUR62033509	110729327	AT3G52780	ortholog_one2many
AUR62038724	110698416	AT4G31270	ortholog_one2many
AUR62038724	110696275	AT4G31270	ortholog_one2many
AUR62009619	110688472	AT2G39590	ortholog_one2many
AUR62009619	110684107	AT2G39590	ortholog_one2many
AUR62009539	110684023	AT5G61900	ortholog_many2many
AUR62009539	110684023	AT5G07300	ortholog_many2many
AUR62009539	110684023	AT5G61910	ortholog_many2many
AUR62003879	110718122	AT4G37000	ortholog_one2many
AUR62003879	110682303	AT4G37000	ortholog_one2many
AUR62024157	110712398	AT5G59370	ortholog_many2many
AUR62024157	110712398	AT3G12110	ortholog_many2many
AUR62024157	110712398	AT3G46520	ortholog_many2many
AUR62024157	110712398	AT3G53750	ortholog_many2many
AUR62024157	110712398	AT2G37620	ortholog_many2many
AUR62024157	110710489	AT5G59370	ortholog_many2many
AUR62024157	110710489	AT3G12110	ortholog_many2many
AUR62024157	110710489	AT3G46520	ortholog_many2many
AUR62024157	110710489	AT3G53750	ortholog_many2many
AUR62024157	110710489	AT2G37620	ortholog_many2many
AUR62024643	110733037	AT5G23710	ortholog_one2many
AUR62036815	110694982	AT5G14250	ortholog_one2many
AUR62033898	110686432	AT1G30755	ortholog_one2many
AUR62001202	110715345	AT4G24740	ortholog_one2one
AUR62034667	110697861	AT1G03010	ortholog_many2many
AUR62034667	110697861	AT2G47860	ortholog_many2many
AUR62017731	110702113	AT5G23330	ortholog_many2many
AUR62017731	110702113	AT5G08340	ortholog_many2many
AUR62009440	110705731	AT5G15850	ortholog_one2many
AUR62009440	110705731	AT3G02380	ortholog_one2many
AUR62009440	110705731	AT5G15840	ortholog_one2many
AUR62018071	110735001	AT3G06840	ortholog_many2many
AUR62018071	110735001	AT5G49170	ortholog_many2many
AUR62001504	110688115	AT1G72820	ortholog_one2many
AUR62027451	110717045	AT5G56130	ortholog_one2many
AUR62026258	110698017	AT5G41980	ortholog_one2many
AUR62025543	110689806	AT3G55070	ortholog_one2many
AUR62013331	110725614	AT3G24150	ortholog_one2one
AUR62034333	110682773	AT1G57720	ortholog_many2many
AUR62034333	110682773	AT1G09640	ortholog_many2many
AUR62030540	110704400	AT3G07690	ortholog_one2many
AUR62033782	110694655	AT3G18230	ortholog_one2many
AUR62014090	110694205	AT1G10760	ortholog_one2many
AUR62040769	110696706	AT1G34130	ortholog_one2many
AUR62036867	110699029	AT1G20560	ortholog_one2many
AUR62003514	110681926	AT5G59710	ortholog_many2many
AUR62003514	110681926	AT1G07705	ortholog_many2many
AUR62008912	110728124	AT5G48810	ortholog_one2many
AUR62023687	110738639	AT2G44100	ortholog_many2many
AUR62023687	110738639	AT3G59920	ortholog_many2many
AUR62003996	110682424	AT4G37610	ortholog_many2many
AUR62003996	110682424	AT5G67480	ortholog_many2many
AUR62037637	110722392	AT3G18270	ortholog_one2one
AUR62004522	110714157	AT4G00910	ortholog_one2many
AUR62043225	110716542	AT1G50940	ortholog_one2many
AUR62004071	110682507	AT3G01190	ortholog_many2many
AUR62004071	110682507	AT5G15180	ortholog_many2many
AUR62025602	110726689	AT3G14350	ortholog_many2many
AUR62025602	110726689	AT1G53730	ortholog_many2many
AUR62009546	110684029	AT2G29070	ortholog_one2many
AUR62002753	110712327	AT1G30010	ortholog_one2many
AUR62011378	110698517	AT2G16070	ortholog_one2many
AUR62032787	110706286	AT1G14210	ortholog_one2many
AUR62039943	110704622	AT1G62520	ortholog_one2many
AUR62031276	110716691	AT3G28430	ortholog_one2many
AUR62033259	110692303	AT2G19240	ortholog_one2many
AUR62033259	110692303	AT4G29950	ortholog_one2many
AUR62033259	110692303	AT5G57210	ortholog_one2many
AUR62039507	110699913	AT1G78630	ortholog_one2many
AUR62023456	110725060	AT4G23930	ortholog_one2many
AUR62005791	110712568	AT1G14250	ortholog_one2many
AUR62005791	110712568	AT2G02970	ortholog_one2many
AUR62005791	110712568	AT1G14240	ortholog_one2many
AUR62005791	110712568	AT1G14230	ortholog_one2many
AUR62029327	110693214	AT5G54380	ortholog_one2one
AUR62025969	110707218	AT3G12200	ortholog_one2one
AUR62025969	110691447	AT3G12200	ortholog_one2one
AUR62005718	110711942	AT5G13400	ortholog_one2one
AUR62039828	110730417	AT3G01210	ortholog_one2one
AUR62009347	110705636	AT5G11480	ortholog_one2many
AUR62003989	110682416	AT4G37550	ortholog_many2many
AUR62003989	110682416	AT4G37560	ortholog_many2many
AUR62003337	110724424	AT2G17800	ortholog_one2many
AUR62003337	110724424	AT4G35950	ortholog_one2many
AUR62003337	110724424	AT3G51300	ortholog_one2many
AUR62003337	110694738	AT2G17800	ortholog_one2many
AUR62003337	110694738	AT4G35950	ortholog_one2many
AUR62003337	110694738	AT3G51300	ortholog_one2many
AUR62026402	110713869	AT4G35770	ortholog_one2many
AUR62033411	110729091	AT3G08990	ortholog_one2one
AUR62032807	110706336	AT3G29030	ortholog_one2many
AUR62037403	110695486	AT1G10120	ortholog_one2many
AUR62007808	110686014	AT5G22410	ortholog_one2many
AUR62020206	110683547	AT3G11750	ortholog_many2many
AUR62020206	110683547	AT3G21730	ortholog_many2many
AUR62020206	110683547	AT5G62980	ortholog_many2many
AUR62003661	110695245	AT5G65470	ortholog_one2one
AUR62003661	110682080	AT5G65470	ortholog_one2one
AUR62008230	110700411	AT5G45010	ortholog_many2many
AUR62008230	110700411	AT1G64750	ortholog_many2many
AUR62042543	110683663	AT5G03080	ortholog_one2many
AUR62020380	110720699	AT4G35210	ortholog_many2many
AUR62020380	110720699	AT4G35200	ortholog_many2many
AUR62020380	110720699	AT2G17080	ortholog_many2many
AUR62020380	110720699	AT2G17070	ortholog_many2many
AUR62036031	110700136	AT5G63640	ortholog_one2one
AUR62001882	110688519	AT2G30150	ortholog_many2many
AUR62001882	110688519	AT2G30140	ortholog_many2many
AUR62009206	110705505	AT2G25910	ortholog_one2many
AUR62018886	110730337	AT3G48960	ortholog_many2many
AUR62018886	110730337	AT5G23900	ortholog_many2many
AUR62018886	110730337	AT3G49010	ortholog_many2many
AUR62043833	110719765	AT4G35980	ortholog_one2many
AUR62043833	110694726	AT4G35980	ortholog_one2many
AUR62011941	110734415	AT1G03030	ortholog_one2one
AUR62003018	110720930	AT1G26190	ortholog_one2many
AUR62033747	110694248	AT5G52450	ortholog_many2many
AUR62033747	110694248	AT1G73700	ortholog_many2many
AUR62001690	110688307	AT5G58920	ortholog_one2many
AUR62029228	110730940	AT2G28000	ortholog_one2many
AUR62018128	110735053	AT2G32980	ortholog_one2one
AUR62018391	110711698	AT3G56630	ortholog_many2many
AUR62018391	110711698	AT1G34540	ortholog_many2many
AUR62006593	110701026	AT3G13400	ortholog_many2many
AUR62006593	110701026	AT1G55570	ortholog_many2many
AUR62006593	110701026	AT1G55560	ortholog_many2many
AUR62006593	110701026	AT3G13390	ortholog_many2many
AUR62004022	110682452	AT2G22900	ortholog_many2many
AUR62004022	110682452	AT4G37690	ortholog_many2many
AUR62004022	110682452	AT4G38310	ortholog_many2many
AUR62035321	110692476	AT3G24030	ortholog_one2many
AUR62017563	110701936	AT1G04960	ortholog_one2one
AUR62017563	110691880	AT1G04960	ortholog_one2one
AUR62027429	110716919	AT5G57100	ortholog_one2many
AUR62020366	110720685	AT4G35210	ortholog_many2many
AUR62020366	110720685	AT4G35200	ortholog_many2many
AUR62020366	110720685	AT2G17080	ortholog_many2many
AUR62020366	110720685	AT2G17070	ortholog_many2many
AUR62018194	110735116	AT5G08060	ortholog_one2many
AUR62017068	110706964	AT5G55590	ortholog_one2many
AUR62029732	110690683	AT3G08760	ortholog_one2many
AUR62035833	110728832	AT5G45640	ortholog_many2many
AUR62035833	110728832	AT5G45650	ortholog_many2many
AUR62020321	110723945	AT1G54360	ortholog_one2one
AUR62020321	110720863	AT1G54360	ortholog_one2one
AUR62011313	110698458	AT2G18328	ortholog_one2many
AUR62014637	110693465	AT4G38830	ortholog_one2many
AUR62025106	110711955	AT5G21160	ortholog_one2many
AUR62011772	110734261	AT5G46190	ortholog_many2many
AUR62011772	110734261	AT4G18375	ortholog_many2many
AUR62020104	110683428	AT5G58860	ortholog_one2many
AUR62008830	110728047	AT1G07830	ortholog_one2many
AUR62000624	110736716	AT5G23580	ortholog_one2many
AUR62000096	110736190	AT5G13070	ortholog_one2one
AUR62000096	110696001	AT5G13070	ortholog_one2one
AUR62035774	110688756	AT5G17870	ortholog_one2many
AUR62041399	110738034	AT5G49450	ortholog_one2one
AUR62041399	110697372	AT5G49450	ortholog_one2one
AUR62038438	110739871	AT3G03770	ortholog_one2one
AUR62020875	110715001	AT3G23800	ortholog_many2many
AUR62020875	110715001	AT4G14030	ortholog_many2many
AUR62020875	110715001	AT4G14040	ortholog_many2many
AUR62006612	110701045	AT5G36890	ortholog_one2many
AUR62041937	110686518	AT1G75110	ortholog_many2many
AUR62041937	110686518	AT1G75120	ortholog_many2many
AUR62041937	110686518	AT1G19360	ortholog_many2many
AUR62003150	110722459	AT5G65730	ortholog_one2many
AUR62016335	110703235	AT1G15330	ortholog_many2many
AUR62016335	110703235	AT1G80090	ortholog_many2many
AUR62029755	110690698	AT5G64060	ortholog_many2many
AUR62029755	110690698	AT5G09330	ortholog_many2many
AUR62000166	110736267	AT3G20070	ortholog_one2one
AUR62013197	110682100	AT5G64050	ortholog_one2one
AUR62021195	110729669	AT4G25570	ortholog_one2one
AUR62009240	110705304	AT2G25770	ortholog_one2many
AUR62011792	110734284	AT4G02010	ortholog_one2many
AUR62034690	110684769	AT4G14730	ortholog_one2many
AUR62032468	110688066	AT1G10240	ortholog_one2many
AUR62013371	110725654	AT2G37990	ortholog_one2one
AUR62013371	110707933	AT2G37990	ortholog_one2one
AUR62033580	110729385	AT5G03730	ortholog_one2many
AUR62025684	110726772	AT3G09270	ortholog_one2many
AUR62000974	110737053	AT1G54520	ortholog_one2one
AUR62000465	110736559	AT1G56720	ortholog_many2many
AUR62000465	110736559	AT1G09440	ortholog_many2many
AUR62037900	110709254	AT2G36580	ortholog_many2many
AUR62037900	110709254	AT3G52990	ortholog_many2many
AUR62040214	110740235	AT2G25880	ortholog_many2many
AUR62040214	110740235	AT4G32830	ortholog_many2many
AUR62039896	110724978	AT1G03270	ortholog_one2many
AUR62001109	110687741	AT3G07140	ortholog_one2many
AUR62032989	110716317	AT5G08240	ortholog_one2many
AUR62032989	110716317	AT5G23160	ortholog_one2many
AUR62021766	110726534	AT3G26618	ortholog_many2many
AUR62021766	110726534	AT1G12920	ortholog_many2many
AUR62021766	110700506	AT3G26618	ortholog_many2many
AUR62021766	110700506	AT1G12920	ortholog_many2many
AUR62026037	110707283	AT5G13630	ortholog_one2one
AUR62026037	110691500	AT5G13630	ortholog_one2one
AUR62024709	110733115	AT5G27470	ortholog_one2many
AUR62031833	110731874	AT5G48850	ortholog_one2many
AUR62036002	110706069	AT1G78900	ortholog_one2one
AUR62036002	110699516	AT1G78900	ortholog_one2one
AUR62039454	110736128	AT2G34190	ortholog_one2many
AUR62022715	110731701	AT2G46680	ortholog_many2many
AUR62022715	110731701	AT3G61890	ortholog_many2many
AUR62022715	110714031	AT2G46680	ortholog_many2many
AUR62022715	110714031	AT3G61890	ortholog_many2many
AUR62008991	110728202	AT5G38410	ortholog_many2many
AUR62008991	110728202	AT1G67090	ortholog_many2many
AUR62008991	110728202	AT5G38430	ortholog_many2many
AUR62008991	110728202	AT5G38420	ortholog_many2many
AUR62025637	110726729	AT4G15940	ortholog_many2many
AUR62025637	110726729	AT3G16700	ortholog_many2many
AUR62017447	110702646	AT5G38520	ortholog_one2one
AUR62017447	110688623	AT5G38520	ortholog_one2one
AUR62023481	110725167	AT4G01040	ortholog_one2many
AUR62016725	110705069	AT5G17550	ortholog_one2many
AUR62016725	110705069	AT3G03490	ortholog_one2many
AUR62027891	110706710	AT1G44770	ortholog_one2many
AUR62016567	110703463	AT3G11870	ortholog_many2many
AUR62016567	110703463	AT2G17520	ortholog_many2many
AUR62017505	110701888	AT2G05100	ortholog_one2many
AUR62017505	110701888	AT2G05070	ortholog_one2many
AUR62017505	110701888	AT3G27690	ortholog_one2many
AUR62017505	110691840	AT2G05100	ortholog_one2many
AUR62017505	110691840	AT2G05070	ortholog_one2many
AUR62017505	110691840	AT3G27690	ortholog_one2many
AUR62016540	110703435	AT3G07255	ortholog_one2many
AUR62003912	110682330	AT4G36910	ortholog_one2many
AUR62005709	110711853	AT2G04300	ortholog_many2many
AUR62005709	110711853	AT1G51830	ortholog_many2many
AUR62005709	110711853	AT1G51850	ortholog_many2many
AUR62005709	110711853	AT1G51805	ortholog_many2many
AUR62005709	110711853	AT1G49100	ortholog_many2many
AUR62005709	110711853	AT1G07560	ortholog_many2many
AUR62005709	110711853	AT3G21340	ortholog_many2many
AUR62005709	110711853	AT1G51810	ortholog_many2many
AUR62005709	110711853	AT1G51820	ortholog_many2many
AUR62033341	110685340	AT4G00670	ortholog_one2many
AUR62043604	110706176	AT5G04740	ortholog_one2many
AUR62042621	110696256	AT3G13420	ortholog_one2many
AUR62042621	110696256	AT1G55535	ortholog_one2many
AUR62020082	110683404	AT1G07350	ortholog_one2many
AUR62028992	110683002	AT2G06510	ortholog_one2many
AUR62026513	110713821	AT5G54060	ortholog_one2many
AUR62029453	110694687	AT4G35620	ortholog_many2many
AUR62029453	110694687	AT2G17620	ortholog_many2many
AUR62040019	110739838	AT2G32950	ortholog_one2many
AUR62029360	110693249	AT3G15430	ortholog_one2one
AUR62001198	110687826	AT4G24715	ortholog_one2many
AUR62001198	110687826	AT5G50200	ortholog_one2many
AUR62027322	110692815	AT5G45610	ortholog_one2many
AUR62034692	110684805	AT4G14740	ortholog_many2many
AUR62034692	110684805	AT3G22810	ortholog_many2many
AUR62006114	110728845	AT5G53460	ortholog_one2one
AUR62006114	110696098	AT5G53460	ortholog_one2one
AUR62039009	110686061	AT1G77180	ortholog_one2many
AUR62000545	110736647	AT1G77510	ortholog_many2many
AUR62000545	110736647	AT1G21750	ortholog_many2many
AUR62000545	110701315	AT1G77510	ortholog_many2many
AUR62000545	110701315	AT1G21750	ortholog_many2many
AUR62038705	110730702	AT5G37690	ortholog_one2many
AUR62002590	110722081	AT3G17205	ortholog_one2one
AUR62002590	110717877	AT3G17205	ortholog_one2one
AUR62027462	110716943	AT4G26200	ortholog_one2many
AUR62044340	110729782	AT1G29680	ortholog_many2many
AUR62044340	110729782	AT5G45690	ortholog_many2many
AUR62044340	110729782	AT4G18920	ortholog_many2many
AUR62044340	110701773	AT1G29680	ortholog_many2many
AUR62044340	110701773	AT5G45690	ortholog_many2many
AUR62044340	110701773	AT4G18920	ortholog_many2many
AUR62006319	110730642	AT1G79430	ortholog_one2many
AUR62026271	110698031	AT1G27080	ortholog_many2many
AUR62026271	110698031	AT1G69860	ortholog_many2many
AUR62026271	110698031	AT1G69870	ortholog_many2many
AUR62008338	110700512	AT1G18940	ortholog_many2many
AUR62008338	110700512	AT1G74780	ortholog_many2many
AUR62008338	110700512	AT2G34355	ortholog_many2many
AUR62008338	110700512	AT2G34350	ortholog_many2many
AUR62008939	110728151	AT3G30841	ortholog_many2many
AUR62008939	110728151	AT4G09520	ortholog_many2many
AUR62019579	110737797	AT2G42680	ortholog_one2many
AUR62019579	110737797	AT3G58680	ortholog_one2many
AUR62043945	110728373	AT4G33030	ortholog_one2many
AUR62043945	110696977	AT4G33030	ortholog_one2many
AUR62009383	110705673	AT3G08490	ortholog_one2one
AUR62022783	110699442	AT3G09925	ortholog_one2many
AUR62042103	110683255	AT5G44635	ortholog_one2many
AUR62032609	110718350	AT5G07020	ortholog_one2many
AUR62005995	110727697	AT5G24470	ortholog_one2one
AUR62001379	110688001	AT5G60590	ortholog_one2many
AUR62000248	110736008	AT3G13400	ortholog_many2many
AUR62000248	110736008	AT1G55570	ortholog_many2many
AUR62000248	110736008	AT1G55560	ortholog_many2many
AUR62000248	110736008	AT3G13390	ortholog_many2many
AUR62020397	110720749	AT1G50720	ortholog_many2many
AUR62020397	110720749	AT5G55110	ortholog_many2many
AUR62020397	110720749	AT4G26880	ortholog_many2many
AUR62009145	110705439	AT4G38120	ortholog_one2many
AUR62037090	110700051	AT5G14760	ortholog_one2many
AUR62003751	110682171	AT5G65205	ortholog_many2many
AUR62003751	110682171	AT5G10050	ortholog_many2many
AUR62002266	110717627	AT3G23180	ortholog_many2many
AUR62002266	110717627	AT3G23190	ortholog_many2many
AUR62002266	110717627	AT4G14420	ortholog_many2many
AUR62002266	110717627	AT3G23175	ortholog_many2many
AUR62008315	110726552	AT5G13050	ortholog_one2one
AUR62002188	110717491	AT5G51510	ortholog_one2many
AUR62002313	110717403	AT1G23130	ortholog_many2many
AUR62002313	110717403	AT5G28000	ortholog_many2many
AUR62002313	110717403	AT1G70890	ortholog_many2many
AUR62002313	110717403	AT1G70840	ortholog_many2many
AUR62002313	110717403	AT1G35310	ortholog_many2many
AUR62002313	110717403	AT1G70860	ortholog_many2many
AUR62002313	110717403	AT1G70850	ortholog_many2many
AUR62002313	110717403	AT1G70880	ortholog_many2many
AUR62002313	110717403	AT1G70830	ortholog_many2many
AUR62002313	110717403	AT1G35260	ortholog_many2many
AUR62002313	110717403	AT5G28010	ortholog_many2many
AUR62025205	110715984	AT1G79310	ortholog_many2many
AUR62025205	110715984	AT1G79320	ortholog_many2many
AUR62025205	110715984	AT1G79330	ortholog_many2many
AUR62025205	110715984	AT1G16420	ortholog_many2many
AUR62025205	110715984	AT1G79340	ortholog_many2many
AUR62009665	110684154	AT5G58430	ortholog_one2many
AUR62020451	110720967	AT2G30670	ortholog_many2many
AUR62020451	110720967	AT2G29360	ortholog_many2many
AUR62020451	110720967	AT1G07440	ortholog_many2many
AUR62020451	110720967	AT2G29340	ortholog_many2many
AUR62020451	110720967	AT2G29330	ortholog_many2many
AUR62020451	110720967	AT2G29310	ortholog_many2many
AUR62020451	110720967	AT1G07450	ortholog_many2many
AUR62020451	110720967	AT2G29320	ortholog_many2many
AUR62020451	110720967	AT2G29170	ortholog_many2many
AUR62020451	110720967	AT2G29290	ortholog_many2many
AUR62020451	110720967	AT2G29150	ortholog_many2many
AUR62020451	110720967	AT2G29370	ortholog_many2many
AUR62020451	110720967	AT2G29300	ortholog_many2many
AUR62020451	110720967	AT2G29350	ortholog_many2many
AUR62014481	110724770	AT1G45010	ortholog_many2many
AUR62014481	110724770	AT1G35170	ortholog_many2many
AUR62014481	110724770	AT1G35180	ortholog_many2many
AUR62039934	110704613	AT4G12430	ortholog_many2many
AUR62039934	110704613	AT4G22590	ortholog_many2many
AUR62012955	110737648	AT1G29490	ortholog_many2many
AUR62012955	110737648	AT1G29430	ortholog_many2many
AUR62012955	110737648	AT1G29500	ortholog_many2many
AUR62012955	110737648	AT1G29510	ortholog_many2many
AUR62012955	110737648	AT1G29450	ortholog_many2many
AUR62012955	110737648	AT1G29460	ortholog_many2many
AUR62012955	110737648	AT1G29420	ortholog_many2many
AUR62012955	110737648	AT1G29440	ortholog_many2many
AUR62012955	110737648	AT5G27780	ortholog_many2many
AUR62009462	110705753	AT5G15720	ortholog_one2one
AUR62002841	110718868	AT1G68370	ortholog_one2many
AUR62039910	110724988	AT4G02860	ortholog_many2many
AUR62039910	110724988	AT1G03210	ortholog_many2many
AUR62039910	110724988	AT4G02850	ortholog_many2many
AUR62003864	110682289	AT4G37030	ortholog_one2many
AUR62001667	110688282	AT4G21010	ortholog_many2many
AUR62001667	110688282	AT4G20330	ortholog_many2many
AUR62029794	110690736	AT3G08670	ortholog_one2many
AUR62014808	110693610	AT4G21705	ortholog_one2many
AUR62015363	110689232	AT3G21420	ortholog_one2many
AUR62018598	110730073	AT4G38510	ortholog_one2many
AUR62001081	110737158	AT3G04580	ortholog_one2one
AUR62036714	110703614	AT5G59810	ortholog_one2many
AUR62020633	110710146	AT4G26000	ortholog_one2many
AUR62027604	110690511	AT5G46290	ortholog_one2many
AUR62015467	110689330	AT5G52070	ortholog_many2many
AUR62015467	110689330	AT5G42670	ortholog_many2many
AUR62003746	110682164	AT4G35530	ortholog_one2many
AUR62000559	110736661	AT5G08720	ortholog_one2many
AUR62014284	110724571	AT4G38130	ortholog_one2one
AUR62033486	110729181	AT3G47130	ortholog_many2many
AUR62033486	110729181	AT3G47150	ortholog_many2many
AUR62033486	110729181	AT3G47140	ortholog_many2many
AUR62018707	110729990	AT5G46720	ortholog_one2many
AUR62006826	110701253	AT1G09770	ortholog_one2many
AUR62006850	110701465	AT4G30770	ortholog_one2many
AUR62008929	110728141	AT3G25040	ortholog_one2many
AUR62029036	110683046	AT5G57015	ortholog_one2many
AUR62039714	110683173	AT3G62800	ortholog_one2one
AUR62041347	110706242	AT5G02230	ortholog_one2one
AUR62007608	110685836	AT4G05380	ortholog_many2many
AUR62007608	110685836	AT1G43910	ortholog_many2many
AUR62035277	110691262	AT3G25770	ortholog_many2many
AUR62035277	110691262	AT1G13280	ortholog_many2many
AUR62035277	110691262	AT3G25760	ortholog_many2many
AUR62035277	110691262	AT3G25780	ortholog_many2many
AUR62029272	110693165	AT5G54540	ortholog_one2many
AUR62003666	110682084	AT2G22570	ortholog_one2one
AUR62037023	110730996	AT3G11460	ortholog_one2one
AUR62018438	110711494	AT3G10740	ortholog_many2many
AUR62018438	110711494	AT5G26120	ortholog_many2many
AUR62040271	110717069	AT2G23090	ortholog_one2many
AUR62040271	110682402	AT2G23090	ortholog_one2many
AUR62023859	110738796	AT2G31380	ortholog_many2many
AUR62023859	110738796	AT1G06040	ortholog_many2many
AUR62004069	110682504	AT2G18260	ortholog_one2many
AUR62003380	110724901	AT5G66010	ortholog_one2many
AUR62019131	110709839	AT4G13770	ortholog_one2many
AUR62009745	110684477	AT3G44380	ortholog_one2many
AUR62041890	110685481	AT4G29830	ortholog_one2many
AUR62007202	110732450	AT5G47060	ortholog_many2many
AUR62007202	110732450	AT4G17670	ortholog_many2many
AUR62029201	110730915	AT1G08125	ortholog_one2one
AUR62000011	110736099	AT3G13550	ortholog_one2one
AUR62041779	110696381	AT2G37090	ortholog_one2many
AUR62007998	110686194	AT2G18520	ortholog_one2many
AUR62007998	110686194	AT4G36680	ortholog_one2many
AUR62011410	110698554	AT2G15890	ortholog_one2many
AUR62014364	110724653	AT1G20370	ortholog_many2many
AUR62014364	110724653	AT1G76120	ortholog_many2many
AUR62004544	110714024	AT2G46710	ortholog_one2many
AUR62027243	110692724	AT5G66560	ortholog_many2many
AUR62027243	110692724	AT3G50840	ortholog_many2many
AUR62038338	110738148	AT1G51730	ortholog_one2many
AUR62028065	110710367	AT4G31160	ortholog_one2many
AUR62028065	110683834	AT4G31160	ortholog_one2many
AUR62009362	110705650	AT4G31810	ortholog_one2one
AUR62001709	110688333	AT2G29560	ortholog_one2many
AUR62001709	110683393	AT2G29560	ortholog_one2many
AUR62033864	110686317	AT5G42655	ortholog_one2many
AUR62002432	110717822	AT1G05690	ortholog_one2many
AUR62023600	110725301	AT1G36390	ortholog_one2many
AUR62040913	110704548	AT5G29000	ortholog_one2many
AUR62040913	110704548	AT3G04450	ortholog_one2many
AUR62000023	110736111	AT1G11880	ortholog_one2one
AUR62041758	110716432	AT2G37530	ortholog_one2many
AUR62018198	110735120	AT5G15580	ortholog_many2many
AUR62018198	110735120	AT3G02170	ortholog_many2many
AUR62039881	110724962	AT2G37035	ortholog_one2many
AUR62029792	110690735	AT2G38580	ortholog_one2many
AUR62022861	110699256	AT2G38120	ortholog_many2many
AUR62022861	110699256	AT5G01240	ortholog_many2many
AUR62040339	110734737	AT2G36930	ortholog_one2one
AUR62031322	110716695	AT3G54420	ortholog_one2many
AUR62041149	110684355	AT5G54540	ortholog_one2many
AUR62031661	110727082	AT3G10850	ortholog_one2many
AUR62027099	110740067	AT5G09560	ortholog_many2many
AUR62027099	110740067	AT5G64390	ortholog_many2many
AUR62016761	110705113	AT2G16360	ortholog_many2many
AUR62016761	110705113	AT4G34555	ortholog_many2many
AUR62016761	110705113	AT4G39200	ortholog_many2many
AUR62016761	110705113	AT2G21580	ortholog_many2many
AUR62005801	110707403	AT1G14210	ortholog_one2many
AUR62001593	110688208	AT5G20970	ortholog_many2many
AUR62001593	110688208	AT2G27140	ortholog_many2many
AUR62036299	110688844	AT3G61990	ortholog_one2many
AUR62036299	110688844	AT3G62000	ortholog_one2many
AUR62040937	110704569	AT5G18480	ortholog_one2one
AUR62006175	110729378	AT2G36250	ortholog_one2many
AUR62006175	110729378	AT3G52750	ortholog_one2many
AUR62006175	110695738	AT2G36250	ortholog_one2many
AUR62006175	110695738	AT3G52750	ortholog_one2many
AUR62005763	110712343	AT1G69670	ortholog_one2many
AUR62005763	110712343	AT1G26830	ortholog_one2many
AUR62011466	110698608	AT5G61030	ortholog_one2many
AUR62016966	110706866	AT1G61065	ortholog_one2many
AUR62023342	110720438	AT5G58220	ortholog_one2many
AUR62035095	110692940	AT2G05620	ortholog_one2one
AUR62037169	110740333	AT1G07880	ortholog_one2many
AUR62006002	110726176	AT4G22430	ortholog_one2many
AUR62006002	110726176	AT3G23950	ortholog_one2many
AUR62006002	110726176	AT3G28223	ortholog_one2many
AUR62006002	110726176	AT3G23970	ortholog_one2many
AUR62006002	110726176	AT1G15680	ortholog_one2many
AUR62006002	110726176	AT1G49990	ortholog_one2many
AUR62006002	110726176	AT3G28280	ortholog_one2many
AUR62003783	110681710	AT5G65165	ortholog_one2many
AUR62016767	110705119	AT5G11880	ortholog_many2many
AUR62016767	110705119	AT3G14390	ortholog_many2many
AUR62026408	110713684	AT2G43640	ortholog_one2many
AUR62025659	110726746	AT1G16840	ortholog_many2many
AUR62025659	110726746	AT1G78890	ortholog_many2many
AUR62018588	110711521	AT1G04830	ortholog_many2many
AUR62018588	110711521	AT4G13730	ortholog_many2many
AUR62036255	110688800	AT5G35220	ortholog_one2many
AUR62031667	110727086	AT3G56460	ortholog_one2many
AUR62037222	110738350	AT1G63780	ortholog_one2one
AUR62037222	110716440	AT1G63780	ortholog_one2one
AUR62016710	110705055	AT2G15570	ortholog_one2many
AUR62023364	110720460	AT3G50050	ortholog_one2many
AUR62003378	110724884	AT2G20830	ortholog_one2many
AUR62040731	110728731	AT3G16630	ortholog_one2many
AUR62040731	110694864	AT3G16630	ortholog_one2many
AUR62020907	110714804	AT3G23700	ortholog_one2many
AUR62028700	110727558	AT5G48480	ortholog_one2many
AUR62000246	110736356	AT1G08400	ortholog_one2many
AUR62020007	110722850	AT5G20350	ortholog_one2one
AUR62029281	110693170	AT5G54500	ortholog_many2many
AUR62029281	110693170	AT4G27270	ortholog_many2many
AUR62006203	110729641	AT1G16430	ortholog_one2many
AUR62006203	110729641	AT1G07950	ortholog_one2many
AUR62033076	110713147	AT3G17670	ortholog_one2many
AUR62030205	110728571	AT4G18290	ortholog_many2many
AUR62030205	110728571	AT5G46240	ortholog_many2many
AUR62009781	110684265	AT2G27610	ortholog_one2many
AUR62038671	110730670	AT3G29400	ortholog_one2many
AUR62018692	110730158	AT4G25960	ortholog_many2many
AUR62018692	110730158	AT1G10680	ortholog_many2many
AUR62017085	110706986	AT5G55640	ortholog_one2many
AUR62018691	110730157	AT4G17770	ortholog_one2many
AUR62005794	110712604	AT1G14210	ortholog_one2many
AUR62025704	110726792	AT1G16770	ortholog_one2many
AUR62037925	110709274	AT3G10050	ortholog_one2one
AUR62000846	110736933	AT1G05460	ortholog_one2one
AUR62027468	110716920	AT4G26220	ortholog_one2many
AUR62016842	110705192	AT5G06420	ortholog_one2many
AUR62016842	110705192	AT1G01350	ortholog_one2many
AUR62016866	110705212	AT5G07860	ortholog_many2many
AUR62016866	110705212	AT5G07850	ortholog_many2many
AUR62016866	110705212	AT5G42830	ortholog_many2many
AUR62016866	110705212	AT5G07870	ortholog_many2many
AUR62007295	110732544	AT2G35210	ortholog_one2many
AUR62013691	110721334	AT1G65680	ortholog_one2many
AUR62041018	110735265	AT5G06070	ortholog_one2many
AUR62023307	110720402	AT5G38410	ortholog_many2many
AUR62023307	110720402	AT1G67090	ortholog_many2many
AUR62023307	110720402	AT5G38430	ortholog_many2many
AUR62023307	110720402	AT5G38420	ortholog_many2many
AUR62028014	110683791	AT5G35330	ortholog_one2many
AUR62001878	110688516	AT2G30200	ortholog_one2many
AUR62042183	110737273	AT5G60670	ortholog_many2many
AUR62042183	110737273	AT2G37190	ortholog_many2many
AUR62042183	110737273	AT3G53430	ortholog_many2many
AUR62042183	110711870	AT5G60670	ortholog_many2many
AUR62042183	110711870	AT2G37190	ortholog_many2many
AUR62042183	110711870	AT3G53430	ortholog_many2many
AUR62042183	110701687	AT5G60670	ortholog_many2many
AUR62042183	110701687	AT2G37190	ortholog_many2many
AUR62042183	110701687	AT3G53430	ortholog_many2many
AUR62042183	110697674	AT5G60670	ortholog_many2many
AUR62042183	110697674	AT2G37190	ortholog_many2many
AUR62042183	110697674	AT3G53430	ortholog_many2many
AUR62033044	110706128	AT3G52330	ortholog_one2many
AUR62033044	110706128	AT5G48550	ortholog_one2many
AUR62033044	110706128	AT1G50870	ortholog_one2many
AUR62033044	110706128	AT1G59675	ortholog_one2many
AUR62033044	110706128	AT4G09190	ortholog_one2many
AUR62033044	110706128	AT5G18160	ortholog_one2many
AUR62033044	110706128	AT4G13060	ortholog_one2many
AUR62033044	110706128	AT1G48060	ortholog_one2many
AUR62033044	110706128	AT4G21240	ortholog_one2many
AUR62033044	110706128	AT1G47730	ortholog_one2many
AUR62033044	110706128	AT3G10240	ortholog_one2many
AUR62033044	110706128	AT1G50880	ortholog_one2many
AUR62033044	110706128	AT1G52495	ortholog_one2many
AUR62033044	110706128	AT1G47765	ortholog_one2many
AUR62033044	110706128	AT1G47790	ortholog_one2many
AUR62033044	110706128	AT3G52320	ortholog_one2many
AUR62033044	110706128	AT3G06280	ortholog_one2many
AUR62039939	110704617	AT1G12200	ortholog_many2many
AUR62039939	110704617	AT1G63370	ortholog_many2many
AUR62039939	110704617	AT1G65860	ortholog_many2many
AUR62039939	110704617	AT1G62560	ortholog_many2many
AUR62039939	110704617	AT1G63390	ortholog_many2many
AUR62039939	110704617	AT1G62580	ortholog_many2many
AUR62039939	110704617	AT1G62570	ortholog_many2many
AUR62039939	110704617	AT1G62540	ortholog_many2many
AUR62039939	110704617	AT1G12140	ortholog_many2many
AUR62039939	110704617	AT1G63340	ortholog_many2many
AUR62039939	110704617	AT1G12130	ortholog_many2many
AUR62039939	110704617	AT1G62620	ortholog_many2many
AUR62039939	110704617	AT1G62600	ortholog_many2many
AUR62039939	110704617	AT1G12160	ortholog_many2many
AUR62003898	110682324	AT5G67140	ortholog_one2many
AUR62018810	110730271	AT4G17640	ortholog_one2many
AUR62018810	110730271	AT5G47080	ortholog_one2many
AUR62019559	110737774	AT5G60340	ortholog_one2many
AUR62006630	110701065	AT2G43460	ortholog_many2many
AUR62006630	110701065	AT3G59540	ortholog_many2many
AUR62033708	110713437	AT1G03290	ortholog_many2many
AUR62033708	110713437	AT4G02880	ortholog_many2many
AUR62031755	110731796	AT5G22770	ortholog_many2many
AUR62031755	110731796	AT5G22780	ortholog_many2many
AUR62031755	110699630	AT5G22770	ortholog_many2many
AUR62031755	110699630	AT5G22780	ortholog_many2many
AUR62016643	110704989	AT3G42150	ortholog_many2many
AUR62016643	110704989	AT1G21930	ortholog_many2many
AUR62019424	110737649	AT1G53050	ortholog_one2one
AUR62011500	110698628	AT2G39210	ortholog_one2many
AUR62017208	110702430	AT4G11570	ortholog_one2one
AUR62019156	110709867	AT1G75640	ortholog_one2many
AUR62038536	110739138	AT1G22882	ortholog_many2many
AUR62038536	110739138	AT1G71360	ortholog_many2many
AUR62017294	110702504	AT4G23030	ortholog_one2one
AUR62035234	110691220	AT2G01170	ortholog_one2many
AUR62037621	110722380	AT1G53720	ortholog_one2many
AUR62034560	110723317	AT1G75530	ortholog_many2many
AUR62034560	110723317	AT3G54350	ortholog_many2many
AUR62031989	110707448	AT2G41350	ortholog_one2many
AUR62044656	110721258	AT1G35550	ortholog_many2many
AUR62044656	110721258	AT1G07920	ortholog_many2many
AUR62044656	110721258	AT1G07940	ortholog_many2many
AUR62044656	110721258	AT5G60390	ortholog_many2many
AUR62044656	110721258	AT1G07930	ortholog_many2many
AUR62044656	110710250	AT1G35550	ortholog_many2many
AUR62044656	110710250	AT1G07920	ortholog_many2many
AUR62044656	110710250	AT1G07940	ortholog_many2many
AUR62044656	110710250	AT5G60390	ortholog_many2many
AUR62044656	110710250	AT1G07930	ortholog_many2many
AUR62044656	110683726	AT1G35550	ortholog_many2many
AUR62044656	110683726	AT1G07920	ortholog_many2many
AUR62044656	110683726	AT1G07940	ortholog_many2many
AUR62044656	110683726	AT5G60390	ortholog_many2many
AUR62044656	110683726	AT1G07930	ortholog_many2many
AUR62044656	110683730	AT1G35550	ortholog_many2many
AUR62044656	110683730	AT1G07920	ortholog_many2many
AUR62044656	110683730	AT1G07940	ortholog_many2many
AUR62044656	110683730	AT5G60390	ortholog_many2many
AUR62044656	110683730	AT1G07930	ortholog_many2many
AUR62029480	110694714	AT5G66180	ortholog_one2many
AUR62005706	110711820	AT5G13280	ortholog_one2one
AUR62005706	110690468	AT5G13280	ortholog_one2one
AUR62003880	110682304	AT4G36990	ortholog_one2many
AUR62019849	110722698	AT4G10960	ortholog_one2many
AUR62019849	110722698	AT4G23920	ortholog_one2many
AUR62019849	110722698	AT1G64440	ortholog_one2many
AUR62017248	110702466	AT1G12800	ortholog_one2one
AUR62035499	110700158	AT4G03550	ortholog_one2many
AUR62005636	110711118	AT1G27310	ortholog_one2one
AUR62005636	110690538	AT1G27310	ortholog_one2one
AUR62023227	110720276	AT5G17480	ortholog_one2many
AUR62023227	110720276	AT3G03430	ortholog_one2many
AUR62017156	110707060	AT4G26540	ortholog_one2many
AUR62017156	110707060	AT5G56040	ortholog_one2many
AUR62002384	110718178	AT2G04280	ortholog_many2many
AUR62002384	110718178	AT4G12700	ortholog_many2many
AUR62031405	110693851	AT5G23980	ortholog_many2many
AUR62031405	110693851	AT5G23990	ortholog_many2many
AUR62006250	110730003	AT5G38950	ortholog_one2many
AUR62024993	110712019	AT5G60540	ortholog_one2many
AUR62002293	110717546	AT3G59040	ortholog_one2many
AUR62017201	110702423	AT4G11440	ortholog_one2one
AUR62004081	110682517	AT1G19600	ortholog_one2one
AUR62008684	110727919	AT4G02350	ortholog_one2many
AUR62009731	110684221	AT1G06890	ortholog_many2many
AUR62009731	110684221	AT2G30460	ortholog_many2many
AUR62013032	110739222	AT4G38580	ortholog_one2many
AUR62013032	110739222	AT4G35060	ortholog_one2many
AUR62019677	110737887	AT1G53670	ortholog_one2many
AUR62020835	110714738	AT1G04910	ortholog_one2many
AUR62031721	110727136	AT5G51795	ortholog_many2many
AUR62031721	110727136	AT1G55460	ortholog_many2many
AUR62037323	110715644	AT1G68300	ortholog_one2many
AUR62003390	110724999	AT5G41080	ortholog_many2many
AUR62003390	110724999	AT3G02040	ortholog_many2many
AUR62020342	110720885	AT5G55220	ortholog_one2one
AUR62004114	110682555	AT4G36390	ortholog_one2many
AUR62013782	110721570	AT2G44670	ortholog_one2many
AUR62043933	110728349	AT5G11780	ortholog_one2many
AUR62043933	110715513	AT5G11780	ortholog_one2many
AUR62040864	110739380	AT1G16520	ortholog_one2many
AUR62040864	110739380	AT1G56080	ortholog_one2many
AUR62029266	110693158	AT3G20660	ortholog_one2many
AUR62018759	110730224	AT2G35330	ortholog_many2many
AUR62018759	110730224	AT1G32530	ortholog_many2many
AUR62033406	110729084	AT4G13370	ortholog_one2one
AUR62033406	110707839	AT4G13370	ortholog_one2one
AUR62021834	110731229	AT3G60240	ortholog_one2many
AUR62021834	110687468	AT3G60240	ortholog_one2many
AUR62029184	110730897	AT5G22940	ortholog_one2many
AUR62029184	110730897	AT2G28110	ortholog_one2many
AUR62009106	110705398	AT4G33110	ortholog_many2many
AUR62009106	110705398	AT4G33120	ortholog_many2many
AUR62016694	110705042	AT5G39390	ortholog_one2many
AUR62014164	110694399	AT2G01620	ortholog_one2many
AUR62040836	110712831	AT3G10180	ortholog_one2many
AUR62040836	110710548	AT3G10180	ortholog_one2many
AUR62038806	110724425	AT5G43020	ortholog_one2many
AUR62006188	110729500	AT3G52720	ortholog_one2one
AUR62015288	110704804	AT3G11960	ortholog_one2many
AUR62027941	110721258	AT1G35550	ortholog_many2many
AUR62027941	110721258	AT1G07920	ortholog_many2many
AUR62027941	110721258	AT1G07940	ortholog_many2many
AUR62027941	110721258	AT5G60390	ortholog_many2many
AUR62027941	110721258	AT1G07930	ortholog_many2many
AUR62027941	110710250	AT1G35550	ortholog_many2many
AUR62027941	110710250	AT1G07920	ortholog_many2many
AUR62027941	110710250	AT1G07940	ortholog_many2many
AUR62027941	110710250	AT5G60390	ortholog_many2many
AUR62027941	110710250	AT1G07930	ortholog_many2many
AUR62027941	110683726	AT1G35550	ortholog_many2many
AUR62027941	110683726	AT1G07920	ortholog_many2many
AUR62027941	110683726	AT1G07940	ortholog_many2many
AUR62027941	110683726	AT5G60390	ortholog_many2many
AUR62027941	110683726	AT1G07930	ortholog_many2many
AUR62027941	110683730	AT1G35550	ortholog_many2many
AUR62027941	110683730	AT1G07920	ortholog_many2many
AUR62027941	110683730	AT1G07940	ortholog_many2many
AUR62027941	110683730	AT5G60390	ortholog_many2many
AUR62027941	110683730	AT1G07930	ortholog_many2many
AUR62016457	110703355	AT1G79900	ortholog_one2many
AUR62000524	110736624	AT2G28605	ortholog_one2many
AUR62008531	110700703	AT5G61040	ortholog_many2many
AUR62008531	110700703	AT5G08010	ortholog_many2many
AUR62011533	110703088	AT4G13770	ortholog_one2many
AUR62001760	110688392	AT2G29070	ortholog_one2many
AUR62036027	110700197	AT3G63030	ortholog_many2many
AUR62036027	110700197	AT4G22745	ortholog_many2many
AUR62001324	110687942	AT1G16790	ortholog_one2many
AUR62012008	110734484	AT3G12030	ortholog_many2many
AUR62012008	110734484	AT5G06660	ortholog_many2many
AUR62027755	110706580	AT3G15660	ortholog_one2many
AUR62019444	110737668	AT3G15290	ortholog_one2many
AUR62014231	110711861	AT3G09680	ortholog_many2many
AUR62014231	110711861	AT5G02960	ortholog_many2many
AUR62014231	110711851	AT3G09680	ortholog_many2many
AUR62014231	110711851	AT5G02960	ortholog_many2many
AUR62014231	110710364	AT3G09680	ortholog_many2many
AUR62014231	110710364	AT5G02960	ortholog_many2many
AUR62014231	110710281	AT3G09680	ortholog_many2many
AUR62014231	110710281	AT5G02960	ortholog_many2many
AUR62014231	110694478	AT3G09680	ortholog_many2many
AUR62014231	110694478	AT5G02960	ortholog_many2many
AUR62014231	110683706	AT3G09680	ortholog_many2many
AUR62014231	110683706	AT5G02960	ortholog_many2many
AUR62014482	110724771	AT1G19690	ortholog_one2many
AUR62004075	110682509	AT4G36530	ortholog_one2many
AUR62029934	110702835	AT3G18200	ortholog_one2many
AUR62013304	110725588	AT5G11150	ortholog_one2many
AUR62013304	110725588	AT4G32150	ortholog_one2many
AUR62013304	110725588	AT2G25340	ortholog_one2many
AUR62013093	110739757	AT3G19860	ortholog_one2one
AUR62002783	110715407	AT1G66810	ortholog_one2many
AUR62035916	110727299	AT3G62950	ortholog_many2many
AUR62035916	110727299	AT2G47870	ortholog_many2many
AUR62035916	110692582	AT3G62950	ortholog_many2many
AUR62035916	110692582	AT2G47870	ortholog_many2many
AUR62021161	110729636	AT3G56150	ortholog_many2many
AUR62021161	110729636	AT3G22860	ortholog_many2many
AUR62038819	110724435	AT1G75210	ortholog_one2many
AUR62025562	110689825	AT4G02380	ortholog_many2many
AUR62025562	110689825	AT1G02820	ortholog_many2many
AUR62013396	110725683	AT1G71260	ortholog_one2many
AUR62023855	110738794	AT3G59520	ortholog_one2many
AUR62003571	110681982	AT5G17370	ortholog_one2one
AUR62022704	110731685	AT1G22650	ortholog_many2many
AUR62022704	110731685	AT1G72000	ortholog_many2many
AUR62022704	110731685	AT4G09510	ortholog_many2many
AUR62022704	110731685	AT1G35580	ortholog_many2many
AUR62025998	110707245	AT1G68030	ortholog_one2many
AUR62025998	110707245	AT1G14770	ortholog_one2many
AUR62007454	110732723	AT5G62320	ortholog_one2many
AUR62007992	110722661	AT1G63690	ortholog_one2many
AUR62007992	110686188	AT1G63690	ortholog_one2many
AUR62029346	110693233	AT4G27420	ortholog_one2one
AUR62035518	110700568	AT3G01680	ortholog_one2many
AUR62005525	110712379	AT1G13180	ortholog_one2many
AUR62005525	110709953	AT1G13180	ortholog_one2many
AUR62035259	110691245	AT1G68620	ortholog_one2one
AUR62022546	110731513	AT3G61310	ortholog_many2many
AUR62022546	110731513	AT2G45850	ortholog_many2many
AUR62043659	110704512	AT2G37930	ortholog_one2many
AUR62043659	110704512	AT5G01030	ortholog_one2many
AUR62015501	110689359	AT3G14290	ortholog_many2many
AUR62015501	110689359	AT1G53850	ortholog_many2many
AUR62017506	110701887	AT5G44370	ortholog_one2one
AUR62013340	110725622	AT3G01370	ortholog_one2one
AUR62021838	110731232	AT3G25970	ortholog_one2one
AUR62037858	110712751	AT1G61750	ortholog_one2many
AUR62032050	110707527	AT5G18150	ortholog_many2many
AUR62032050	110707527	AT5G14602	ortholog_many2many
AUR62004641	110731678	AT1G71950	ortholog_one2many
AUR62004641	110714169	AT1G71950	ortholog_one2many
AUR62019436	110737661	AT4G21470	ortholog_one2many
AUR62013793	110721583	AT3G49100	ortholog_one2many
AUR62031433	110693882	AT5G52810	ortholog_one2many
AUR62006895	110701314	AT5G63780	ortholog_many2many
AUR62006895	110701314	AT5G08750	ortholog_many2many
AUR62021711	110726480	AT1G74530	ortholog_one2many
AUR62002659	110691578	AT4G03620	ortholog_one2many
AUR62005384	110708703	AT1G70410	ortholog_many2many
AUR62005384	110708703	AT1G23730	ortholog_many2many
AUR62002234	110717570	AT5G51290	ortholog_one2many
AUR62002903	110719717	AT3G02520	ortholog_many2many
AUR62002903	110719717	AT5G16050	ortholog_many2many
AUR62002903	110691249	AT3G02520	ortholog_many2many
AUR62002903	110691249	AT5G16050	ortholog_many2many
AUR62020469	110720983	AT2G22890	ortholog_one2many
AUR62020469	110720983	AT1G62190	ortholog_one2many
AUR62020469	110720983	AT4G27030	ortholog_one2many
AUR62013037	110739270	AT4G35020	ortholog_one2one
AUR62013037	110718530	AT4G35020	ortholog_one2one
AUR62023324	110720421	AT3G03530	ortholog_many2many
AUR62023324	110720421	AT3G03540	ortholog_many2many
AUR62023324	110720421	AT3G03520	ortholog_many2many
AUR62013617	110721408	AT1G01940	ortholog_one2many
AUR62011655	110698845	AT1G49160	ortholog_many2many
AUR62011655	110698845	AT3G18750	ortholog_many2many
AUR62003243	110723363	AT2G23460	ortholog_one2one
AUR62044411	110719881	AT1G66410	ortholog_many2many
AUR62044411	110719881	AT5G37780	ortholog_many2many
AUR62044411	110715002	AT1G66410	ortholog_many2many
AUR62044411	110715002	AT5G37780	ortholog_many2many
AUR62007155	110732406	AT2G16930	ortholog_many2many
AUR62007155	110732406	AT5G15220	ortholog_many2many
AUR62004026	110682457	AT5G65890	ortholog_one2many
AUR62034377	110682729	AT5G09970	ortholog_one2many
AUR62019513	110737740	AT5G54080	ortholog_one2one
AUR62001394	110688013	AT1G53770	ortholog_many2many
AUR62001394	110688013	AT5G50420	ortholog_many2many
AUR62001394	110688013	AT1G17270	ortholog_many2many
AUR62024303	110712385	AT1G60770	ortholog_one2many
AUR62006591	110701024	AT1G08400	ortholog_one2many
AUR62034887	110704159	AT4G09750	ortholog_one2one
AUR62003517	110681929	AT3G27060	ortholog_one2one
AUR62036972	110691131	AT5G07330	ortholog_one2many
AUR62027029	110740001	AT4G33770	ortholog_one2one
AUR62018726	110732528	AT5G46630	ortholog_one2many
AUR62018726	110730195	AT5G46630	ortholog_one2many
AUR62007901	110686099	AT1G13700	ortholog_one2many
AUR62001391	110688012	AT1G53760	ortholog_one2many
AUR62027865	110706684	AT2G37970	ortholog_one2many
AUR62042376	110710093	AT1G48600	ortholog_many2many
AUR62042376	110710093	AT3G18000	ortholog_many2many
AUR62037551	110734008	AT5G38950	ortholog_one2many
AUR62009328	110705619	AT2G25737	ortholog_one2one
AUR62039670	110722236	AT5G08100	ortholog_one2one
AUR62003707	110682122	AT3G51320	ortholog_one2one
AUR62017347	110702553	AT1G19670	ortholog_one2many
AUR62020051	110683372	AT5G59160	ortholog_many2many
AUR62020051	110683372	AT3G46820	ortholog_many2many
AUR62024651	110734298	AT1G03330	ortholog_one2many
AUR62024651	110733045	AT1G03330	ortholog_one2many
AUR62001495	110688100	AT5G60770	ortholog_many2many
AUR62001495	110688100	AT1G08100	ortholog_many2many
AUR62001495	110688100	AT1G08090	ortholog_many2many
AUR62002943	110720234	AT1G68750	ortholog_one2many
AUR62000504	110736609	AT5G10830	ortholog_many2many
AUR62000504	110736609	AT4G22530	ortholog_many2many
AUR62042546	110683665	AT2G37150	ortholog_one2one
AUR62000829	110736922	AT5G27550	ortholog_one2one
AUR62020691	110710133	AT4G31120	ortholog_one2many
AUR62043390	110711416	AT2G25810	ortholog_one2many
AUR62043390	110693343	AT2G25810	ortholog_one2many
AUR62009135	110705433	AT4G33030	ortholog_one2many
AUR62023482	110725166	AT4G01050	ortholog_one2many
AUR62032071	110707540	AT1G64890	ortholog_one2many
AUR62002555	110722046	AT3G17470	ortholog_one2one
AUR62034747	110713428	AT3G22440	ortholog_one2many
AUR62034747	110713428	AT4G14900	ortholog_one2many
AUR62034747	110684853	AT3G22440	ortholog_one2many
AUR62034747	110684853	AT4G14900	ortholog_one2many
AUR62001023	110737108	AT5G10920	ortholog_one2one
AUR62008525	110700695	AT4G25020	ortholog_many2many
AUR62008525	110700695	AT1G33520	ortholog_many2many
AUR62006931	110701349	AT5G23530	ortholog_one2many
AUR62014435	110729099	AT2G14285	ortholog_many2many
AUR62014435	110729099	AT4G30220	ortholog_many2many
AUR62014435	110724723	AT2G14285	ortholog_many2many
AUR62014435	110724723	AT4G30220	ortholog_many2many
AUR62014435	110723323	AT2G14285	ortholog_many2many
AUR62014435	110723323	AT4G30220	ortholog_many2many
AUR62014435	110707851	AT2G14285	ortholog_many2many
AUR62014435	110707851	AT4G30220	ortholog_many2many
AUR62013311	110725597	AT3G42170	ortholog_one2one
AUR62021741	110726507	AT1G74730	ortholog_one2many
AUR62021741	110700537	AT1G74730	ortholog_one2many
AUR62023477	110725159	AT3G61690	ortholog_one2many
AUR62013398	110725687	AT1G71310	ortholog_one2many
AUR62020215	110683555	AT3G44110	ortholog_many2many
AUR62020215	110683555	AT5G22060	ortholog_many2many
AUR62041604	110692428	AT1G73190	ortholog_many2many
AUR62041604	110692428	AT1G17810	ortholog_many2many
AUR62009878	110684370	AT1G17470	ortholog_many2many
AUR62009878	110684370	AT1G72660	ortholog_many2many
AUR62018118	110735046	AT5G02120	ortholog_one2one
AUR62017366	110702572	AT1G12430	ortholog_one2one
AUR62019477	110737698	AT5G53950	ortholog_one2one
AUR62037651	110722411	AT3G12740	ortholog_many2many
AUR62037651	110722411	AT1G54320	ortholog_many2many
AUR62037651	110722411	AT1G16360	ortholog_many2many
AUR62037651	110722411	AT1G79450	ortholog_many2many
AUR62016604	110704955	AT1G80600	ortholog_one2many
AUR62008535	110700708	AT5G61010	ortholog_one2many
AUR62007785	110720722	AT3G25560	ortholog_one2many
AUR62007785	110686007	AT3G25560	ortholog_one2many
AUR62009545	110684030	AT5G59490	ortholog_many2many
AUR62009545	110684030	AT5G59480	ortholog_many2many
AUR62018683	110730148	AT2G17650	ortholog_one2many
AUR62037125	110740286	AT2G20890	ortholog_one2many
AUR62003796	110682212	AT5G64990	ortholog_one2many
AUR62003796	110682212	AT5G10260	ortholog_one2many
AUR62003796	110682212	AT4G39890	ortholog_one2many
AUR62003796	110682212	AT2G22290	ortholog_one2many
AUR62013306	110725590	AT2G10940	ortholog_one2one
AUR62040267	110717080	AT4G37510	ortholog_many2many
AUR62040267	110717080	AT2G48121	ortholog_many2many
AUR62002417	110717516	AT5G10460	ortholog_one2many
AUR62011424	110698569	AT2G15820	ortholog_one2many
AUR62021719	110726489	AT5G61740	ortholog_many2many
AUR62021719	110726489	AT5G61700	ortholog_many2many
AUR62021719	110726489	AT3G47740	ortholog_many2many
AUR62021719	110726489	AT3G47760	ortholog_many2many
AUR62021719	110726489	AT3G47770	ortholog_many2many
AUR62021719	110726489	AT3G47750	ortholog_many2many
AUR62021719	110726489	AT3G47790	ortholog_many2many
AUR62021719	110726489	AT3G47780	ortholog_many2many
AUR62042473	110732144	AT4G00830	ortholog_one2one
AUR62020844	110714856	AT2G39460	ortholog_many2many
AUR62020844	110714856	AT3G55280	ortholog_many2many
AUR62027859	110706678	AT2G33735	ortholog_one2many
AUR62011904	110734384	AT3G58170	ortholog_one2many
AUR62011904	110733149	AT3G58170	ortholog_one2many
AUR62008828	110728045	AT5G43920	ortholog_one2many
AUR62001501	110688112	AT5G13640	ortholog_one2many
AUR62006957	110736699	AT1G60995	ortholog_one2many
AUR62006957	110701370	AT1G60995	ortholog_one2many
AUR62009333	110705625	AT3G16100	ortholog_one2many
AUR62009333	110705625	AT1G52280	ortholog_one2many
AUR62009333	110702188	AT3G16100	ortholog_one2many
AUR62009333	110702188	AT1G52280	ortholog_one2many
AUR62026350	110698113	AT5G65158	ortholog_many2many
AUR62026350	110698113	AT4G39730	ortholog_many2many
AUR62026350	110698113	AT2G22170	ortholog_many2many
AUR62040804	110719789	AT4G35090	ortholog_one2many
AUR62038348	110735092	AT1G01090	ortholog_one2many
AUR62015413	110689559	AT2G31500	ortholog_one2many
AUR62041715	110711422	AT5G11570	ortholog_one2many
AUR62000640	110736732	AT5G14105	ortholog_one2many
AUR62029203	110730918	AT1G08110	ortholog_one2many
AUR62032832	110706367	AT1G13990	ortholog_one2many
AUR62014733	110693543	AT3G21770	ortholog_many2many
AUR62014733	110693543	AT1G05260	ortholog_many2many
AUR62014733	110693543	AT4G11290	ortholog_many2many
AUR62022017	110731397	AT4G21215	ortholog_one2one
AUR62034931	110704190	AT1G71790	ortholog_one2many
AUR62013253	110682600	AT3G19430	ortholog_one2many
AUR62017314	110719434	AT1G62990	ortholog_one2one
AUR62013286	110725566	AT5G20300	ortholog_one2one
AUR62013286	110708018	AT5G20300	ortholog_one2one
AUR62027125	110740093	AT4G35270	ortholog_many2many
AUR62027125	110740093	AT2G17150	ortholog_many2many
AUR62027125	110738290	AT4G35270	ortholog_many2many
AUR62027125	110738290	AT2G17150	ortholog_many2many
AUR62038336	110738145	AT1G51690	ortholog_many2many
AUR62038336	110738145	AT1G17720	ortholog_many2many
AUR62018487	110711695	AT3G28040	ortholog_one2many
AUR62015373	110689244	AT3G12120	ortholog_one2many
AUR62014737	110693545	AT4G21570	ortholog_many2many
AUR62014737	110693545	AT1G11200	ortholog_many2many
AUR62011785	110734276	AT1G02370	ortholog_many2many
AUR62011785	110734276	AT4G01990	ortholog_many2many
AUR62002374	110717853	AT2G45700	ortholog_one2many
AUR62007199	110732446	AT4G17090	ortholog_one2many
AUR62006221	110729792	AT5G06140	ortholog_one2many
AUR62034647	110697879	AT1G03020	ortholog_many2many
AUR62034647	110697879	AT3G62930	ortholog_many2many
AUR62013696	110721489	AT2G44950	ortholog_one2many
AUR62001527	110688141	AT5G22320	ortholog_one2one
AUR62018805	110732444	AT2G35190	ortholog_one2many
AUR62018805	110730267	AT2G35190	ortholog_one2many
AUR62002762	110713130	AT2G36490	ortholog_one2many
AUR62026024	110707268	AT5G05170	ortholog_one2many
AUR62028030	110710134	AT3G10390	ortholog_one2many
AUR62028030	110683809	AT3G10390	ortholog_one2many
AUR62033380	110714263	AT4G00230	ortholog_one2one
AUR62033380	110685377	AT4G00230	ortholog_one2one
AUR62033857	110686392	AT5G42620	ortholog_one2many
AUR62036645	110709986	AT4G03180	ortholog_one2many
AUR62014452	110724741	AT1G75490	ortholog_one2many
AUR62026296	110698058	AT1G27120	ortholog_one2many
AUR62003586	110681988	AT2G13610	ortholog_one2many
AUR62026052	110707299	AT2G41690	ortholog_one2one
AUR62001423	110688036	AT2G44310	ortholog_one2many
AUR62001420	110688032	AT1G53910	ortholog_many2many
AUR62001420	110688032	AT3G14230	ortholog_many2many
AUR62020873	110714849	AT4G14000	ortholog_one2many
AUR62004617	110713901	AT1G22620	ortholog_one2many
AUR62002098	110718118	AT5G35970	ortholog_one2one
AUR62002098	110693056	AT5G35970	ortholog_one2one
AUR62029293	110693180	AT3G20630	ortholog_one2many
AUR62008766	110727986	AT2G37940	ortholog_many2many
AUR62008766	110727986	AT3G54020	ortholog_many2many
AUR62020933	110714781	AT3G28040	ortholog_one2many
AUR62032754	110704823	AT3G25660	ortholog_one2one
AUR62014268	110694509	AT1G10890	ortholog_one2many
AUR62002810	110725280	AT2G01200	ortholog_many2many
AUR62002810	110725280	AT1G15050	ortholog_many2many
AUR62005352	110708375	AT1G23870	ortholog_many2many
AUR62005352	110708375	AT1G70290	ortholog_many2many
AUR62005352	110708375	AT1G60140	ortholog_many2many
AUR62023783	110738722	AT3G02630	ortholog_many2many
AUR62023783	110738722	AT5G16240	ortholog_many2many
AUR62030754	110733866	AT3G51670	ortholog_one2one
AUR62036229	110684660	AT2G30300	ortholog_one2many
AUR62000128	110736227	AT2G04340	ortholog_one2one
AUR62020770	110721258	AT1G35550	ortholog_many2many
AUR62020770	110721258	AT1G07920	ortholog_many2many
AUR62020770	110721258	AT1G07940	ortholog_many2many
AUR62020770	110721258	AT5G60390	ortholog_many2many
AUR62020770	110721258	AT1G07930	ortholog_many2many
AUR62020770	110710250	AT1G35550	ortholog_many2many
AUR62020770	110710250	AT1G07920	ortholog_many2many
AUR62020770	110710250	AT1G07940	ortholog_many2many
AUR62020770	110710250	AT5G60390	ortholog_many2many
AUR62020770	110710250	AT1G07930	ortholog_many2many
AUR62020770	110683726	AT1G35550	ortholog_many2many
AUR62020770	110683726	AT1G07920	ortholog_many2many
AUR62020770	110683726	AT1G07940	ortholog_many2many
AUR62020770	110683726	AT5G60390	ortholog_many2many
AUR62020770	110683726	AT1G07930	ortholog_many2many
AUR62020770	110683730	AT1G35550	ortholog_many2many
AUR62020770	110683730	AT1G07920	ortholog_many2many
AUR62020770	110683730	AT1G07940	ortholog_many2many
AUR62020770	110683730	AT5G60390	ortholog_many2many
AUR62020770	110683730	AT1G07930	ortholog_many2many
AUR62006062	110728352	AT5G24320	ortholog_many2many
AUR62006062	110728352	AT5G53500	ortholog_many2many
AUR62027927	110683720	AT2G35795	ortholog_one2many
AUR62041814	110716139	AT5G45740	ortholog_one2many
AUR62015271	110689155	AT4G13330	ortholog_one2many
AUR62011321	110698463	AT2G16250	ortholog_many2many
AUR62011321	110698463	AT4G39270	ortholog_many2many
AUR62022792	110699181	AT5G02030	ortholog_one2one
AUR62030629	110704475	AT3G56330	ortholog_one2one
AUR62043393	110711424	AT1G16340	ortholog_many2many
AUR62043393	110711424	AT1G79500	ortholog_many2many
AUR62043393	110693345	AT1G16340	ortholog_many2many
AUR62043393	110693345	AT1G79500	ortholog_many2many
AUR62027911	110711861	AT3G09680	ortholog_many2many
AUR62027911	110711861	AT5G02960	ortholog_many2many
AUR62027911	110711851	AT3G09680	ortholog_many2many
AUR62027911	110711851	AT5G02960	ortholog_many2many
AUR62027911	110710364	AT3G09680	ortholog_many2many
AUR62027911	110710364	AT5G02960	ortholog_many2many
AUR62027911	110710281	AT3G09680	ortholog_many2many
AUR62027911	110710281	AT5G02960	ortholog_many2many
AUR62027911	110694478	AT3G09680	ortholog_many2many
AUR62027911	110694478	AT5G02960	ortholog_many2many
AUR62027911	110683706	AT3G09680	ortholog_many2many
AUR62027911	110683706	AT5G02960	ortholog_many2many
AUR62023398	110720497	AT3G23620	ortholog_one2many
AUR62014118	110694548	AT2G01200	ortholog_many2many
AUR62014118	110694548	AT1G15050	ortholog_many2many
AUR62017570	110701943	AT5G35690	ortholog_one2one
AUR62002438	110717769	AT3G62030	ortholog_one2many
AUR62040209	110740230	AT3G53920	ortholog_one2many
AUR62039867	110738429	AT3G53230	ortholog_one2many
AUR62039867	110724950	AT3G53230	ortholog_one2many
AUR62025502	110727962	AT3G55620	ortholog_one2many
AUR62025502	110689769	AT3G55620	ortholog_one2many
AUR62020389	110720924	AT4G26860	ortholog_one2one
AUR62030608	110704454	AT3G56370	ortholog_one2one
AUR62008593	110727838	AT1G02970	ortholog_one2many
AUR62019952	110722800	AT5G47455	ortholog_many2many
AUR62019952	110722800	AT4G17310	ortholog_many2many
AUR62040041	110717202	AT1G73400	ortholog_one2one
AUR62001190	110687820	AT4G00026	ortholog_one2one
AUR62007933	110686134	AT1G26560	ortholog_one2many
AUR62008124	110700310	AT5G48500	ortholog_one2one
AUR62004638	110713979	AT1G22670	ortholog_many2many
AUR62004638	110713979	AT4G09560	ortholog_many2many
AUR62004638	110713979	AT1G71980	ortholog_many2many
AUR62004638	110713979	AT1G35630	ortholog_many2many
AUR62004638	110713979	AT1G35625	ortholog_many2many
AUR62041065	110731988	AT5G04210	ortholog_many2many
AUR62041065	110731988	AT5G07060	ortholog_many2many
AUR62041065	110731988	AT1G07360	ortholog_many2many
AUR62041065	110731988	AT2G29580	ortholog_many2many
AUR62002705	110705018	AT3G52180	ortholog_one2many
AUR62025393	110689659	AT2G20240	ortholog_many2many
AUR62025393	110689659	AT4G28760	ortholog_many2many
AUR62025393	110689659	AT5G43880	ortholog_many2many
AUR62028937	110683101	AT3G42725	ortholog_one2one
AUR62027876	110709744	AT4G24550	ortholog_one2many
AUR62027876	110706696	AT4G24550	ortholog_one2many
AUR62011660	110698782	AT1G79850	ortholog_one2many
AUR62005587	110710633	AT5G43230	ortholog_one2many
AUR62006092	110728646	AT5G24270	ortholog_one2one
AUR62024143	110712418	AT5G43230	ortholog_one2many
AUR62011694	110734180	AT2G47010	ortholog_one2many
AUR62006369	110731001	AT2G38500	ortholog_one2many
AUR62008209	110700391	AT5G62520	ortholog_one2many
AUR62008209	110700391	AT3G47720	ortholog_one2many
AUR62007561	110685604	AT5G66780	ortholog_one2many
AUR62029787	110690729	AT3G08720	ortholog_one2one
AUR62034347	110682782	AT1G67350	ortholog_one2many
AUR62036462	110735514	AT5G55830	ortholog_one2many
AUR62007531	110685753	AT2G38490	ortholog_one2many
AUR62034304	110682744	AT4G10010	ortholog_many2many
AUR62034304	110682744	AT1G71530	ortholog_many2many
AUR62034304	110682744	AT1G33770	ortholog_many2many
AUR62021784	110726555	AT5G11010	ortholog_one2many
AUR62009518	110684002	AT1G31220	ortholog_one2one
AUR62015455	110689502	AT5G07500	ortholog_one2many
AUR62007745	110685969	AT3G25670	ortholog_one2one
AUR62016857	110705205	AT2G21220	ortholog_one2many
AUR62016857	110705205	AT4G38860	ortholog_one2many
AUR62027759	110706582	AT1G78190	ortholog_many2many
AUR62027759	110706582	AT1G22270	ortholog_many2many
AUR62022835	110699228	AT3G55800	ortholog_one2one
AUR62040811	110719798	AT1G61520	ortholog_one2many
AUR62004162	110714581	AT4G00060	ortholog_one2many
AUR62005330	110708193	AT1G70260	ortholog_many2many
AUR62005330	110708193	AT1G60050	ortholog_many2many
AUR62041670	110711283	AT1G75260	ortholog_one2one
AUR62008816	110728033	AT2G20320	ortholog_one2many
AUR62016485	110703125	AT1G80630	ortholog_one2many
AUR62026337	110698103	AT5G01710	ortholog_one2many
AUR62008924	110728133	AT5G37830	ortholog_one2many
AUR62043667	110709137	AT4G35080	ortholog_one2many
AUR62022814	110699209	AT3G55700	ortholog_many2many
AUR62022814	110699209	AT3G55710	ortholog_many2many
AUR62002410	110717863	AT3G59710	ortholog_one2many
AUR62022691	110731671	AT4G09580	ortholog_one2many
AUR62016939	110706839	AT4G09300	ortholog_many2many
AUR62016939	110706839	AT1G61150	ortholog_many2many
AUR62016939	110706839	AT1G11110	ortholog_many2many
AUR62016939	110693564	AT4G09300	ortholog_many2many
AUR62016939	110693564	AT1G61150	ortholog_many2many
AUR62016939	110693564	AT1G11110	ortholog_many2many
AUR62023526	110725217	AT1G72030	ortholog_one2many
AUR62009632	110684126	AT1G07750	ortholog_many2many
AUR62009632	110684126	AT2G28680	ortholog_many2many
AUR62013679	110721473	AT5G41980	ortholog_one2many
AUR62013679	110703942	AT5G41980	ortholog_one2many
AUR62020360	110720742	AT3G27640	ortholog_one2one
AUR62005393	110708765	AT1G60440	ortholog_one2many
AUR62005393	110694173	AT1G60440	ortholog_one2many
AUR62033220	110692253	AT5G57410	ortholog_one2many
AUR62033220	110692253	AT2G18876	ortholog_one2many
AUR62008926	110728135	AT1G30370	ortholog_one2many
AUR62009448	110705329	AT1G78860	ortholog_many2many
AUR62009448	110705329	AT1G78850	ortholog_many2many
AUR62009448	110705329	AT1G16905	ortholog_many2many
AUR62001916	110718215	AT4G02630	ortholog_one2many
AUR62028394	110721914	AT2G23890	ortholog_one2one
AUR62033006	110713231	AT1G16070	ortholog_one2many
AUR62002880	110719422	AT1G68560	ortholog_many2many
AUR62002880	110719422	AT3G45940	ortholog_many2many
AUR62023373	110720468	AT1G11680	ortholog_one2many
AUR62011799	110734293	AT2G47370	ortholog_many2many
AUR62011799	110734293	AT2G16760	ortholog_many2many
AUR62011799	110734293	AT5G28660	ortholog_many2many
AUR62013307	110725591	AT5G35430	ortholog_one2one
AUR62013307	110707992	AT5G35430	ortholog_one2one
AUR62003966	110682390	AT2G23110	ortholog_one2one
AUR62022834	110699227	AT1G60950	ortholog_many2many
AUR62022834	110699227	AT1G10960	ortholog_many2many
AUR62006128	110728941	AT5G53110	ortholog_one2many
AUR62038396	110735480	AT1G10400	ortholog_many2many
AUR62038396	110735480	AT5G14860	ortholog_many2many
AUR62038396	110735480	AT2G16890	ortholog_many2many
AUR62001106	110687740	AT4G26840	ortholog_many2many
AUR62001106	110687740	AT5G55160	ortholog_many2many
AUR62005659	110711398	AT2G35450	ortholog_one2one
AUR62016343	110703084	AT4G32300	ortholog_one2many
AUR62011297	110698443	AT2G16360	ortholog_many2many
AUR62011297	110698443	AT4G34555	ortholog_many2many
AUR62011297	110698443	AT4G39200	ortholog_many2many
AUR62011297	110698443	AT2G21580	ortholog_many2many
AUR62033851	110686385	AT1G47740	ortholog_one2many
AUR62008667	110727904	AT2G47600	ortholog_one2many
AUR62036307	110688850	AT3G54750	ortholog_one2many
AUR62001331	110687949	AT3G20240	ortholog_one2many
AUR62035764	110688748	AT5G49650	ortholog_one2many
AUR62018413	110711617	AT3G56600	ortholog_many2many
AUR62018413	110711617	AT2G40850	ortholog_many2many
AUR62018558	110711809	AT3G23820	ortholog_one2many
AUR62004218	110714190	AT3G60820	ortholog_one2many
AUR62027955	110683742	AT3G07990	ortholog_one2many
AUR62005492	110709579	AT1G67830	ortholog_one2many
AUR62039532	110699942	AT1G70740	ortholog_one2many
AUR62008826	110728042	AT5G09920	ortholog_one2many
AUR62019613	110737571	AT1G78700	ortholog_one2many
AUR62027366	110716800	AT4G34280	ortholog_one2many
AUR62013473	110725781	AT1G77060	ortholog_many2many
AUR62013473	110725781	AT1G21440	ortholog_many2many
AUR62041948	110704020	AT5G59140	ortholog_one2one
AUR62025703	110726790	AT3G21060	ortholog_one2many
AUR62007172	110732423	AT4G17070	ortholog_one2many
AUR62000682	110736771	AT1G09190	ortholog_one2one
AUR62032096	110707566	AT5G14920	ortholog_one2one
AUR62019116	110724665	AT5G09810	ortholog_one2many
AUR62019116	110709820	AT5G09810	ortholog_one2many
AUR62038687	110730685	AT5G44110	ortholog_many2many
AUR62038687	110730685	AT1G03905	ortholog_many2many
AUR62030151	110728519	AT2G32060	ortholog_many2many
AUR62030151	110728519	AT1G15930	ortholog_many2many
AUR62009620	110684111	AT3G53610	ortholog_one2many
AUR62029694	110690811	AT5G23960	ortholog_one2many
AUR62021145	110729620	AT5G23940	ortholog_one2many
AUR62012010	110734488	AT3G12010	ortholog_one2many
AUR62042086	110737435	AT5G04760	ortholog_one2one
AUR62042086	110697487	AT5G04760	ortholog_one2one
AUR62013836	110721631	AT1G41830	ortholog_one2many
AUR62022512	110696639	AT3G23540	ortholog_many2many
AUR62022512	110696639	AT4G14290	ortholog_many2many
AUR62002350	110717644	AT2G43420	ortholog_one2many
AUR62002248	110717333	AT3G23090	ortholog_one2many
AUR62003374	110724828	AT5G66240	ortholog_one2many
AUR62013078	110739661	AT2G19580	ortholog_one2one
AUR62004633	110714144	AT1G22650	ortholog_many2many
AUR62004633	110714144	AT1G72000	ortholog_many2many
AUR62004633	110714144	AT4G09510	ortholog_many2many
AUR62004633	110714144	AT1G35580	ortholog_many2many
AUR62020510	110721009	AT5G56075	ortholog_many2many
AUR62020510	110721009	AT5G25030	ortholog_many2many
AUR62020510	110721009	AT4G26485	ortholog_many2many
AUR62020510	110721009	AT5G56060	ortholog_many2many
AUR62000143	110736244	AT1G51440	ortholog_one2one
AUR62008976	110728183	AT5G38480	ortholog_one2many
AUR62018657	110730129	AT2G35470	ortholog_one2one
AUR62038283	110738094	AT4G14716	ortholog_many2many
AUR62038283	110738094	AT2G26400	ortholog_many2many
AUR62038283	110738094	AT4G14710	ortholog_many2many
AUR62034031	110692122	AT1G30580	ortholog_one2many
AUR62020726	110710277	AT5G35400	ortholog_one2many
AUR62031725	110727140	AT3G51510	ortholog_one2many
AUR62021218	110729688	AT5G07270	ortholog_one2one
AUR62032768	110704835	AT1G14990	ortholog_one2many
AUR62001811	110688449	AT2G28790	ortholog_one2one
AUR62001716	110688342	AT2G29540	ortholog_one2many
AUR62044450	110722880	AT5G47820	ortholog_one2many
AUR62017474	110702676	AT3G02050	ortholog_one2many
AUR62023953	110699625	AT1G08230	ortholog_one2many
AUR62006840	110701267	AT5G64070	ortholog_many2many
AUR62006840	110701267	AT5G09350	ortholog_many2many
AUR62009679	110700940	AT5G48760	ortholog_many2many
AUR62009679	110700940	AT4G13170	ortholog_many2many
AUR62009679	110700940	AT3G07110	ortholog_many2many
AUR62009679	110700940	AT3G24830	ortholog_many2many
AUR62009679	110684168	AT5G48760	ortholog_many2many
AUR62009679	110684168	AT4G13170	ortholog_many2many
AUR62009679	110684168	AT3G07110	ortholog_many2many
AUR62009679	110684168	AT3G24830	ortholog_many2many
AUR62022581	110731548	AT2G45980	ortholog_many2many
AUR62022581	110731548	AT4G00355	ortholog_many2many
AUR62004336	110714146	AT3G61300	ortholog_many2many
AUR62004336	110714146	AT4G00700	ortholog_many2many
AUR62000821	110736908	AT3G05350	ortholog_one2one
AUR62033199	110739302	AT5G11680	ortholog_one2many
AUR62005815	110712784	AT1G14180	ortholog_one2many
AUR62017565	110701939	AT2G04530	ortholog_one2one
AUR62017565	110691883	AT2G04530	ortholog_one2one
AUR62000431	110736533	AT1G56600	ortholog_many2many
AUR62000431	110736533	AT1G09350	ortholog_many2many
AUR62020194	110683533	AT4G01790	ortholog_one2many
AUR62031634	110727053	AT1G70980	ortholog_one2many
AUR62031634	110727053	AT5G56680	ortholog_one2many
AUR62031634	110727053	AT1G68420	ortholog_one2many
AUR62031634	110723408	AT1G70980	ortholog_one2many
AUR62031634	110723408	AT5G56680	ortholog_one2many
AUR62031634	110723408	AT1G68420	ortholog_one2many
AUR62000767	110736858	AT5G18400	ortholog_one2many
AUR62005447	110709227	AT1G10700	ortholog_one2many
AUR62034682	110684799	AT3G22845	ortholog_one2many
AUR62027215	110692845	AT5G65280	ortholog_one2many
AUR62043386	110711083	AT1G50250	ortholog_many2many
AUR62043386	110711083	AT5G42270	ortholog_many2many
AUR62004043	110682478	AT5G65790	ortholog_many2many
AUR62004043	110682478	AT3G49690	ortholog_many2many
AUR62023228	110720322	AT5G37790	ortholog_many2many
AUR62023228	110720322	AT1G66460	ortholog_many2many
AUR62004421	110713900	AT2G46210	ortholog_many2many
AUR62004421	110713900	AT3G61580	ortholog_many2many
AUR62017554	110701926	AT2G04750	ortholog_one2many
AUR62017554	110701926	AT5G35700	ortholog_one2many
AUR62020170	110683502	AT1G55520	ortholog_many2many
AUR62020170	110683502	AT3G13445	ortholog_many2many
AUR62013665	110721462	AT3G60660	ortholog_one2many
AUR62027702	110691448	AT4G18710	ortholog_one2many
AUR62017289	110702498	AT1G63090	ortholog_one2many
AUR62017289	110702498	AT1G12710	ortholog_one2many
AUR62015408	110689273	AT2G31440	ortholog_one2many
AUR62002007	110718142	AT5G10250	ortholog_one2many
AUR62033296	110692335	AT4G29310	ortholog_one2one
AUR62017607	110701981	AT4G36420	ortholog_one2one
AUR62036015	110706080	AT5G39390	ortholog_one2many
AUR62011360	110698500	AT3G18860	ortholog_one2many
AUR62016431	110703326	AT4G20940	ortholog_one2many
AUR62035054	110692327	AT5G62280	ortholog_one2many
AUR62026162	110697938	AT2G15400	ortholog_many2many
AUR62026162	110697938	AT2G15430	ortholog_many2many
AUR62035572	110738854	AT3G49310	ortholog_one2many
AUR62035572	110738854	AT4G27720	ortholog_one2many
AUR62034542	110723302	AT1G75460	ortholog_one2many
AUR62034542	110723302	AT1G19740	ortholog_one2many
AUR62014209	110694452	AT1G31817	ortholog_one2many
AUR62001903	110718217	AT2G23360	ortholog_one2many
AUR62027872	110706689	AT1G09750	ortholog_one2one
AUR62019951	110722799	AT5G47460	ortholog_one2many
AUR62015451	110689309	AT4G25150	ortholog_many2many
AUR62015451	110689309	AT5G51260	ortholog_many2many
AUR62035695	110690006	AT1G09940	ortholog_one2many
AUR62035695	110690006	AT2G31250	ortholog_one2many
AUR62035695	110690006	AT1G58290	ortholog_one2many
AUR62035695	110688678	AT1G09940	ortholog_one2many
AUR62035695	110688678	AT2G31250	ortholog_one2many
AUR62035695	110688678	AT1G58290	ortholog_one2many
AUR62029479	110694716	AT4G35987	ortholog_one2many
AUR62018703	110730171	AT2G35410	ortholog_one2many
AUR62018153	110735074	AT5G15440	ortholog_one2many
AUR62018153	110735074	AT5G39360	ortholog_one2many
AUR62042757	110695803	AT2G45630	ortholog_many2many
AUR62042757	110695803	AT5G28310	ortholog_many2many
AUR62007432	110732699	AT5G42710	ortholog_one2many
AUR62007601	110685606	AT5G66440	ortholog_one2many
AUR62005448	110709241	AT1G23310	ortholog_many2many
AUR62005448	110709241	AT1G70580	ortholog_many2many
AUR62013008	110739032	AT4G38520	ortholog_one2many
AUR62013008	110739032	AT5G66080	ortholog_one2many
AUR62013008	110739032	AT3G51370	ortholog_one2many
AUR62003092	110721799	AT1G69250	ortholog_many2many
AUR62003092	110721799	AT3G55540	ortholog_many2many
AUR62003092	110721799	AT1G13730	ortholog_many2many
AUR62003092	110721799	AT2G03640	ortholog_many2many
AUR62040461	110697684	AT2G37020	ortholog_one2one
AUR62014711	110693386	AT1G47480	ortholog_one2one
AUR62006148	110729202	AT5G53190	ortholog_one2one
AUR62016922	110706825	AT4G21590	ortholog_many2many
AUR62016922	110706825	AT4G21600	ortholog_many2many
AUR62016922	110706825	AT4G21585	ortholog_many2many
AUR62031745	110727153	AT3G12260	ortholog_one2many
AUR62042199	110737286	AT5G60700	ortholog_one2many
AUR62025677	110726765	AT1G04790	ortholog_one2many
AUR62003269	110723643	AT5G39390	ortholog_one2many
AUR62011978	110734453	AT3G63310	ortholog_one2many
AUR62011978	110734453	AT1G03070	ortholog_one2many
AUR62011978	110734453	AT4G02690	ortholog_one2many
AUR62044761	110706147	AT3G48060	ortholog_many2many
AUR62044761	110706147	AT3G48050	ortholog_many2many
AUR62005752	110712253	AT2G02870	ortholog_one2many
AUR62005752	110712253	AT1G14330	ortholog_one2many
AUR62005752	110712253	AT1G26930	ortholog_one2many
AUR62016896	110706798	AT4G21490	ortholog_many2many
AUR62016896	110706798	AT4G05020	ortholog_many2many
AUR62043800	110732888	AT3G12620	ortholog_many2many
AUR62043800	110732888	AT3G55050	ortholog_many2many
AUR62043800	110732191	AT3G12620	ortholog_many2many
AUR62043800	110732191	AT3G55050	ortholog_many2many
AUR62001819	110688456	AT5G59290	ortholog_many2many
AUR62001819	110688456	AT3G46440	ortholog_many2many
AUR62001819	110688456	AT2G28760	ortholog_many2many
AUR62001819	110684093	AT5G59290	ortholog_many2many
AUR62001819	110684093	AT3G46440	ortholog_many2many
AUR62001819	110684093	AT2G28760	ortholog_many2many
AUR62013765	110721554	AT1G22700	ortholog_one2one
AUR62013765	110720486	AT1G22700	ortholog_one2one
AUR62027624	110690652	AT5G45640	ortholog_many2many
AUR62027624	110690652	AT5G45650	ortholog_many2many
AUR62007355	110732614	AT3G51980	ortholog_one2many
AUR62007355	110730111	AT3G51980	ortholog_one2many
AUR62009099	110705393	AT5G26200	ortholog_one2many
AUR62008283	110700460	AT5G50120	ortholog_one2one
AUR62004089	110682527	AT5G66440	ortholog_one2many
AUR62006557	110700990	AT2G26850	ortholog_many2many
AUR62006557	110700990	AT2G32560	ortholog_many2many
AUR62008994	110728204	AT5G38410	ortholog_many2many
AUR62008994	110728204	AT1G67090	ortholog_many2many
AUR62008994	110728204	AT5G38430	ortholog_many2many
AUR62008994	110728204	AT5G38420	ortholog_many2many
AUR62003255	110723452	AT5G65280	ortholog_one2many
AUR62039721	110683182	AT1G54400	ortholog_one2many
AUR62020662	110710290	AT5G23090	ortholog_many2many
AUR62020662	110710290	AT5G08190	ortholog_many2many
AUR62001354	110687973	AT3G21150	ortholog_one2many
AUR62029354	110693243	AT4G27450	ortholog_one2one
AUR62018107	110735035	AT3G17940	ortholog_one2many
AUR62003057	110721391	AT2G03810	ortholog_one2many
AUR62008810	110728031	AT4G28680	ortholog_one2many
AUR62023735	110738537	AT3G19430	ortholog_one2many
AUR62021863	110731256	AT2G38100	ortholog_one2many
AUR62027579	110690310	AT3G21870	ortholog_one2many
AUR62001431	110688043	AT3G04770	ortholog_many2many
AUR62001431	110688043	AT1G72370	ortholog_many2many
AUR62017077	110706973	AT5G55620	ortholog_one2many
AUR62022988	110699379	AT5G58390	ortholog_many2many
AUR62022988	110699379	AT5G58400	ortholog_many2many
AUR62026482	110713696	AT1G10370	ortholog_many2many
AUR62026482	110713696	AT1G10360	ortholog_many2many
AUR62026482	110713696	AT1G69920	ortholog_many2many
AUR62026482	110713696	AT1G69930	ortholog_many2many
AUR62026482	110713696	AT1G27140	ortholog_many2many
AUR62026482	110713696	AT1G27130	ortholog_many2many
AUR62033456	110729129	AT1G04870	ortholog_one2one
AUR62034367	110682804	AT1G22060	ortholog_one2many
AUR62030307	110710493	AT3G56720	ortholog_one2many
AUR62031406	110693856	AT3G05930	ortholog_many2many
AUR62031406	110693856	AT5G26700	ortholog_many2many
AUR62042364	110699484	AT1G05850	ortholog_one2many
AUR62023502	110725188	AT5G41700	ortholog_one2many
AUR62023880	110699562	AT3G21300	ortholog_one2one
AUR62011748	110734233	AT4G01897	ortholog_one2many
AUR62019973	110722823	AT5G47400	ortholog_one2many
AUR62029520	110694753	AT3G51520	ortholog_one2many
AUR62020759	110710184	AT3G52250	ortholog_one2many
AUR62020759	110683740	AT3G52250	ortholog_one2many
AUR62020512	110721010	AT3G14710	ortholog_one2many
AUR62031652	110727070	AT3G20320	ortholog_one2one
AUR62011301	110698447	AT2G21600	ortholog_many2many
AUR62011301	110698447	AT4G39220	ortholog_many2many
AUR62006170	110729352	AT1G74290	ortholog_many2many
AUR62006170	110729352	AT3G48410	ortholog_many2many
AUR62006170	110729352	AT2G36290	ortholog_many2many
AUR62006170	110729352	AT1G74300	ortholog_many2many
AUR62006170	110729352	AT1G74280	ortholog_many2many
AUR62030712	110733828	AT4G39660	ortholog_one2one
AUR62007083	110732333	AT1G01050	ortholog_many2many
AUR62007083	110732333	AT4G01480	ortholog_many2many
AUR62007083	110732333	AT2G46860	ortholog_many2many
AUR62028315	110721833	AT5G20830	ortholog_many2many
AUR62028315	110721833	AT3G43190	ortholog_many2many
AUR62013460	110725763	AT3G26540	ortholog_one2many
AUR62009331	110705622	AT5G25630	ortholog_one2one
AUR62013394	110725681	AT4G10160	ortholog_many2many
AUR62013394	110725681	AT1G33480	ortholog_many2many
AUR62013394	110725681	AT4G10150	ortholog_many2many
AUR62003656	110682072	AT2G22530	ortholog_one2one
AUR62020758	110710334	AT3G07990	ortholog_one2many
AUR62011763	110734250	AT1G02390	ortholog_many2many
AUR62011763	110734250	AT4G01950	ortholog_many2many
AUR62007884	110686087	AT5G56260	ortholog_one2many
AUR62027259	110719545	AT1G63800	ortholog_many2many
AUR62027259	110719545	AT2G46030	ortholog_many2many
AUR62027259	110719545	AT5G41340	ortholog_many2many
AUR62027259	110692741	AT1G63800	ortholog_many2many
AUR62027259	110692741	AT2G46030	ortholog_many2many
AUR62027259	110692741	AT5G41340	ortholog_many2many
AUR62033030	110713119	AT4G19880	ortholog_many2many
AUR62033030	110713119	AT5G45020	ortholog_many2many
AUR62033030	110713119	AT5G44990	ortholog_many2many
AUR62001466	110688077	AT5G20570	ortholog_many2many
AUR62001466	110688077	AT3G42830	ortholog_many2many
AUR62001466	110684393	AT5G20570	ortholog_many2many
AUR62001466	110684393	AT3G42830	ortholog_many2many
AUR62005546	110710208	AT1G13195	ortholog_many2many
AUR62005546	110710208	AT1G24440	ortholog_many2many
AUR62021241	110729714	AT5G52030	ortholog_one2one
AUR62004660	110714282	AT1G34370	ortholog_one2many
AUR62005416	110709065	AT1G23390	ortholog_one2many
AUR62025978	110707227	AT3G13770	ortholog_one2one
AUR62007111	110732360	AT5G47400	ortholog_one2many
AUR62021194	110729668	AT5G52280	ortholog_one2one
AUR62008025	110686223	AT3G50770	ortholog_one2one
AUR62001325	110687941	AT2G17570	ortholog_one2many
AUR62027585	110690368	AT4G18190	ortholog_one2many
AUR62040947	110698819	AT2G39590	ortholog_one2many
AUR62005500	110709651	AT3G26380	ortholog_one2many
AUR62011571	110698691	AT3G15650	ortholog_many2many
AUR62011571	110698691	AT1G47780	ortholog_many2many
AUR62011571	110698691	AT1G52700	ortholog_many2many
AUR62011571	110698691	AT1G47786	ortholog_many2many
AUR62011571	110698691	AT1G52470	ortholog_many2many
AUR62011571	110698691	AT1G51300	ortholog_many2many
AUR62011571	110698691	AT1G52460	ortholog_many2many
AUR62011571	110698691	AT1G52695	ortholog_many2many
AUR62033858	110686394	AT1G75020	ortholog_one2many
AUR62020463	110720760	AT1G03020	ortholog_many2many
AUR62020463	110720760	AT3G62930	ortholog_many2many
AUR62042116	110683269	AT5G44800	ortholog_one2many
AUR62001623	110688239	AT2G30010	ortholog_many2many
AUR62001623	110688239	AT5G58600	ortholog_many2many
AUR62039923	110704603	AT1G62750	ortholog_one2many
AUR62021662	110726437	AT5G56320	ortholog_one2many
AUR62006566	110700999	AT2G26780	ortholog_one2many
AUR62022448	110696586	AT4G23000	ortholog_many2many
AUR62022448	110696586	AT4G11800	ortholog_many2many
AUR62043080	110683637	AT3G13690	ortholog_many2many
AUR62043080	110683637	AT1G55200	ortholog_many2many
AUR62017748	110702134	AT5G23400	ortholog_one2many
AUR62003048	110721269	AT1G13630	ortholog_one2many
AUR62024682	110733076	AT1G71270	ortholog_many2many
AUR62024682	110733076	AT1G71300	ortholog_many2many
AUR62027102	110740070	AT5G18200	ortholog_one2many
AUR62001024	110737110	AT3G04780	ortholog_one2one
AUR62001292	110687911	AT1G04790	ortholog_one2many
AUR62024737	110733143	AT2G42450	ortholog_one2many
AUR62039815	110730357	AT5G39820	ortholog_one2one
AUR62020766	110710341	AT2G35790	ortholog_one2many
AUR62020127	110683454	AT5G58750	ortholog_one2many
AUR62039657	110722218	AT3G55330	ortholog_one2one
AUR62038582	110733201	AT1G73450	ortholog_many2many
AUR62038582	110733201	AT1G73460	ortholog_many2many
AUR62038582	110733201	AT3G17750	ortholog_many2many
AUR62007348	110732606	AT5G46910	ortholog_one2many
AUR62030179	110728543	AT4G18360	ortholog_one2many
AUR62041636	110737385	AT3G01680	ortholog_one2many
AUR62041636	110696926	AT3G01680	ortholog_one2many
AUR62013370	110725655	AT4G22380	ortholog_one2many
AUR62013370	110725655	AT5G20160	ortholog_one2many
AUR62013370	110707934	AT4G22380	ortholog_one2many
AUR62013370	110707934	AT5G20160	ortholog_one2many
AUR62018953	110709663	AT1G78280	ortholog_one2many
AUR62033853	110686388	AT5G42790	ortholog_many2many
AUR62033853	110686388	AT1G47250	ortholog_many2many
AUR62035797	110728804	AT2G34730	ortholog_one2many
AUR62030723	110733782	AT1G49160	ortholog_many2many
AUR62030723	110733782	AT3G18750	ortholog_many2many
AUR62016416	110703311	AT1G80350	ortholog_one2many
AUR62001999	110717732	AT5G65220	ortholog_one2many
AUR62026170	110697945	AT2G17670	ortholog_one2one
AUR62011810	110734592	AT2G47430	ortholog_one2many
AUR62038040	110702210	AT1G27680	ortholog_one2many
AUR62014644	110693470	AT1G11430	ortholog_one2one
AUR62014644	110687258	AT1G11430	ortholog_one2one
AUR62022644	110731612	AT1G22620	ortholog_one2many
AUR62040696	110722300	AT2G39760	ortholog_one2one
AUR62005593	110712370	AT1G13060	ortholog_many2many
AUR62005593	110712370	AT3G26340	ortholog_many2many
AUR62005593	110710706	AT1G13060	ortholog_many2many
AUR62005593	110710706	AT3G26340	ortholog_many2many
AUR62008018	110686215	AT4G36790	ortholog_one2many
AUR62011570	110698690	AT1G15440	ortholog_one2many
AUR62021268	110729739	AT5G51840	ortholog_one2one
AUR62013372	110725656	AT2G34160	ortholog_one2many
AUR62013372	110725656	AT1G29250	ortholog_one2many
AUR62024233	110712349	AT1G24560	ortholog_one2many
AUR62004185	110714186	AT2G45240	ortholog_one2many
AUR62009693	110726030	AT2G40290	ortholog_many2many
AUR62009693	110726030	AT5G05470	ortholog_many2many
AUR62009693	110688535	AT2G40290	ortholog_many2many
AUR62009693	110688535	AT5G05470	ortholog_many2many
AUR62009693	110684183	AT2G40290	ortholog_many2many
AUR62009693	110684183	AT5G05470	ortholog_many2many
AUR62034625	110697825	AT2G31955	ortholog_one2many
AUR62021199	110729452	AT4G25560	ortholog_one2many
AUR62021199	110729452	AT5G52260	ortholog_one2many
AUR62021199	110729452	AT3G48920	ortholog_one2many
AUR62027700	110691442	AT2G34190	ortholog_one2many
AUR62020013	110722859	AT2G11890	ortholog_one2one
AUR62018765	110730232	AT4G18030	ortholog_one2many
AUR62027184	110692676	AT4G40100	ortholog_many2many
AUR62027184	110692676	AT2G22475	ortholog_many2many
AUR62019957	110722806	AT5G47380	ortholog_one2many
AUR62011753	110734238	AT1G02400	ortholog_one2many
AUR62041324	110696838	AT2G27960	ortholog_one2many
AUR62041324	110696838	AT2G27970	ortholog_one2many
AUR62023528	110725219	AT1G72190	ortholog_one2many
AUR62016550	110703447	AT3G07210	ortholog_one2many
AUR62027403	110716843	AT3G54420	ortholog_one2many
AUR62018623	110730096	AT4G19170	ortholog_one2many
AUR62017028	110706922	AT1G28250	ortholog_one2one
AUR62022426	110696567	AT5G44250	ortholog_one2many
AUR62033909	110686442	AT1G12770	ortholog_one2many
AUR62023263	110720354	AT5G17380	ortholog_one2one
AUR62023263	110703946	AT5G17380	ortholog_one2one
AUR62017239	110702457	AT4G11640	ortholog_one2one
AUR62024041	110699699	AT2G42770	ortholog_one2one
AUR62025341	110715736	AT4G30640	ortholog_many2many
AUR62025341	110715736	AT5G57900	ortholog_many2many
AUR62022853	110699453	AT5G40420	ortholog_one2many
AUR62022853	110699453	AT3G27660	ortholog_one2many
AUR62022853	110699453	AT3G01570	ortholog_one2many
AUR62020377	110723646	AT4G35210	ortholog_many2many
AUR62020377	110723646	AT4G35200	ortholog_many2many
AUR62020377	110723646	AT2G17080	ortholog_many2many
AUR62020377	110723646	AT2G17070	ortholog_many2many
AUR62020377	110723647	AT4G35210	ortholog_many2many
AUR62020377	110723647	AT4G35200	ortholog_many2many
AUR62020377	110723647	AT2G17080	ortholog_many2many
AUR62020377	110723647	AT2G17070	ortholog_many2many
AUR62020377	110720695	AT4G35210	ortholog_many2many
AUR62020377	110720695	AT4G35200	ortholog_many2many
AUR62020377	110720695	AT2G17080	ortholog_many2many
AUR62020377	110720695	AT2G17070	ortholog_many2many
AUR62026370	110698133	AT5G01780	ortholog_one2many
AUR62018655	110730126	AT1G74340	ortholog_one2many
AUR62008316	110700489	AT1G18980	ortholog_many2many
AUR62008316	110700489	AT1G18970	ortholog_many2many
AUR62008316	110700489	AT1G74820	ortholog_many2many
AUR62003473	110681878	AT4G14250	ortholog_one2many
AUR62003473	110681878	AT4G14245	ortholog_one2many
AUR62003473	110681878	AT1G14570	ortholog_one2many
AUR62003473	110681878	AT1G59550	ortholog_one2many
AUR62003473	110681878	AT3G23605	ortholog_one2many
AUR62027463	110716935	AT2G19690	ortholog_many2many
AUR62027463	110716935	AT4G29460	ortholog_many2many
AUR62027463	110716935	AT4G29470	ortholog_many2many
AUR62006419	110731476	AT5G01890	ortholog_one2many
AUR62030594	110704344	AT3G12720	ortholog_one2one
AUR62031713	110727131	AT4G20240	ortholog_many2many
AUR62031713	110727131	AT4G20235	ortholog_many2many
AUR62031713	110727131	AT5G42590	ortholog_many2many
AUR62031713	110727131	AT3G48290	ortholog_many2many
AUR62031713	110727131	AT3G48280	ortholog_many2many
AUR62031713	110727131	AT5G24950	ortholog_many2many
AUR62031713	110727131	AT2G30770	ortholog_many2many
AUR62031713	110727131	AT1G11610	ortholog_many2many
AUR62031713	110727131	AT4G13310	ortholog_many2many
AUR62031713	110727131	AT3G48310	ortholog_many2many
AUR62031713	110727131	AT2G30750	ortholog_many2many
AUR62031713	110727131	AT3G48270	ortholog_many2many
AUR62031713	110727131	AT3G48300	ortholog_many2many
AUR62031713	110727131	AT3G48320	ortholog_many2many
AUR62031713	110727131	AT4G13290	ortholog_many2many
AUR62031713	110727131	AT5G24960	ortholog_many2many
AUR62016840	110705188	AT4G34710	ortholog_one2many
AUR62016840	110705188	AT2G16500	ortholog_one2many
AUR62035698	110688682	AT5G49665	ortholog_one2one
AUR62011762	110734249	AT2G47250	ortholog_many2many
AUR62011762	110734249	AT3G62310	ortholog_many2many
AUR62011762	110733000	AT2G47250	ortholog_many2many
AUR62011762	110733000	AT3G62310	ortholog_many2many
AUR62024625	110733018	AT2G47320	ortholog_one2many
AUR62020876	110714714	AT3G23070	ortholog_many2many
AUR62020876	110714714	AT4G14510	ortholog_many2many
AUR62013781	110721569	AT5G05370	ortholog_many2many
AUR62013781	110721569	AT3G10860	ortholog_many2many
AUR62020116	110683443	AT2G29700	ortholog_one2many
AUR62013248	110682542	AT3G19420	ortholog_one2many
AUR62030156	110728434	AT5G44330	ortholog_many2many
AUR62030156	110728434	AT4G20900	ortholog_many2many
AUR62003548	110695124	AT1G30610	ortholog_one2one
AUR62003548	110681961	AT1G30610	ortholog_one2one
AUR62003478	110681884	AT1G09290	ortholog_one2one
AUR62011538	110698665	AT1G52620	ortholog_one2many
AUR62006714	110701150	AT4G31100	ortholog_many2many
AUR62006714	110701150	AT1G16120	ortholog_many2many
AUR62006714	110701150	AT1G79680	ortholog_many2many
AUR62006714	110701150	AT1G16110	ortholog_many2many
AUR62006714	110701150	AT1G16260	ortholog_many2many
AUR62006714	110701150	AT1G16150	ortholog_many2many
AUR62006714	110701150	AT1G17910	ortholog_many2many
AUR62006714	110701150	AT4G31110	ortholog_many2many
AUR62006714	110701150	AT1G16130	ortholog_many2many
AUR62006714	110701150	AT1G19390	ortholog_many2many
AUR62006714	110701150	AT1G79670	ortholog_many2many
AUR62006714	110701150	AT1G16160	ortholog_many2many
AUR62006714	110701150	AT1G69730	ortholog_many2many
AUR62041654	110696943	AT2G44520	ortholog_one2many
AUR62019148	110709858	AT1G19890	ortholog_one2many
AUR62040328	110734725	AT5G44800	ortholog_one2many
AUR62014291	110737393	AT5G04895	ortholog_one2one
AUR62014291	110724579	AT5G04895	ortholog_one2one
AUR62013095	110739782	AT5G64650	ortholog_one2many
AUR62013095	110739782	AT5G09770	ortholog_one2many
AUR62038970	110683808	AT4G28380	ortholog_one2one
AUR62044493	110703494	AT5G06070	ortholog_one2many
AUR62000002	110736086	AT4G08810	ortholog_one2one
AUR62038781	110724402	AT1G27690	ortholog_one2many
AUR62014139	110694254	AT5G18670	ortholog_one2one
AUR62038520	110739115	AT3G15660	ortholog_one2many
AUR62034022	110692116	AT5G45170	ortholog_one2one
AUR62024187	110712347	AT1G13195	ortholog_many2many
AUR62024187	110712347	AT1G24440	ortholog_many2many
AUR62019779	110722627	AT1G64170	ortholog_many2many
AUR62019779	110722627	AT4G23700	ortholog_many2many
AUR62000091	110736184	AT5G66570	ortholog_one2many
AUR62000091	110736184	AT3G50820	ortholog_one2many
AUR62000091	110695993	AT5G66570	ortholog_one2many
AUR62000091	110695993	AT3G50820	ortholog_one2many
AUR62002068	110718313	AT5G16880	ortholog_one2one
AUR62002068	110693019	AT5G16880	ortholog_one2one
AUR62007701	110685928	AT5G52560	ortholog_one2many
AUR62004595	110714312	AT1G52190	ortholog_many2many
AUR62004595	110714312	AT3G16180	ortholog_many2many
AUR62020379	110723645	AT4G35210	ortholog_many2many
AUR62020379	110723645	AT4G35200	ortholog_many2many
AUR62020379	110723645	AT2G17080	ortholog_many2many
AUR62020379	110723645	AT2G17070	ortholog_many2many
AUR62020379	110720698	AT4G35210	ortholog_many2many
AUR62020379	110720698	AT4G35200	ortholog_many2many
AUR62020379	110720698	AT2G17080	ortholog_many2many
AUR62020379	110720698	AT2G17070	ortholog_many2many
AUR62025298	110715843	AT1G19130	ortholog_one2many
AUR62037765	110738985	AT3G01720	ortholog_one2many
AUR62037765	110735162	AT3G01720	ortholog_one2many
AUR62003049	110721289	AT5G03490	ortholog_many2many
AUR62003049	110721289	AT1G51210	ortholog_many2many
AUR62005383	110708694	AT1G23740	ortholog_one2many
AUR62027932	110721258	AT1G35550	ortholog_many2many
AUR62027932	110721258	AT1G07920	ortholog_many2many
AUR62027932	110721258	AT1G07940	ortholog_many2many
AUR62027932	110721258	AT5G60390	ortholog_many2many
AUR62027932	110721258	AT1G07930	ortholog_many2many
AUR62027932	110710250	AT1G35550	ortholog_many2many
AUR62027932	110710250	AT1G07920	ortholog_many2many
AUR62027932	110710250	AT1G07940	ortholog_many2many
AUR62027932	110710250	AT5G60390	ortholog_many2many
AUR62027932	110710250	AT1G07930	ortholog_many2many
AUR62027932	110683725	AT1G35550	ortholog_many2many
AUR62027932	110683725	AT1G07920	ortholog_many2many
AUR62027932	110683725	AT1G07940	ortholog_many2many
AUR62027932	110683725	AT5G60390	ortholog_many2many
AUR62027932	110683725	AT1G07930	ortholog_many2many
AUR62027932	110683726	AT1G35550	ortholog_many2many
AUR62027932	110683726	AT1G07920	ortholog_many2many
AUR62027932	110683726	AT1G07940	ortholog_many2many
AUR62027932	110683726	AT5G60390	ortholog_many2many
AUR62027932	110683726	AT1G07930	ortholog_many2many
AUR62027932	110683730	AT1G35550	ortholog_many2many
AUR62027932	110683730	AT1G07920	ortholog_many2many
AUR62027932	110683730	AT1G07940	ortholog_many2many
AUR62027932	110683730	AT5G60390	ortholog_many2many
AUR62027932	110683730	AT1G07930	ortholog_many2many
AUR62031289	110716576	AT1G15820	ortholog_one2many
AUR62037916	110709283	AT5G03795	ortholog_one2many
AUR62001638	110688256	AT1G07210	ortholog_one2many
AUR62015566	110689533	AT4G14368	ortholog_many2many
AUR62015566	110689533	AT3G23270	ortholog_many2many
AUR62027452	110717043	AT5G18590	ortholog_one2many
AUR62027452	110716743	AT5G18590	ortholog_one2many
AUR62032650	110718392	AT3G55850	ortholog_one2many
AUR62041842	110732179	AT2G26640	ortholog_one2many
AUR62040348	110734744	AT4G21460	ortholog_one2many
AUR62040348	110734744	AT3G18240	ortholog_one2many
AUR62040348	110713514	AT4G21460	ortholog_one2many
AUR62040348	110713514	AT3G18240	ortholog_one2many
AUR62036199	110684632	AT1G08340	ortholog_one2many
AUR62030715	110733829	AT3G11820	ortholog_many2many
AUR62030715	110733829	AT3G52400	ortholog_many2many
AUR62018685	110729988	AT5G07860	ortholog_many2many
AUR62018685	110729988	AT5G07850	ortholog_many2many
AUR62018685	110729988	AT5G42830	ortholog_many2many
AUR62018685	110729988	AT5G07870	ortholog_many2many
AUR62022001	110731167	AT1G22960	ortholog_one2one
AUR62025689	110726777	AT3G13040	ortholog_one2many
AUR62042368	110699492	AT5G64670	ortholog_one2many
AUR62000079	110736168	AT5G12970	ortholog_one2many
AUR62002415	110717423	AT3G59770	ortholog_one2many
AUR62005581	110710574	AT1G67560	ortholog_one2many
AUR62000268	110736382	AT5G36800	ortholog_one2many
AUR62000268	110736382	AT5G16250	ortholog_one2many
AUR62000268	110736382	AT3G02640	ortholog_one2many
AUR62000268	110736382	AT5G36710	ortholog_one2many
AUR62041328	110696841	AT5G22875	ortholog_one2many
AUR62003237	110723318	AT4G15270	ortholog_many2many
AUR62003237	110723318	AT3G21790	ortholog_many2many
AUR62003237	110723318	AT3G21750	ortholog_many2many
AUR62003237	110723318	AT3G21800	ortholog_many2many
AUR62003237	110723318	AT4G15260	ortholog_many2many
AUR62003237	110723318	AT4G15280	ortholog_many2many
AUR62003237	110723318	AT3G21780	ortholog_many2many
AUR62003237	110723318	AT3G21760	ortholog_many2many
AUR62003585	110681987	AT2G13600	ortholog_one2one
AUR62035779	110728790	AT2G39390	ortholog_many2many
AUR62035779	110728790	AT3G55170	ortholog_many2many
AUR62035779	110728787	AT2G39390	ortholog_many2many
AUR62035779	110728787	AT3G55170	ortholog_many2many
AUR62035779	110728784	AT2G39390	ortholog_many2many
AUR62035779	110728784	AT3G55170	ortholog_many2many
AUR62035779	110690317	AT2G39390	ortholog_many2many
AUR62035779	110690317	AT3G55170	ortholog_many2many
AUR62018768	110730235	AT1G32410	ortholog_one2many
AUR62027370	110716860	AT1G15820	ortholog_one2many
AUR62016551	110703448	AT4G13050	ortholog_many2many
AUR62016551	110703448	AT3G25110	ortholog_many2many
AUR62040960	110699002	AT1G65520	ortholog_one2many
AUR62011366	110698509	AT5G39390	ortholog_one2many
AUR62007646	110685879	AT5G04330	ortholog_many2many
AUR62007646	110685879	AT4G36220	ortholog_many2many
AUR62001157	110687798	AT3G02065	ortholog_one2many
AUR62037292	110715350	AT1G25380	ortholog_one2many
AUR62027542	110689942	AT4G25300	ortholog_many2many
AUR62027542	110689942	AT4G25310	ortholog_many2many
AUR62027542	110689942	AT1G78550	ortholog_many2many
AUR62027542	110689942	AT1G17010	ortholog_many2many
AUR62027542	110689942	AT1G17020	ortholog_many2many
AUR62004589	110714492	AT1G72180	ortholog_one2many
AUR62023368	110720464	AT2G44650	ortholog_many2many
AUR62023368	110720464	AT3G60210	ortholog_many2many
AUR62036412	110735469	AT5G55630	ortholog_one2many
AUR62029113	110730827	AT1G63280	ortholog_one2many
AUR62007194	110732442	AT4G17080	ortholog_one2many
AUR62007194	110732442	AT2G35170	ortholog_one2many
AUR62007194	110730270	AT4G17080	ortholog_one2many
AUR62007194	110730270	AT2G35170	ortholog_one2many
AUR62019552	110737769	AT5G20290	ortholog_one2many
AUR62019552	110737769	AT5G59240	ortholog_one2many
AUR62019552	110686897	AT5G20290	ortholog_one2many
AUR62019552	110686897	AT5G59240	ortholog_one2many
AUR62017300	110702508	AT4G11790	ortholog_one2one
AUR62025310	110715868	AT5G20830	ortholog_many2many
AUR62025310	110715868	AT3G43190	ortholog_many2many
AUR62008520	110700690	AT5G66005	ortholog_one2many
AUR62033515	110729333	AT2G36310	ortholog_one2one
AUR62017469	110702671	AT3G26680	ortholog_one2many
AUR62017229	110702449	AT5G41250	ortholog_many2many
AUR62017229	110702449	AT1G63450	ortholog_many2many
AUR62032697	110704771	AT5G18150	ortholog_many2many
AUR62032697	110704771	AT5G14602	ortholog_many2many
AUR62009746	110684234	AT1G08340	ortholog_one2many
AUR62013137	110740266	AT1G25390	ortholog_one2many
AUR62028760	110727605	AT4G10790	ortholog_one2many
AUR62011813	110734303	AT3G06290	ortholog_one2many
AUR62000726	110736815	AT3G05625	ortholog_one2one
AUR62000793	110736882	AT3G05410	ortholog_one2one
AUR62020272	110720815	AT1G04690	ortholog_one2one
AUR62044095	110731402	AT4G38830	ortholog_one2many
AUR62044095	110702160	AT4G38830	ortholog_one2many
AUR62009841	110684333	AT1G17650	ortholog_one2one
AUR62009163	110705458	AT5G11790	ortholog_one2many
AUR62035344	110692495	AT4G13550	ortholog_one2many
AUR62044757	110720041	AT4G08267	ortholog_one2one
AUR62038285	110722917	AT1G08230	ortholog_one2many
AUR62000544	110736646	AT5G63780	ortholog_many2many
AUR62000544	110736646	AT5G08750	ortholog_many2many
AUR62008515	110700687	AT5G07990	ortholog_one2many
AUR62007062	110732804	AT5G41890	ortholog_one2many
AUR62023862	110738799	AT3G59480	ortholog_one2many
AUR62016660	110705009	AT2G15630	ortholog_one2many
AUR62008586	110727748	AT1G03020	ortholog_many2many
AUR62008586	110727748	AT3G62930	ortholog_many2many
AUR62008586	110697883	AT1G03020	ortholog_many2many
AUR62008586	110697883	AT3G62930	ortholog_many2many
AUR62003867	110682293	AT5G66800	ortholog_one2one
AUR62000100	110737184	AT5G19620	ortholog_one2one
AUR62040255	110717074	AT5G67430	ortholog_many2many
AUR62040255	110717074	AT4G37580	ortholog_many2many
AUR62040255	110717074	AT2G23060	ortholog_many2many
AUR62017075	110706969	AT5G23470	ortholog_many2many
AUR62017075	110706969	AT3G17550	ortholog_many2many
AUR62017075	110706969	AT3G19595	ortholog_many2many
AUR62017075	110706969	AT1G20320	ortholog_many2many
AUR62017075	110706969	AT1G43610	ortholog_many2many
AUR62017075	110706969	AT5G54210	ortholog_many2many
AUR62017075	110706969	AT2G02290	ortholog_many2many
AUR62017075	110706969	AT2G04930	ortholog_many2many
AUR62017075	110706969	AT1G43600	ortholog_many2many
AUR62017075	110706969	AT3G19600	ortholog_many2many
AUR62013755	110721543	AT4G09320	ortholog_one2many
AUR62013755	110721544	AT4G09320	ortholog_one2many
AUR62035488	110700089	AT1G17530	ortholog_many2many
AUR62035488	110700089	AT1G72750	ortholog_many2many
AUR62017595	110701968	AT2G42975	ortholog_one2one
AUR62007479	110732745	AT4G22580	ortholog_one2many
AUR62001776	110688411	AT5G02260	ortholog_many2many
AUR62001776	110688411	AT2G37640	ortholog_many2many
AUR62018562	110711642	AT4G13830	ortholog_one2many
AUR62002719	110707486	AT3G55700	ortholog_many2many
AUR62002719	110707486	AT3G55710	ortholog_many2many
AUR62036217	110684651	AT5G58360	ortholog_many2many
AUR62036217	110684651	AT1G06920	ortholog_many2many
AUR62029939	110702963	AT2G22250	ortholog_one2many
AUR62021014	110738409	AT3G09680	ortholog_many2many
AUR62021014	110738409	AT5G02960	ortholog_many2many
AUR62021014	110737905	AT3G09680	ortholog_many2many
AUR62021014	110737905	AT5G02960	ortholog_many2many
AUR62021014	110737452	AT3G09680	ortholog_many2many
AUR62021014	110737452	AT5G02960	ortholog_many2many
AUR62021014	110721262	AT3G09680	ortholog_many2many
AUR62021014	110721262	AT5G02960	ortholog_many2many
AUR62021014	110719313	AT3G09680	ortholog_many2many
AUR62021014	110719313	AT5G02960	ortholog_many2many
AUR62021014	110712681	AT3G09680	ortholog_many2many
AUR62021014	110712681	AT5G02960	ortholog_many2many
AUR62021014	110712477	AT3G09680	ortholog_many2many
AUR62021014	110712477	AT5G02960	ortholog_many2many
AUR62021014	110707979	AT3G09680	ortholog_many2many
AUR62021014	110707979	AT5G02960	ortholog_many2many
AUR62008980	110728192	AT5G15760	ortholog_one2many
AUR62009815	110684303	AT1G55150	ortholog_one2one
AUR62003687	110706117	AT5G64400	ortholog_many2many
AUR62003687	110706117	AT5G09570	ortholog_many2many
AUR62003687	110695272	AT5G64400	ortholog_many2many
AUR62003687	110695272	AT5G09570	ortholog_many2many
AUR62003687	110682106	AT5G64400	ortholog_many2many
AUR62003687	110682106	AT5G09570	ortholog_many2many
AUR62008122	110700308	AT5G48480	ortholog_one2many
AUR62029260	110693154	AT5G54590	ortholog_one2many
AUR62001889	110688527	AT5G58480	ortholog_one2many
AUR62001889	110684176	AT5G58480	ortholog_one2many
AUR62014085	110694202	AT1G23360	ortholog_one2many
AUR62020136	110683464	AT1G07220	ortholog_one2many
AUR62007900	110686098	AT1G69200	ortholog_one2many
AUR62007134	110732387	AT4G17510	ortholog_one2many
AUR62039722	110683183	AT1G54400	ortholog_one2many
AUR62023682	110738631	AT2G44160	ortholog_many2many
AUR62023682	110738631	AT3G59970	ortholog_many2many
AUR62035726	110688701	AT1G19850	ortholog_one2one
AUR62007362	110732625	AT2G39440	ortholog_one2many
AUR62041764	110716408	AT5G18660	ortholog_one2many
AUR62031885	110729850	AT3G16310	ortholog_one2one
AUR62021057	110729522	AT3G59140	ortholog_one2many
AUR62007708	110685932	AT1G77290	ortholog_one2many
AUR62021750	110726516	AT3G47950	ortholog_many2many
AUR62021750	110726516	AT5G62670	ortholog_many2many
AUR62020832	110714873	AT1G79220	ortholog_one2many
AUR62020489	110720993	AT1G47610	ortholog_one2one
AUR62007697	110685925	AT4G08455	ortholog_one2many
AUR62008910	110728122	AT3G24820	ortholog_one2one
AUR62041333	110699670	AT2G30920	ortholog_one2many
AUR62041333	110696844	AT2G30920	ortholog_one2many
AUR62035562	110738843	AT5G53490	ortholog_one2many
AUR62027319	110692812	AT4G19150	ortholog_one2many
AUR62030763	110733878	AT2G38340	ortholog_one2one
AUR62034053	110692140	AT1G80890	ortholog_many2many
AUR62034053	110692140	AT1G16000	ortholog_many2many
AUR62014019	110694137	AT1G10550	ortholog_one2many
AUR62019053	110709759	AT1G77460	ortholog_many2many
AUR62019053	110709759	AT1G44120	ortholog_many2many
AUR62025440	110689707	AT2G20390	ortholog_one2many
AUR62025658	110726741	AT2G05170	ortholog_one2many
AUR62003803	110682219	AT5G65220	ortholog_one2many
AUR62018122	110735048	AT3G01085	ortholog_one2many
AUR62018122	110735048	AT5G39420	ortholog_one2many
AUR62004123	110714394	AT1G51160	ortholog_one2many
AUR62006707	110701145	AT4G31100	ortholog_many2many
AUR62006707	110701145	AT1G16120	ortholog_many2many
AUR62006707	110701145	AT1G79680	ortholog_many2many
AUR62006707	110701145	AT1G16110	ortholog_many2many
AUR62006707	110701145	AT1G16260	ortholog_many2many
AUR62006707	110701145	AT1G16150	ortholog_many2many
AUR62006707	110701145	AT1G17910	ortholog_many2many
AUR62006707	110701145	AT4G31110	ortholog_many2many
AUR62006707	110701145	AT1G16130	ortholog_many2many
AUR62006707	110701145	AT1G19390	ortholog_many2many
AUR62006707	110701145	AT1G79670	ortholog_many2many
AUR62006707	110701145	AT1G16160	ortholog_many2many
AUR62006707	110701145	AT1G69730	ortholog_many2many
AUR62014837	110693634	AT2G33800	ortholog_one2many
AUR62018181	110735098	AT5G15380	ortholog_many2many
AUR62018181	110735098	AT5G14620	ortholog_many2many
AUR62033512	110729330	AT3G52800	ortholog_one2many
AUR62033512	110729330	AT2G27580	ortholog_one2many
AUR62033512	110729330	AT2G36320	ortholog_one2many
AUR62043727	110697645	AT5G63990	ortholog_many2many
AUR62043727	110697645	AT5G63980	ortholog_many2many
AUR62043727	110697645	AT5G64000	ortholog_many2many
AUR62043727	110697645	AT5G09290	ortholog_many2many
AUR62000768	110736860	AT1G02900	ortholog_one2one
AUR62013053	110737804	AT2G21045	ortholog_one2one
AUR62024098	110712543	AT1G76440	ortholog_one2one
AUR62030288	110711743	AT5G05130	ortholog_one2many
AUR62015256	110689144	AT1G72360	ortholog_one2many
AUR62009203	110705502	AT5G25970	ortholog_many2many
AUR62009203	110705502	AT5G11730	ortholog_many2many
AUR62027446	110716923	AT4G29530	ortholog_one2many
AUR62019795	110722645	AT4G23730	ortholog_one2one
AUR62026342	110698104	AT5G40880	ortholog_many2many
AUR62026342	110698104	AT5G49200	ortholog_many2many
AUR62033142	110739247	AT5G58290	ortholog_one2many
AUR62036838	110695004	AT3G58090	ortholog_one2one
AUR62019642	110737849	AT1G78630	ortholog_one2many
AUR62041686	110711256	AT3G53010	ortholog_one2many
AUR62012911	110738196	AT1G76370	ortholog_many2many
AUR62012911	110738196	AT1G20650	ortholog_many2many
AUR62025726	110726812	AT4G24820	ortholog_one2many
AUR62025726	110687899	AT4G24820	ortholog_one2many
AUR62029891	110702916	AT5G48600	ortholog_one2one
AUR62042742	110695711	AT2G45580	ortholog_many2many
AUR62042742	110695711	AT2G45550	ortholog_many2many
AUR62042742	110695711	AT2G45570	ortholog_many2many
AUR62042742	110695711	AT3G61040	ortholog_many2many
AUR62042742	110695711	AT3G61035	ortholog_many2many
AUR62042742	110695711	AT1G33730	ortholog_many2many
AUR62042742	110695711	AT2G45560	ortholog_many2many
AUR62042742	110695711	AT1G33720	ortholog_many2many
AUR62019505	110737732	AT3G15080	ortholog_one2one
AUR62028730	110727578	AT3G11330	ortholog_many2many
AUR62028730	110727578	AT5G05850	ortholog_many2many
AUR62009535	110684016	AT5G07290	ortholog_many2many
AUR62009535	110684016	AT5G61960	ortholog_many2many
AUR62004300	110713945	AT3G61140	ortholog_one2one
AUR62001899	110717553	AT4G36910	ortholog_one2many
AUR62014822	110693408	AT4G21700	ortholog_one2one
AUR62009010	110727803	AT5G10820	ortholog_one2many
AUR62024112	110712455	AT5G11860	ortholog_one2many
AUR62039696	110683155	AT2G04400	ortholog_many2many
AUR62039696	110683155	AT5G48220	ortholog_many2many
AUR62003062	110721464	AT2G14920	ortholog_many2many
AUR62003062	110721464	AT1G28170	ortholog_many2many
AUR62003062	110721464	AT2G03770	ortholog_many2many
AUR62003062	110721464	AT2G03750	ortholog_many2many
AUR62003062	110721464	AT1G13420	ortholog_many2many
AUR62003062	110721464	AT5G43690	ortholog_many2many
AUR62003062	110721464	AT2G03760	ortholog_many2many
AUR62003062	110721464	AT1G13430	ortholog_many2many
AUR62003062	110721464	AT4G26280	ortholog_many2many
AUR62003062	110721464	AT2G27570	ortholog_many2many
AUR62003062	110721464	AT3G45080	ortholog_many2many
AUR62003062	110721464	AT3G45070	ortholog_many2many
AUR62014626	110693458	AT1G11480	ortholog_one2one
AUR62014626	110687264	AT1G11480	ortholog_one2one
AUR62031877	110729841	AT1G52155	ortholog_one2one
AUR62023238	110720329	AT3G03341	ortholog_one2many
AUR62036955	110726111	AT3G18524	ortholog_one2many
AUR62008135	110700318	AT3G48260	ortholog_one2many
AUR62022504	110696634	AT2G14825	ortholog_one2many
AUR62001484	110688093	AT5G38580	ortholog_one2many
AUR62003498	110681909	AT5G63300	ortholog_one2one
AUR62016475	110703372	AT3G16120	ortholog_many2many
AUR62016475	110703372	AT1G52245	ortholog_many2many
AUR62016475	110698777	AT3G16120	ortholog_many2many
AUR62016475	110698777	AT1G52245	ortholog_many2many
AUR62036765	110703650	AT1G76140	ortholog_many2many
AUR62036765	110703650	AT1G20380	ortholog_many2many
AUR62027946	110683734	AT2G35790	ortholog_one2many
AUR62041968	110696225	AT2G25770	ortholog_one2many
AUR62007151	110732402	AT4G17550	ortholog_one2many
AUR62037636	110722391	AT1G73780	ortholog_one2many
AUR62003565	110681980	AT5G09310	ortholog_one2one
AUR62017067	110706963	AT5G55600	ortholog_one2many
AUR62008077	110700279	AT5G48440	ortholog_one2many
AUR62031908	110729861	AT1G59870	ortholog_one2many
AUR62031908	110729861	AT1G15210	ortholog_one2many
AUR62031908	110729861	AT3G16340	ortholog_one2many
AUR62031908	110715592	AT1G59870	ortholog_one2many
AUR62031908	110715592	AT1G15210	ortholog_one2many
AUR62031908	110715592	AT3G16340	ortholog_one2many
AUR62027877	110706698	AT3G12500	ortholog_one2many
AUR62007257	110732512	AT1G32470	ortholog_many2many
AUR62007257	110732512	AT2G35370	ortholog_many2many
AUR62030812	110733925	AT3G08950	ortholog_one2one
AUR62032517	110688656	AT3G20050	ortholog_one2many
AUR62007694	110685922	AT1G71720	ortholog_one2many
AUR62027894	110683693	AT5G13510	ortholog_one2many
AUR62005328	110707009	AT1G24020	ortholog_one2many
AUR62002956	110720430	AT1G68720	ortholog_one2many
AUR62007995	110686191	AT2G18500	ortholog_one2one
AUR62023665	110738530	AT1G60040	ortholog_many2many
AUR62023665	110738530	AT1G59810	ortholog_many2many
AUR62043562	110695168	AT5G64010	ortholog_one2many
AUR62043562	110694060	AT5G64010	ortholog_one2many
AUR62014313	110724603	AT1G77470	ortholog_one2many
AUR62023459	110725140	AT3G61770	ortholog_one2many
AUR62004663	110714336	AT1G34350	ortholog_one2many
AUR62026285	110698046	AT1G69910	ortholog_one2many
AUR62043864	110690203	AT5G51040	ortholog_one2many
AUR62022843	110699237	AT2G39980	ortholog_one2one
AUR62018934	110709650	AT3G15200	ortholog_one2many
AUR62025294	110715809	AT1G19150	ortholog_one2many
AUR62018340	110696995	AT4G30010	ortholog_one2many
AUR62013620	110721409	AT1G01950	ortholog_one2many
AUR62013620	110714048	AT1G01950	ortholog_one2many
AUR62017139	110707042	AT5G55950	ortholog_one2one
AUR62031418	110693866	AT5G24020	ortholog_one2many
AUR62006568	110701002	AT5G12250	ortholog_one2many
AUR62016623	110704968	AT3G48700	ortholog_many2many
AUR62016623	110704968	AT3G48690	ortholog_many2many
AUR62016623	110704968	AT1G49640	ortholog_many2many
AUR62016623	110704968	AT2G03550	ortholog_many2many
AUR62016623	110704968	AT1G19190	ortholog_many2many
AUR62016623	110704968	AT1G49650	ortholog_many2many
AUR62016623	110704968	AT1G49660	ortholog_many2many
AUR62037809	110727184	AT5G13930	ortholog_one2many
AUR62037809	110724462	AT5G13930	ortholog_one2many
AUR62007298	110732552	AT5G46720	ortholog_one2many
AUR62018111	110735041	AT5G39530	ortholog_one2many
AUR62018111	110735041	AT5G39520	ortholog_one2many
AUR62019972	110722822	AT4G16745	ortholog_one2many
AUR62029314	110693202	AT5G54300	ortholog_one2one
AUR62036816	110694983	AT4G02920	ortholog_many2many
AUR62036816	110694983	AT1G03340	ortholog_many2many
AUR62013343	110725625	AT1G45000	ortholog_many2many
AUR62013343	110725625	AT5G43010	ortholog_many2many
AUR62024601	110732995	AT4G01940	ortholog_one2many
AUR62004403	110714546	AT4G01290	ortholog_one2many
AUR62003985	110682412	AT5G67410	ortholog_one2many
AUR62024219	110712378	AT1G24530	ortholog_one2many
AUR62033621	110713466	AT2G32090	ortholog_one2many
AUR62017069	110706965	AT3G13120	ortholog_one2many
AUR62014672	110693494	AT5G63600	ortholog_many2many
AUR62014672	110693494	AT5G08640	ortholog_many2many
AUR62014672	110693494	AT5G43935	ortholog_many2many
AUR62014672	110693494	AT5G63590	ortholog_many2many
AUR62014672	110693494	AT5G63595	ortholog_many2many
AUR62014672	110693494	AT5G63580	ortholog_many2many
AUR62005553	110710292	AT1G67700	ortholog_one2many
AUR62020851	110715011	AT3G13470	ortholog_many2many
AUR62020851	110715011	AT1G55490	ortholog_many2many
AUR62020851	110715011	AT5G56500	ortholog_many2many
AUR62028342	110721860	AT4G30640	ortholog_many2many
AUR62028342	110721860	AT5G57900	ortholog_many2many
AUR62016655	110705002	AT1G19300	ortholog_one2many
AUR62018453	110711788	AT5G21090	ortholog_many2many
AUR62018453	110711788	AT3G43740	ortholog_many2many
AUR62022645	110731614	AT1G72090	ortholog_one2many
AUR62022645	110713959	AT1G72090	ortholog_one2many
AUR62021131	110729600	AT1G10170	ortholog_one2many
AUR62008117	110700303	AT3G25410	ortholog_one2many
AUR62000554	110736657	AT3G05270	ortholog_one2many
AUR62004502	110714500	AT1G01290	ortholog_one2one
AUR62025663	110726749	AT3G06530	ortholog_one2many
AUR62043927	110712279	AT1G28350	ortholog_many2many
AUR62043927	110712279	AT2G33840	ortholog_many2many
AUR62043927	110709869	AT1G28350	ortholog_many2many
AUR62043927	110709869	AT2G33840	ortholog_many2many
AUR62033645	110713493	AT4G14760	ortholog_many2many
AUR62033645	110713493	AT3G22790	ortholog_many2many
AUR62033645	110684842	AT4G14760	ortholog_many2many
AUR62033645	110684842	AT3G22790	ortholog_many2many
AUR62018231	110735153	AT3G60500	ortholog_many2many
AUR62018231	110735153	AT3G12990	ortholog_many2many
AUR62003975	110682403	AT1G64810	ortholog_one2many
AUR62038532	110739134	AT1G12790	ortholog_one2many
AUR62009012	110709940	AT5G38290	ortholog_many2many
AUR62009012	110709940	AT5G16140	ortholog_many2many
AUR62027549	110689971	AT5G46540	ortholog_many2many
AUR62027549	110689971	AT4G18050	ortholog_many2many
AUR62021551	110726332	AT2G42260	ortholog_many2many
AUR62021551	110726332	AT3G57860	ortholog_many2many
AUR62025473	110689743	AT3G09270	ortholog_one2many
AUR62014374	110724665	AT5G09810	ortholog_one2many
AUR62014374	110709820	AT5G09810	ortholog_one2many
AUR62032940	110716282	AT5G08350	ortholog_many2many
AUR62032940	110716282	AT5G23360	ortholog_many2many
AUR62032940	110716282	AT5G23350	ortholog_many2many
AUR62032940	110716282	AT5G23370	ortholog_many2many
AUR62039491	110736430	AT4G18840	ortholog_one2many
AUR62007247	110732502	AT4G17980	ortholog_many2many
AUR62007247	110732502	AT5G46590	ortholog_many2many
AUR62007247	110732502	AT1G32510	ortholog_many2many
AUR62000426	110736527	AT1G56560	ortholog_one2many
AUR62021587	110726365	AT3G02080	ortholog_many2many
AUR62021587	110726365	AT5G15520	ortholog_many2many
AUR62021587	110726365	AT5G61170	ortholog_many2many
AUR62021587	110700676	AT3G02080	ortholog_many2many
AUR62021587	110700676	AT5G15520	ortholog_many2many
AUR62021587	110700676	AT5G61170	ortholog_many2many
AUR62019896	110722748	AT1G64625	ortholog_one2many
AUR62000658	110736757	AT1G08530	ortholog_one2one
AUR62022517	110696787	AT4G01470	ortholog_one2many
AUR62018548	110711609	AT1G05530	ortholog_many2many
AUR62018548	110711609	AT4G14090	ortholog_many2many
AUR62018548	110711609	AT4G15550	ortholog_many2many
AUR62018548	110711609	AT1G05560	ortholog_many2many
AUR62033011	110713124	AT5G47680	ortholog_one2many
AUR62024177	110712562	AT3G26040	ortholog_many2many
AUR62024177	110712562	AT5G47950	ortholog_many2many
AUR62024177	110712562	AT1G24420	ortholog_many2many
AUR62024177	110712562	AT3G30280	ortholog_many2many
AUR62024177	110712562	AT4G15390	ortholog_many2many
AUR62020612	110710149	AT4G31430	ortholog_one2one
AUR62006234	110729890	AT5G20400	ortholog_many2many
AUR62006234	110729890	AT1G49390	ortholog_many2many
AUR62030795	110733907	AT3G51850	ortholog_one2many
AUR62030795	110710682	AT3G51850	ortholog_one2many
AUR62037302	110715894	AT1G10880	ortholog_one2many
AUR62036246	110684678	AT2G30100	ortholog_one2many
AUR62013597	110735703	AT5G14850	ortholog_one2one
AUR62013597	110725887	AT5G14850	ortholog_one2one
AUR62044068	110696884	AT4G13770	ortholog_one2many
AUR62024006	110699668	AT2G42780	ortholog_one2many
AUR62020906	110714861	AT2G31680	ortholog_many2many
AUR62020906	110714861	AT2G43130	ortholog_many2many
AUR62020906	110714861	AT1G05810	ortholog_many2many
AUR62018568	110711746	AT5G62270	ortholog_one2many
AUR62000608	110736703	AT4G33420	ortholog_one2many
AUR62002069	110717388	AT3G03010	ortholog_one2many
AUR62002069	110717388	AT5G16870	ortholog_one2many
AUR62002069	110693024	AT3G03010	ortholog_one2many
AUR62002069	110693024	AT5G16870	ortholog_one2many
AUR62037834	110727212	AT3G26730	ortholog_one2one
AUR62037834	110721191	AT3G26730	ortholog_one2one
AUR62004419	110713976	AT3G61570	ortholog_many2many
AUR62004419	110713976	AT2G46180	ortholog_many2many
AUR62003897	110682322	AT4G34050	ortholog_one2many
AUR62028691	110727427	AT1G80790	ortholog_many2many
AUR62028691	110727427	AT3G29375	ortholog_many2many
AUR62028691	110727427	AT1G15910	ortholog_many2many
AUR62028691	110727427	AT4G00380	ortholog_many2many
AUR62020505	110721005	AT5G54810	ortholog_one2many
AUR62020505	110721005	AT4G27070	ortholog_one2many
AUR62024248	110712500	AT1G67830	ortholog_one2many
AUR62037200	110738368	AT3G54470	ortholog_one2many
AUR62037200	110716288	AT3G54470	ortholog_one2many
AUR62015334	110689213	AT2G41950	ortholog_one2many
AUR62016320	110703221	AT1G52510	ortholog_one2many
AUR62014619	110693453	AT4G21280	ortholog_many2many
AUR62014619	110693453	AT4G05180	ortholog_many2many
AUR62009241	110705840	AT4G32870	ortholog_one2many
AUR62021647	110726422	AT1G74410	ortholog_one2many
AUR62005316	110708059	AT1G60010	ortholog_many2many
AUR62005316	110708059	AT1G10530	ortholog_many2many
AUR62023781	110738719	AT2G43710	ortholog_one2many
AUR62024634	110733024	AT1G02370	ortholog_many2many
AUR62024634	110733024	AT4G01990	ortholog_many2many
AUR62003679	110682097	AT5G65570	ortholog_one2one
AUR62042881	110740199	AT4G24490	ortholog_many2many
AUR62042881	110740199	AT5G41820	ortholog_many2many
AUR62024090	110699753	AT4G14740	ortholog_many2many
AUR62024090	110699753	AT3G22810	ortholog_many2many
AUR62020207	110683548	AT5G17560	ortholog_one2many
AUR62020666	110710368	AT3G21670	ortholog_one2many
AUR62005516	110712608	AT3G27210	ortholog_many2many
AUR62005516	110712608	AT3G01860	ortholog_many2many
AUR62005516	110709886	AT3G27210	ortholog_many2many
AUR62005516	110709886	AT3G01860	ortholog_many2many
AUR62000517	110736620	AT5G09250	ortholog_one2many
AUR62036720	110721662	AT2G45790	ortholog_one2many
AUR62036720	110703619	AT2G45790	ortholog_one2many
AUR62009294	110705583	AT1G16340	ortholog_many2many
AUR62009294	110705583	AT1G79500	ortholog_many2many
AUR62005738	110712095	AT2G02750	ortholog_one2one
AUR62033396	110729071	AT3G24500	ortholog_one2one
AUR62028611	110727484	AT1G70750	ortholog_many2many
AUR62028611	110727484	AT5G16720	ortholog_many2many
AUR62044455	110689587	AT2G18040	ortholog_one2many
AUR62011907	110734388	AT4G16430	ortholog_one2many
AUR62002447	110717632	AT2G31810	ortholog_one2many
AUR62020565	110710354	AT4G33110	ortholog_many2many
AUR62020565	110710354	AT4G33120	ortholog_many2many
AUR62035055	110697369	AT5G62280	ortholog_one2many
AUR62035055	110693216	AT5G62280	ortholog_one2many
AUR62021945	110731332	AT4G04670	ortholog_one2one
AUR62002566	110717432	AT1G09430	ortholog_one2one
AUR62030671	110704356	AT3G52630	ortholog_one2many
AUR62030671	110704356	AT4G18590	ortholog_one2many
AUR62003873	110682296	AT4G37020	ortholog_one2one
AUR62027457	110716986	AT3G47810	ortholog_one2many
AUR62008984	110728195	AT1G25450	ortholog_many2many
AUR62008984	110728195	AT1G68530	ortholog_many2many
AUR62015319	110689194	AT5G42510	ortholog_many2many
AUR62015319	110689194	AT5G42500	ortholog_many2many
AUR62006180	110729446	AT3G52730	ortholog_one2one
AUR62006180	110695732	AT3G52730	ortholog_one2one
AUR62027770	110706593	AT1G34770	ortholog_one2one
AUR62027336	110692830	AT4G19070	ortholog_one2many
AUR62004001	110717065	AT5G67500	ortholog_many2many
AUR62004001	110717065	AT3G49920	ortholog_many2many
AUR62004001	110682430	AT5G67500	ortholog_many2many
AUR62004001	110682430	AT3G49920	ortholog_many2many
AUR62007232	110732482	AT1G32410	ortholog_one2many
AUR62036841	110695007	AT5G02740	ortholog_one2many
AUR62022741	110731729	AT1G01830	ortholog_one2many
AUR62022741	110731729	AT2G45720	ortholog_one2many
AUR62038355	110735151	AT3G12570	ortholog_one2many
AUR62018829	110732428	AT5G47100	ortholog_many2many
AUR62018829	110732428	AT4G17615	ortholog_many2many
AUR62018829	110730283	AT5G47100	ortholog_many2many
AUR62018829	110730283	AT4G17615	ortholog_many2many
AUR62007039	110732287	AT4G10760	ortholog_one2many
AUR62019482	110737707	AT3G15150	ortholog_one2one
AUR62021628	110726407	AT1G74380	ortholog_many2many
AUR62021628	110726407	AT1G18690	ortholog_many2many
AUR62021628	110726407	AT5G07720	ortholog_many2many
AUR62009235	110705538	AT5G11670	ortholog_many2many
AUR62009235	110705538	AT5G25880	ortholog_many2many
AUR62015307	110704815	AT4G15470	ortholog_one2many
AUR62015307	110689186	AT4G15470	ortholog_one2many
AUR62029326	110693217	AT1G54890	ortholog_one2one
AUR62009068	110705363	AT4G31440	ortholog_many2many
AUR62009068	110705363	AT2G24530	ortholog_many2many
AUR62023248	110720338	AT5G17460	ortholog_one2one
AUR62001779	110688414	AT2G28930	ortholog_many2many
AUR62001779	110688414	AT1G07570	ortholog_many2many
AUR62029512	110694747	AT4G35930	ortholog_one2many
AUR62040335	110734732	AT5G38650	ortholog_many2many
AUR62040335	110734732	AT1G67250	ortholog_many2many
AUR62031457	110693907	AT2G14530	ortholog_one2many
AUR62033709	110713331	AT5G14250	ortholog_one2many
AUR62041425	110709390	AT5G23470	ortholog_many2many
AUR62041425	110709390	AT3G17550	ortholog_many2many
AUR62041425	110709390	AT3G19595	ortholog_many2many
AUR62041425	110709390	AT1G20320	ortholog_many2many
AUR62041425	110709390	AT1G43610	ortholog_many2many
AUR62041425	110709390	AT5G54210	ortholog_many2many
AUR62041425	110709390	AT2G02290	ortholog_many2many
AUR62041425	110709390	AT2G04930	ortholog_many2many
AUR62041425	110709390	AT1G43600	ortholog_many2many
AUR62041425	110709390	AT3G19600	ortholog_many2many
AUR62002812	110718482	AT2G01220	ortholog_many2many
AUR62002812	110718482	AT3G27610	ortholog_many2many
AUR62009007	110728220	AT5G57040	ortholog_one2many
AUR62016541	110703439	AT3G25150	ortholog_one2many
AUR62042227	110720263	AT3G12400	ortholog_many2many
AUR62042227	110720263	AT5G13860	ortholog_many2many
AUR62002241	110717585	AT5G51220	ortholog_one2many
AUR62022576	110731544	AT2G45960	ortholog_many2many
AUR62022576	110731544	AT4G00430	ortholog_many2many
AUR62022576	110731544	AT1G01620	ortholog_many2many
AUR62022576	110731544	AT3G61430	ortholog_many2many
AUR62022576	110731544	AT4G23400	ortholog_many2many
AUR62019791	110722640	AT4G11150	ortholog_one2many
AUR62019791	110722640	AT1G64200	ortholog_one2many
AUR62011594	110698714	AT3G15550	ortholog_one2many
AUR62025442	110689709	AT3G28450	ortholog_one2many
AUR62005803	110712624	AT1G26810	ortholog_one2many
AUR62005803	110706322	AT1G26810	ortholog_one2many
AUR62008143	110700848	AT4G24700	ortholog_one2many
AUR62043944	110696976	AT5G11910	ortholog_one2many
AUR62014565	110724878	AT3G02460	ortholog_many2many
AUR62014565	110724878	AT5G15930	ortholog_many2many
AUR62020992	110714897	AT3G56920	ortholog_many2many
AUR62020992	110714897	AT2G40990	ortholog_many2many
AUR62020992	110714897	AT5G05070	ortholog_many2many
AUR62035557	110738837	AT5G53480	ortholog_one2many
AUR62041912	110733474	AT1G19980	ortholog_one2many
AUR62004231	110714478	AT1G01940	ortholog_one2many
AUR62009069	110705364	AT4G31450	ortholog_one2many
AUR62043430	110721965	AT3G54680	ortholog_one2many
AUR62020728	110710291	AT2G07170	ortholog_one2many
AUR62009045	110705343	AT5G58230	ortholog_one2many
AUR62020752	110710141	AT3G12685	ortholog_one2many
AUR62003124	110722164	AT2G03450	ortholog_many2many
AUR62003124	110722164	AT1G13900	ortholog_many2many
AUR62034345	110682780	AT3G17611	ortholog_one2many
AUR62007565	110685791	AT4G36630	ortholog_one2many
AUR62033105	110739214	AT2G47780	ortholog_one2many
AUR62037566	110734023	AT3G13050	ortholog_one2many
AUR62019895	110722747	AT4G10800	ortholog_one2many
AUR62014556	110724862	AT5G15900	ortholog_many2many
AUR62014556	110724862	AT3G02440	ortholog_many2many
AUR62014556	110724862	AT5G15890	ortholog_many2many
AUR62038568	110733190	AT1G54540	ortholog_one2many
AUR62033381	110685378	AT4G31010	ortholog_one2many
AUR62020840	110714888	AT3G25070	ortholog_one2many
AUR62033214	110692347	AT5G07280	ortholog_one2many
AUR62033214	110690830	AT5G07280	ortholog_one2many
AUR62030651	110704499	AT5G24620	ortholog_one2many
AUR62016659	110705008	AT1G49470	ortholog_one2many
AUR62028025	110683804	AT1G02420	ortholog_one2many
AUR62024720	110733127	AT2G38940	ortholog_many2many
AUR62024720	110733127	AT3G54700	ortholog_many2many
AUR62031618	110727044	AT3G23255	ortholog_one2one
AUR62031323	110716636	AT3G54420	ortholog_one2many
AUR62004018	110682447	AT5G04885	ortholog_one2many
AUR62024721	110733129	AT3G23240	ortholog_one2many
AUR62028991	110683001	AT2G31610	ortholog_many2many
AUR62028991	110683001	AT5G35530	ortholog_many2many
AUR62028991	110683001	AT3G53870	ortholog_many2many
AUR62032818	110706350	AT2G04660	ortholog_one2many
AUR62006590	110701023	AT2G26950	ortholog_many2many
AUR62006590	110701023	AT2G26960	ortholog_many2many
AUR62024018	110699679	AT2G32120	ortholog_one2many
AUR62016427	110703321	AT1G80400	ortholog_many2many
AUR62016427	110703321	AT1G15590	ortholog_many2many
AUR62006772	110701199	AT1G56560	ortholog_one2many
AUR62038439	110721139	AT3G03760	ortholog_one2one
AUR62042280	110715224	AT1G23130	ortholog_many2many
AUR62042280	110715224	AT5G28000	ortholog_many2many
AUR62042280	110715224	AT1G70890	ortholog_many2many
AUR62042280	110715224	AT1G70840	ortholog_many2many
AUR62042280	110715224	AT1G35310	ortholog_many2many
AUR62042280	110715224	AT1G70860	ortholog_many2many
AUR62042280	110715224	AT1G70850	ortholog_many2many
AUR62042280	110715224	AT1G70880	ortholog_many2many
AUR62042280	110715224	AT1G70830	ortholog_many2many
AUR62042280	110715224	AT1G35260	ortholog_many2many
AUR62042280	110715224	AT5G28010	ortholog_many2many
AUR62042280	110711335	AT1G23130	ortholog_many2many
AUR62042280	110711335	AT5G28000	ortholog_many2many
AUR62042280	110711335	AT1G70890	ortholog_many2many
AUR62042280	110711335	AT1G70840	ortholog_many2many
AUR62042280	110711335	AT1G35310	ortholog_many2many
AUR62042280	110711335	AT1G70860	ortholog_many2many
AUR62042280	110711335	AT1G70850	ortholog_many2many
AUR62042280	110711335	AT1G70880	ortholog_many2many
AUR62042280	110711335	AT1G70830	ortholog_many2many
AUR62042280	110711335	AT1G35260	ortholog_many2many
AUR62042280	110711335	AT5G28010	ortholog_many2many
AUR62042280	110711336	AT1G23130	ortholog_many2many
AUR62042280	110711336	AT5G28000	ortholog_many2many
AUR62042280	110711336	AT1G70890	ortholog_many2many
AUR62042280	110711336	AT1G70840	ortholog_many2many
AUR62042280	110711336	AT1G35310	ortholog_many2many
AUR62042280	110711336	AT1G70860	ortholog_many2many
AUR62042280	110711336	AT1G70850	ortholog_many2many
AUR62042280	110711336	AT1G70880	ortholog_many2many
AUR62042280	110711336	AT1G70830	ortholog_many2many
AUR62042280	110711336	AT1G35260	ortholog_many2many
AUR62042280	110711336	AT5G28010	ortholog_many2many
AUR62035540	110700727	AT3G26650	ortholog_one2many
AUR62035540	110700727	AT1G12900	ortholog_one2many
AUR62035060	110697185	AT1G12310	ortholog_one2many
AUR62035060	110697185	AT1G62820	ortholog_one2many
AUR62035060	110692621	AT1G12310	ortholog_one2many
AUR62035060	110692621	AT1G62820	ortholog_one2many
AUR62009866	110684357	AT1G72820	ortholog_one2many
AUR62007520	110732787	AT2G18000	ortholog_one2many
AUR62018504	110714994	AT5G26570	ortholog_one2many
AUR62018504	110711764	AT5G26570	ortholog_one2many
AUR62031415	110693862	AT1G10170	ortholog_one2many
AUR62021095	110729563	AT4G23570	ortholog_many2many
AUR62021095	110729563	AT4G11260	ortholog_many2many
AUR62013918	110735197	AT1G20160	ortholog_many2many
AUR62013918	110735197	AT1G20150	ortholog_many2many
AUR62013918	110721694	AT1G20160	ortholog_many2many
AUR62013918	110721694	AT1G20150	ortholog_many2many
AUR62038958	110683716	AT1G10850	ortholog_one2many
AUR62038958	110683716	AT1G60630	ortholog_one2many
AUR62007183	110732430	AT1G03910	ortholog_one2many
AUR62039256	110738188	AT3G12420	ortholog_one2many
AUR62039256	110738188	AT2G36110	ortholog_one2many
AUR62039256	110738188	AT3G12430	ortholog_one2many
AUR62039256	110738188	AT3G12440	ortholog_one2many
AUR62039256	110738188	AT3G12460	ortholog_one2many
AUR62039256	110738188	AT3G12470	ortholog_one2many
AUR62039256	110738188	AT3G12410	ortholog_one2many
AUR62039256	110697398	AT3G12420	ortholog_one2many
AUR62039256	110697398	AT2G36110	ortholog_one2many
AUR62039256	110697398	AT3G12430	ortholog_one2many
AUR62039256	110697398	AT3G12440	ortholog_one2many
AUR62039256	110697398	AT3G12460	ortholog_one2many
AUR62039256	110697398	AT3G12470	ortholog_one2many
AUR62039256	110697398	AT3G12410	ortholog_one2many
AUR62012987	110738804	AT2G17020	ortholog_one2one
AUR62000129	110736229	AT5G19450	ortholog_one2many
AUR62000129	110736229	AT5G12480	ortholog_one2many
AUR62022519	110696646	AT2G39480	ortholog_many2many
AUR62022519	110696646	AT3G55320	ortholog_many2many
AUR62033769	110694510	AT3G18190	ortholog_one2many
AUR62011549	110698674	AT1G15390	ortholog_one2many
AUR62040362	110734714	AT5G03190	ortholog_many2many
AUR62040362	110734714	AT3G53400	ortholog_many2many
AUR62032671	110704749	AT1G64760	ortholog_many2many
AUR62032671	110704749	AT3G04010	ortholog_many2many
AUR62032671	110704749	AT5G18220	ortholog_many2many
AUR62032671	110704749	AT2G19440	ortholog_many2many
AUR62020600	110710478	AT4G31440	ortholog_many2many
AUR62020600	110710478	AT2G24530	ortholog_many2many
AUR62014066	110694183	AT1G23440	ortholog_one2many
AUR62000683	110736773	AT3G05760	ortholog_one2one
AUR62006989	110701405	AT5G37360	ortholog_one2many
AUR62027186	110692678	AT5G65380	ortholog_many2many
AUR62027186	110692678	AT5G10420	ortholog_many2many
AUR62027186	110692678	AT5G44050	ortholog_many2many
AUR62006647	110701083	AT3G02750	ortholog_one2many
AUR62044674	110711051	AT3G11180	ortholog_many2many
AUR62044674	110711051	AT3G55970	ortholog_many2many
AUR62044674	110711051	AT5G05600	ortholog_many2many
AUR62008325	110700500	AT1G74800	ortholog_many2many
AUR62008325	110700500	AT5G62620	ortholog_many2many
AUR62004672	110714377	AT1G34300	ortholog_one2many
AUR62005721	110711976	AT5G47870	ortholog_one2many
AUR62016278	110703197	AT2G21960	ortholog_one2many
AUR62014656	110693480	AT1G61660	ortholog_one2one
AUR62026233	110713591	AT2G22620	ortholog_many2many
AUR62026233	110713591	AT4G37950	ortholog_many2many
AUR62026233	110713591	AT1G65210	ortholog_many2many
AUR62026233	110713591	AT4G38030	ortholog_many2many
AUR62006143	110729135	AT5G53160	ortholog_one2many
AUR62006143	110729135	AT4G27920	ortholog_one2many
AUR62006143	110696075	AT5G53160	ortholog_one2many
AUR62006143	110696075	AT4G27920	ortholog_one2many
AUR62011332	110698474	AT4G34450	ortholog_many2many
AUR62011332	110698474	AT2G16200	ortholog_many2many
AUR62031477	110693930	AT5G53330	ortholog_one2many
AUR62001169	110687809	AT5G48560	ortholog_one2many
AUR62001169	110687809	AT3G07340	ortholog_one2many
AUR62033335	110685333	AT5G17620	ortholog_one2many
AUR62025361	110715749	AT5G02850	ortholog_one2many
AUR62008523	110700694	AT1G74240	ortholog_one2many
AUR62025311	110715945	AT5G58410	ortholog_one2many
AUR62040107	110690151	AT1G10050	ortholog_many2many
AUR62040107	110690151	AT1G58370	ortholog_many2many
AUR62040107	110690151	AT4G08160	ortholog_many2many
AUR62005547	110710217	AT3G10570	ortholog_many2many
AUR62005547	110710217	AT3G10560	ortholog_many2many
AUR62005547	110710217	AT5G04660	ortholog_many2many
AUR62005547	110710217	AT5G04630	ortholog_many2many
AUR62034370	110682734	AT1G36310	ortholog_one2many
AUR62021112	110729478	AT5G52780	ortholog_one2many
AUR62002023	110717843	AT2G22190	ortholog_many2many
AUR62002023	110717843	AT5G65140	ortholog_many2many
AUR62002023	110717843	AT4G39770	ortholog_many2many
AUR62002023	110717843	AT5G10100	ortholog_many2many
AUR62035207	110691197	AT1G77420	ortholog_one2many
AUR62006198	110729603	AT3G11470	ortholog_many2many
AUR62006198	110729603	AT2G02765	ortholog_many2many
AUR62007107	110732357	AT2G43100	ortholog_many2many
AUR62007107	110732357	AT3G58990	ortholog_many2many
AUR62007107	110732357	AT2G43090	ortholog_many2many
AUR62031872	110729809	AT3G16250	ortholog_one2one
AUR62031872	110715380	AT3G16250	ortholog_one2one
AUR62003038	110721152	AT1G68910	ortholog_one2many
AUR62003038	110686045	AT1G68910	ortholog_one2many
AUR62023480	110725165	AT4G01030	ortholog_one2many
AUR62012027	110734508	AT3G58020	ortholog_many2many
AUR62012027	110734508	AT2G42080	ortholog_many2many
AUR62012027	110734508	AT2G42065	ortholog_many2many
AUR62013051	110739389	AT4G38640	ortholog_one2one
AUR62013051	110718544	AT4G38640	ortholog_one2one
AUR62027151	110740156	AT4G35210	ortholog_many2many
AUR62027151	110740156	AT4G35200	ortholog_many2many
AUR62027151	110740156	AT2G17080	ortholog_many2many
AUR62027151	110740156	AT2G17070	ortholog_many2many
AUR62007465	110732731	AT1G62750	ortholog_one2many
AUR62001870	110688511	AT5G58450	ortholog_one2many
AUR62037554	110734010	AT1G78780	ortholog_one2many
AUR62028366	110721885	AT1G17890	ortholog_many2many
AUR62028366	110721885	AT1G73250	ortholog_many2many
AUR62003258	110724699	AT4G40040	ortholog_one2one
AUR62003258	110723485	AT4G40040	ortholog_one2one
AUR62007581	110685808	AT5G66530	ortholog_one2many
AUR62043010	110739056	AT3G53560	ortholog_many2many
AUR62043010	110739056	AT3G09490	ortholog_many2many
AUR62043010	110739056	AT5G02590	ortholog_many2many
AUR62043010	110739056	AT2G37400	ortholog_many2many
AUR62027303	110692788	AT5G07840	ortholog_many2many
AUR62027303	110692788	AT5G61230	ortholog_many2many
AUR62041442	110711387	AT5G35160	ortholog_one2many
AUR62022781	110699172	AT5G60710	ortholog_one2many
AUR62035376	110693207	AT1G54110	ortholog_many2many
AUR62035376	110693207	AT3G55600	ortholog_many2many
AUR62035376	110692531	AT1G54110	ortholog_many2many
AUR62035376	110692531	AT3G55600	ortholog_many2many
AUR62041803	110716150	AT1G29770	ortholog_many2many
AUR62041803	110716150	AT1G29780	ortholog_many2many
AUR62041803	110716150	AT5G45700	ortholog_many2many
AUR62033442	110729121	AT1G11020	ortholog_one2one
AUR62006186	110726725	AT3G10120	ortholog_one2many
AUR62006186	110726725	AT5G03890	ortholog_one2many
AUR62017605	110701847	AT2G42850	ortholog_one2one
AUR62004328	110714571	AT3G57560	ortholog_one2many
AUR62022776	110699166	AT2G28000	ortholog_one2many
AUR62014486	110724777	AT4G19840	ortholog_one2one
AUR62018201	110735122	AT3G29770	ortholog_one2many
AUR62008587	110727749	AT1G03020	ortholog_many2many
AUR62008587	110727749	AT3G62930	ortholog_many2many
AUR62021911	110731303	AT1G62310	ortholog_one2many
AUR62021911	110731303	AT1G11950	ortholog_one2many
AUR62013929	110721702	AT1G20110	ortholog_one2many
AUR62017214	110702439	AT1G63470	ortholog_one2many
AUR62017214	110702439	AT1G63480	ortholog_one2many
AUR62031459	110693910	AT5G52920	ortholog_one2many
AUR62002353	110717447	AT1G08760	ortholog_one2many
AUR62007632	110685863	AT4G36360	ortholog_one2many
AUR62029429	110694661	AT5G41040	ortholog_one2many
AUR62003253	110723438	AT2G22420	ortholog_one2many
AUR62033029	110713198	AT4G19880	ortholog_many2many
AUR62033029	110713198	AT5G45020	ortholog_many2many
AUR62033029	110713198	AT5G44990	ortholog_many2many
AUR62033157	110739196	AT2G47770	ortholog_one2many
AUR62033157	110739192	AT2G47770	ortholog_one2many
AUR62026527	110713853	AT4G27640	ortholog_one2many
AUR62009560	110684046	AT5G59400	ortholog_one2many
AUR62016483	110703376	AT1G79850	ortholog_one2many
AUR62029265	110693157	AT3G20660	ortholog_one2many
AUR62018600	110730075	AT5G45410	ortholog_one2many
AUR62024048	110719123	AT3G58700	ortholog_one2many
AUR62024048	110719123	AT5G45775	ortholog_one2many
AUR62024048	110719123	AT2G42740	ortholog_one2many
AUR62024048	110719123	AT4G18730	ortholog_one2many
AUR62024048	110699708	AT3G58700	ortholog_one2many
AUR62024048	110699708	AT5G45775	ortholog_one2many
AUR62024048	110699708	AT2G42740	ortholog_one2many
AUR62024048	110699708	AT4G18730	ortholog_one2many
AUR62005745	110712183	AT1G14345	ortholog_one2one
AUR62005463	110709363	AT3G26570	ortholog_one2many
AUR62004094	110682530	AT5G17730	ortholog_many2many
AUR62004094	110682530	AT3G29800	ortholog_many2many
AUR62004094	110682530	AT5G17740	ortholog_many2many
AUR62004094	110682530	AT5G17760	ortholog_many2many
AUR62004094	110682530	AT5G17750	ortholog_many2many
AUR62023371	110720467	AT2G44660	ortholog_one2many
AUR62004165	110714245	AT3G60590	ortholog_one2many
AUR62019668	110737878	AT1G78560	ortholog_one2many
AUR62025384	110721885	AT1G17890	ortholog_many2many
AUR62025384	110721885	AT1G73250	ortholog_many2many
AUR62025384	110715805	AT1G17890	ortholog_many2many
AUR62025384	110715805	AT1G73250	ortholog_many2many
AUR62041960	110696234	AT5G11670	ortholog_many2many
AUR62041960	110696234	AT5G25880	ortholog_many2many
AUR62041960	110696232	AT5G11670	ortholog_many2many
AUR62041960	110696232	AT5G25880	ortholog_many2many
AUR62013613	110721402	AT5G64270	ortholog_one2many
AUR62013613	110686051	AT5G64270	ortholog_one2many
AUR62034061	110692144	AT2G45030	ortholog_many2many
AUR62034061	110692144	AT1G45332	ortholog_many2many
AUR62003288	110723806	AT5G65440	ortholog_one2many
AUR62003288	110692670	AT5G65440	ortholog_one2many
AUR62007315	110732568	AT2G03870	ortholog_one2many
AUR62007315	110730156	AT2G03870	ortholog_one2many
AUR62020734	110710189	AT2G07340	ortholog_one2many
AUR62020734	110683766	AT2G07340	ortholog_one2many
AUR62032848	110706382	AT1G69420	ortholog_one2many
AUR62009723	110684212	AT5G05340	ortholog_one2many
AUR62006530	110700958	AT4G20410	ortholog_one2many
AUR62004305	110713902	AT2G45770	ortholog_one2many
AUR62033418	110729100	AT2G26910	ortholog_one2one
AUR62033418	110707852	AT2G26910	ortholog_one2one
AUR62025170	110715787	AT5G35460	ortholog_one2many
AUR62037132	110740291	AT1G33120	ortholog_many2many
AUR62037132	110740291	AT1G33140	ortholog_many2many
AUR62037132	110740291	AT4G10450	ortholog_many2many
AUR62000345	110736454	AT4G31100	ortholog_many2many
AUR62000345	110736454	AT1G16120	ortholog_many2many
AUR62000345	110736454	AT1G79680	ortholog_many2many
AUR62000345	110736454	AT1G16110	ortholog_many2many
AUR62000345	110736454	AT1G16260	ortholog_many2many
AUR62000345	110736454	AT1G16150	ortholog_many2many
AUR62000345	110736454	AT1G17910	ortholog_many2many
AUR62000345	110736454	AT4G31110	ortholog_many2many
AUR62000345	110736454	AT1G16130	ortholog_many2many
AUR62000345	110736454	AT1G19390	ortholog_many2many
AUR62000345	110736454	AT1G79670	ortholog_many2many
AUR62000345	110736454	AT1G16160	ortholog_many2many
AUR62000345	110736454	AT1G69730	ortholog_many2many
AUR62037764	110738984	AT2G01720	ortholog_one2many
AUR62017643	110702021	AT3G50950	ortholog_one2one
AUR62009567	110684054	AT2G28930	ortholog_many2many
AUR62009567	110684054	AT1G07570	ortholog_many2many
AUR62003646	110682064	AT4G39390	ortholog_one2one
AUR62020658	110710139	AT4G31210	ortholog_one2many
AUR62017210	110702432	AT4G23100	ortholog_one2many
AUR62003824	110682239	AT5G66950	ortholog_many2many
AUR62003824	110682239	AT4G37100	ortholog_many2many
AUR62003824	110682239	AT2G23520	ortholog_many2many
AUR62019065	110709770	AT4G10250	ortholog_one2many
AUR62029091	110730809	AT5G35740	ortholog_one2one
AUR62023422	110720517	AT1G05940	ortholog_one2many
AUR62004023	110682453	AT2G38490	ortholog_one2many
AUR62039825	110730412	AT3G28860	ortholog_one2one
AUR62039825	110688941	AT3G28860	ortholog_one2one
AUR62038942	110683580	AT1G03520	ortholog_one2many
AUR62038942	110683580	AT4G03340	ortholog_one2many
AUR62009666	110684156	AT5G07110	ortholog_one2many
AUR62039382	110724892	AT5G59370	ortholog_many2many
AUR62039382	110724892	AT3G12110	ortholog_many2many
AUR62039382	110724892	AT3G46520	ortholog_many2many
AUR62039382	110724892	AT3G53750	ortholog_many2many
AUR62039382	110724892	AT2G37620	ortholog_many2many
AUR62039382	110715281	AT5G59370	ortholog_many2many
AUR62039382	110715281	AT3G12110	ortholog_many2many
AUR62039382	110715281	AT3G46520	ortholog_many2many
AUR62039382	110715281	AT3G53750	ortholog_many2many
AUR62039382	110715281	AT2G37620	ortholog_many2many
AUR62014188	110694424	AT1G70820	ortholog_one2many
AUR62029802	110690744	AT5G04070	ortholog_many2many
AUR62029802	110690744	AT5G15940	ortholog_many2many
AUR62020092	110683415	AT5G58920	ortholog_one2many
AUR62038808	110724427	AT5G47820	ortholog_one2many
AUR62038808	110709968	AT5G47820	ortholog_one2many
AUR62024669	110733061	AT1G02640	ortholog_one2many
AUR62021096	110729568	AT3G60880	ortholog_many2many
AUR62021096	110729568	AT2G45440	ortholog_many2many
AUR62011731	110734215	AT4G01860	ortholog_one2many
AUR62007188	110732433	AT2G40100	ortholog_one2many
AUR62026106	110707349	AT2G22740	ortholog_many2many
AUR62026106	110707349	AT2G35160	ortholog_many2many
AUR62017434	110702631	AT3G26710	ortholog_one2many
AUR62039521	110699927	AT1G23150	ortholog_many2many
AUR62039521	110699927	AT2G01554	ortholog_many2many
AUR62039521	110699927	AT1G70780	ortholog_many2many
AUR62005991	110727679	AT5G24460	ortholog_one2one
AUR62006094	110728663	AT5G24240	ortholog_one2one
AUR62020311	110726890	AT2G46520	ortholog_one2many
AUR62020311	110720856	AT2G46520	ortholog_one2many
AUR62029503	110694739	AT3G51310	ortholog_one2many
AUR62029503	110694739	AT2G17790	ortholog_one2many
AUR62016371	110703265	AT2G30390	ortholog_one2many
AUR62016371	110698675	AT2G30390	ortholog_one2many
AUR62041751	110709130	AT2G37660	ortholog_one2many
AUR62041751	110706243	AT2G37660	ortholog_one2many
AUR62000165	110736265	AT5G12410	ortholog_one2one
AUR62022833	110699226	AT2G39910	ortholog_one2one
AUR62044454	110689586	AT2G18030	ortholog_one2many
AUR62013798	110721587	AT3G60190	ortholog_one2many
AUR62007533	110685755	AT5G65910	ortholog_many2many
AUR62007533	110685755	AT3G49800	ortholog_many2many
AUR62007533	110682455	AT5G65910	ortholog_many2many
AUR62007533	110682455	AT3G49800	ortholog_many2many
AUR62013661	110721457	AT2G45130	ortholog_one2many
AUR62031475	110693920	AT3G59140	ortholog_one2many
AUR62013638	110721432	AT5G11750	ortholog_many2many
AUR62013638	110721432	AT1G24240	ortholog_many2many
AUR62013638	110721432	AT4G11630	ortholog_many2many
AUR62021244	110729718	AT5G62130	ortholog_one2many
AUR62021244	110697117	AT5G62130	ortholog_one2many
AUR62007686	110686271	AT1G21510	ortholog_one2one
AUR62019534	110737754	AT1G53280	ortholog_one2many
AUR62019534	110737754	AT3G14990	ortholog_one2many
AUR62019534	110686910	AT1G53280	ortholog_one2many
AUR62019534	110686910	AT3G14990	ortholog_one2many
AUR62037293	110715359	AT1G68410	ortholog_one2many
AUR62020828	110714746	AT4G13600	ortholog_one2one
AUR62017680	110702064	AT4G15765	ortholog_many2many
AUR62017680	110702064	AT4G15760	ortholog_many2many
AUR62033026	110713250	AT1G34130	ortholog_one2many
AUR62027578	110690299	AT1G29850	ortholog_one2many
AUR62018695	110730164	AT4G17790	ortholog_one2many
AUR62033617	110713442	AT3G11940	ortholog_many2many
AUR62033617	110713442	AT2G37270	ortholog_many2many
AUR62042627	110696263	AT5G56530	ortholog_one2many
AUR62042627	110695875	AT5G56530	ortholog_one2many
AUR62028361	110721879	AT2G24120	ortholog_one2many
AUR62001644	110688261	AT5G58710	ortholog_one2many
AUR62016603	110704952	AT1G80570	ortholog_one2many
AUR62040237	110717062	AT5G67540	ortholog_many2many
AUR62040237	110717062	AT3G49880	ortholog_many2many
AUR62009906	110684397	AT1G63310	ortholog_one2many
AUR62033748	110694240	AT2G22250	ortholog_one2many
AUR62011764	110734251	AT1G02380	ortholog_many2many
AUR62011764	110734251	AT4G01960	ortholog_many2many
AUR62028653	110727533	AT5G26710	ortholog_one2many
AUR62014281	110724566	AT5G04870	ortholog_one2many
AUR62014281	110724566	AT3G10660	ortholog_one2many
AUR62027412	110717039	AT1G16860	ortholog_many2many
AUR62027412	110717039	AT1G78880	ortholog_many2many
AUR62041453	110711378	AT2G34810	ortholog_one2one
AUR62016340	110703240	AT3G15850	ortholog_one2many
AUR62038013	110702186	AT1G06220	ortholog_many2many
AUR62038013	110702186	AT5G25230	ortholog_many2many
AUR62025122	110711938	AT2G30070	ortholog_one2many
AUR62033956	110712907	AT5G11900	ortholog_one2many
AUR62017059	110706954	AT4G16450	ortholog_one2one
AUR62018856	110730310	AT2G16930	ortholog_many2many
AUR62018856	110730310	AT5G15220	ortholog_many2many
AUR62033489	110729162	AT5G20120	ortholog_one2one
AUR62005883	110713430	AT5G65660	ortholog_one2many
AUR62006009	110727853	AT1G32900	ortholog_one2many
AUR62011969	110734441	AT3G63370	ortholog_one2one
AUR62006856	110701281	AT5G63940	ortholog_one2many
AUR62039476	110736301	AT5G45750	ortholog_many2many
AUR62039476	110736301	AT4G18800	ortholog_many2many
AUR62018272	110735195	AT1G20160	ortholog_many2many
AUR62018272	110735195	AT1G20150	ortholog_many2many
AUR62006770	110701197	AT1G09320	ortholog_one2many
AUR62025485	110689928	AT4G28560	ortholog_one2many
AUR62008614	110727854	AT1G02910	ortholog_one2many
AUR62008715	110727941	AT1G21690	ortholog_one2many
AUR62021789	110726562	AT1G74850	ortholog_one2many
AUR62024973	110711846	AT3G45210	ortholog_many2many
AUR62024973	110711846	AT2G28400	ortholog_many2many
AUR62024973	110711846	AT5G60680	ortholog_many2many
AUR62016535	110703430	AT3G25160	ortholog_one2many
AUR62007435	110732704	AT5G07840	ortholog_many2many
AUR62007435	110732704	AT5G61230	ortholog_many2many
AUR62014691	110693504	AT2G36970	ortholog_one2many
AUR62037272	110715104	AT1G68230	ortholog_one2many
AUR62034991	110720001	AT1G10120	ortholog_one2many
AUR62014853	110693649	AT1G28340	ortholog_one2many
AUR62009692	110684182	AT1G07080	ortholog_one2many
AUR62022353	110696501	AT3G60360	ortholog_one2many
AUR62006207	110729698	AT1G28150	ortholog_one2many
AUR62031485	110693936	AT5G53280	ortholog_one2many
AUR62019431	110737654	AT5G06160	ortholog_one2many
AUR62019004	110709709	AT4G24390	ortholog_many2many
AUR62019004	110709709	AT5G49980	ortholog_many2many
AUR62005936	110727142	AT5G40520	ortholog_one2one
AUR62033507	110729324	AT1G77360	ortholog_one2one
AUR62000015	110736102	AT3G13620	ortholog_one2one
AUR62018346	110711647	AT2G41200	ortholog_one2many
AUR62001990	110717945	AT1G22370	ortholog_many2many
AUR62001990	110717945	AT1G78270	ortholog_many2many
AUR62001990	110717945	AT1G22360	ortholog_many2many
AUR62001990	110717945	AT1G22340	ortholog_many2many
AUR62001990	110717945	AT1G22400	ortholog_many2many
AUR62001990	110717945	AT1G22380	ortholog_many2many
AUR62024738	110733144	AT2G42440	ortholog_many2many
AUR62024738	110733144	AT3G58190	ortholog_many2many
AUR62016872	110705216	AT5G07860	ortholog_many2many
AUR62016872	110705216	AT5G07850	ortholog_many2many
AUR62016872	110705216	AT5G42830	ortholog_many2many
AUR62016872	110705216	AT5G07870	ortholog_many2many
AUR62000222	110736327	AT5G12250	ortholog_one2many
AUR62038545	110739145	AT4G10160	ortholog_many2many
AUR62038545	110739145	AT1G33480	ortholog_many2many
AUR62038545	110739145	AT4G10150	ortholog_many2many
AUR62000259	110736369	AT5G48380	ortholog_one2many
AUR62035933	110727377	AT2G33170	ortholog_one2many
AUR62018748	110730217	AT5G46580	ortholog_one2many
AUR62022615	110731584	AT3G61510	ortholog_many2many
AUR62022615	110731584	AT1G01480	ortholog_many2many
AUR62016707	110705054	AT5G19440	ortholog_many2many
AUR62016707	110705054	AT1G51410	ortholog_many2many
AUR62017146	110707049	AT4G26620	ortholog_one2many
AUR62017146	110707049	AT5G55900	ortholog_one2many
AUR62019981	110732363	AT2G35690	ortholog_many2many
AUR62019981	110732363	AT4G16760	ortholog_many2many
AUR62019981	110722825	AT2G35690	ortholog_many2many
AUR62019981	110722825	AT4G16760	ortholog_many2many
AUR62022449	110696589	AT1G13980	ortholog_one2many
AUR62004402	110714167	AT4G01310	ortholog_one2many
AUR62022584	110731553	AT3G61440	ortholog_one2many
AUR62040128	110686831	AT5G49820	ortholog_one2one
AUR62030624	110704467	AT2G40600	ortholog_one2one
AUR62021251	110729727	AT5G51970	ortholog_one2many
AUR62013323	110725449	AT2G20875	ortholog_one2one
AUR62008415	110700800	AT5G15230	ortholog_many2many
AUR62008415	110700800	AT1G74670	ortholog_many2many
AUR62035519	110700576	AT3G01680	ortholog_one2many
AUR62027470	110716797	AT5G05920	ortholog_one2many
AUR62020045	110683365	AT1G09830	ortholog_one2many
AUR62023241	110720331	AT1G66480	ortholog_one2many
AUR62023241	110720331	AT5G37840	ortholog_one2many
AUR62013181	110681916	AT4G38230	ortholog_one2one
AUR62036282	110688826	AT2G31610	ortholog_many2many
AUR62036282	110688826	AT5G35530	ortholog_many2many
AUR62036282	110688826	AT3G53870	ortholog_many2many
AUR62005846	110713128	AT1G13980	ortholog_one2many
AUR62038440	110739872	AT3G03750	ortholog_one2one
AUR62029432	110694664	AT3G26990	ortholog_one2many
AUR62017317	110719430	AT3G62220	ortholog_many2many
AUR62017317	110719430	AT2G47060	ortholog_many2many
AUR62017317	110702528	AT3G62220	ortholog_many2many
AUR62017317	110702528	AT2G47060	ortholog_many2many
AUR62001737	110688362	AT1G07470	ortholog_one2many
AUR62001737	110688362	AT1G07480	ortholog_one2many
AUR62001737	110688362	AT5G59230	ortholog_one2many
AUR62015238	110689118	AT3G09630	ortholog_many2many
AUR62015238	110689118	AT5G02870	ortholog_many2many
AUR62037443	110695532	AT1G47230	ortholog_many2many
AUR62037443	110695532	AT5G43080	ortholog_many2many
AUR62037443	110695532	AT1G47210	ortholog_many2many
AUR62037443	110695532	AT1G47220	ortholog_many2many
AUR62007408	110732673	AT4G19006	ortholog_many2many
AUR62007408	110732673	AT5G45620	ortholog_many2many
AUR62018204	110735126	AT1G66360	ortholog_many2many
AUR62018204	110735126	AT5G37740	ortholog_many2many
AUR62001510	110688120	AT3G13940	ortholog_one2many
AUR62044145	110695299	AT5G66700	ortholog_many2many
AUR62044145	110695299	AT4G36740	ortholog_many2many
AUR62044145	110695299	AT2G18550	ortholog_many2many
AUR62033160	110739264	AT1G02940	ortholog_many2many
AUR62033160	110739264	AT1G02930	ortholog_many2many
AUR62033160	110739264	AT2G02930	ortholog_many2many
AUR62033160	110739264	AT1G02920	ortholog_many2many
AUR62033160	110739264	AT1G49860	ortholog_many2many
AUR62033160	110739264	AT4G02520	ortholog_many2many
AUR62033160	110739264	AT2G47730	ortholog_many2many
AUR62033160	110739264	AT1G02950	ortholog_many2many
AUR62037166	110740332	AT2G27080	ortholog_many2many
AUR62037166	110740332	AT5G21130	ortholog_many2many
AUR62009748	110684236	AT2G27450	ortholog_one2many
AUR62015246	110689086	AT5G27870	ortholog_many2many
AUR62015246	110689086	AT3G05610	ortholog_many2many
AUR62032087	110707555	AT5G61670	ortholog_one2many
AUR62008301	110700477	AT5G62580	ortholog_one2one
AUR62022372	110696525	AT1G19290	ortholog_one2many
AUR62041808	110716129	AT4G18880	ortholog_many2many
AUR62041808	110716129	AT5G45710	ortholog_many2many
AUR62006081	110728541	AT5G53045	ortholog_one2one
AUR62016816	110705171	AT4G36240	ortholog_many2many
AUR62016816	110705171	AT5G66320	ortholog_many2many
AUR62016816	110705171	AT3G51080	ortholog_many2many
AUR62033659	110713376	AT2G32010	ortholog_many2many
AUR62033659	110713376	AT1G05470	ortholog_many2many
AUR62019750	110722600	AT4G11280	ortholog_one2one
AUR62008348	110700527	AT5G62680	ortholog_many2many
AUR62008348	110700527	AT1G18880	ortholog_many2many
AUR62008348	110700527	AT3G47960	ortholog_many2many
AUR62020780	110710148	AT4G38880	ortholog_many2many
AUR62020780	110710148	AT2G16570	ortholog_many2many
AUR62020780	110710148	AT4G34740	ortholog_many2many
AUR62033343	110685341	AT3G57560	ortholog_one2many
AUR62033343	110685313	AT3G57560	ortholog_one2many
AUR62020464	110723818	AT3G20500	ortholog_one2one
AUR62020464	110720978	AT3G20500	ortholog_one2one
AUR62008326	110700501	AT1G04280	ortholog_one2many
AUR62023888	110718712	AT2G30410	ortholog_one2one
AUR62023888	110699566	AT2G30410	ortholog_one2one
AUR62036440	110735491	AT5G55630	ortholog_one2many
AUR62000310	110736423	AT5G16460	ortholog_one2one
AUR62007217	110732468	AT2G40170	ortholog_one2many
AUR62011602	110698724	AT1G80360	ortholog_one2many
AUR62014236	110694481	AT3G02680	ortholog_one2many
AUR62040254	110717057	AT2G23050	ortholog_many2many
AUR62040254	110717057	AT4G37590	ortholog_many2many
AUR62040254	110717057	AT5G67440	ortholog_many2many
AUR62017458	110702659	AT3G27280	ortholog_many2many
AUR62017458	110702659	AT5G40770	ortholog_many2many
AUR62044157	110710093	AT1G48600	ortholog_many2many
AUR62044157	110710093	AT3G18000	ortholog_many2many
AUR62000929	110737002	AT1G08830	ortholog_one2one
AUR62024570	110732962	AT4G01880	ortholog_one2many
AUR62035960	110706019	AT3G12520	ortholog_many2many
AUR62035960	110706019	AT5G13550	ortholog_many2many
AUR62023362	110720459	AT3G49100	ortholog_one2many
AUR62003593	110682007	AT5G24830	ortholog_one2one
AUR62029917	110702946	AT4G18530	ortholog_one2many
AUR62043620	110728420	AT5G43780	ortholog_one2many
AUR62000855	110736945	AT2G43310	ortholog_one2one
AUR62027800	110706618	AT5G10360	ortholog_many2many
AUR62027800	110706618	AT4G31700	ortholog_many2many
AUR62020074	110683395	AT1G07370	ortholog_many2many
AUR62020074	110683395	AT2G29570	ortholog_many2many
AUR62000395	110736497	AT1G54140	ortholog_one2many
AUR62003757	110682174	AT2G22125	ortholog_one2many
AUR62027920	110683714	AT4G38880	ortholog_many2many
AUR62027920	110683714	AT2G16570	ortholog_many2many
AUR62027920	110683714	AT4G34740	ortholog_many2many
AUR62032882	110706299	AT1G33760	ortholog_one2many
AUR62032059	110707533	AT3G03950	ortholog_many2many
AUR62032059	110707533	AT5G61020	ortholog_many2many
AUR62032059	110704764	AT3G03950	ortholog_many2many
AUR62032059	110704764	AT5G61020	ortholog_many2many
AUR62024154	110712412	AT1G67590	ortholog_one2many
AUR62022980	110699372	AT2G40435	ortholog_one2many
AUR62022980	110699372	AT3G56220	ortholog_one2many
AUR62024096	110712534	AT1G76450	ortholog_one2one
AUR62024096	110685547	AT1G76450	ortholog_one2one
AUR62025283	110715747	AT5G20720	ortholog_one2many
AUR62003885	110682309	AT4G36970	ortholog_one2many
AUR62030147	110728516	AT2G32060	ortholog_many2many
AUR62030147	110728516	AT1G15930	ortholog_many2many
AUR62030147	110702995	AT2G32060	ortholog_many2many
AUR62030147	110702995	AT1G15930	ortholog_many2many
AUR62011994	110734471	AT3G63240	ortholog_one2one
AUR62006642	110701077	AT3G02730	ortholog_many2many
AUR62006642	110701077	AT5G16400	ortholog_many2many
AUR62007509	110732777	AT5G51440	ortholog_many2many
AUR62007509	110732777	AT4G25200	ortholog_many2many
AUR62042377	110710085	AT3G18050	ortholog_one2many
AUR62031317	110716578	AT3G54420	ortholog_one2many
AUR62009410	110705705	AT5G13720	ortholog_one2one
AUR62033540	110729310	AT4G22756	ortholog_many2many
AUR62033540	110729310	AT4G12110	ortholog_many2many
AUR62033540	110729310	AT4G22755	ortholog_many2many
AUR62013048	110739366	AT4G34980	ortholog_one2one
AUR62020647	110710182	AT4G31300	ortholog_one2many
AUR62000623	110736717	AT1G04290	ortholog_one2many
AUR62007680	110685907	AT1G21380	ortholog_many2many
AUR62007680	110685907	AT1G76970	ortholog_many2many
AUR62027450	110716828	AT5G05670	ortholog_many2many
AUR62027450	110716828	AT2G18770	ortholog_many2many
AUR62013963	110737857	AT1G72280	ortholog_one2many
AUR62039492	110736449	AT4G18880	ortholog_many2many
AUR62039492	110736449	AT5G45710	ortholog_many2many
AUR62030358	110712832	AT5G12390	ortholog_many2many
AUR62030358	110712832	AT3G57090	ortholog_many2many
AUR62030358	110710551	AT5G12390	ortholog_many2many
AUR62030358	110710551	AT3G57090	ortholog_many2many
AUR62034728	110684833	AT2G32010	ortholog_many2many
AUR62034728	110684833	AT1G05470	ortholog_many2many
AUR62002980	110720733	AT1G13570	ortholog_one2many
AUR62008883	110727790	AT5G48890	ortholog_one2many
AUR62008062	110700257	AT5G48380	ortholog_one2many
AUR62006711	110701153	AT3G58390	ortholog_many2many
AUR62006711	110701153	AT4G27650	ortholog_many2many
AUR62006711	110701147	AT3G58390	ortholog_many2many
AUR62006711	110701147	AT4G27650	ortholog_many2many
AUR62009839	110684335	AT1G47960	ortholog_one2many
AUR62009839	110684335	AT3G17140	ortholog_one2many
AUR62009932	110683983	AT5G20820	ortholog_one2many
AUR62018671	110730141	AT5G20400	ortholog_many2many
AUR62018671	110730141	AT1G49390	ortholog_many2many
AUR62035697	110688680	AT2G38660	ortholog_one2one
AUR62036858	110699022	AT1G20610	ortholog_many2many
AUR62036858	110699022	AT1G76310	ortholog_many2many
AUR62036858	110699022	AT1G20590	ortholog_many2many
AUR62022625	110731594	AT3G61570	ortholog_many2many
AUR62022625	110731594	AT2G46180	ortholog_many2many
AUR62001025	110737111	AT3G18170	ortholog_one2many
AUR62001025	110737111	AT3G18180	ortholog_one2many
AUR62011647	110703372	AT3G16120	ortholog_many2many
AUR62011647	110703372	AT1G52245	ortholog_many2many
AUR62011647	110698777	AT3G16120	ortholog_many2many
AUR62011647	110698777	AT1G52245	ortholog_many2many
AUR62007928	110686129	AT1G26480	ortholog_one2many
AUR62001861	110688503	AT5G60010	ortholog_many2many
AUR62001861	110688503	AT3G45810	ortholog_many2many
AUR62001861	110684150	AT5G60010	ortholog_many2many
AUR62001861	110684150	AT3G45810	ortholog_many2many
AUR62037172	110740337	AT5G58590	ortholog_many2many
AUR62037172	110740337	AT2G30060	ortholog_many2many
AUR62037172	110740337	AT1G07140	ortholog_many2many
AUR62004435	110725203	AT5G41650	ortholog_many2many
AUR62004435	110725203	AT1G64185	ortholog_many2many
AUR62004435	110714465	AT5G41650	ortholog_many2many
AUR62004435	110714465	AT1G64185	ortholog_many2many
AUR62014189	110694425	AT1G70800	ortholog_many2many
AUR62014189	110694425	AT1G23140	ortholog_many2many
AUR62014189	110694425	AT1G70810	ortholog_many2many
AUR62001785	110688420	AT1G07590	ortholog_one2many
AUR62039481	110736335	AT1G78720	ortholog_one2many
AUR62027449	110716831	AT4G29510	ortholog_many2many
AUR62027449	110716831	AT2G19670	ortholog_many2many
AUR62022384	110696534	AT1G31440	ortholog_one2many
AUR62027802	110709667	AT4G09000	ortholog_many2many
AUR62027802	110709667	AT1G78300	ortholog_many2many
AUR62027802	110709667	AT1G35160	ortholog_many2many
AUR62027802	110706620	AT4G09000	ortholog_many2many
AUR62027802	110706620	AT1G78300	ortholog_many2many
AUR62027802	110706620	AT1G35160	ortholog_many2many
AUR62013840	110721635	AT1G76140	ortholog_many2many
AUR62013840	110721635	AT1G20380	ortholog_many2many
AUR62000425	110736526	AT1G56570	ortholog_one2many
AUR62029956	110702979	AT1G48630	ortholog_many2many
AUR62029956	110702979	AT1G18080	ortholog_many2many
AUR62029956	110702979	AT3G18130	ortholog_many2many
AUR62040450	110737273	AT5G60670	ortholog_many2many
AUR62040450	110737273	AT2G37190	ortholog_many2many
AUR62040450	110737273	AT3G53430	ortholog_many2many
AUR62040450	110711870	AT5G60670	ortholog_many2many
AUR62040450	110711870	AT2G37190	ortholog_many2many
AUR62040450	110711870	AT3G53430	ortholog_many2many
AUR62040450	110701687	AT5G60670	ortholog_many2many
AUR62040450	110701687	AT2G37190	ortholog_many2many
AUR62040450	110701687	AT3G53430	ortholog_many2many
AUR62040450	110697674	AT5G60670	ortholog_many2many
AUR62040450	110697674	AT2G37190	ortholog_many2many
AUR62040450	110697674	AT3G53430	ortholog_many2many
AUR62018728	110730197	AT2G35300	ortholog_many2many
AUR62018728	110730197	AT1G32560	ortholog_many2many
AUR62040976	110711429	AT5G59840	ortholog_many2many
AUR62040976	110711429	AT3G46060	ortholog_many2many
AUR62002430	110718227	AT2G38560	ortholog_one2many
AUR62027168	110723889	AT3G57940	ortholog_many2many
AUR62027168	110723889	AT1G10490	ortholog_many2many
AUR62027168	110692661	AT3G57940	ortholog_many2many
AUR62027168	110692661	AT1G10490	ortholog_many2many
AUR62025187	110715858	AT5G09380	ortholog_one2many
AUR62018283	110735206	AT1G20190	ortholog_one2many
AUR62000245	110736355	AT1G21840	ortholog_one2one
AUR62029703	110690658	AT3G51630	ortholog_one2many
AUR62041591	110692417	AT1G73240	ortholog_one2many
AUR62033169	110739196	AT2G47770	ortholog_one2many
AUR62033169	110739192	AT2G47770	ortholog_one2many
AUR62041297	110682679	AT5G40610	ortholog_one2many
AUR62005981	110727567	AT4G27660	ortholog_many2many
AUR62005981	110727567	AT5G54150	ortholog_many2many
AUR62005981	110727567	AT5G54148	ortholog_many2many
AUR62020248	110683586	AT5G22250	ortholog_many2many
AUR62020248	110683586	AT3G44260	ortholog_many2many
AUR62017564	110701937	AT1G04970	ortholog_one2one
AUR62014387	110724680	AT1G09930	ortholog_one2many
AUR62017135	110707039	AT5G55960	ortholog_one2one
AUR62013388	110725675	AT1G71410	ortholog_many2many
AUR62013388	110725675	AT1G22870	ortholog_many2many
AUR62020895	110714725	AT1G05530	ortholog_many2many
AUR62020895	110714725	AT4G14090	ortholog_many2many
AUR62020895	110714725	AT4G15550	ortholog_many2many
AUR62020895	110714725	AT1G05560	ortholog_many2many
AUR62004546	110714337	AT1G01180	ortholog_one2many
AUR62038747	110696292	AT5G50680	ortholog_many2many
AUR62038747	110696292	AT5G50580	ortholog_many2many
AUR62038747	110696292	AT4G24940	ortholog_many2many
AUR62007143	110732391	AT4G16820	ortholog_one2many
AUR62037602	110734053	AT1G02330	ortholog_one2many
AUR62000404	110736506	AT5G12010	ortholog_one2many
AUR62013622	110721411	AT5G47890	ortholog_one2many
AUR62003770	110681703	AT5G65090	ortholog_one2many
AUR62004718	110714531	AT4G08230	ortholog_one2one
AUR62034880	110704152	AT4G25890	ortholog_one2many
AUR62034880	110704152	AT5G57290	ortholog_one2many
AUR62029125	110730841	AT4G25330	ortholog_one2many
AUR62018223	110735144	AT5G37670	ortholog_one2many
AUR62001569	110688180	AT3G44110	ortholog_many2many
AUR62001569	110688180	AT5G22060	ortholog_many2many
AUR62027381	110716838	AT1G80670	ortholog_many2many
AUR62027381	110716838	AT1G15850	ortholog_many2many
AUR62018804	110730266	AT4G17660	ortholog_many2many
AUR62018804	110730266	AT5G47070	ortholog_many2many
AUR62028011	110683790	AT2G30490	ortholog_one2many
AUR62002267	110717545	AT1G21710	ortholog_one2many
AUR62003845	110682264	AT5G66860	ortholog_one2many
AUR62039539	110699944	AT1G23205	ortholog_one2many
AUR62039539	110699944	AT1G70720	ortholog_one2many
AUR62024745	110734384	AT3G58170	ortholog_one2many
AUR62024745	110733149	AT3G58170	ortholog_one2many
AUR62001964	110717463	AT4G37180	ortholog_one2many
AUR62012003	110734478	AT2G41970	ortholog_one2many
AUR62030805	110733919	AT1G68520	ortholog_many2many
AUR62030805	110733919	AT1G25440	ortholog_many2many
AUR62011621	110698746	AT3G15970	ortholog_many2many
AUR62011621	110698746	AT1G52380	ortholog_many2many
AUR62025206	110715814	AT5G20630	ortholog_one2many
AUR62023628	110725328	AT1G38131	ortholog_many2many
AUR62023628	110725328	AT1G38065	ortholog_many2many
AUR62042442	110703813	AT5G11640	ortholog_one2one
AUR62008959	110728169	AT5G38630	ortholog_one2many
AUR62021808	110731204	AT5G47710	ortholog_one2one
AUR62015528	110689382	AT2G33385	ortholog_one2many
AUR62042187	110737279	AT5G60690	ortholog_one2many
AUR62039952	110704635	AT4G17260	ortholog_one2many
AUR62027845	110706664	AT5G49970	ortholog_one2many
AUR62017439	110702639	AT1G10240	ortholog_one2many
AUR62039456	110736159	AT4G18710	ortholog_one2many
AUR62013572	110725866	AT1G43690	ortholog_one2one
AUR62039253	110738207	AT3G17120	ortholog_one2one
AUR62028618	110727491	AT3G25530	ortholog_one2many
AUR62012053	110734140	AT2G42360	ortholog_one2many
AUR62040202	110740222	AT2G25930	ortholog_one2many
AUR62042923	110737991	AT1G52330	ortholog_one2many
AUR62008844	110728058	AT3G53270	ortholog_one2many
AUR62016602	110704951	AT5G57930	ortholog_one2many
AUR62041068	110731989	AT1G51710	ortholog_many2many
AUR62041068	110731989	AT3G21280	ortholog_many2many
AUR62001305	110687926	AT1G78995	ortholog_one2many
AUR62018753	110730222	AT1G32520	ortholog_one2many
AUR62003965	110682386	AT4G37470	ortholog_one2one
AUR62001677	110688293	AT2G39990	ortholog_one2many
AUR62039132	110728386	AT4G10300	ortholog_one2many
AUR62036225	110684662	AT2G30330	ortholog_one2many
AUR62040862	110739361	AT3G12955	ortholog_one2many
AUR62035753	110688730	AT1G27600	ortholog_one2many
AUR62014830	110693629	AT1G28260	ortholog_one2many
AUR62027385	110716938	AT5G64550	ortholog_many2many
AUR62027385	110716938	AT5G09670	ortholog_many2many
AUR62000989	110737068	AT4G34880	ortholog_one2many
AUR62008876	110728086	AT5G48850	ortholog_one2many
AUR62040931	110704566	AT5G28900	ortholog_one2many
AUR62040931	110704566	AT1G54450	ortholog_one2many
AUR62040931	110704566	AT5G28850	ortholog_one2many
AUR62004070	110682506	AT2G18250	ortholog_one2many
AUR62024574	110732968	AT4G01883	ortholog_many2many
AUR62024574	110732968	AT1G02470	ortholog_many2many
AUR62024574	110732968	AT1G02475	ortholog_many2many
AUR62013241	110682486	AT4G34135	ortholog_many2many
AUR62013241	110682486	AT2G15490	ortholog_many2many
AUR62013241	110682486	AT4G34131	ortholog_many2many
AUR62013241	110682486	AT4G34138	ortholog_many2many
AUR62013241	110682486	AT2G15480	ortholog_many2many
AUR62008457	110700631	AT4G12790	ortholog_one2many
AUR62002965	110720577	AT1G10780	ortholog_one2many
AUR62036069	110700171	AT1G28480	ortholog_one2many
AUR62023803	110738745	AT2G04280	ortholog_many2many
AUR62023803	110738745	AT4G12700	ortholog_many2many
AUR62042835	110708196	AT3G08600	ortholog_one2many
AUR62001917	110717390	AT4G36945	ortholog_one2many
AUR62021921	110731153	AT4G22030	ortholog_many2many
AUR62021921	110731153	AT4G04480	ortholog_many2many
AUR62021921	110687525	AT4G22030	ortholog_many2many
AUR62021921	110687525	AT4G04480	ortholog_many2many
AUR62008855	110728069	AT4G28780	ortholog_one2many
AUR62044702	110696995	AT4G30010	ortholog_one2many
AUR62032724	110704793	AT1G64740	ortholog_one2many
AUR62003231	110723258	AT5G66560	ortholog_many2many
AUR62003231	110723258	AT3G50840	ortholog_many2many
AUR62005644	110711226	AT1G24260	ortholog_one2one
AUR62034706	110684816	AT2G18600	ortholog_many2many
AUR62034706	110684816	AT4G36800	ortholog_many2many
AUR62009165	110705460	AT5G11780	ortholog_one2many
AUR62019878	110735366	AT2G28740	ortholog_one2many
AUR62019878	110735128	AT2G28740	ortholog_one2many
AUR62019878	110735129	AT2G28740	ortholog_one2many
AUR62019878	110733806	AT2G28740	ortholog_one2many
AUR62019878	110732262	AT2G28740	ortholog_one2many
AUR62019878	110732263	AT2G28740	ortholog_one2many
AUR62019878	110730690	AT2G28740	ortholog_one2many
AUR62019878	110730691	AT2G28740	ortholog_one2many
AUR62019878	110722730	AT2G28740	ortholog_one2many
AUR62019878	110722731	AT2G28740	ortholog_one2many
AUR62019878	110707432	AT2G28740	ortholog_one2many
AUR62019878	110704809	AT2G28740	ortholog_one2many
AUR62019878	110689182	AT2G28740	ortholog_one2many
AUR62019878	110688458	AT2G28740	ortholog_one2many
AUR62019878	110684094	AT2G28740	ortholog_one2many
AUR62019878	110681639	AT2G28740	ortholog_one2many
AUR62014100	110694208	AT1G66810	ortholog_one2many
AUR62023820	110738759	AT2G30710	ortholog_one2many
AUR62024107	110712538	AT1G76405	ortholog_one2many
AUR62024107	110712538	AT1G20816	ortholog_one2many
AUR62024107	110685531	AT1G76405	ortholog_one2many
AUR62024107	110685531	AT1G20816	ortholog_one2many
AUR62014045	110694161	AT1G23740	ortholog_one2many
AUR62034575	110697782	AT1G33030	ortholog_one2many
AUR62002466	110717587	AT1G05640	ortholog_many2many
AUR62002466	110717587	AT2G31820	ortholog_many2many
AUR62032855	110713277	AT1G69410	ortholog_many2many
AUR62032855	110713277	AT1G26630	ortholog_many2many
AUR62032855	110713277	AT1G13950	ortholog_many2many
AUR62032855	110706389	AT1G69410	ortholog_many2many
AUR62032855	110706389	AT1G26630	ortholog_many2many
AUR62032855	110706389	AT1G13950	ortholog_many2many
AUR62001210	110715672	AT5G14940	ortholog_one2many
AUR62001210	110715672	AT3G01350	ortholog_one2many
AUR62001210	110687837	AT5G14940	ortholog_one2many
AUR62001210	110687837	AT3G01350	ortholog_one2many
AUR62040763	110696637	AT4G19880	ortholog_many2many
AUR62040763	110696637	AT5G45020	ortholog_many2many
AUR62040763	110696637	AT5G44990	ortholog_many2many
AUR62018322	110735234	AT5G40030	ortholog_one2many
AUR62033945	110712911	AT3G32920	ortholog_many2many
AUR62033945	110712911	AT2G19490	ortholog_many2many
AUR62036794	110694964	AT3G04690	ortholog_many2many
AUR62036794	110694964	AT5G28680	ortholog_many2many
AUR62007821	110686026	AT1G26190	ortholog_one2many
AUR62033636	110713424	AT4G14870	ortholog_one2one
AUR62000181	110736285	AT4G03250	ortholog_one2many
AUR62009167	110705463	AT5G11770	ortholog_one2one
AUR62039652	110726310	AT1G18600	ortholog_many2many
AUR62039652	110726310	AT1G74130	ortholog_many2many
AUR62039652	110726310	AT1G74140	ortholog_many2many
AUR62039652	110722211	AT1G18600	ortholog_many2many
AUR62039652	110722211	AT1G74130	ortholog_many2many
AUR62039652	110722211	AT1G74140	ortholog_many2many
AUR62005606	110710856	AT1G67420	ortholog_one2many
AUR62031894	110729924	AT3G16330	ortholog_many2many
AUR62031894	110729924	AT1G52140	ortholog_many2many
AUR62005740	110712114	AT2G02780	ortholog_one2many
AUR62005740	110712114	AT1G14390	ortholog_one2many
AUR62040726	110728722	AT5G18700	ortholog_many2many
AUR62040726	110728722	AT1G33940	ortholog_many2many
AUR62020036	110683352	AT5G59260	ortholog_many2many
AUR62020036	110683352	AT5G59270	ortholog_many2many
AUR62007054	110732304	AT1G64660	ortholog_one2many
AUR62035556	110738836	AT4G27800	ortholog_one2many
AUR62009905	110684396	AT1G54115	ortholog_many2many
AUR62009905	110684396	AT3G14070	ortholog_many2many
AUR62027749	110706571	AT1G34580	ortholog_one2many
AUR62008228	110700410	AT5G50000	ortholog_one2one
AUR62001806	110688442	AT2G28830	ortholog_many2many
AUR62001806	110688442	AT3G46510	ortholog_many2many
AUR62018909	110709628	AT1G78130	ortholog_one2many
AUR62034489	110723243	AT3G10640	ortholog_one2many
AUR62034489	110723243	AT5G04850	ortholog_one2many
AUR62039364	110715286	AT2G28950	ortholog_one2many
AUR62039364	110715286	AT2G39700	ortholog_one2many
AUR62039364	110715286	AT3G55500	ortholog_one2many
AUR62003811	110682227	AT2G25680	ortholog_one2one
AUR62009201	110705498	AT4G32940	ortholog_many2many
AUR62009201	110705498	AT2G25940	ortholog_many2many
AUR62011610	110698732	AT1G80400	ortholog_many2many
AUR62011610	110698732	AT1G15590	ortholog_many2many
AUR62002088	110717844	AT3G02910	ortholog_one2one
AUR62027962	110683750	AT3G52160	ortholog_one2many
AUR62021944	110731331	AT4G04640	ortholog_one2one
AUR62009549	110684034	AT5G20830	ortholog_many2many
AUR62009549	110684034	AT3G43190	ortholog_many2many
AUR62002803	110718371	AT1G14610	ortholog_many2many
AUR62002803	110718371	AT1G27160	ortholog_many2many
AUR62003022	110720997	AT3G02360	ortholog_one2many
AUR62016316	110703218	AT2G39210	ortholog_one2many
AUR62016463	110721852	AT3G16080	ortholog_many2many
AUR62016463	110721852	AT1G52300	ortholog_many2many
AUR62016463	110715848	AT3G16080	ortholog_many2many
AUR62016463	110715848	AT1G52300	ortholog_many2many
AUR62016463	110703361	AT3G16080	ortholog_many2many
AUR62016463	110703361	AT1G52300	ortholog_many2many
AUR62022553	110731524	AT3G61350	ortholog_one2many
AUR62042705	110734688	AT2G36690	ortholog_many2many
AUR62042705	110734688	AT2G06960	ortholog_many2many
AUR62027316	110692804	AT4G24230	ortholog_one2one
AUR62023325	110720422	AT3G03530	ortholog_many2many
AUR62023325	110720422	AT3G03540	ortholog_many2many
AUR62023325	110720422	AT3G03520	ortholog_many2many
AUR62023325	110702180	AT3G03530	ortholog_many2many
AUR62023325	110702180	AT3G03540	ortholog_many2many
AUR62023325	110702180	AT3G03520	ortholog_many2many
AUR62040338	110734736	AT2G36910	ortholog_one2one
AUR62033914	110733591	AT2G18420	ortholog_many2many
AUR62033914	110733591	AT1G75750	ortholog_many2many
AUR62033914	110686448	AT2G18420	ortholog_many2many
AUR62033914	110686448	AT1G75750	ortholog_many2many
AUR62004556	110714442	AT4G37660	ortholog_one2many
AUR62014741	110693549	AT1G30890	ortholog_many2many
AUR62014741	110693549	AT3G59500	ortholog_many2many
AUR62004571	110714588	AT3G61960	ortholog_one2many
AUR62017037	110706734	AT5G44310	ortholog_many2many
AUR62017037	110706734	AT4G21020	ortholog_many2many
AUR62037164	110740328	AT3G43810	ortholog_many2many
AUR62037164	110740328	AT5G21274	ortholog_many2many
AUR62037164	110711868	AT3G43810	ortholog_many2many
AUR62037164	110711868	AT5G21274	ortholog_many2many
AUR62025120	110711827	AT5G58590	ortholog_many2many
AUR62025120	110711827	AT2G30060	ortholog_many2many
AUR62025120	110711827	AT1G07140	ortholog_many2many
AUR62029770	110690710	AT2G38550	ortholog_one2many
AUR62009844	110684338	AT1G72880	ortholog_one2one
AUR62003533	110681942	AT4G15080	ortholog_one2many
AUR62003533	110681942	AT3G22180	ortholog_one2many
AUR62027692	110691275	AT1G29240	ortholog_one2many
AUR62027692	110691275	AT4G18630	ortholog_one2many
AUR62027692	110691275	AT2G34170	ortholog_one2many
AUR62014418	110724707	AT3G10750	ortholog_many2many
AUR62014418	110724707	AT5G40750	ortholog_many2many
AUR62014418	110724707	AT5G52460	ortholog_many2many
AUR62014418	110724707	AT3G53550	ortholog_many2many
AUR62014418	110724707	AT3G49480	ortholog_many2many
AUR62014418	110724707	AT1G05080	ortholog_many2many
AUR62014418	110724707	AT1G26890	ortholog_many2many
AUR62014418	110724707	AT1G22000	ortholog_many2many
AUR62014418	110724707	AT5G44850	ortholog_many2many
AUR62033319	110685339	AT3G61250	ortholog_one2many
AUR62033319	110685315	AT3G61250	ortholog_one2many
AUR62033037	110713318	AT1G17750	ortholog_many2many
AUR62033037	110713318	AT1G73080	ortholog_many2many
AUR62035089	110692886	AT1G04510	ortholog_one2many
AUR62035089	110692886	AT2G33340	ortholog_one2many
AUR62021846	110731132	AT5G47550	ortholog_many2many
AUR62021846	110731132	AT4G16500	ortholog_many2many
AUR62000019	110736105	AT1G55270	ortholog_one2many
AUR62000019	110695907	AT1G55270	ortholog_one2many
AUR62001014	110737095	AT5G28830	ortholog_one2one
AUR62002014	110717336	AT5G65030	ortholog_many2many
AUR62002014	110717336	AT5G10210	ortholog_many2many
AUR62003524	110681938	AT1G06680	ortholog_one2many
AUR62003524	110681938	AT2G30790	ortholog_one2many
AUR62009476	110705766	AT5G42850	ortholog_one2many
AUR62006078	110728514	AT5G53020	ortholog_one2one
AUR62006078	110696141	AT5G53020	ortholog_one2one
AUR62011290	110698435	AT4G39170	ortholog_many2many
AUR62011290	110698435	AT2G21520	ortholog_many2many
AUR62001256	110687874	AT4G24790	ortholog_one2many
AUR62022990	110699381	AT5G58390	ortholog_many2many
AUR62022990	110699381	AT5G58400	ortholog_many2many
AUR62023869	110738811	AT1G23130	ortholog_many2many
AUR62023869	110738811	AT5G28000	ortholog_many2many
AUR62023869	110738811	AT1G70890	ortholog_many2many
AUR62023869	110738811	AT1G70840	ortholog_many2many
AUR62023869	110738811	AT1G35310	ortholog_many2many
AUR62023869	110738811	AT1G70860	ortholog_many2many
AUR62023869	110738811	AT1G70850	ortholog_many2many
AUR62023869	110738811	AT1G70880	ortholog_many2many
AUR62023869	110738811	AT1G70830	ortholog_many2many
AUR62023869	110738811	AT1G35260	ortholog_many2many
AUR62023869	110738811	AT5G28010	ortholog_many2many
AUR62020743	110710481	AT5G58190	ortholog_one2many
AUR62033226	110692256	AT5G57380	ortholog_one2many
AUR62033226	110692256	AT2G18880	ortholog_one2many
AUR62033226	110692256	AT4G30200	ortholog_one2many
AUR62014523	110724819	AT5G15760	ortholog_one2many
AUR62035587	110738867	AT5G53550	ortholog_many2many
AUR62035587	110738867	AT5G24380	ortholog_many2many
AUR62016703	110705051	AT4G34330	ortholog_many2many
AUR62016703	110705051	AT4G34320	ortholog_many2many
AUR62021542	110726321	AT2G44850	ortholog_one2many
AUR62027881	110706701	AT1G48170	ortholog_one2many
AUR62035015	110720027	AT4G24175	ortholog_one2many
AUR62039535	110699943	AT1G23190	ortholog_many2many
AUR62039535	110699943	AT1G70730	ortholog_many2many
AUR62036772	110703659	AT5G42220	ortholog_one2many
AUR62004486	110714597	AT2G25410	ortholog_many2many
AUR62004486	110714597	AT2G24480	ortholog_many2many
AUR62004486	110714597	AT2G24460	ortholog_many2many
AUR62004486	110714597	AT2G24285	ortholog_many2many
AUR62004486	110714597	AT3G28620	ortholog_many2many
AUR62014419	110724711	AT4G24160	ortholog_one2many
AUR62014419	110709865	AT4G24160	ortholog_one2many
AUR62013541	110725837	AT1G79580	ortholog_one2one
AUR62042619	110696254	AT5G58003	ortholog_one2many
AUR62037212	110738361	AT2G38750	ortholog_one2one
AUR62037212	110716355	AT2G38750	ortholog_one2one
AUR62001590	110688205	AT1G02590	ortholog_many2many
AUR62001590	110688205	AT1G04580	ortholog_many2many
AUR62001590	110688205	AT2G27150	ortholog_many2many
AUR62001590	110688205	AT3G43600	ortholog_many2many
AUR62001590	110688205	AT5G20960	ortholog_many2many
AUR62004029	110682461	AT2G22860	ortholog_many2many
AUR62004029	110682461	AT4G37720	ortholog_many2many
AUR62018169	110735086	AT5G15490	ortholog_one2many
AUR62018169	110735086	AT3G01010	ortholog_one2many
AUR62018169	110735086	AT3G29360	ortholog_one2many
AUR62018169	110735086	AT5G39320	ortholog_one2many
AUR62018169	110717323	AT5G15490	ortholog_one2many
AUR62018169	110717323	AT3G01010	ortholog_one2many
AUR62018169	110717323	AT3G29360	ortholog_one2many
AUR62018169	110717323	AT5G39320	ortholog_one2many
AUR62007584	110685810	AT3G01190	ortholog_many2many
AUR62007584	110685810	AT5G15180	ortholog_many2many
AUR62001746	110688375	AT3G46740	ortholog_many2many
AUR62001746	110688375	AT4G09080	ortholog_many2many
AUR62039919	110704599	AT1G62770	ortholog_many2many
AUR62039919	110704599	AT4G12390	ortholog_many2many
AUR62043777	110692320	AT3G16910	ortholog_one2many
AUR62004007	110682435	AT3G49890	ortholog_one2many
AUR62034933	110704192	AT1G71800	ortholog_one2many
AUR62021966	110731348	AT1G11660	ortholog_one2one
AUR62035979	110706036	AT5G04530	ortholog_one2one
AUR62041606	110709181	AT1G17840	ortholog_one2many
AUR62041606	110692403	AT1G17840	ortholog_one2many
AUR62009576	110684062	AT1G07615	ortholog_one2many
AUR62037258	110714989	AT1G22980	ortholog_many2many
AUR62037258	110714989	AT1G71150	ortholog_many2many
AUR62037258	110714989	AT1G22970	ortholog_many2many
AUR62006448	110731864	AT3G08650	ortholog_one2many
AUR62043890	110693986	AT1G53540	ortholog_many2many
AUR62043890	110693986	AT3G46230	ortholog_many2many
AUR62043890	110693986	AT5G59720	ortholog_many2many
AUR62033916	110686449	AT2G18420	ortholog_many2many
AUR62033916	110686449	AT1G75750	ortholog_many2many
AUR62006741	110736487	AT5G26820	ortholog_one2many
AUR62006741	110701168	AT5G26820	ortholog_one2many
AUR62021294	110729765	AT3G62260	ortholog_one2many
AUR62023759	110738696	AT1G55650	ortholog_many2many
AUR62023759	110738696	AT3G13350	ortholog_many2many
AUR62023759	110718229	AT1G55650	ortholog_many2many
AUR62023759	110718229	AT3G13350	ortholog_many2many
AUR62026031	110707123	AT2G41800	ortholog_many2many
AUR62026031	110707123	AT2G41810	ortholog_many2many
AUR62020047	110683367	AT5G06000	ortholog_many2many
AUR62020047	110683367	AT3G11400	ortholog_many2many
AUR62032837	110706372	AT1G26670	ortholog_one2many
AUR62007659	110685890	AT4G36250	ortholog_one2many
AUR62007659	110685874	AT4G36250	ortholog_one2many
AUR62002034	110717450	AT4G39820	ortholog_one2many
AUR62009924	110684415	AT3G14130	ortholog_many2many
AUR62009924	110684415	AT3G14150	ortholog_many2many
AUR62003236	110723308	AT4G15270	ortholog_many2many
AUR62003236	110723308	AT3G21790	ortholog_many2many
AUR62003236	110723308	AT3G21750	ortholog_many2many
AUR62003236	110723308	AT3G21800	ortholog_many2many
AUR62003236	110723308	AT4G15260	ortholog_many2many
AUR62003236	110723308	AT4G15280	ortholog_many2many
AUR62003236	110723308	AT3G21780	ortholog_many2many
AUR62003236	110723308	AT3G21760	ortholog_many2many
AUR62006769	110701196	AT5G49600	ortholog_one2many
AUR62018402	110711537	AT2G32030	ortholog_many2many
AUR62018402	110711537	AT2G32020	ortholog_many2many
AUR62042082	110697483	AT3G54300	ortholog_one2many
AUR62006289	110725842	AT2G38480	ortholog_one2many
AUR62022606	110731575	AT2G46100	ortholog_one2many
AUR62020179	110683515	AT2G21530	ortholog_one2many
AUR62030236	110728601	AT5G46290	ortholog_one2many
AUR62000473	110736567	AT4G28590	ortholog_one2many
AUR62028298	110721818	AT1G19180	ortholog_many2many
AUR62028298	110721818	AT1G74950	ortholog_many2many
AUR62029687	110690646	AT5G01820	ortholog_one2many
AUR62041255	110709379	AT1G17220	ortholog_one2many
AUR62024209	110712369	AT1G04945	ortholog_many2many
AUR62024209	110712369	AT1G04940	ortholog_many2many
AUR62028380	110721898	AT4G30790	ortholog_one2many
AUR62036675	110709992	AT1G51060	ortholog_one2many
AUR62036675	110709992	AT5G54640	ortholog_one2many
AUR62025306	110715815	AT1G17345	ortholog_many2many
AUR62025306	110715815	AT1G72430	ortholog_many2many
AUR62011649	110698773	AT1G79870	ortholog_one2many
AUR62025154	110711840	AT4G03280	ortholog_one2many
AUR62023632	110725334	AT5G63600	ortholog_many2many
AUR62023632	110725334	AT5G08640	ortholog_many2many
AUR62023632	110725334	AT5G43935	ortholog_many2many
AUR62023632	110725334	AT5G63590	ortholog_many2many
AUR62023632	110725334	AT5G63595	ortholog_many2many
AUR62023632	110725334	AT5G63580	ortholog_many2many
AUR62014544	110724850	AT5G38630	ortholog_one2many
AUR62020085	110683409	AT2G29590	ortholog_one2many
AUR62008006	110686202	AT4G36760	ortholog_one2many
AUR62014705	110693517	AT5G56280	ortholog_one2many
AUR62014705	110693517	AT4G26430	ortholog_one2many
AUR62014705	110687207	AT5G56280	ortholog_one2many
AUR62014705	110687207	AT4G26430	ortholog_one2many
AUR62000172	110736274	AT1G50510	ortholog_one2one
AUR62037175	110681591	AT2G27090	ortholog_one2many
AUR62029292	110693179	AT4G27340	ortholog_one2many
AUR62022875	110699270	AT3G11210	ortholog_one2one
AUR62014308	110724600	AT5G18440	ortholog_one2one
AUR62001600	110688217	AT2G21530	ortholog_one2many
AUR62014196	110694436	AT2G01330	ortholog_one2one
AUR62016675	110705026	AT2G15980	ortholog_one2many
AUR62000568	110736671	AT1G57680	ortholog_one2one
AUR62013193	110682012	AT4G38220	ortholog_one2many
AUR62013099	110739818	AT2G21190	ortholog_one2many
AUR62013099	110739818	AT4G38790	ortholog_one2many
AUR62013099	110718590	AT2G21190	ortholog_one2many
AUR62013099	110718590	AT4G38790	ortholog_one2many
AUR62005743	110712158	AT2G02810	ortholog_one2many
AUR62005743	110712158	AT1G14360	ortholog_one2many
AUR62005743	110690424	AT2G02810	ortholog_one2many
AUR62005743	110690424	AT1G14360	ortholog_one2many
AUR62020534	110721026	AT3G20580	ortholog_one2many
AUR62020534	110721026	AT4G27110	ortholog_one2many
AUR62023598	110725051	AT1G77860	ortholog_one2many
AUR62019022	110709728	AT2G33735	ortholog_one2many
AUR62005366	110708510	AT1G10550	ortholog_one2many
AUR62036965	110726116	AT1G73920	ortholog_one2many
AUR62036965	110726116	AT1G18460	ortholog_one2many
AUR62037297	110715854	AT3G06590	ortholog_one2many
AUR62037297	110715854	AT3G17100	ortholog_one2many
AUR62016458	110703356	AT3G16050	ortholog_one2many
AUR62002409	110738716	AT2G43750	ortholog_many2many
AUR62002409	110738716	AT3G59760	ortholog_many2many
AUR62002409	110718240	AT2G43750	ortholog_many2many
AUR62002409	110718240	AT3G59760	ortholog_many2many
AUR62003408	110681810	AT3G26990	ortholog_one2many
AUR62004204	110714310	AT3G50420	ortholog_one2many
AUR62025975	110707224	AT3G57780	ortholog_one2many
AUR62025975	110707224	AT2G42320	ortholog_one2many
AUR62005493	110709565	AT1G67830	ortholog_one2many
AUR62005405	110708874	AT1G23450	ortholog_one2many
AUR62021176	110729653	AT3G48990	ortholog_one2one
AUR62034548	110723309	AT1G75500	ortholog_one2many
AUR62024200	110712567	AT1G67730	ortholog_one2many
AUR62006813	110701240	AT4G16807	ortholog_one2many
AUR62028989	110682998	AT5G35550	ortholog_one2many
AUR62022425	110696565	AT4G33360	ortholog_one2many
AUR62034516	110723272	AT1G75390	ortholog_one2one
AUR62018818	110730277	AT4G17616	ortholog_one2many
AUR62018569	110711747	AT4G13800	ortholog_many2many
AUR62018569	110711747	AT3G23870	ortholog_many2many
AUR62006432	110731641	AT5G01920	ortholog_one2one
AUR62029456	110694691	AT5G66240	ortholog_one2many
AUR62004326	110714573	AT3G61250	ortholog_one2many
AUR62027839	110706659	AT3G21110	ortholog_one2many
AUR62043215	110694824	AT3G01480	ortholog_one2many
AUR62004063	110682498	AT4G36580	ortholog_many2many
AUR62004063	110682498	AT2G18330	ortholog_many2many
AUR62031782	110731825	AT5G22850	ortholog_one2many
AUR62042027	110738262	AT2G22650	ortholog_one2one
AUR62007023	110732269	AT3G25120	ortholog_one2many
AUR62022994	110699386	AT4G15093	ortholog_one2many
AUR62041539	110698357	AT3G10500	ortholog_many2many
AUR62041539	110698357	AT5G04410	ortholog_many2many
AUR62026013	110707256	AT1G03020	ortholog_many2many
AUR62026013	110707256	AT3G62930	ortholog_many2many
AUR62021903	110731146	AT1G62340	ortholog_one2one
AUR62007598	110685830	AT3G30540	ortholog_many2many
AUR62007598	110685830	AT3G10890	ortholog_many2many
AUR62007598	110685830	AT5G66460	ortholog_many2many
AUR62007598	110685830	AT3G10900	ortholog_many2many
AUR62002254	110717659	AT5G52330	ortholog_many2many
AUR62002254	110717659	AT4G16045	ortholog_many2many
AUR62002254	110717659	AT1G04300	ortholog_many2many
AUR62002254	110717659	AT5G43560	ortholog_many2many
AUR62018110	110735040	AT3G29090	ortholog_one2one
AUR62018110	110688994	AT3G29090	ortholog_one2one
AUR62008133	110700317	AT3G25400	ortholog_one2many
AUR62007421	110732688	AT4G31200	ortholog_one2many
AUR62036813	110694981	AT2G37920	ortholog_one2many
AUR62031469	110693916	AT5G52950	ortholog_one2many
AUR62019904	110722574	AT1G64640	ortholog_one2many
AUR62020481	110720730	AT1G50760	ortholog_many2many
AUR62020481	110720730	AT5G18510	ortholog_many2many
AUR62020481	110720730	AT1G51538	ortholog_many2many
AUR62020481	110720730	AT1G50790	ortholog_many2many
AUR62020481	110720730	AT4G16050	ortholog_many2many
AUR62020481	110720730	AT1G50750	ortholog_many2many
AUR62020481	110720730	AT1G50770	ortholog_many2many
AUR62020481	110720730	AT1G50820	ortholog_many2many
AUR62020481	110720730	AT1G50830	ortholog_many2many
AUR62003189	110722864	AT4G14400	ortholog_many2many
AUR62003189	110722864	AT4G03470	ortholog_many2many
AUR62003189	110722864	AT4G03480	ortholog_many2many
AUR62003189	110722864	AT1G03670	ortholog_many2many
AUR62003189	110722864	AT4G03490	ortholog_many2many
AUR62003189	110722864	AT4G03450	ortholog_many2many
AUR62003189	110722864	AT4G05040	ortholog_many2many
AUR62003189	110722864	AT4G03460	ortholog_many2many
AUR62003189	110722864	AT4G14390	ortholog_many2many
AUR62003189	110722864	AT4G03440	ortholog_many2many
AUR62003189	110722864	AT4G03500	ortholog_many2many
AUR62002394	110717854	AT5G67210	ortholog_many2many
AUR62002394	110717854	AT3G50220	ortholog_many2many
AUR62005865	110713289	AT1G69410	ortholog_many2many
AUR62005865	110713289	AT1G26630	ortholog_many2many
AUR62005865	110713289	AT1G13950	ortholog_many2many
AUR62005865	110706390	AT1G69410	ortholog_many2many
AUR62005865	110706390	AT1G26630	ortholog_many2many
AUR62005865	110706390	AT1G13950	ortholog_many2many
AUR62030734	110733847	AT5G35580	ortholog_many2many
AUR62030734	110733847	AT2G05940	ortholog_many2many
AUR62007949	110686149	AT1G69330	ortholog_one2one
AUR62026053	110707300	AT3G55750	ortholog_many2many
AUR62026053	110707300	AT1G74270	ortholog_many2many
AUR62026053	110707300	AT1G07070	ortholog_many2many
AUR62026053	110707300	AT1G41880	ortholog_many2many
AUR62026053	110691519	AT3G55750	ortholog_many2many
AUR62026053	110691519	AT1G74270	ortholog_many2many
AUR62026053	110691519	AT1G07070	ortholog_many2many
AUR62026053	110691519	AT1G41880	ortholog_many2many
AUR62017695	110702075	AT5G23110	ortholog_one2one
AUR62017695	110692006	AT5G23110	ortholog_one2one
AUR62027179	110692837	AT5G10450	ortholog_many2many
AUR62027179	110692837	AT5G65430	ortholog_many2many
AUR62036082	110700178	AT1G16020	ortholog_one2many
AUR62036082	110700178	AT1G80910	ortholog_one2many
AUR62000148	110736249	AT3G23920	ortholog_one2many
AUR62003176	110722692	AT1G53800	ortholog_one2many
AUR62003176	110686190	AT1G53800	ortholog_one2many
AUR62017616	110701992	AT2G26060	ortholog_one2many
AUR62017616	110701992	AT4G32990	ortholog_one2many
AUR62002773	110714995	AT2G01110	ortholog_one2many
AUR62002773	110714697	AT2G01110	ortholog_one2many
AUR62029428	110694659	AT3G27000	ortholog_one2many
AUR62014900	110693698	AT1G28540	ortholog_one2one
AUR62040200	110740220	AT5G25970	ortholog_many2many
AUR62040200	110740220	AT5G11730	ortholog_many2many
AUR62035264	110691320	AT1G63270	ortholog_one2one
AUR62042858	110687044	AT3G02050	ortholog_one2many
AUR62018787	110730248	AT2G44610	ortholog_one2many
AUR62006894	110701313	AT3G23020	ortholog_one2many
AUR62029337	110723715	AT5G54440	ortholog_one2one
AUR62029337	110693225	AT5G54440	ortholog_one2one
AUR62011908	110734389	AT4G16430	ortholog_one2many
AUR62006492	110701605	AT3G45640	ortholog_one2many
AUR62003993	110682421	AT1G30890	ortholog_many2many
AUR62003993	110682421	AT3G59500	ortholog_many2many
AUR62039488	110736410	AT1G29340	ortholog_one2many
AUR62003397	110681800	AT3G26410	ortholog_one2one
AUR62019914	110732300	AT5G41950	ortholog_one2many
AUR62019914	110722765	AT5G41950	ortholog_one2many
AUR62021821	110731215	AT4G16390	ortholog_one2one
AUR62013753	110721541	AT3G23620	ortholog_one2many
AUR62006929	110701347	AT5G23520	ortholog_one2many
AUR62009161	110705456	AT1G75430	ortholog_one2one
AUR62029383	110720167	AT2G15620	ortholog_one2one
AUR62029383	110693275	AT2G15620	ortholog_one2one
AUR62043424	110711222	AT5G03530	ortholog_many2many
AUR62043424	110711222	AT3G09910	ortholog_many2many
AUR62043424	110706152	AT5G03530	ortholog_many2many
AUR62043424	110706152	AT3G09910	ortholog_many2many
AUR62005439	110709205	AT1G23330	ortholog_many2many
AUR62005439	110709205	AT1G10740	ortholog_many2many
AUR62019072	110709773	AT1G21770	ortholog_many2many
AUR62019072	110709773	AT1G77540	ortholog_many2many
AUR62008220	110700403	AT3G47990	ortholog_one2one
AUR62024216	110712438	AT3G26115	ortholog_one2many
AUR62037594	110734045	AT4G27090	ortholog_many2many
AUR62037594	110734045	AT2G20450	ortholog_many2many
AUR62027142	110740107	AT4G35250	ortholog_one2many
AUR62027142	110740109	AT4G35250	ortholog_one2many
AUR62027142	110694732	AT4G35250	ortholog_one2many
AUR62030131	110728505	AT4G21060	ortholog_one2many
AUR62043797	110734533	AT5G14780	ortholog_one2many
AUR62018601	110730074	AT4G19130	ortholog_many2many
AUR62018601	110730074	AT5G45400	ortholog_many2many
AUR62022815	110699211	AT2G39880	ortholog_one2many
AUR62022815	110699211	AT3G55730	ortholog_one2many
AUR62032826	110706360	AT1G14030	ortholog_one2many
AUR62019420	110737642	AT3G15352	ortholog_one2many
AUR62019420	110737642	AT1G53030	ortholog_one2many
AUR62033832	110686362	AT1G47845	ortholog_many2many
AUR62033832	110686362	AT1G47840	ortholog_many2many
AUR62025366	110715796	AT2G34640	ortholog_one2many
AUR62006673	110701116	AT1G65410	ortholog_one2many
AUR62040724	110728720	AT4G15520	ortholog_one2one
AUR62011450	110698593	AT1G15810	ortholog_many2many
AUR62011450	110698593	AT1G80620	ortholog_many2many
AUR62005609	110710877	AT1G67980	ortholog_many2many
AUR62005609	110710877	AT1G24735	ortholog_many2many
AUR62005609	110710877	AT1G67990	ortholog_many2many
AUR62012063	110734173	AT5G06820	ortholog_one2one
AUR62043469	110731321	AT4G21990	ortholog_many2many
AUR62043469	110731321	AT4G04610	ortholog_many2many
AUR62043469	110731321	AT1G62180	ortholog_many2many
AUR62043469	110703043	AT4G21990	ortholog_many2many
AUR62043469	110703043	AT4G04610	ortholog_many2many
AUR62043469	110703043	AT1G62180	ortholog_many2many
AUR62023921	110699592	AT1G73010	ortholog_many2many
AUR62023921	110699592	AT1G17710	ortholog_many2many
AUR62021556	110726336	AT5G61010	ortholog_one2many
AUR62033938	110712882	AT5G57010	ortholog_one2many
AUR62033938	110683047	AT5G57010	ortholog_one2many
AUR62018561	110711679	AT3G23840	ortholog_many2many
AUR62018561	110711679	AT4G13840	ortholog_many2many
AUR62007088	110732812	AT5G47460	ortholog_one2many
AUR62006906	110701320	AT3G05270	ortholog_one2many
AUR62023569	110725262	AT4G09620	ortholog_one2many
AUR62021876	110731267	AT4G14695	ortholog_one2many
AUR62021876	110731267	AT4G05590	ortholog_one2many
AUR62021876	110731267	AT4G22310	ortholog_one2many
AUR62021876	110687432	AT4G14695	ortholog_one2many
AUR62021876	110687432	AT4G05590	ortholog_one2many
AUR62021876	110687432	AT4G22310	ortholog_one2many
AUR62009852	110684343	AT4G08520	ortholog_many2many
AUR62009852	110684343	AT3G09800	ortholog_many2many
AUR62014106	110694214	AT1G15080	ortholog_one2many
AUR62027278	110692760	AT5G62320	ortholog_one2many
AUR62036770	110703657	AT1G20430	ortholog_one2many
AUR62017527	110701904	AT3G07800	ortholog_one2one
AUR62011428	110698573	AT4G22720	ortholog_one2many
AUR62029097	110730813	AT1G55090	ortholog_one2many
AUR62003799	110682214	AT5G10270	ortholog_many2many
AUR62003799	110682214	AT5G64960	ortholog_many2many
AUR62008658	110740164	AT4G02460	ortholog_one2many
AUR62011499	110698627	AT2G39210	ortholog_one2many
AUR62016846	110705196	AT1G72590	ortholog_one2many
AUR62016846	110705196	AT2G16530	ortholog_one2many
AUR62031876	110729842	AT1G69750	ortholog_one2many
AUR62031876	110729842	AT1G66590	ortholog_one2many
AUR62021210	110729679	AT2G36620	ortholog_many2many
AUR62021210	110729679	AT3G53020	ortholog_many2many
AUR62025479	110727979	AT5G55125	ortholog_one2many
AUR62008396	110700577	AT1G74580	ortholog_one2many
AUR62001663	110688280	AT2G29700	ortholog_one2many
AUR62021772	110726540	AT1G74800	ortholog_many2many
AUR62021772	110726540	AT5G62620	ortholog_many2many
AUR62009936	110684426	AT3G04770	ortholog_many2many
AUR62009936	110684426	AT1G72370	ortholog_many2many
AUR62020132	110683462	AT5G58710	ortholog_one2many
AUR62008514	110700685	AT4G14675	ortholog_many2many
AUR62008514	110700685	AT4G14670	ortholog_many2many
AUR62008514	110700685	AT1G74310	ortholog_many2many
AUR62006831	110701257	AT4G26240	ortholog_one2many
AUR62040351	110734789	AT3G45020	ortholog_one2one
AUR62001438	110688051	AT3G14170	ortholog_one2many
AUR62009315	110705611	AT4G32750	ortholog_one2many
AUR62038416	110739851	AT3G54750	ortholog_one2many
AUR62034305	110682746	AT3G21295	ortholog_many2many
AUR62034305	110682746	AT1G51745	ortholog_many2many
AUR62008509	110700679	AT3G12770	ortholog_one2many
AUR62031975	110729910	AT5G04500	ortholog_one2one
AUR62031975	110715691	AT5G04500	ortholog_one2one
AUR62008935	110728146	AT2G20060	ortholog_one2many
AUR62004274	110714174	AT2G45660	ortholog_one2many
AUR62004503	110713969	AT1G01280	ortholog_one2many
AUR62032080	110707547	AT5G40140	ortholog_one2many
AUR62002282	110718140	AT1G12200	ortholog_many2many
AUR62002282	110718140	AT1G63370	ortholog_many2many
AUR62002282	110718140	AT1G65860	ortholog_many2many
AUR62002282	110718140	AT1G62560	ortholog_many2many
AUR62002282	110718140	AT1G63390	ortholog_many2many
AUR62002282	110718140	AT1G62580	ortholog_many2many
AUR62002282	110718140	AT1G62570	ortholog_many2many
AUR62002282	110718140	AT1G62540	ortholog_many2many
AUR62002282	110718140	AT1G12140	ortholog_many2many
AUR62002282	110718140	AT1G63340	ortholog_many2many
AUR62002282	110718140	AT1G12130	ortholog_many2many
AUR62002282	110718140	AT1G62620	ortholog_many2many
AUR62002282	110718140	AT1G62600	ortholog_many2many
AUR62002282	110718140	AT1G12160	ortholog_many2many
AUR62007602	110685832	AT4G36470	ortholog_one2many
AUR62000794	110736883	AT1G80190	ortholog_one2one
AUR62011415	110699459	AT3G42150	ortholog_many2many
AUR62011415	110699459	AT1G21930	ortholog_many2many
AUR62011415	110698559	AT3G42150	ortholog_many2many
AUR62011415	110698559	AT1G21930	ortholog_many2many
AUR62041155	110684427	AT4G27280	ortholog_many2many
AUR62041155	110684427	AT5G54490	ortholog_many2many
AUR62039278	110738227	AT1G67890	ortholog_one2many
AUR62039278	110738227	AT3G06620	ortholog_one2many
AUR62039278	110738227	AT5G49470	ortholog_one2many
AUR62013170	110681787	AT4G38260	ortholog_one2many
AUR62013170	110681787	AT1G20730	ortholog_one2many
AUR62013170	110681787	AT1G20740	ortholog_one2many
AUR62011749	110734236	AT3G62290	ortholog_many2many
AUR62011749	110734236	AT2G47170	ortholog_many2many
AUR62044351	110718708	AT2G17370	ortholog_one2many
AUR62004088	110682525	AT3G50920	ortholog_many2many
AUR62004088	110682525	AT5G66450	ortholog_many2many
AUR62022839	110733402	AT2G39950	ortholog_one2one
AUR62022839	110699232	AT2G39950	ortholog_one2one
AUR62007251	110732506	AT5G40340	ortholog_many2many
AUR62007251	110732506	AT3G27860	ortholog_many2many
AUR62022607	110731576	AT2G46090	ortholog_one2many
AUR62017702	110716276	AT5G23190	ortholog_many2many
AUR62017702	110716276	AT5G08250	ortholog_many2many
AUR62017702	110702083	AT5G23190	ortholog_many2many
AUR62017702	110702083	AT5G08250	ortholog_many2many
AUR62034639	110697871	AT3G62950	ortholog_many2many
AUR62034639	110697871	AT2G47870	ortholog_many2many
AUR62003200	110722952	AT5G66680	ortholog_one2many
AUR62030361	110710557	AT2G41380	ortholog_one2many
AUR62041321	110696832	AT1G08160	ortholog_many2many
AUR62041321	110696832	AT5G22870	ortholog_many2many
AUR62035370	110727313	AT3G24170	ortholog_one2many
AUR62035370	110692523	AT3G24170	ortholog_one2many
AUR62011463	110698605	AT5G11090	ortholog_many2many
AUR62011463	110698605	AT5G25280	ortholog_many2many
AUR62011463	110698605	AT5G20370	ortholog_many2many
AUR62009823	110684312	AT1G30380	ortholog_one2one
AUR62022379	110696529	AT1G71691	ortholog_one2many
AUR62008691	110727925	AT4G02320	ortholog_many2many
AUR62008691	110727925	AT4G02300	ortholog_many2many
AUR62009871	110684361	AT1G54180	ortholog_many2many
AUR62009871	110684361	AT3G14000	ortholog_many2many
AUR62003251	110723420	AT5G65270	ortholog_many2many
AUR62003251	110723420	AT4G39990	ortholog_many2many
AUR62030817	110733932	AT3G51820	ortholog_one2one
AUR62030817	110710703	AT3G51820	ortholog_one2one
AUR62015369	110689240	AT2G42110	ortholog_one2many
AUR62023298	110720393	AT1G67070	ortholog_many2many
AUR62023298	110720393	AT3G02570	ortholog_many2many
AUR62019918	110722769	AT1G64660	ortholog_one2many
AUR62020429	110720948	AT4G26940	ortholog_one2one
AUR62022877	110699418	AT2G40080	ortholog_one2many
AUR62004057	110685798	AT1G63810	ortholog_one2many
AUR62004057	110682491	AT1G63810	ortholog_one2many
AUR62020638	110710194	AT5G24800	ortholog_one2many
AUR62013061	110739470	AT4G38680	ortholog_one2many
AUR62013061	110739470	AT2G21060	ortholog_one2many
AUR62004271	110714508	AT2G45640	ortholog_one2many
AUR62028255	110721783	AT1G58025	ortholog_one2many
AUR62005446	110709223	AT1G70570	ortholog_one2many
AUR62021796	110731191	AT1G79620	ortholog_one2one
AUR62019047	110709754	AT1G77620	ortholog_one2many
AUR62013465	110725770	AT1G77030	ortholog_one2many
AUR62013465	110685899	AT1G77030	ortholog_one2many
AUR62000796	110736884	AT1G09050	ortholog_one2many
AUR62000796	110736884	AT1G09040	ortholog_one2many
AUR62000796	110736884	AT1G55050	ortholog_one2many
AUR62007786	110686008	AT1G13570	ortholog_one2many
AUR62029489	110694727	AT3G51280	ortholog_one2many
AUR62017449	110702648	AT3G20050	ortholog_one2many
AUR62011520	110698649	AT3G15840	ortholog_one2many
AUR62032746	110704815	AT4G15470	ortholog_one2many
AUR62032746	110689186	AT4G15470	ortholog_one2many
AUR62003421	110681821	AT5G41000	ortholog_many2many
AUR62003421	110681821	AT3G27020	ortholog_many2many
AUR62008019	110686216	AT2G01390	ortholog_one2one
AUR62005324	110708169	AT1G24040	ortholog_one2many
AUR62037316	110718968	AT1G25350	ortholog_one2many
AUR62004661	110714459	AT1G34355	ortholog_one2many
AUR62029422	110694649	AT5G23910	ortholog_one2one
AUR62035019	110720032	AT4G02790	ortholog_one2one
AUR62001463	110688074	AT1G54115	ortholog_many2many
AUR62001463	110688074	AT3G14070	ortholog_many2many
AUR62015547	110689406	AT4G14330	ortholog_one2many
AUR62028758	110727603	AT5G63080	ortholog_one2many
AUR62025403	110689917	AT1G04180	ortholog_many2many
AUR62025403	110689917	AT5G43890	ortholog_many2many
AUR62025403	110689917	AT4G28720	ortholog_many2many
AUR62007118	110732371	AT2G39810	ortholog_one2many
AUR62027288	110692772	AT3G54250	ortholog_many2many
AUR62027288	110692772	AT2G38700	ortholog_many2many
AUR62026588	110713670	AT3G47130	ortholog_many2many
AUR62026588	110713670	AT3G47150	ortholog_many2many
AUR62026588	110713670	AT3G47140	ortholog_many2many
AUR62025117	110711962	AT5G60190	ortholog_one2many
AUR62013199	110682124	AT2G17370	ortholog_one2many
AUR62019604	110737817	AT5G06610	ortholog_one2many
AUR62001867	110688507	AT5G58430	ortholog_one2many
AUR62013818	110721301	AT1G76210	ortholog_many2many
AUR62013818	110721301	AT1G20520	ortholog_many2many
AUR62014407	110724698	AT5G42520	ortholog_one2many
AUR62011389	110698528	AT4G17650	ortholog_one2many
AUR62019522	110737745	AT1G53290	ortholog_one2many
AUR62019522	110737745	AT3G14960	ortholog_one2many
AUR62000032	110736119	AT1G60870	ortholog_one2one
AUR62000032	110696149	AT1G60870	ortholog_one2one
AUR62017525	110701902	AT3G07790	ortholog_one2one
AUR62018249	110735174	AT2G39000	ortholog_one2many
AUR62041343	110706239	AT5G03300	ortholog_many2many
AUR62041343	110706239	AT3G09820	ortholog_many2many
AUR62008350	110700529	AT3G07610	ortholog_one2many
AUR62003109	110721981	AT5G39220	ortholog_many2many
AUR62003109	110721981	AT1G13820	ortholog_many2many
AUR62025971	110707219	AT3G12170	ortholog_one2one
AUR62011399	110698544	AT1G49470	ortholog_one2many
AUR62013328	110725611	AT2G26610	ortholog_one2many
AUR62013328	110725611	AT3G33530	ortholog_one2many
AUR62013328	110707972	AT2G26610	ortholog_one2many
AUR62013328	110707972	AT3G33530	ortholog_one2many
AUR62032790	110706289	AT1G14210	ortholog_one2many
AUR62023374	110720471	AT2G44670	ortholog_one2many
AUR62017392	110702596	AT2G45340	ortholog_one2one
AUR62017011	110706908	AT2G33793	ortholog_one2many
AUR62013134	110740225	AT1G25390	ortholog_one2many
AUR62009063	110705358	AT2G24520	ortholog_one2many
AUR62007190	110732437	AT3G13020	ortholog_many2many
AUR62007190	110732437	AT3G13010	ortholog_many2many
AUR62007190	110732437	AT3G13030	ortholog_many2many
AUR62006589	110701022	AT5G19510	ortholog_many2many
AUR62006589	110701022	AT5G12110	ortholog_many2many
AUR62013291	110725572	AT1G13870	ortholog_one2many
AUR62021799	110731192	AT4G17180	ortholog_one2one
AUR62006535	110700964	AT5G01110	ortholog_one2many
AUR62028261	110721786	AT5G20640	ortholog_many2many
AUR62028261	110721786	AT2G05910	ortholog_many2many
AUR62001216	110687841	AT4G20240	ortholog_many2many
AUR62001216	110687841	AT4G20235	ortholog_many2many
AUR62001216	110687841	AT5G42590	ortholog_many2many
AUR62001216	110687841	AT3G48290	ortholog_many2many
AUR62001216	110687841	AT3G48280	ortholog_many2many
AUR62001216	110687841	AT5G24950	ortholog_many2many
AUR62001216	110687841	AT2G30770	ortholog_many2many
AUR62001216	110687841	AT1G11610	ortholog_many2many
AUR62001216	110687841	AT4G13310	ortholog_many2many
AUR62001216	110687841	AT3G48310	ortholog_many2many
AUR62001216	110687841	AT2G30750	ortholog_many2many
AUR62001216	110687841	AT3G48270	ortholog_many2many
AUR62001216	110687841	AT3G48300	ortholog_many2many
AUR62001216	110687841	AT3G48320	ortholog_many2many
AUR62001216	110687841	AT4G13290	ortholog_many2many
AUR62001216	110687841	AT5G24960	ortholog_many2many
AUR62011701	110734185	AT3G62210	ortholog_many2many
AUR62011701	110734185	AT3G62200	ortholog_many2many
AUR62032014	110707499	AT3G06860	ortholog_one2many
AUR62020652	110698419	AT4G31240	ortholog_one2many
AUR62020652	110696274	AT4G31240	ortholog_one2many
AUR62023540	110725229	AT1G72150	ortholog_many2many
AUR62023540	110725229	AT1G22530	ortholog_many2many
AUR62017184	110702410	AT1G63720	ortholog_one2one
AUR62008287	110700464	AT3G48160	ortholog_one2one
AUR62009176	110705472	AT4G37200	ortholog_one2one
AUR62033519	110729337	AT1G07750	ortholog_many2many
AUR62033519	110729337	AT2G28680	ortholog_many2many
AUR62006952	110701365	AT3G56570	ortholog_one2many
AUR62005744	110712167	AT1G14350	ortholog_one2many
AUR62005744	110712167	AT2G02820	ortholog_one2many
AUR62033983	110713008	AT1G43860	ortholog_one2many
AUR62020361	110720908	AT4G26840	ortholog_many2many
AUR62020361	110720908	AT5G55160	ortholog_many2many
AUR62000185	110736288	AT5G12330	ortholog_one2many
AUR62009832	110684324	AT3G13800	ortholog_one2one
AUR62001998	110717907	AT5G10280	ortholog_many2many
AUR62001998	110717907	AT5G65230	ortholog_many2many
AUR62034315	110682718	AT1G33811	ortholog_one2many
AUR62011380	110698521	AT2G16060	ortholog_one2many
AUR62008996	110728208	AT5G46160	ortholog_many2many
AUR62008996	110728208	AT1G17560	ortholog_many2many
AUR62026471	110713843	AT1G59725	ortholog_many2many
AUR62026471	110713843	AT1G10350	ortholog_many2many
AUR62004507	110714029	AT4G00950	ortholog_one2one
AUR62039738	110683197	AT5G08080	ortholog_one2many
AUR62011998	110734473	AT3G12050	ortholog_one2many
AUR62020416	110720940	AT1G48550	ortholog_one2one
AUR62042604	110702714	AT3G09650	ortholog_one2one
AUR62019937	110722533	AT1G64700	ortholog_one2many
AUR62014058	110708791	AT1G60490	ortholog_one2many
AUR62014058	110694176	AT1G60490	ortholog_one2many
AUR62029455	110694690	AT5G43670	ortholog_one2many
AUR62005584	110710613	AT1G27900	ortholog_one2many
AUR62014540	110724846	AT3G25770	ortholog_many2many
AUR62014540	110724846	AT1G13280	ortholog_many2many
AUR62014540	110724846	AT3G25760	ortholog_many2many
AUR62014540	110724846	AT3G25780	ortholog_many2many
AUR62020290	110720833	AT2G24580	ortholog_one2one
AUR62012005	110734481	AT2G41950	ortholog_one2many
AUR62021583	110726364	AT3G19180	ortholog_one2many
AUR62021583	110700677	AT3G19180	ortholog_one2many
AUR62014270	110694512	AT1G09580	ortholog_many2many
AUR62014270	110694512	AT1G57620	ortholog_many2many
AUR62027353	110716992	AT1G77790	ortholog_many2many
AUR62027353	110716992	AT1G77780	ortholog_many2many
AUR62013549	110735739	AT1G43710	ortholog_one2one
AUR62013549	110725847	AT1G43710	ortholog_one2one
AUR62036286	110688830	AT3G58470	ortholog_one2many
AUR62025200	110715921	AT2G06050	ortholog_one2many
AUR62036301	110688846	AT1G76060	ortholog_one2one
AUR62036697	110703599	AT1G76010	ortholog_many2many
AUR62036697	110703599	AT1G20220	ortholog_many2many
AUR62013706	110721337	AT5G56720	ortholog_one2many
AUR62004471	110714112	AT4G01026	ortholog_many2many
AUR62004471	110714112	AT1G01360	ortholog_many2many
AUR62009370	110705660	AT1G05590	ortholog_one2one
AUR62029801	110690743	AT3G08650	ortholog_one2many
AUR62003728	110682142	AT1G09660	ortholog_one2one
AUR62015315	110689192	AT1G09590	ortholog_many2many
AUR62015315	110689192	AT1G57860	ortholog_many2many
AUR62015315	110689192	AT1G57660	ortholog_many2many
AUR62015315	110689192	AT1G09690	ortholog_many2many
AUR62002517	110717698	AT5G16330	ortholog_many2many
AUR62002517	110717698	AT5G16360	ortholog_many2many
AUR62002517	110717698	AT3G02700	ortholog_many2many
AUR62022683	110731664	AT1G01060	ortholog_many2many
AUR62022683	110731664	AT2G46830	ortholog_many2many
AUR62020768	110710251	AT1G35550	ortholog_many2many
AUR62020768	110710251	AT1G07920	ortholog_many2many
AUR62020768	110710251	AT1G07940	ortholog_many2many
AUR62020768	110710251	AT5G60390	ortholog_many2many
AUR62020768	110710251	AT1G07930	ortholog_many2many
AUR62021271	110729743	AT4G25420	ortholog_many2many
AUR62021271	110729743	AT5G51810	ortholog_many2many
AUR62021271	110729743	AT5G07200	ortholog_many2many
AUR62021271	110729743	AT1G60980	ortholog_many2many
AUR62021271	110697144	AT4G25420	ortholog_many2many
AUR62021271	110697144	AT5G51810	ortholog_many2many
AUR62021271	110697144	AT5G07200	ortholog_many2many
AUR62021271	110697144	AT1G60980	ortholog_many2many
AUR62000872	110736959	AT2G16030	ortholog_one2many
AUR62000872	110736959	AT4G26730	ortholog_one2many
AUR62007211	110730252	AT5G47010	ortholog_one2many
AUR62023580	110725274	AT1G34350	ortholog_one2many
AUR62019947	110732334	AT1G61570	ortholog_one2many
AUR62019947	110722796	AT1G61570	ortholog_one2many
AUR62028723	110727571	AT3G48250	ortholog_one2many
AUR62020299	110720842	AT5G10720	ortholog_one2one
AUR62018215	110735138	AT5G37690	ortholog_one2many
AUR62009474	110705764	AT5G15750	ortholog_one2one
AUR62005556	110707172	AT3G26040	ortholog_many2many
AUR62005556	110707172	AT5G47950	ortholog_many2many
AUR62005556	110707172	AT1G24420	ortholog_many2many
AUR62005556	110707172	AT3G30280	ortholog_many2many
AUR62005556	110707172	AT4G15390	ortholog_many2many
AUR62011541	110703256	AT1G52630	ortholog_one2many
AUR62003504	110681913	AT1G64950	ortholog_many2many
AUR62003504	110681913	AT5G61320	ortholog_many2many
AUR62003504	110681913	AT1G64930	ortholog_many2many
AUR62003504	110681913	AT3G03470	ortholog_many2many
AUR62003504	110681913	AT1G64940	ortholog_many2many
AUR62003504	110681913	AT1G64900	ortholog_many2many
AUR62003504	110681913	AT2G12190	ortholog_many2many
AUR62040857	110712826	AT5G04060	ortholog_many2many
AUR62040857	110712826	AT3G10200	ortholog_many2many
AUR62031789	110731832	AT1G06460	ortholog_one2many
AUR62011430	110698575	AT4G33945	ortholog_one2many
AUR62011787	110734279	AT1G13040	ortholog_one2one
AUR62039319	110732045	AT4G23000	ortholog_many2many
AUR62039319	110732045	AT4G11800	ortholog_many2many
AUR62002059	110717906	AT1G08580	ortholog_one2one
AUR62016785	110705138	AT3G19430	ortholog_one2many
AUR62018517	110711631	AT4G14070	ortholog_many2many
AUR62018517	110711631	AT3G23790	ortholog_many2many
AUR62008073	110700273	AT3G07510	ortholog_many2many
AUR62008073	110700273	AT2G01580	ortholog_many2many
AUR62018610	110730081	AT1G32060	ortholog_one2many
AUR62036261	110688806	AT5G17920	ortholog_many2many
AUR62036261	110688806	AT3G03780	ortholog_many2many
AUR62038625	110685057	AT1G05360	ortholog_one2many
AUR62038625	110685057	AT4G14950	ortholog_one2many
AUR62036915	110726080	AT5G08180	ortholog_one2one
AUR62038456	110739883	AT2G34850	ortholog_one2many
AUR62038456	110739883	AT1G30620	ortholog_one2many
AUR62014400	110724693	AT4G13770	ortholog_one2many
AUR62016361	110703257	AT1G48605	ortholog_many2many
AUR62016361	110703257	AT3G18030	ortholog_many2many
AUR62025127	110711824	AT1G05120	ortholog_many2many
AUR62025127	110711824	AT1G02670	ortholog_many2many
AUR62007301	110732556	AT5G46700	ortholog_one2many
AUR62009377	110705667	AT3G63540	ortholog_one2one
AUR62005638	110711125	AT1G67310	ortholog_one2one
AUR62007894	110686093	AT1G26330	ortholog_one2many
AUR62022975	110733530	AT5G27700	ortholog_one2many
AUR62022975	110733530	AT3G53890	ortholog_one2many
AUR62022975	110699369	AT5G27700	ortholog_one2many
AUR62022975	110699369	AT3G53890	ortholog_one2many
AUR62006493	110711843	AT1G07890	ortholog_one2many
AUR62006493	110701606	AT1G07890	ortholog_one2many
AUR62011542	110698668	AT1G48605	ortholog_many2many
AUR62011542	110698668	AT3G18030	ortholog_many2many
AUR62027445	110716856	AT5G56750	ortholog_many2many
AUR62027445	110716856	AT2G19620	ortholog_many2many
AUR62032773	110706307	AT3G17180	ortholog_one2many
AUR62033289	110692377	AT5G56260	ortholog_one2many
AUR62023426	110720521	AT4G01710	ortholog_many2many
AUR62023426	110720521	AT5G65274	ortholog_many2many
AUR62033274	110692319	AT4G26270	ortholog_one2many
AUR62033274	110692319	AT4G29220	ortholog_one2many
AUR62033274	110692319	AT5G56630	ortholog_one2many
AUR62033274	110690897	AT4G26270	ortholog_one2many
AUR62033274	110690897	AT4G29220	ortholog_one2many
AUR62033274	110690897	AT5G56630	ortholog_one2many
AUR62037561	110734018	AT1G53380	ortholog_many2many
AUR62037561	110734018	AT3G14870	ortholog_many2many
AUR62003829	110682245	AT3G50430	ortholog_one2many
AUR62035247	110691231	AT4G39670	ortholog_one2many
AUR62030821	110733934	AT5G01340	ortholog_one2one
AUR62000135	110736232	AT1G51405	ortholog_one2one
AUR62031764	110731806	AT5G22790	ortholog_one2many
AUR62006682	110701111	AT4G31100	ortholog_many2many
AUR62006682	110701111	AT1G16120	ortholog_many2many
AUR62006682	110701111	AT1G79680	ortholog_many2many
AUR62006682	110701111	AT1G16110	ortholog_many2many
AUR62006682	110701111	AT1G16260	ortholog_many2many
AUR62006682	110701111	AT1G16150	ortholog_many2many
AUR62006682	110701111	AT1G17910	ortholog_many2many
AUR62006682	110701111	AT4G31110	ortholog_many2many
AUR62006682	110701111	AT1G16130	ortholog_many2many
AUR62006682	110701111	AT1G19390	ortholog_many2many
AUR62006682	110701111	AT1G79670	ortholog_many2many
AUR62006682	110701111	AT1G16160	ortholog_many2many
AUR62006682	110701111	AT1G69730	ortholog_many2many
AUR62023381	110720479	AT3G60245	ortholog_one2many
AUR62022842	110699236	AT1G07310	ortholog_one2one
AUR62003737	110682152	AT5G08290	ortholog_one2many
AUR62019571	110737785	AT3G29240	ortholog_one2many
AUR62020151	110688243	AT2G30000	ortholog_many2many
AUR62020151	110688243	AT1G07170	ortholog_many2many
AUR62020151	110683483	AT2G30000	ortholog_many2many
AUR62020151	110683483	AT1G07170	ortholog_many2many
AUR62040718	110733312	AT5G60020	ortholog_one2many
AUR62040718	110722322	AT5G60020	ortholog_one2many
AUR62022747	110731734	AT2G04630	ortholog_many2many
AUR62022747	110731734	AT5G51940	ortholog_many2many
AUR62042905	110711109	AT1G20760	ortholog_one2one
AUR62033012	110713121	AT2G42710	ortholog_one2many
AUR62003657	110695238	AT5G65460	ortholog_one2one
AUR62003657	110682073	AT5G65460	ortholog_one2one
AUR62004412	110714493	AT3G61520	ortholog_many2many
AUR62004412	110714493	AT5G28460	ortholog_many2many
AUR62004412	110714493	AT5G28370	ortholog_many2many
AUR62009365	110705654	AT3G23780	ortholog_many2many
AUR62009365	110705654	AT3G18090	ortholog_many2many
AUR62009365	110702366	AT3G23780	ortholog_many2many
AUR62009365	110702366	AT3G18090	ortholog_many2many
AUR62020887	110715006	AT3G50960	ortholog_many2many
AUR62020887	110715006	AT5G66410	ortholog_many2many
AUR62006860	110701289	AT5G09250	ortholog_one2many
AUR62023428	110720522	AT5G61330	ortholog_one2many
AUR62000530	110736634	AT5G09220	ortholog_many2many
AUR62000530	110736634	AT5G63850	ortholog_many2many
AUR62013187	110681973	AT2G17340	ortholog_one2many
AUR62013187	110681973	AT4G35360	ortholog_one2many
AUR62013187	110681973	AT2G17320	ortholog_one2many
AUR62013217	110682224	AT4G35420	ortholog_one2many
AUR62017594	110701965	AT1G06550	ortholog_one2one
AUR62037766	110738986	AT3G07640	ortholog_one2many
AUR62002584	110717581	AT3G06440	ortholog_one2one
AUR62027106	110740076	AT5G54140	ortholog_one2many
AUR62019461	110737683	AT5G53920	ortholog_one2one
AUR62013936	110694071	AT1G53670	ortholog_one2many
AUR62022566	110731537	AT2G32650	ortholog_many2many
AUR62022566	110731537	AT2G32180	ortholog_many2many
AUR62029058	110737355	AT3G01790	ortholog_one2one
AUR62029058	110683071	AT3G01790	ortholog_one2one
AUR62004506	110714634	AT3G61830	ortholog_many2many
AUR62004506	110714634	AT2G46530	ortholog_many2many
AUR62017258	110702472	AT5G41180	ortholog_many2many
AUR62017258	110702472	AT1G63430	ortholog_many2many
AUR62008103	110700291	AT1G05970	ortholog_one2many
AUR62004639	110713974	AT1G71960	ortholog_one2many
AUR62002268	110717841	AT4G10320	ortholog_many2many
AUR62002268	110717841	AT3G23145	ortholog_many2many
AUR62005765	110712362	AT4G09810	ortholog_many2many
AUR62005765	110712362	AT1G34020	ortholog_many2many
AUR62036698	110703600	AT1G20225	ortholog_many2many
AUR62036698	110703600	AT1G76020	ortholog_many2many
AUR62029325	110693215	AT3G13682	ortholog_one2one
AUR62013341	110725623	AT1G02630	ortholog_one2one
AUR62032030	110707510	AT5G18100	ortholog_one2many
AUR62034528	110723284	AT1G45110	ortholog_one2many
AUR62033975	110712904	AT4G29720	ortholog_one2many
AUR62004720	110713980	AT4G08240	ortholog_one2many
AUR62022575	110731543	AT1G79040	ortholog_one2many
AUR62038736	110696282	AT4G16130	ortholog_one2one
AUR62026319	110698200	AT5G54060	ortholog_one2many
AUR62035724	110688697	AT5G39590	ortholog_one2one
AUR62013016	110739110	AT2G20930	ortholog_one2one
AUR62025119	110712008	AT2G27090	ortholog_one2many
AUR62008020	110686217	AT4G36820	ortholog_many2many
AUR62008020	110686217	AT5G66650	ortholog_many2many
AUR62008020	110686217	AT2G23790	ortholog_many2many
AUR62033326	110685326	AT4G00620	ortholog_one2many
AUR62018875	110730061	AT5G47160	ortholog_many2many
AUR62018875	110730061	AT5G47150	ortholog_many2many
AUR62004717	110714529	AT5G63600	ortholog_many2many
AUR62004717	110714529	AT5G08640	ortholog_many2many
AUR62004717	110714529	AT5G43935	ortholog_many2many
AUR62004717	110714529	AT5G63590	ortholog_many2many
AUR62004717	110714529	AT5G63595	ortholog_many2many
AUR62004717	110714529	AT5G63580	ortholog_many2many
AUR62022506	110696635	AT2G14860	ortholog_many2many
AUR62022506	110696635	AT4G33905	ortholog_many2many
AUR62001134	110687766	AT4G13040	ortholog_one2many
AUR62013300	110725582	AT2G11000	ortholog_one2one
AUR62019796	110722646	AT4G23740	ortholog_one2one
AUR62040723	110728719	AT5G43780	ortholog_one2many
AUR62020154	110683492	AT2G30010	ortholog_many2many
AUR62020154	110683492	AT5G58600	ortholog_many2many
AUR62018225	110735146	AT5G37630	ortholog_one2many
AUR62006724	110701157	AT4G31130	ortholog_one2one
AUR62029015	110683028	AT2G19385	ortholog_one2many
AUR62001672	110688289	AT2G29670	ortholog_many2many
AUR62001672	110688289	AT3G47080	ortholog_many2many
AUR62001672	110688289	AT1G07280	ortholog_many2many
AUR62005870	110713332	AT5G47810	ortholog_one2many
AUR62031430	110693877	AT5G52790	ortholog_one2many
AUR62031798	110731844	AT5G48810	ortholog_one2many
AUR62001195	110715515	AT3G07410	ortholog_one2one
AUR62001195	110687823	AT3G07410	ortholog_one2one
AUR62042912	110739174	AT5G02770	ortholog_one2one
AUR62039465	110736219	AT4G27595	ortholog_many2many
AUR62039465	110736219	AT3G02930	ortholog_many2many
AUR62039465	110736219	AT5G16730	ortholog_many2many
AUR62017561	110701934	AT1G04950	ortholog_one2one
AUR62001263	110687880	AT3G48420	ortholog_one2many
AUR62009792	110684279	AT4G04190	ortholog_one2many
AUR62020704	110710132	AT5G18290	ortholog_many2many
AUR62020704	110710132	AT3G04090	ortholog_many2many
AUR62004345	110713985	AT4G20960	ortholog_one2many
AUR62016832	110718867	AT2G21290	ortholog_one2one
AUR62016832	110705185	AT2G21290	ortholog_one2one
AUR62001769	110688402	AT5G59430	ortholog_many2many
AUR62001769	110688402	AT3G46590	ortholog_many2many
AUR62001769	110688402	AT1G07540	ortholog_many2many
AUR62001769	110684043	AT5G59430	ortholog_many2many
AUR62001769	110684043	AT3G46590	ortholog_many2many
AUR62001769	110684043	AT1G07540	ortholog_many2many
AUR62008030	110686226	AT5G66631	ortholog_one2one
AUR62038448	110739877	AT1G28760	ortholog_one2many
AUR62015555	110689413	AT4G14340	ortholog_many2many
AUR62015555	110689413	AT3G23340	ortholog_many2many
AUR62014776	110693576	AT2G36970	ortholog_one2many
AUR62013085	110739707	AT2G16600	ortholog_one2one
AUR62014063	110694181	AT5G48060	ortholog_one2many
AUR62007208	110732457	AT5G47030	ortholog_one2many
AUR62020289	110726908	AT4G31570	ortholog_one2one
AUR62036975	110730960	AT5G20400	ortholog_many2many
AUR62036975	110730960	AT1G49390	ortholog_many2many
AUR62000293	110736404	AT3G03340	ortholog_many2many
AUR62000293	110736404	AT5G17440	ortholog_many2many
AUR62016447	110703345	AT1G52330	ortholog_one2many
AUR62041290	110682671	AT1G07745	ortholog_one2one
AUR62017033	110706926	AT2G33800	ortholog_one2many
AUR62013131	110740196	AT5G52210	ortholog_one2one
AUR62032840	110706374	AT1G74380	ortholog_many2many
AUR62032840	110706374	AT1G18690	ortholog_many2many
AUR62032840	110706374	AT5G07720	ortholog_many2many
AUR62015452	110689310	AT5G07620	ortholog_many2many
AUR62015452	110689310	AT5G61570	ortholog_many2many
AUR62021223	110729695	AT5G06430	ortholog_one2one
AUR62020794	110711861	AT3G09680	ortholog_many2many
AUR62020794	110711861	AT5G02960	ortholog_many2many
AUR62020794	110711851	AT3G09680	ortholog_many2many
AUR62020794	110711851	AT5G02960	ortholog_many2many
AUR62020794	110710364	AT3G09680	ortholog_many2many
AUR62020794	110710364	AT5G02960	ortholog_many2many
AUR62020794	110710281	AT3G09680	ortholog_many2many
AUR62020794	110710281	AT5G02960	ortholog_many2many
AUR62020794	110694478	AT3G09680	ortholog_many2many
AUR62020794	110694478	AT5G02960	ortholog_many2many
AUR62020794	110683706	AT3G09680	ortholog_many2many
AUR62020794	110683706	AT5G02960	ortholog_many2many
AUR62032460	110687966	AT1G10280	ortholog_one2many
AUR62030575	110704427	AT5G39990	ortholog_many2many
AUR62030575	110704427	AT5G15050	ortholog_many2many
AUR62029188	110730901	AT3G44990	ortholog_one2one
AUR62036272	110688814	AT1G54400	ortholog_one2many
AUR62041510	110697521	AT4G02500	ortholog_many2many
AUR62041510	110697521	AT3G62720	ortholog_many2many
AUR62002013	110717335	AT4G39860	ortholog_many2many
AUR62002013	110717335	AT2G22270	ortholog_many2many
AUR62022753	110731739	AT3G61160	ortholog_many2many
AUR62022753	110731739	AT4G00720	ortholog_many2many
AUR62037644	110722399	AT1G16460	ortholog_many2many
AUR62037644	110722399	AT1G79230	ortholog_many2many
AUR62040688	110722293	AT2G39805	ortholog_one2one
AUR62040700	110722304	AT5G06060	ortholog_one2one
AUR62027615	110690594	AT1G21480	ortholog_one2many
AUR62003201	110722975	AT4G36790	ortholog_one2many
AUR62003891	110682315	AT4G36945	ortholog_one2many
AUR62014866	110693670	AT1G28410	ortholog_one2one
AUR62011855	110734345	AT2G18760	ortholog_one2many
AUR62011855	110733103	AT2G18760	ortholog_one2many
AUR62023594	110725296	AT1G71865	ortholog_one2one
AUR62005911	110726838	AT3G17210	ortholog_one2many
AUR62020953	110714868	AT3G56490	ortholog_one2many
AUR62007314	110732567	AT4G17770	ortholog_one2many
AUR62006633	110701068	AT5G58340	ortholog_many2many
AUR62006633	110701068	AT1G15720	ortholog_many2many
AUR62017761	110716273	AT5G08570	ortholog_many2many
AUR62017761	110716273	AT5G63680	ortholog_many2many
AUR62017761	110702146	AT5G08570	ortholog_many2many
AUR62017761	110702146	AT5G63680	ortholog_many2many
AUR62040810	110719796	AT4G11120	ortholog_one2many
AUR62019667	110737875	AT3G14750	ortholog_one2many
AUR62008391	110700574	AT1G18810	ortholog_one2many
AUR62006560	110700993	AT2G26840	ortholog_many2many
AUR62006560	110700993	AT3G43910	ortholog_many2many
AUR62004148	110714446	AT4G00030	ortholog_one2many
AUR62032612	110718353	AT3G51510	ortholog_one2many
AUR62001508	110688119	AT1G17580	ortholog_one2many
AUR62001508	110684353	AT1G17580	ortholog_one2many
AUR62008652	110727889	AT3G62700	ortholog_many2many
AUR62008652	110727889	AT2G47800	ortholog_many2many
AUR62022485	110696613	AT1G27760	ortholog_one2many
AUR62035822	110728829	AT5G46550	ortholog_one2many
AUR62002760	110713261	AT5G08670	ortholog_many2many
AUR62002760	110713261	AT5G08680	ortholog_many2many
AUR62002760	110713261	AT5G08690	ortholog_many2many
AUR62022927	110733702	AT5G05500	ortholog_one2one
AUR62022927	110699317	AT5G05500	ortholog_one2one
AUR62009221	110705522	AT5G25940	ortholog_one2many
AUR62009326	110705617	AT4G32720	ortholog_one2one
AUR62009326	110702123	AT4G32720	ortholog_one2one
AUR62014720	110693529	AT4G21470	ortholog_one2many
AUR62015532	110689385	AT3G23460	ortholog_many2many
AUR62015532	110689385	AT3G23470	ortholog_many2many
AUR62015532	110689385	AT3G23530	ortholog_many2many
AUR62015532	110689385	AT3G23510	ortholog_many2many
AUR62015532	110689385	AT3G23480	ortholog_many2many
AUR62009271	110705314	AT5G11620	ortholog_one2many
AUR62015517	110689370	AT5G51460	ortholog_one2many
AUR62040694	110722299	AT3G55580	ortholog_one2one
AUR62003933	110682351	AT1G23490	ortholog_one2many
AUR62003933	110682351	AT1G10630	ortholog_one2many
AUR62003933	110682351	AT1G70490	ortholog_one2many
AUR62025125	110711835	AT1G33120	ortholog_many2many
AUR62025125	110711835	AT1G33140	ortholog_many2many
AUR62025125	110711835	AT4G10450	ortholog_many2many
AUR62039376	110715264	AT2G39650	ortholog_one2one
AUR62034530	110723286	AT3G03305	ortholog_one2many
AUR62014488	110724780	AT1G27620	ortholog_one2many
AUR62031991	110707451	AT2G41340	ortholog_many2many
AUR62031991	110707451	AT3G57080	ortholog_many2many
AUR62001363	110687984	AT1G51640	ortholog_one2many
AUR62011803	110734296	AT3G62410	ortholog_many2many
AUR62011803	110734296	AT2G47400	ortholog_many2many
AUR62009565	110684051	AT4G01180	ortholog_many2many
AUR62009565	110684051	AT5G59390	ortholog_many2many
AUR62035878	110727312	AT5G49130	ortholog_one2many
AUR62030364	110710528	AT3G10210	ortholog_one2many
AUR62015441	110689300	AT5G61510	ortholog_one2many
AUR62014328	110724615	AT1G21760	ortholog_one2many
AUR62018746	110730030	AT5G44760	ortholog_many2many
AUR62018746	110730030	AT4G20080	ortholog_many2many
AUR62023771	110738706	AT1G74040	ortholog_many2many
AUR62023771	110738706	AT1G18500	ortholog_many2many
AUR62038754	110696302	AT1G62440	ortholog_one2many
AUR62030306	110710536	AT2G41170	ortholog_one2many
AUR62014895	110730511	AT5G42970	ortholog_one2one
AUR62014895	110693693	AT5G42970	ortholog_one2one
AUR62004603	110725084	AT1G72150	ortholog_many2many
AUR62004603	110725084	AT1G22530	ortholog_many2many
AUR62004603	110714402	AT1G72150	ortholog_many2many
AUR62004603	110714402	AT1G22530	ortholog_many2many
AUR62002701	110704633	AT5G50960	ortholog_one2many
AUR62038703	110730700	AT1G66330	ortholog_one2many
AUR62009884	110684379	AT3G47640	ortholog_one2many
AUR62039693	110683153	AT5G11600	ortholog_one2many
AUR62022622	110731592	AT1G01470	ortholog_one2many
AUR62006192	110729553	AT5G28390	ortholog_many2many
AUR62006192	110729553	AT3G52660	ortholog_many2many
AUR62009860	110684352	AT3G13940	ortholog_one2many
AUR62016887	110705226	AT2G14960	ortholog_one2one
AUR62003659	110682075	AT5G10480	ortholog_one2one
AUR62003083	110721696	AT1G69200	ortholog_one2many
AUR62009215	110705515	AT2G25880	ortholog_many2many
AUR62009215	110705515	AT4G32830	ortholog_many2many
AUR62009728	110684217	AT2G30370	ortholog_one2many
AUR62039255	110738209	AT1G10090	ortholog_one2many
AUR62039255	110738209	AT1G58520	ortholog_one2many
AUR62039255	110697306	AT1G10090	ortholog_one2many
AUR62039255	110697306	AT1G58520	ortholog_one2many
AUR62006657	110701094	AT3G02790	ortholog_many2many
AUR62006657	110701094	AT5G16470	ortholog_many2many
AUR62000428	110736528	AT1G56590	ortholog_one2many
AUR62028352	110721870	AT5G17420	ortholog_one2many
AUR62018572	110714075	AT2G39460	ortholog_many2many
AUR62018572	110714075	AT3G55280	ortholog_many2many
AUR62018572	110711678	AT2G39460	ortholog_many2many
AUR62018572	110711678	AT3G55280	ortholog_many2many
AUR62018572	110701932	AT2G39460	ortholog_many2many
AUR62018572	110701932	AT3G55280	ortholog_many2many
AUR62018572	110695759	AT2G39460	ortholog_many2many
AUR62018572	110695759	AT3G55280	ortholog_many2many
AUR62018572	110691875	AT2G39460	ortholog_many2many
AUR62018572	110691875	AT3G55280	ortholog_many2many
AUR62026523	110713867	AT1G59900	ortholog_one2many
AUR62036769	110703656	AT1G41830	ortholog_one2many
AUR62000229	110736336	AT5G19485	ortholog_one2many
AUR62001163	110687803	AT5G48580	ortholog_one2one
AUR62001654	110688275	AT5G58787	ortholog_many2many
AUR62001654	110688275	AT3G47160	ortholog_many2many
AUR62030717	110733831	AT1G78190	ortholog_many2many
AUR62030717	110733831	AT1G22270	ortholog_many2many
AUR62039644	110722204	AT1G18620	ortholog_many2many
AUR62039644	110722204	AT1G74160	ortholog_many2many
AUR62039644	110700731	AT1G18620	ortholog_many2many
AUR62039644	110700731	AT1G74160	ortholog_many2many
AUR62005677	110711532	AT5G13160	ortholog_one2one
AUR62008638	110727873	AT4G02440	ortholog_one2many
AUR62020974	110714947	AT5G04200	ortholog_one2many
AUR62006201	110732161	AT2G36210	ortholog_one2many
AUR62014777	110693577	AT3G54280	ortholog_one2many
AUR62009111	110728400	AT4G33060	ortholog_one2many
AUR62009111	110705403	AT4G33060	ortholog_one2many
AUR62020614	110710460	AT4G31410	ortholog_one2many
AUR62034501	110723257	AT5G04710	ortholog_one2many
AUR62006430	110731615	AT5G01910	ortholog_one2many
AUR62003171	110722643	AT3G50685	ortholog_one2many
AUR62019889	110722741	AT4G24050	ortholog_many2many
AUR62019889	110722741	AT1G64590	ortholog_many2many
AUR62006990	110701406	AT5G38890	ortholog_one2one
AUR62013301	110725584	AT5G35200	ortholog_one2one
AUR62020878	110714918	AT4G14050	ortholog_one2many
AUR62042720	110737969	AT1G10890	ortholog_one2many
AUR62000766	110736857	AT3G05500	ortholog_one2one
AUR62018552	110711793	AT1G11400	ortholog_one2many
AUR62020283	110720826	AT2G26310	ortholog_one2one
AUR62001703	110688325	AT3G46960	ortholog_one2many
AUR62029221	110730930	AT5G60760	ortholog_many2many
AUR62029221	110730930	AT3G45090	ortholog_many2many
AUR62025590	110726675	AT5G49830	ortholog_one2many
AUR62003336	110724390	AT2G16740	ortholog_one2many
AUR62035093	110692352	AT5G55240	ortholog_one2many
AUR62035093	110692352	AT4G26740	ortholog_one2many
AUR62016379	110703271	AT1G80210	ortholog_one2many
AUR62016379	110703271	AT3G06820	ortholog_one2many
AUR62022307	110696452	AT1G71800	ortholog_one2many
AUR62001001	110737077	AT3G04720	ortholog_one2one
AUR62042808	110703732	AT1G30870	ortholog_one2many
AUR62006193	110729564	AT2G35020	ortholog_many2many
AUR62006193	110729564	AT1G31070	ortholog_many2many
AUR62011682	110698809	AT1G52190	ortholog_many2many
AUR62011682	110698809	AT3G16180	ortholog_many2many
AUR62018185	110735106	AT3G29400	ortholog_one2many
AUR62008700	110727928	AT1G02790	ortholog_one2many
AUR62003788	110682567	AT5G65030	ortholog_many2many
AUR62003788	110682567	AT5G10210	ortholog_many2many
AUR62044250	110728195	AT1G25450	ortholog_many2many
AUR62044250	110728195	AT1G68530	ortholog_many2many
AUR62001679	110688294	AT2G29640	ortholog_one2many
AUR62028625	110727499	AT2G46910	ortholog_one2many
AUR62028625	110700245	AT2G46910	ortholog_one2many
AUR62023348	110720443	AT2G44530	ortholog_one2many
AUR62018719	110730188	AT5G46800	ortholog_one2many
AUR62036854	110699018	AT4G35090	ortholog_one2many
AUR62004176	110714265	AT2G45200	ortholog_one2many
AUR62029950	110702974	AT1G18060	ortholog_one2many
AUR62020567	110710397	AT5G26170	ortholog_one2many
AUR62003111	110722002	AT1G26460	ortholog_one2many
AUR62031387	110693837	AT4G25620	ortholog_one2many
AUR62031387	110693837	AT5G52430	ortholog_one2many
AUR62011599	110698722	AT1G15550	ortholog_one2many
AUR62011599	110698722	AT1G80330	ortholog_one2many
AUR62011599	110698722	AT1G80340	ortholog_one2many
AUR62023641	110725345	AT1G77660	ortholog_many2many
AUR62023641	110725345	AT1G21920	ortholog_many2many
AUR62009108	110705400	AT1G05320	ortholog_many2many
AUR62009108	110705400	AT2G32240	ortholog_many2many
AUR62032838	110706370	AT1G13980	ortholog_one2many
AUR62033854	110686391	AT1G47271	ortholog_one2many
AUR62006916	110701329	AT5G08710	ortholog_one2many
AUR62012914	110738259	AT4G38270	ortholog_one2many
AUR62031753	110731793	AT5G22750	ortholog_one2many
AUR62006594	110701028	AT3G13400	ortholog_many2many
AUR62006594	110701028	AT1G55570	ortholog_many2many
AUR62006594	110701028	AT1G55560	ortholog_many2many
AUR62006594	110701028	AT3G13390	ortholog_many2many
AUR62014846	110693640	AT1G03000	ortholog_one2many
AUR62037782	110738998	AT5G37510	ortholog_one2many
AUR62008526	110700699	AT1G47578	ortholog_many2many
AUR62008526	110700699	AT4G31050	ortholog_many2many
AUR62027404	110716917	AT4G15850	ortholog_one2many
AUR62030691	110733810	AT2G35900	ortholog_one2one
AUR62034986	110719921	AT3G12210	ortholog_one2many
AUR62033251	110692293	AT1G66130	ortholog_one2many
AUR62003543	110681955	AT3G22150	ortholog_one2one
AUR62014312	110724602	AT1G77460	ortholog_many2many
AUR62014312	110724602	AT1G44120	ortholog_many2many
AUR62005561	110710357	AT3G26000	ortholog_one2many
AUR62021753	110726520	AT1G18900	ortholog_many2many
AUR62021753	110726520	AT1G74750	ortholog_many2many
AUR62025582	110726667	AT3G21200	ortholog_one2one
AUR62025582	110687987	AT3G21200	ortholog_one2one
AUR62042933	110738004	AT3G16060	ortholog_one2many
AUR62040917	110704552	AT5G28910	ortholog_one2many
AUR62040917	110704552	AT5G28960	ortholog_one2many
AUR62003730	110682143	AT5G65970	ortholog_many2many
AUR62003730	110682143	AT2G17480	ortholog_many2many
AUR62003730	110682143	AT2G17430	ortholog_many2many
AUR62014727	110693535	AT4G21560	ortholog_many2many
AUR62014727	110693535	AT4G05000	ortholog_many2many
AUR62015580	110689438	AT2G32830	ortholog_one2many
AUR62035534	110700682	AT5G20610	ortholog_one2many
AUR62002230	110717707	AT5G61510	ortholog_one2many
AUR62020452	110720967	AT2G30670	ortholog_many2many
AUR62020452	110720967	AT2G29360	ortholog_many2many
AUR62020452	110720967	AT1G07440	ortholog_many2many
AUR62020452	110720967	AT2G29340	ortholog_many2many
AUR62020452	110720967	AT2G29330	ortholog_many2many
AUR62020452	110720967	AT2G29310	ortholog_many2many
AUR62020452	110720967	AT1G07450	ortholog_many2many
AUR62020452	110720967	AT2G29320	ortholog_many2many
AUR62020452	110720967	AT2G29170	ortholog_many2many
AUR62020452	110720967	AT2G29290	ortholog_many2many
AUR62020452	110720967	AT2G29150	ortholog_many2many
AUR62020452	110720967	AT2G29370	ortholog_many2many
AUR62020452	110720967	AT2G29300	ortholog_many2many
AUR62020452	110720967	AT2G29350	ortholog_many2many
AUR62005828	110712959	AT2G03210	ortholog_many2many
AUR62005828	110712959	AT2G15350	ortholog_many2many
AUR62005828	110712959	AT2G15370	ortholog_many2many
AUR62005828	110712959	AT2G03220	ortholog_many2many
AUR62005828	110712959	AT1G14100	ortholog_many2many
AUR62005828	110712959	AT2G15390	ortholog_many2many
AUR62005828	110712959	AT1G14110	ortholog_many2many
AUR62005828	110712959	AT1G14080	ortholog_many2many
AUR62020006	110722851	AT2G12550	ortholog_one2one
AUR62035213	110691201	AT1G13390	ortholog_many2many
AUR62035213	110691201	AT1G68490	ortholog_many2many
AUR62017591	110701962	AT2G42980	ortholog_one2many
AUR62017591	110701962	AT3G59080	ortholog_one2many
AUR62033318	110685316	AT4G00670	ortholog_one2many
AUR62040044	110717269	AT3G09690	ortholog_one2many
AUR62040044	110717269	AT5G02970	ortholog_one2many
AUR62040021	110717257	AT3G53320	ortholog_many2many
AUR62040021	110717257	AT2G37070	ortholog_many2many
AUR62018375	110711607	AT4G09550	ortholog_one2many
AUR62018375	110711607	AT1G73790	ortholog_one2many
AUR62009668	110684157	AT5G58450	ortholog_one2many
AUR62011877	110734364	AT2G38940	ortholog_many2many
AUR62011877	110734364	AT3G54700	ortholog_many2many
AUR62009127	110705426	AT4G33040	ortholog_many2many
AUR62009127	110705426	AT5G11930	ortholog_many2many
AUR62014872	110693676	AT1G17070	ortholog_many2many
AUR62014872	110693676	AT2G42330	ortholog_many2many
AUR62007146	110732394	AT3G11730	ortholog_one2many
AUR62029150	110730869	AT3G44890	ortholog_one2one
AUR62018666	110730138	AT1G48600	ortholog_many2many
AUR62018666	110730138	AT3G18000	ortholog_many2many
AUR62017388	110702593	AT4G22740	ortholog_one2one
AUR62017646	110702024	AT3G19900	ortholog_one2one
AUR62022989	110699380	AT5G58390	ortholog_many2many
AUR62022989	110699380	AT5G58400	ortholog_many2many
AUR62007548	110685770	AT3G49730	ortholog_many2many
AUR62007548	110685770	AT5G65820	ortholog_many2many
AUR62020439	110720954	AT1G50700	ortholog_one2many
AUR62020439	110720954	AT3G20410	ortholog_one2many
AUR62008962	110728172	AT2G04400	ortholog_many2many
AUR62008962	110728172	AT5G48220	ortholog_many2many
AUR62027860	110706679	AT4G24620	ortholog_one2many
AUR62018188	110735112	AT3G02120	ortholog_one2many
AUR62003003	110695090	AT5G22410	ortholog_one2many
AUR62017027	110706921	AT1G28260	ortholog_one2many
AUR62001490	110688098	AT1G72640	ortholog_one2many
AUR62020018	110688385	AT2G29130	ortholog_one2many
AUR62037609	110734058	AT3G04560	ortholog_one2many
AUR62028616	110727489	AT2G44040	ortholog_many2many
AUR62028616	110727489	AT3G59890	ortholog_many2many
AUR62001743	110688372	AT5G59260	ortholog_many2many
AUR62001743	110688372	AT5G59270	ortholog_many2many
AUR62024136	110712355	AT1G27910	ortholog_many2many
AUR62024136	110712355	AT1G24330	ortholog_many2many
AUR62024136	110712355	AT1G67530	ortholog_many2many
AUR62044767	110734684	AT3G45577	ortholog_many2many
AUR62044767	110734684	AT5G60230	ortholog_many2many
AUR62044767	110734684	AT3G45590	ortholog_many2many
AUR62044767	110700121	AT3G45577	ortholog_many2many
AUR62044767	110700121	AT5G60230	ortholog_many2many
AUR62044767	110700121	AT3G45590	ortholog_many2many
AUR62038745	110696289	AT4G31340	ortholog_many2many
AUR62038745	110696289	AT2G24420	ortholog_many2many
AUR62026539	110713683	AT1G69980	ortholog_one2one
AUR62030688	110733807	AT3G11700	ortholog_many2many
AUR62030688	110733807	AT5G05650	ortholog_many2many
AUR62030688	110733807	AT2G35860	ortholog_many2many
AUR62030688	110733807	AT5G06390	ortholog_many2many
AUR62030688	110733807	AT3G52370	ortholog_many2many
AUR62035028	110720037	AT5G02780	ortholog_many2many
AUR62035028	110720037	AT5G02790	ortholog_many2many
AUR62035028	110720037	AT3G55040	ortholog_many2many
AUR62025448	110689717	AT5G44030	ortholog_one2many
AUR62016991	110706890	AT4G04930	ortholog_one2many
AUR62029704	110690659	AT3G51620	ortholog_one2many
AUR62032889	110716273	AT5G08570	ortholog_many2many
AUR62032889	110716273	AT5G63680	ortholog_many2many
AUR62030774	110733888	AT1G79390	ortholog_one2one
AUR62027317	110692805	AT3G48960	ortholog_many2many
AUR62027317	110692805	AT5G23900	ortholog_many2many
AUR62027317	110692805	AT3G49010	ortholog_many2many
AUR62042047	110733955	AT3G17760	ortholog_one2many
AUR62014572	110724886	AT3G13610	ortholog_many2many
AUR62014572	110724886	AT1G55290	ortholog_many2many
AUR62030661	110723152	AT5G25490	ortholog_one2one
AUR62030661	110704505	AT5G25490	ortholog_one2one
AUR62032794	110706324	AT1G14205	ortholog_one2many
AUR62011984	110734456	AT4G02700	ortholog_many2many
AUR62011984	110734456	AT3G51895	ortholog_many2many
AUR62034651	110697881	AT1G03020	ortholog_many2many
AUR62034651	110697881	AT3G62930	ortholog_many2many
AUR62021806	110731200	AT5G47750	ortholog_one2one
AUR62014869	110693674	AT5G46090	ortholog_one2many
AUR62014869	110693674	AT4G18425	ortholog_one2many
AUR62024296	110712591	AT1G70570	ortholog_one2many
AUR62025327	110721852	AT3G16080	ortholog_many2many
AUR62025327	110721852	AT1G52300	ortholog_many2many
AUR62025327	110715848	AT3G16080	ortholog_many2many
AUR62025327	110715848	AT1G52300	ortholog_many2many
AUR62025327	110703361	AT3G16080	ortholog_many2many
AUR62025327	110703361	AT1G52300	ortholog_many2many
AUR62029313	110693201	AT5G54290	ortholog_one2one
AUR62008422	110700602	AT3G47520	ortholog_one2many
AUR62040257	110717064	AT4G37550	ortholog_many2many
AUR62040257	110717064	AT4G37560	ortholog_many2many
AUR62004427	110714129	AT1G56550	ortholog_many2many
AUR62004427	110714129	AT4G01220	ortholog_many2many
AUR62004427	110714129	AT4G01750	ortholog_many2many
AUR62004427	110714129	AT4G01770	ortholog_many2many
AUR62037163	110740326	AT5G21170	ortholog_one2many
AUR62037214	110716373	AT3G07530	ortholog_one2one
AUR62021757	110726524	AT1G18940	ortholog_many2many
AUR62021757	110726524	AT1G74780	ortholog_many2many
AUR62021757	110726524	AT2G34355	ortholog_many2many
AUR62021757	110726524	AT2G34350	ortholog_many2many
AUR62016433	110703106	AT1G80440	ortholog_many2many
AUR62016433	110703106	AT1G15670	ortholog_many2many
AUR62035844	110728837	AT1G29670	ortholog_many2many
AUR62035844	110728837	AT1G29660	ortholog_many2many
AUR62035844	110728837	AT4G18970	ortholog_many2many
AUR62035844	110728837	AT5G45670	ortholog_many2many
AUR62012924	110738325	AT4G38360	ortholog_one2many
AUR62025028	110711816	AT5G60210	ortholog_one2many
AUR62033087	110713220	AT5G16690	ortholog_one2many
AUR62020755	110710180	AT5G58110	ortholog_one2many
AUR62037268	110715091	AT2G01220	ortholog_many2many
AUR62037268	110715091	AT3G27610	ortholog_many2many
AUR62042847	110694019	AT3G54850	ortholog_one2many
AUR62042847	110685455	AT3G54850	ortholog_one2many
AUR62013028	110739182	AT1G68010	ortholog_one2many
AUR62009753	110684240	AT2G27480	ortholog_one2many
AUR62013657	110721451	AT2G45260	ortholog_many2many
AUR62013657	110721451	AT4G34080	ortholog_many2many
AUR62013657	110721451	AT4G33320	ortholog_many2many
AUR62013657	110721451	AT4G36100	ortholog_many2many
AUR62011819	110734308	AT4G02075	ortholog_one2many
AUR62011819	110734308	AT1G02610	ortholog_one2many
AUR62011819	110733056	AT4G02075	ortholog_one2many
AUR62011819	110733056	AT1G02610	ortholog_one2many
AUR62003159	110722522	AT3G50660	ortholog_one2many
AUR62002152	110718235	AT4G14340	ortholog_many2many
AUR62002152	110718235	AT3G23340	ortholog_many2many
AUR62039306	110732037	AT5G58030	ortholog_one2many
AUR62039306	110696571	AT5G58030	ortholog_one2many
AUR62020536	110721028	AT1G11590	ortholog_one2many
AUR62020536	110721028	AT1G44980	ortholog_one2many
AUR62020536	110721028	AT1G11370	ortholog_one2many
AUR62020536	110721028	AT4G03930	ortholog_one2many
AUR62020536	110721028	AT3G27980	ortholog_one2many
AUR62020536	110721028	AT1G11580	ortholog_one2many
AUR62024284	110712351	AT5G38030	ortholog_many2many
AUR62024284	110712351	AT1G23300	ortholog_many2many
AUR62024284	110712351	AT3G26590	ortholog_many2many
AUR62024284	110712351	AT1G12950	ortholog_many2many
AUR62036844	110699013	AT1G61520	ortholog_one2many
AUR62022845	110733408	AT3G11270	ortholog_one2many
AUR62022845	110733408	AT5G05780	ortholog_one2many
AUR62022845	110699239	AT3G11270	ortholog_one2many
AUR62022845	110699239	AT5G05780	ortholog_one2many
AUR62008064	110700261	AT5G48385	ortholog_one2many
AUR62037475	110695565	AT3G01400	ortholog_many2many
AUR62037475	110695565	AT5G58680	ortholog_many2many
AUR62015565	110689425	AT1G06200	ortholog_many2many
AUR62015565	110689425	AT2G31140	ortholog_many2many
AUR62043315	110703712	AT5G58180	ortholog_many2many
AUR62043315	110703712	AT5G58060	ortholog_many2many
AUR62043315	110683276	AT5G58180	ortholog_many2many
AUR62043315	110683276	AT5G58060	ortholog_many2many
AUR62004107	110682546	AT2G18140	ortholog_many2many
AUR62004107	110682546	AT2G18150	ortholog_many2many
AUR62004107	110682546	AT3G50990	ortholog_many2many
AUR62004107	110682546	AT4G36430	ortholog_many2many
AUR62004107	110682546	AT5G66390	ortholog_many2many
AUR62018246	110735168	AT5G16780	ortholog_one2one
AUR62002768	110713794	AT1G15170	ortholog_many2many
AUR62002768	110713794	AT1G15160	ortholog_many2many
AUR62002768	110713794	AT1G15150	ortholog_many2many
AUR62002768	110713794	AT1G15180	ortholog_many2many
AUR62006407	110731395	AT5G64060	ortholog_many2many
AUR62006407	110731395	AT5G09330	ortholog_many2many
AUR62000952	110737031	AT5G27950	ortholog_one2one
AUR62004217	110714081	AT4G00200	ortholog_one2many
AUR62000834	110736927	AT3G05327	ortholog_one2one
AUR62001059	110737134	AT3G04610	ortholog_one2one
AUR62014594	110693426	AT4G04510	ortholog_many2many
AUR62014594	110693426	AT4G04540	ortholog_many2many
AUR62014594	110693426	AT4G04500	ortholog_many2many
AUR62014594	110693426	AT4G04490	ortholog_many2many
AUR62014594	110693426	AT4G04570	ortholog_many2many
AUR62007624	110685851	AT3G51000	ortholog_one2many
AUR62005515	110709873	AT5G40580	ortholog_many2many
AUR62005515	110709873	AT3G27430	ortholog_many2many
AUR62003763	110682181	AT4G39820	ortholog_one2many
AUR62022672	110731461	AT4G37660	ortholog_one2many
AUR62008461	110700635	AT5G61370	ortholog_one2many
AUR62007578	110685805	AT4G36550	ortholog_one2many
AUR62001086	110687718	AT4G13150	ortholog_one2many
AUR62002178	110718295	AT2G33410	ortholog_many2many
AUR62002178	110718295	AT4G14300	ortholog_many2many
AUR62009686	110684178	AT5G07590	ortholog_one2many
AUR62002658	110699843	AT4G21070	ortholog_one2many
AUR62017721	110702103	AT5G23270	ortholog_many2many
AUR62017721	110702103	AT1G50310	ortholog_many2many
AUR62017721	110702103	AT3G19930	ortholog_many2many
AUR62017721	110702103	AT3G19940	ortholog_many2many
AUR62021718	110726242	AT3G47710	ortholog_one2one
AUR62021718	110700562	AT3G47710	ortholog_one2one
AUR62002455	110718010	AT2G43870	ortholog_many2many
AUR62002455	110718010	AT3G59850	ortholog_many2many
AUR62036970	110726122	AT5G61790	ortholog_one2many
AUR62036970	110726122	AT5G07340	ortholog_one2many
AUR62007778	110686004	AT1G13550	ortholog_many2many
AUR62007778	110686004	AT1G13510	ortholog_many2many
AUR62007778	110686004	AT1G13480	ortholog_many2many
AUR62007778	110686004	AT1G13540	ortholog_many2many
AUR62007778	110686004	AT1G13490	ortholog_many2many
AUR62007778	110686004	AT1G13470	ortholog_many2many
AUR62007778	110686004	AT1G13530	ortholog_many2many
AUR62007778	110686004	AT1G13500	ortholog_many2many
AUR62007778	110686004	AT1G13520	ortholog_many2many
AUR62020561	110710169	AT4G33110	ortholog_many2many
AUR62020561	110710169	AT4G33120	ortholog_many2many
AUR62008075	110727531	AT3G07490	ortholog_many2many
AUR62008075	110727531	AT4G12860	ortholog_many2many
AUR62008075	110700276	AT3G07490	ortholog_many2many
AUR62008075	110700276	AT4G12860	ortholog_many2many
AUR62000830	110736924	AT3G05330	ortholog_one2one
AUR62007753	110685977	AT3G25620	ortholog_one2many
AUR62000835	110736926	AT5G27540	ortholog_one2many
AUR62000835	110736926	AT3G05310	ortholog_one2many
AUR62024631	110733019	AT1G02370	ortholog_many2many
AUR62024631	110733019	AT4G01990	ortholog_many2many
AUR62012906	110738183	AT5G23320	ortholog_many2many
AUR62012906	110738183	AT5G08335	ortholog_many2many
AUR62039540	110699946	AT1G23220	ortholog_one2one
AUR62002797	110716822	AT2G01170	ortholog_one2many
AUR62035601	110738881	AT1G08560	ortholog_one2many
AUR62013883	110721668	AT3G43920	ortholog_one2many
AUR62034655	110697842	AT3G57430	ortholog_one2many
AUR62036914	110726079	AT5G08170	ortholog_one2one
AUR62027921	110683715	AT3G49080	ortholog_one2many
AUR62040240	110717084	AT3G49890	ortholog_one2many
AUR62022577	110731545	AT1G01610	ortholog_many2many
AUR62022577	110731545	AT4G00400	ortholog_many2many
AUR62024174	110712584	AT3G26000	ortholog_one2many
AUR62033209	110692233	AT4G35280	ortholog_many2many
AUR62033209	110692233	AT2G17180	ortholog_many2many
AUR62030716	110733830	AT3G11820	ortholog_many2many
AUR62030716	110733830	AT3G52400	ortholog_many2many
AUR62002690	110728516	AT2G32060	ortholog_many2many
AUR62002690	110728516	AT1G15930	ortholog_many2many
AUR62002690	110702995	AT2G32060	ortholog_many2many
AUR62002690	110702995	AT1G15930	ortholog_many2many
AUR62002690	110702905	AT2G32060	ortholog_many2many
AUR62002690	110702905	AT1G15930	ortholog_many2many
AUR62027810	110706625	AT1G22460	ortholog_one2many
AUR62004642	110714233	AT4G09570	ortholog_many2many
AUR62004642	110714233	AT1G35670	ortholog_many2many
AUR62014263	110694504	AT5G04240	ortholog_one2many
AUR62032816	110706348	AT1G69490	ortholog_one2many
AUR62016428	110703322	AT5G39390	ortholog_one2many
AUR62006506	110700929	AT5G60220	ortholog_many2many
AUR62006506	110700929	AT3G45600	ortholog_many2many
AUR62001633	110688249	AT5G58620	ortholog_one2many
AUR62003946	110682367	AT4G37380	ortholog_one2one
AUR62021923	110687524	AT4G22030	ortholog_many2many
AUR62021923	110687524	AT4G04480	ortholog_many2many
AUR62005873	110714609	AT4G37850	ortholog_many2many
AUR62005873	110714609	AT2G22750	ortholog_many2many
AUR62005873	110714609	AT2G22770	ortholog_many2many
AUR62005873	110714609	AT2G22760	ortholog_many2many
AUR62015263	110689151	AT2G32830	ortholog_one2many
AUR62002271	110717560	AT3G46870	ortholog_one2many
AUR62011672	110698796	AT1G79820	ortholog_one2many
AUR62007318	110732571	AT5G07860	ortholog_many2many
AUR62007318	110732571	AT5G07850	ortholog_many2many
AUR62007318	110732571	AT5G42830	ortholog_many2many
AUR62007318	110732571	AT5G07870	ortholog_many2many
AUR62042807	110703733	AT1G30880	ortholog_one2one
AUR62009313	110705606	AT4G32760	ortholog_one2many
AUR62011777	110734267	AT4G01970	ortholog_one2many
AUR62037642	110722396	AT1G79550	ortholog_one2many
AUR62007241	110732495	AT2G35330	ortholog_many2many
AUR62007241	110732495	AT1G32530	ortholog_many2many
AUR62026026	110707271	AT2G41835	ortholog_one2many
AUR62026026	110707271	AT3G57480	ortholog_one2many
AUR62022808	110699197	AT3G55700	ortholog_many2many
AUR62022808	110699197	AT3G55710	ortholog_many2many
AUR62022483	110696612	AT1G27770	ortholog_one2many
AUR62036438	110735488	AT1G80750	ortholog_one2many
AUR62017514	110701892	AT2G05120	ortholog_one2one
AUR62021755	110726579	AT3G47870	ortholog_one2one
AUR62017017	110706914	AT2G33760	ortholog_one2one
AUR62037903	110709279	AT2G36610	ortholog_one2one
AUR62037903	110704297	AT2G36610	ortholog_one2one
AUR62023871	110738812	AT1G23130	ortholog_many2many
AUR62023871	110738812	AT5G28000	ortholog_many2many
AUR62023871	110738812	AT1G70890	ortholog_many2many
AUR62023871	110738812	AT1G70840	ortholog_many2many
AUR62023871	110738812	AT1G35310	ortholog_many2many
AUR62023871	110738812	AT1G70860	ortholog_many2many
AUR62023871	110738812	AT1G70850	ortholog_many2many
AUR62023871	110738812	AT1G70880	ortholog_many2many
AUR62023871	110738812	AT1G70830	ortholog_many2many
AUR62023871	110738812	AT1G35260	ortholog_many2many
AUR62023871	110738812	AT5G28010	ortholog_many2many
AUR62007876	110686077	AT2G14920	ortholog_many2many
AUR62007876	110686077	AT1G28170	ortholog_many2many
AUR62007876	110686077	AT2G03770	ortholog_many2many
AUR62007876	110686077	AT2G03750	ortholog_many2many
AUR62007876	110686077	AT1G13420	ortholog_many2many
AUR62007876	110686077	AT5G43690	ortholog_many2many
AUR62007876	110686077	AT2G03760	ortholog_many2many
AUR62007876	110686077	AT1G13430	ortholog_many2many
AUR62007876	110686077	AT4G26280	ortholog_many2many
AUR62007876	110686077	AT2G27570	ortholog_many2many
AUR62007876	110686077	AT3G45080	ortholog_many2many
AUR62007876	110686077	AT3G45070	ortholog_many2many
AUR62022567	110731538	AT1G01695	ortholog_many2many
AUR62022567	110731538	AT4G00440	ortholog_many2many
AUR62036878	110726051	AT1G42440	ortholog_one2many
AUR62036878	110699039	AT1G42440	ortholog_one2many
AUR62017073	110706970	AT5G55620	ortholog_one2many
AUR62001685	110688303	AT5G23310	ortholog_one2many
AUR62002799	110716989	AT1G15080	ortholog_one2many
AUR62024657	110733050	AT3G06290	ortholog_one2many
AUR62027947	110683729	AT1G35550	ortholog_many2many
AUR62027947	110683729	AT1G07920	ortholog_many2many
AUR62027947	110683729	AT1G07940	ortholog_many2many
AUR62027947	110683729	AT5G60390	ortholog_many2many
AUR62027947	110683729	AT1G07930	ortholog_many2many
AUR62038339	110738150	AT2G19730	ortholog_many2many
AUR62038339	110738150	AT4G29410	ortholog_many2many
AUR62033253	110692295	AT5G35320	ortholog_one2one
AUR62037896	110709252	AT2G36570	ortholog_one2many
AUR62022926	110699316	AT5G05510	ortholog_one2one
AUR62029379	110693270	AT1G53000	ortholog_one2one
AUR62019908	110722760	AT4G24090	ortholog_one2many
AUR62024996	110711819	AT3G53390	ortholog_many2many
AUR62024996	110711819	AT2G37160	ortholog_many2many
AUR62035297	110692456	AT1G64760	ortholog_many2many
AUR62035297	110692456	AT3G04010	ortholog_many2many
AUR62035297	110692456	AT5G18220	ortholog_many2many
AUR62035297	110692456	AT2G19440	ortholog_many2many
AUR62039264	110738216	AT5G49480	ortholog_one2one
AUR62042379	110710080	AT4G32660	ortholog_one2one
AUR62020144	110683473	AT1G07210	ortholog_one2many
AUR62033530	110729344	AT3G52880	ortholog_one2one
AUR62003961	110682382	AT4G34290	ortholog_one2many
AUR62003961	110682382	AT2G14880	ortholog_one2many
AUR62018793	110730255	AT5G47030	ortholog_one2many
AUR62026347	110730491	AT2G38460	ortholog_many2many
AUR62026347	110730491	AT5G03570	ortholog_many2many
AUR62026347	110698109	AT2G38460	ortholog_many2many
AUR62026347	110698109	AT5G03570	ortholog_many2many
AUR62002770	110714001	AT2G01130	ortholog_one2many
AUR62028658	110727540	AT3G25420	ortholog_many2many
AUR62028658	110727540	AT4G12910	ortholog_many2many
AUR62036814	110694980	AT1G03290	ortholog_many2many
AUR62036814	110694980	AT4G02880	ortholog_many2many
AUR62004527	110714003	AT2G46600	ortholog_one2many
AUR62041944	110704010	AT5G14460	ortholog_one2one
AUR62041167	110684501	AT3G20630	ortholog_one2many
AUR62037770	110738990	AT3G60500	ortholog_many2many
AUR62037770	110738990	AT3G12990	ortholog_many2many
AUR62023239	110720330	AT3G03341	ortholog_one2many
AUR62034357	110682792	AT4G16340	ortholog_one2many
AUR62004469	110714463	AT4G01040	ortholog_one2many
AUR62037017	110730956	AT2G36210	ortholog_one2many
AUR62023786	110738724	AT2G43680	ortholog_many2many
AUR62023786	110738724	AT3G59690	ortholog_many2many
AUR62006816	110701242	AT5G26600	ortholog_one2many
AUR62016795	110718906	AT3G27550	ortholog_one2one
AUR62016795	110705149	AT3G27550	ortholog_one2one
AUR62002049	110718308	AT4G35530	ortholog_one2many
AUR62017143	110710998	AT1G60850	ortholog_one2many
AUR62017143	110710998	AT1G60620	ortholog_one2many
AUR62017143	110707046	AT1G60850	ortholog_one2many
AUR62017143	110707046	AT1G60620	ortholog_one2many
AUR62033738	110694108	AT1G48630	ortholog_many2many
AUR62033738	110694108	AT1G18080	ortholog_many2many
AUR62033738	110694108	AT3G18130	ortholog_many2many
AUR62036280	110688823	AT5G17980	ortholog_one2many
AUR62016740	110705092	AT2G21690	ortholog_many2many
AUR62016740	110705092	AT4G39260	ortholog_many2many
AUR62016740	110705092	AT2G21660	ortholog_many2many
AUR62016740	110698461	AT2G21690	ortholog_many2many
AUR62016740	110698461	AT4G39260	ortholog_many2many
AUR62016740	110698461	AT2G21660	ortholog_many2many
AUR62024044	110699701	AT2G41080	ortholog_one2one
AUR62020408	110723866	AT5G55060	ortholog_one2one
AUR62020408	110720935	AT5G55060	ortholog_one2one
AUR62022424	110696566	AT4G33360	ortholog_one2many
AUR62021937	110731323	AT1G11840	ortholog_one2many
AUR62021937	110703040	AT1G11840	ortholog_one2many
AUR62006060	110725520	AT5G24330	ortholog_one2many
AUR62001297	110687917	AT2G31270	ortholog_many2many
AUR62001297	110687917	AT3G54710	ortholog_many2many
AUR62011945	110734419	AT4G02580	ortholog_one2one
AUR62011945	110728950	AT4G02580	ortholog_one2one
AUR62020350	110720898	AT3G23940	ortholog_one2many
AUR62008046	110700241	AT2G04039	ortholog_one2many
AUR62008842	110728056	AT1G04180	ortholog_many2many
AUR62008842	110728056	AT5G43890	ortholog_many2many
AUR62008842	110728056	AT4G28720	ortholog_many2many
AUR62023289	110720383	AT5G38290	ortholog_many2many
AUR62023289	110720383	AT5G16140	ortholog_many2many
AUR62022832	110699447	AT3G55780	ortholog_one2one
AUR62042896	110691154	AT2G42600	ortholog_one2many
AUR62018154	110735075	AT5G38410	ortholog_many2many
AUR62018154	110735075	AT1G67090	ortholog_many2many
AUR62018154	110735075	AT5G38430	ortholog_many2many
AUR62018154	110735075	AT5G38420	ortholog_many2many
AUR62004230	110714464	AT1G53345	ortholog_one2many
AUR62024218	110712441	AT3G48340	ortholog_many2many
AUR62024218	110712441	AT2G22160	ortholog_many2many
AUR62024218	110712441	AT3G48350	ortholog_many2many
AUR62043277	110738455	AT3G21540	ortholog_one2one
AUR62043277	110682758	AT3G21540	ortholog_one2one
AUR62005679	110711556	AT5G43280	ortholog_one2one
AUR62004344	110713986	AT2G45870	ortholog_many2many
AUR62004344	110713986	AT3G61320	ortholog_many2many
AUR62030273	110710520	AT4G04614	ortholog_one2one
AUR62011968	110734442	AT5G43830	ortholog_one2many
AUR62011968	110734442	AT3G22850	ortholog_one2many
AUR62037168	110740332	AT2G27080	ortholog_many2many
AUR62037168	110740332	AT5G21130	ortholog_many2many
AUR62037088	110700049	AT5G45010	ortholog_many2many
AUR62037088	110700049	AT1G64750	ortholog_many2many
AUR62022891	110733449	AT3G11180	ortholog_many2many
AUR62022891	110733449	AT3G55970	ortholog_many2many
AUR62022891	110733449	AT5G05600	ortholog_many2many
AUR62022891	110699285	AT3G11180	ortholog_many2many
AUR62022891	110699285	AT3G55970	ortholog_many2many
AUR62022891	110699285	AT5G05600	ortholog_many2many
AUR62004353	110714071	AT4G23340	ortholog_one2many
AUR62037759	110738981	AT5G40700	ortholog_many2many
AUR62037759	110738981	AT3G01710	ortholog_many2many
AUR62037759	110738981	AT3G27350	ortholog_many2many
AUR62019888	110722740	AT4G24040	ortholog_one2many
AUR62023363	110720457	AT3G20230	ortholog_one2many
AUR62024599	110732992	AT2G47210	ortholog_one2one
AUR62005662	110711454	AT1G14780	ortholog_one2one
AUR62033656	110713434	AT1G09620	ortholog_one2many
AUR62027208	110692697	AT5G58250	ortholog_one2many
AUR62020367	110723651	AT4G35210	ortholog_many2many
AUR62020367	110723651	AT4G35200	ortholog_many2many
AUR62020367	110723651	AT2G17080	ortholog_many2many
AUR62020367	110723651	AT2G17070	ortholog_many2many
AUR62020367	110720686	AT4G35210	ortholog_many2many
AUR62020367	110720686	AT4G35200	ortholog_many2many
AUR62020367	110720686	AT2G17080	ortholog_many2many
AUR62020367	110720686	AT2G17070	ortholog_many2many
AUR62005495	110707140	AT2G02390	ortholog_many2many
AUR62005495	110707140	AT2G02380	ortholog_many2many
AUR62029417	110694644	AT3G01980	ortholog_one2many
AUR62019435	110737660	AT1G53140	ortholog_one2many
AUR62005833	110712993	AT1G14030	ortholog_one2many
AUR62000423	110736524	AT5G49600	ortholog_one2many
AUR62022986	110699377	AT2G40460	ortholog_one2one
AUR62002272	110717558	AT1G74260	ortholog_one2many
AUR62002272	110697828	AT1G74260	ortholog_one2many
AUR62002440	110718274	AT1G05675	ortholog_many2many
AUR62002440	110718274	AT2G31790	ortholog_many2many
AUR62002440	110718274	AT1G05680	ortholog_many2many
AUR62002440	110718274	AT2G31750	ortholog_many2many
AUR62003431	110681833	AT3G10940	ortholog_one2one
AUR62000803	110736891	AT5G27620	ortholog_one2one
AUR62028304	110721825	AT1G19130	ortholog_one2many
AUR62020538	110723500	AT4G28485	ortholog_one2many
AUR62020538	110720802	AT4G28485	ortholog_one2many
AUR62027204	110692693	AT4G40060	ortholog_many2many
AUR62027204	110692693	AT5G65310	ortholog_many2many
AUR62027204	110692693	AT2G22430	ortholog_many2many
AUR62000120	110736218	AT1G51350	ortholog_one2one
AUR62002239	110717345	AT4G25150	ortholog_many2many
AUR62002239	110717345	AT5G51260	ortholog_many2many
AUR62033664	110713387	AT3G22620	ortholog_many2many
AUR62033664	110713387	AT1G05450	ortholog_many2many
AUR62033664	110684826	AT3G22620	ortholog_many2many
AUR62033664	110684826	AT1G05450	ortholog_many2many
AUR62003769	110681701	AT1G78040	ortholog_one2many
AUR62041743	110709118	AT2G30990	ortholog_one2one
AUR62018485	110711639	AT4G33810	ortholog_many2many
AUR62018485	110711639	AT2G14690	ortholog_many2many
AUR62018485	110711639	AT4G33820	ortholog_many2many
AUR62038287	110722917	AT1G08230	ortholog_one2many
AUR62008903	110728115	AT4G13190	ortholog_one2many
AUR62017732	110702115	AT3G19970	ortholog_one2many
AUR62001145	110687786	AT3G25180	ortholog_one2many
AUR62004311	110714237	AT4G00585	ortholog_one2many
AUR62026104	110707346	AT5G04170	ortholog_one2many
AUR62026104	110707346	AT3G10300	ortholog_one2many
AUR62023773	110738709	AT1G21500	ortholog_one2many
AUR62013630	110721423	AT3G60820	ortholog_one2many
AUR62033248	110692288	AT5G57280	ortholog_one2one
AUR62016652	110704999	AT2G33100	ortholog_one2many
AUR62022708	110731690	AT1G35510	ortholog_one2many
AUR62019721	110737923	AT3G27820	ortholog_one2many
AUR62015535	110689391	AT5G46050	ortholog_many2many
AUR62015535	110689391	AT5G46040	ortholog_many2many
AUR62002032	110717691	AT4G39810	ortholog_one2many
AUR62038604	110684905	AT2G32090	ortholog_one2many
AUR62017517	110701895	AT3G07760	ortholog_one2one
AUR62043141	110715224	AT1G23130	ortholog_many2many
AUR62043141	110715224	AT5G28000	ortholog_many2many
AUR62043141	110715224	AT1G70890	ortholog_many2many
AUR62043141	110715224	AT1G70840	ortholog_many2many
AUR62043141	110715224	AT1G35310	ortholog_many2many
AUR62043141	110715224	AT1G70860	ortholog_many2many
AUR62043141	110715224	AT1G70850	ortholog_many2many
AUR62043141	110715224	AT1G70880	ortholog_many2many
AUR62043141	110715224	AT1G70830	ortholog_many2many
AUR62043141	110715224	AT1G35260	ortholog_many2many
AUR62043141	110715224	AT5G28010	ortholog_many2many
AUR62043141	110711335	AT1G23130	ortholog_many2many
AUR62043141	110711335	AT5G28000	ortholog_many2many
AUR62043141	110711335	AT1G70890	ortholog_many2many
AUR62043141	110711335	AT1G70840	ortholog_many2many
AUR62043141	110711335	AT1G35310	ortholog_many2many
AUR62043141	110711335	AT1G70860	ortholog_many2many
AUR62043141	110711335	AT1G70850	ortholog_many2many
AUR62043141	110711335	AT1G70880	ortholog_many2many
AUR62043141	110711335	AT1G70830	ortholog_many2many
AUR62043141	110711335	AT1G35260	ortholog_many2many
AUR62043141	110711335	AT5G28010	ortholog_many2many
AUR62043141	110711336	AT1G23130	ortholog_many2many
AUR62043141	110711336	AT5G28000	ortholog_many2many
AUR62043141	110711336	AT1G70890	ortholog_many2many
AUR62043141	110711336	AT1G70840	ortholog_many2many
AUR62043141	110711336	AT1G35310	ortholog_many2many
AUR62043141	110711336	AT1G70860	ortholog_many2many
AUR62043141	110711336	AT1G70850	ortholog_many2many
AUR62043141	110711336	AT1G70880	ortholog_many2many
AUR62043141	110711336	AT1G70830	ortholog_many2many
AUR62043141	110711336	AT1G35260	ortholog_many2many
AUR62043141	110711336	AT5G28010	ortholog_many2many
AUR62020141	110683469	AT4G38530	ortholog_many2many
AUR62020141	110683469	AT5G58670	ortholog_many2many
AUR62001577	110683546	AT1G08480	ortholog_one2many
AUR62027930	110683723	AT3G55510	ortholog_one2many
AUR62009122	110705416	AT5G11960	ortholog_one2many
AUR62006456	110731938	AT5G01990	ortholog_one2many
AUR62006513	110700932	AT1G07910	ortholog_one2many
AUR62001277	110687894	AT5G50320	ortholog_one2many
AUR62027407	110716953	AT3G54420	ortholog_one2many
AUR62018052	110734984	AT4G22000	ortholog_one2many
AUR62027416	110716827	AT5G57140	ortholog_one2many
AUR62037837	110727218	AT3G26782	ortholog_one2one
AUR62018202	110735124	AT5G39790	ortholog_one2many
AUR62001085	110688624	AT5G48740	ortholog_one2many
AUR62035696	110690007	AT1G27530	ortholog_one2one
AUR62035696	110688679	AT1G27530	ortholog_one2one
AUR62003082	110721688	AT4G30000	ortholog_many2many
AUR62003082	110721688	AT1G69190	ortholog_many2many
AUR62023774	110738708	AT3G59770	ortholog_one2many
AUR62001759	110688391	AT5G59490	ortholog_many2many
AUR62001759	110688391	AT5G59480	ortholog_many2many
AUR62007557	110685603	AT2G22810	ortholog_many2many
AUR62007557	110685603	AT3G49700	ortholog_many2many
AUR62007557	110685603	AT5G65800	ortholog_many2many
AUR62007557	110685603	AT4G37770	ortholog_many2many
AUR62017389	110702594	AT1G62850	ortholog_one2one
AUR62017578	110701948	AT1G04980	ortholog_one2many
AUR62017578	110701948	AT2G32920	ortholog_one2many
AUR62041913	110733525	AT1G12770	ortholog_one2many
AUR62030127	110728428	AT4G03620	ortholog_one2many
AUR62027292	110692776	AT1G31500	ortholog_many2many
AUR62027292	110692776	AT1G31530	ortholog_many2many
AUR62022652	110731621	AT1G35460	ortholog_many2many
AUR62022652	110731621	AT4G09180	ortholog_many2many
AUR62040809	110719788	AT1G20620	ortholog_one2many
AUR62013838	110721633	AT2G15680	ortholog_one2one
AUR62021126	110729595	AT5G24020	ortholog_one2many
AUR62033484	110729158	AT5G20170	ortholog_one2one
AUR62033484	110707905	AT5G20170	ortholog_one2one
AUR62027887	110706706	AT1G77620	ortholog_one2many
AUR62019720	110737922	AT1G17530	ortholog_many2many
AUR62019720	110737922	AT1G72750	ortholog_many2many
AUR62013098	110739809	AT4G34860	ortholog_one2one
AUR62036454	110735460	AT3G52420	ortholog_one2many
AUR62028328	110721846	AT4G33240	ortholog_one2one
AUR62043360	110702254	AT5G25620	ortholog_one2many
AUR62043360	110687026	AT5G25620	ortholog_one2many
AUR62008279	110700454	AT1G27520	ortholog_one2one
AUR62026469	110713805	AT1G69880	ortholog_many2many
AUR62026469	110713805	AT1G59730	ortholog_many2many
AUR62039673	110722239	AT3G03290	ortholog_one2many
AUR62039673	110722239	AT5G17390	ortholog_one2many
AUR62039673	110697224	AT3G03290	ortholog_one2many
AUR62039673	110697224	AT5G17390	ortholog_one2many
AUR62033097	110713125	AT1G48490	ortholog_one2many
AUR62033097	110713125	AT3G17850	ortholog_one2many
AUR62033097	110706140	AT1G48490	ortholog_one2many
AUR62033097	110706140	AT3G17850	ortholog_one2many
AUR62008418	110700598	AT1G74680	ortholog_one2many
AUR62007827	110686034	AT1G26220	ortholog_one2one
AUR62026486	110713863	AT1G05670	ortholog_one2many
AUR62032039	110707516	AT5G50375	ortholog_one2many
AUR62040621	110709165	AT3G10410	ortholog_one2one
AUR62027840	110706660	AT1G12680	ortholog_one2many
AUR62035812	110728820	AT4G25300	ortholog_many2many
AUR62035812	110728820	AT4G25310	ortholog_many2many
AUR62035812	110728820	AT1G78550	ortholog_many2many
AUR62035812	110728820	AT1G17010	ortholog_many2many
AUR62035812	110728820	AT1G17020	ortholog_many2many
AUR62011395	110698535	AT4G34380	ortholog_many2many
AUR62011395	110698535	AT3G18950	ortholog_many2many
AUR62011395	110698535	AT1G49450	ortholog_many2many
AUR62025051	110711848	AT1G05210	ortholog_many2many
AUR62025051	110711848	AT1G05220	ortholog_many2many
AUR62025051	110711848	AT2G32380	ortholog_many2many
AUR62018306	110735223	AT5G39990	ortholog_many2many
AUR62018306	110735223	AT5G15050	ortholog_many2many
AUR62029828	110702856	AT3G48500	ortholog_one2one
AUR62036206	110684611	AT5G22410	ortholog_one2many
AUR62000564	110736667	AT2G01140	ortholog_one2many
AUR62014220	110694463	AT1G58080	ortholog_many2many
AUR62014220	110694463	AT1G09795	ortholog_many2many
AUR62000715	110736799	AT1G09160	ortholog_one2one
AUR62030176	110728540	AT3G55700	ortholog_many2many
AUR62030176	110728540	AT3G55710	ortholog_many2many
AUR62007459	110732728	AT1G62780	ortholog_one2many
AUR62019092	110709793	AT1G58220	ortholog_many2many
AUR62019092	110709793	AT1G09710	ortholog_many2many
AUR62017440	110702640	AT3G26700	ortholog_one2many
AUR62007621	110685850	AT2G18140	ortholog_many2many
AUR62007621	110685850	AT2G18150	ortholog_many2many
AUR62007621	110685850	AT3G50990	ortholog_many2many
AUR62007621	110685850	AT4G36430	ortholog_many2many
AUR62007621	110685850	AT5G66390	ortholog_many2many
AUR62008797	110728018	AT3G28450	ortholog_one2many
AUR62005529	110709998	AT1G24510	ortholog_one2many
AUR62003741	110682157	AT5G65990	ortholog_one2many
AUR62037890	110709248	AT2G37510	ortholog_one2one
AUR62008472	110700645	AT1G18680	ortholog_one2many
AUR62027067	110740031	AT2G05760	ortholog_one2one
AUR62043053	110684543	AT2G25930	ortholog_one2many
AUR62038778	110724398	AT3G01400	ortholog_many2many
AUR62038778	110724398	AT5G58680	ortholog_many2many
AUR62002005	110717812	AT4G39900	ortholog_one2many
AUR62040714	110722317	AT3G11325	ortholog_one2many
AUR62040714	110722317	AT3G11430	ortholog_one2many
AUR62040714	110722317	AT5G06090	ortholog_one2many
AUR62002243	110717700	AT5G51210	ortholog_one2many
AUR62002243	110717700	AT4G25140	ortholog_one2many
AUR62039036	110686269	AT2G15560	ortholog_one2one
AUR62030620	110704463	AT1G15240	ortholog_one2one
AUR62017339	110702544	AT1G12530	ortholog_one2one
AUR62031249	110716735	AT2G19260	ortholog_one2many
AUR62004102	110682539	AT3G50980	ortholog_one2many
AUR62004102	110682539	AT5G66400	ortholog_one2many
AUR62018965	110709675	AT3G07850	ortholog_many2many
AUR62018965	110709675	AT3G14040	ortholog_many2many
AUR62003365	110724753	AT4G36060	ortholog_one2many
AUR62034923	110704181	AT1G71780	ortholog_one2one
AUR62018331	110735244	AT3G28370	ortholog_one2many
AUR62029246	110693148	AT5G54600	ortholog_one2one
AUR62031707	110727125	AT4G20240	ortholog_many2many
AUR62031707	110727125	AT4G20235	ortholog_many2many
AUR62031707	110727125	AT5G42590	ortholog_many2many
AUR62031707	110727125	AT3G48290	ortholog_many2many
AUR62031707	110727125	AT3G48280	ortholog_many2many
AUR62031707	110727125	AT5G24950	ortholog_many2many
AUR62031707	110727125	AT2G30770	ortholog_many2many
AUR62031707	110727125	AT1G11610	ortholog_many2many
AUR62031707	110727125	AT4G13310	ortholog_many2many
AUR62031707	110727125	AT3G48310	ortholog_many2many
AUR62031707	110727125	AT2G30750	ortholog_many2many
AUR62031707	110727125	AT3G48270	ortholog_many2many
AUR62031707	110727125	AT3G48300	ortholog_many2many
AUR62031707	110727125	AT3G48320	ortholog_many2many
AUR62031707	110727125	AT4G13290	ortholog_many2many
AUR62031707	110727125	AT5G24960	ortholog_many2many
AUR62024598	110732990	AT4G16660	ortholog_one2many
AUR62041052	110731973	AT3G12740	ortholog_many2many
AUR62041052	110731973	AT1G54320	ortholog_many2many
AUR62041052	110731973	AT1G16360	ortholog_many2many
AUR62041052	110731973	AT1G79450	ortholog_many2many
AUR62000164	110736266	AT1G50490	ortholog_one2many
AUR62000164	110736266	AT3G20060	ortholog_one2many
AUR62008465	110700808	AT1G74380	ortholog_many2many
AUR62008465	110700808	AT1G18690	ortholog_many2many
AUR62008465	110700808	AT5G07720	ortholog_many2many
AUR62005370	110708527	AT1G70330	ortholog_one2many
AUR62023861	110738798	AT3G59490	ortholog_one2many
AUR62019900	110722750	AT1G64630	ortholog_many2many
AUR62019900	110722750	AT5G41990	ortholog_many2many
AUR62032953	110716296	AT5G23290	ortholog_one2many
AUR62020925	110714965	AT1G10810	ortholog_many2many
AUR62020925	110714965	AT1G60730	ortholog_many2many
AUR62020925	110714965	AT1G60680	ortholog_many2many
AUR62020925	110714965	AT1G60690	ortholog_many2many
AUR62020925	110714965	AT1G60710	ortholog_many2many
AUR62020925	110714965	AT1G60750	ortholog_many2many
AUR62001233	110687861	AT2G31880	ortholog_one2one
AUR62041035	110735311	AT3G09470	ortholog_one2many
AUR62033203	110739305	AT3G62910	ortholog_one2many
AUR62001253	110687870	AT5G63160	ortholog_many2many
AUR62001253	110687870	AT3G48360	ortholog_many2many
AUR62022662	110731639	AT4G00840	ortholog_one2many
AUR62001606	110688221	AT5G21040	ortholog_one2many
AUR62033177	110739278	AT1G02940	ortholog_many2many
AUR62033177	110739278	AT1G02930	ortholog_many2many
AUR62033177	110739278	AT2G02930	ortholog_many2many
AUR62033177	110739278	AT1G02920	ortholog_many2many
AUR62033177	110739278	AT1G49860	ortholog_many2many
AUR62033177	110739278	AT4G02520	ortholog_many2many
AUR62033177	110739278	AT2G47730	ortholog_many2many
AUR62033177	110739278	AT1G02950	ortholog_many2many
AUR62041677	110711249	AT1G47740	ortholog_one2many
AUR62027728	110709635	AT1G36050	ortholog_many2many
AUR62027728	110709635	AT1G22200	ortholog_many2many
AUR62027728	110706551	AT1G36050	ortholog_many2many
AUR62027728	110706551	AT1G22200	ortholog_many2many
AUR62035906	110727350	AT3G49180	ortholog_one2many
AUR62040374	110694871	AT3G16560	ortholog_one2one
AUR62024134	110712361	AT1G67510	ortholog_one2many
AUR62040732	110728733	AT4G15640	ortholog_one2many
AUR62040732	110728733	AT3G21465	ortholog_one2many
AUR62023295	110720389	AT5G57040	ortholog_one2many
AUR62035914	110727359	AT3G62950	ortholog_many2many
AUR62035914	110727359	AT2G47870	ortholog_many2many
AUR62014283	110724569	AT3G10670	ortholog_one2one
AUR62002203	110717448	AT1G30560	ortholog_many2many
AUR62002203	110717448	AT3G47420	ortholog_many2many
AUR62002203	110717448	AT4G25220	ortholog_many2many
AUR62002108	110717804	AT3G23200	ortholog_one2one
AUR62042286	110715225	AT3G09780	ortholog_one2many
AUR62001573	110688183	AT5G22030	ortholog_one2many
AUR62003413	110681813	AT5G41040	ortholog_one2many
AUR62000688	110736778	AT3G05750	ortholog_one2many
AUR62000688	110736778	AT3G58650	ortholog_one2many
AUR62000688	110736778	AT5G26910	ortholog_one2many
AUR62000688	110708749	AT3G05750	ortholog_one2many
AUR62000688	110708749	AT3G58650	ortholog_one2many
AUR62000688	110708749	AT5G26910	ortholog_one2many
AUR62036682	110709971	AT4G03020	ortholog_one2many
AUR62015538	110717427	AT2G33450	ortholog_one2one
AUR62015538	110689393	AT2G33450	ortholog_one2one
AUR62042799	110703727	AT5G44790	ortholog_one2many
AUR62038006	110702179	AT4G05390	ortholog_many2many
AUR62038006	110702179	AT1G30510	ortholog_many2many
AUR62024142	110712419	AT1G26660	ortholog_one2many
AUR62033413	110729092	AT3G24360	ortholog_many2many
AUR62033413	110729092	AT4G13360	ortholog_many2many
AUR62007017	110732264	AT1G66770	ortholog_many2many
AUR62007017	110732264	AT4G10850	ortholog_many2many
AUR62007017	110722735	AT1G66770	ortholog_many2many
AUR62007017	110722735	AT4G10850	ortholog_many2many
AUR62006071	110728455	AT4G27800	ortholog_one2many
AUR62011715	110738250	AT2G17210	ortholog_one2one
AUR62011715	110734199	AT2G17210	ortholog_one2one
AUR62013201	110737369	AT5G51070	ortholog_one2one
AUR62003287	110723790	AT4G38100	ortholog_one2many
AUR62024659	110733052	AT2G47420	ortholog_one2many
AUR62016399	110703295	AT1G52740	ortholog_one2many
AUR62016399	110698707	AT1G52740	ortholog_one2many
AUR62025489	110689757	AT1G03982	ortholog_one2many
AUR62040036	110717235	AT5G03080	ortholog_one2many
AUR62041401	110738055	AT5G21960	ortholog_one2one
AUR62008680	110727914	AT2G47580	ortholog_one2many
AUR62005548	110710226	AT1G67720	ortholog_one2many
AUR62039392	110724882	AT5G14970	ortholog_one2many
AUR62039392	110715276	AT5G14970	ortholog_one2many
AUR62018248	110735173	AT4G30080	ortholog_one2many
AUR62009154	110705448	AT2G26070	ortholog_one2one
AUR62002431	110717862	AT2G43810	ortholog_many2many
AUR62002431	110717862	AT3G59810	ortholog_many2many
AUR62020566	110710309	AT5G26160	ortholog_one2many
AUR62002324	110718125	AT3G59480	ortholog_one2many
AUR62005558	110710325	AT3G26020	ortholog_many2many
AUR62005558	110710325	AT1G13460	ortholog_many2many
AUR62000934	110737010	AT3G05030	ortholog_one2many
AUR62000934	110737010	AT5G27150	ortholog_one2many
AUR62000934	110708524	AT3G05030	ortholog_one2many
AUR62000934	110708524	AT5G27150	ortholog_one2many
AUR62018876	110730062	AT5G47160	ortholog_many2many
AUR62018876	110730062	AT5G47150	ortholog_many2many
AUR62018922	110709639	AT4G08920	ortholog_one2many
AUR62025609	110726694	AT1G53770	ortholog_many2many
AUR62025609	110726694	AT5G50420	ortholog_many2many
AUR62025609	110726694	AT1G17270	ortholog_many2many
AUR62027109	110740080	AT4G33625	ortholog_one2many
AUR62006089	110728626	AT2G34520	ortholog_one2one
AUR62042245	110712303	AT1G14460	ortholog_many2many
AUR62042245	110712303	AT2G02480	ortholog_many2many
AUR62006262	110730117	AT5G06260	ortholog_one2many
AUR62006262	110730117	AT2G45380	ortholog_one2many
AUR62006262	110730117	AT4G34070	ortholog_one2many
AUR62006324	110730694	AT4G15620	ortholog_one2many
AUR62006324	110730694	AT4G15630	ortholog_one2many
AUR62002913	110719868	AT1G29700	ortholog_one2many
AUR62006273	110730256	AT3G52500	ortholog_one2many
AUR62037589	110734039	AT5G67630	ortholog_many2many
AUR62037589	110734039	AT3G49830	ortholog_many2many
AUR62042932	110738003	AT3G16050	ortholog_one2many
AUR62039383	110715278	AT3G55360	ortholog_one2many
AUR62002004	110718244	AT5G64970	ortholog_one2many
AUR62011462	110698604	AT1G31180	ortholog_many2many
AUR62011462	110698604	AT5G14200	ortholog_many2many
AUR62011462	110698604	AT1G80560	ortholog_many2many
AUR62011462	110698604	AT1G80555	ortholog_many2many
AUR62021908	110731299	AT2G01770	ortholog_one2one
AUR62021908	110687403	AT2G01770	ortholog_one2one
AUR62040845	110712844	AT5G14800	ortholog_one2many
AUR62032457	110687913	AT1G59760	ortholog_one2many
AUR62038500	110712633	AT4G04940	ortholog_one2many
AUR62014763	110693566	AT1G11090	ortholog_one2many
AUR62000307	110736422	AT5G16450	ortholog_one2many
AUR62000307	110736422	AT3G02770	ortholog_one2many
AUR62000625	110735875	AT3G04380	ortholog_one2many
AUR62034376	110682810	AT1G34200	ortholog_many2many
AUR62034376	110682810	AT4G09670	ortholog_many2many
AUR62036215	110684646	AT5G58350	ortholog_one2many
AUR62013006	110739011	AT2G20920	ortholog_one2one
AUR62033118	110739230	AT1G02870	ortholog_one2one
AUR62020083	110683405	AT3G46970	ortholog_one2many
AUR62002757	110712689	AT1G15000	ortholog_one2many
AUR62013709	110721504	AT4G00030	ortholog_one2many
AUR62035610	110738892	AT4G27670	ortholog_one2many
AUR62007089	110732337	AT5G47455	ortholog_many2many
AUR62007089	110732337	AT4G17310	ortholog_many2many
AUR62001835	110688476	AT5G59800	ortholog_one2many
AUR62022809	110699198	AT3G55700	ortholog_many2many
AUR62022809	110699198	AT3G55710	ortholog_many2many
AUR62005443	110709217	AT1G10730	ortholog_many2many
AUR62005443	110709217	AT1G60780	ortholog_many2many
AUR62030320	110710606	AT2G41200	ortholog_one2many
AUR62025470	110689740	AT2G35240	ortholog_many2many
AUR62025470	110689740	AT1G32580	ortholog_many2many
AUR62033258	110692301	AT4G30020	ortholog_one2many
AUR62033258	110692301	AT2G19170	ortholog_one2many
AUR62036417	110735473	AT1G80750	ortholog_one2many
AUR62015435	110689294	AT1G56450	ortholog_one2many
AUR62014103	110694211	AT1G68185	ortholog_one2many
AUR62006820	110701246	AT5G26610	ortholog_one2many
AUR62006869	110701294	AT2G28605	ortholog_one2many
AUR62026063	110707307	AT3G10310	ortholog_one2one
AUR62025437	110728024	AT4G28660	ortholog_one2many
AUR62025437	110689703	AT4G28660	ortholog_one2many
AUR62036897	110699084	AT1G76210	ortholog_many2many
AUR62036897	110699084	AT1G20520	ortholog_many2many
AUR62000253	110736361	AT5G16300	ortholog_one2many
AUR62041884	110685472	AT4G20140	ortholog_one2many
AUR62041884	110685472	AT5G44700	ortholog_one2many
AUR62018881	110730332	AT5G47240	ortholog_one2many
AUR62032789	110706288	AT1G14210	ortholog_one2many
AUR62026061	110707171	AT3G30260	ortholog_one2one
AUR62005923	110727009	AT1G65810	ortholog_many2many
AUR62005923	110727009	AT5G37165	ortholog_many2many
AUR62005923	110727009	AT4G05540	ortholog_many2many
AUR62005923	110727009	AT5G37160	ortholog_many2many
AUR62005923	110727009	AT5G37150	ortholog_many2many
AUR62005923	110727009	AT5G52090	ortholog_many2many
AUR62005923	110727009	AT1G65780	ortholog_many2many
AUR62005923	110727009	AT5G37140	ortholog_many2many
AUR62005923	110727009	AT5G37030	ortholog_many2many
AUR62004408	110714010	AT1G01490	ortholog_one2many
AUR62009066	110705360	AT5G10710	ortholog_one2many
AUR62017024	110706919	AT2G34700	ortholog_one2many
AUR62017024	110706919	AT1G28290	ortholog_one2many
AUR62017024	110706919	AT2G33790	ortholog_one2many
AUR62021236	110729711	AT5G52060	ortholog_one2many
AUR62021236	110729711	AT5G62100	ortholog_one2many
AUR62021236	110729711	AT5G07220	ortholog_one2many
AUR62018908	110709645	AT5G57550	ortholog_one2many
AUR62002081	110717936	AT5G16760	ortholog_one2many
AUR62014867	110693671	AT5G46110	ortholog_one2one
AUR62027318	110692807	AT1G33260	ortholog_many2many
AUR62027318	110692807	AT4G10390	ortholog_many2many
AUR62015296	110689180	AT3G58520	ortholog_one2many
AUR62022354	110696502	AT1G36180	ortholog_many2many
AUR62022354	110696502	AT1G36160	ortholog_many2many
AUR62022354	110682789	AT1G36180	ortholog_many2many
AUR62022354	110682789	AT1G36160	ortholog_many2many
AUR62025729	110726816	AT5G50320	ortholog_one2many
AUR62004249	110714295	AT2G45580	ortholog_many2many
AUR62004249	110714295	AT2G45550	ortholog_many2many
AUR62004249	110714295	AT2G45570	ortholog_many2many
AUR62004249	110714295	AT3G61040	ortholog_many2many
AUR62004249	110714295	AT3G61035	ortholog_many2many
AUR62004249	110714295	AT1G33730	ortholog_many2many
AUR62004249	110714295	AT2G45560	ortholog_many2many
AUR62004249	110714295	AT1G33720	ortholog_many2many
AUR62019761	110722606	AT4G11240	ortholog_one2one
AUR62019761	110719596	AT4G11240	ortholog_one2one
AUR62039254	110738208	AT3G06580	ortholog_one2one
AUR62035267	110691251	AT1G68650	ortholog_many2many
AUR62035267	110691251	AT1G25520	ortholog_many2many
AUR62022697	110731679	AT1G71960	ortholog_one2many
AUR62008738	110727965	AT1G02720	ortholog_many2many
AUR62008738	110727965	AT3G62660	ortholog_many2many
AUR62008738	110727965	AT4G02130	ortholog_many2many
AUR62026004	110707247	AT5G52630	ortholog_one2one
AUR62025291	110715732	AT1G19180	ortholog_many2many
AUR62025291	110715732	AT1G74950	ortholog_many2many
AUR62026501	110713851	AT4G14440	ortholog_many2many
AUR62026501	110713851	AT4G14430	ortholog_many2many
AUR62014163	110694397	AT3G62280	ortholog_one2many
AUR62008508	110700678	AT4G05440	ortholog_one2many
AUR62025026	110711887	AT2G32415	ortholog_one2one
AUR62007010	110732259	AT1G64520	ortholog_many2many
AUR62007010	110732259	AT5G42040	ortholog_many2many
AUR62027570	110690207	AT1G29820	ortholog_many2many
AUR62027570	110690207	AT1G29830	ortholog_many2many
AUR62044049	110697633	AT1G65690	ortholog_one2many
AUR62044049	110697633	AT5G36970	ortholog_one2many
AUR62014204	110694444	AT2G01340	ortholog_one2many
AUR62014204	110694444	AT1G71015	ortholog_one2many
AUR62014330	110724617	AT1G21780	ortholog_one2many
AUR62003515	110695091	AT3G27070	ortholog_one2many
AUR62003515	110695091	AT5G40930	ortholog_one2many
AUR62003515	110695091	AT3G27080	ortholog_one2many
AUR62003515	110681928	AT3G27070	ortholog_one2many
AUR62003515	110681928	AT5G40930	ortholog_one2many
AUR62003515	110681928	AT3G27080	ortholog_one2many
AUR62004116	110682557	AT5G66360	ortholog_one2many
AUR62035368	110727319	AT1G04560	ortholog_one2many
AUR62035368	110692594	AT1G04560	ortholog_one2many
AUR62002365	110718269	AT2G30710	ortholog_one2many
AUR62016878	110705219	AT4G34800	ortholog_one2many
AUR62002045	110717549	AT2G22120	ortholog_one2many
AUR62032557	110727093	AT2G38780	ortholog_one2many
AUR62032557	110717952	AT2G38780	ortholog_one2many
AUR62032642	110718382	AT5G07030	ortholog_one2one
AUR62008270	110700445	AT5G62900	ortholog_one2many
AUR62008270	110700445	AT5G50090	ortholog_one2many
AUR62014392	110724685	AT4G13770	ortholog_one2many
AUR62041964	110696236	AT2G16620	ortholog_many2many
AUR62041964	110696236	AT2G01820	ortholog_many2many
AUR62041964	110696236	AT4G29654	ortholog_many2many
AUR62041964	110696236	AT1G24650	ortholog_many2many
AUR62041662	110711236	AT3G46630	ortholog_one2many
AUR62027706	110691491	AT4G18750	ortholog_one2many
AUR62042698	110734682	AT3G53110	ortholog_one2one
AUR62042698	110704330	AT3G53110	ortholog_one2one
AUR62032553	110727087	AT5G24900	ortholog_many2many
AUR62032553	110727087	AT5G24910	ortholog_many2many
AUR62032553	110717931	AT5G24900	ortholog_many2many
AUR62032553	110717931	AT5G24910	ortholog_many2many
AUR62006607	110701039	AT5G48380	ortholog_one2many
AUR62033264	110692309	AT1G80550	ortholog_one2one
AUR62016388	110703281	AT3G15650	ortholog_many2many
AUR62016388	110703281	AT1G47780	ortholog_many2many
AUR62016388	110703281	AT1G52700	ortholog_many2many
AUR62016388	110703281	AT1G47786	ortholog_many2many
AUR62016388	110703281	AT1G52470	ortholog_many2many
AUR62016388	110703281	AT1G51300	ortholog_many2many
AUR62016388	110703281	AT1G52460	ortholog_many2many
AUR62016388	110703281	AT1G52695	ortholog_many2many
AUR62021575	110726355	AT5G07990	ortholog_one2many
AUR62041047	110731970	AT1G79490	ortholog_one2many
AUR62034971	110719980	AT1G10050	ortholog_many2many
AUR62034971	110719980	AT1G58370	ortholog_many2many
AUR62034971	110719980	AT4G08160	ortholog_many2many
AUR62008568	110727816	AT3G62910	ortholog_one2many
AUR62025436	110689702	AT1G04110	ortholog_one2many
AUR62030393	110710575	AT5G04010	ortholog_one2one
AUR62007289	110732540	AT4G17870	ortholog_many2many
AUR62007289	110732540	AT5G46790	ortholog_many2many
AUR62026282	110698040	AT1G59725	ortholog_many2many
AUR62026282	110698040	AT1G10350	ortholog_many2many
AUR62022716	110731703	AT2G46660	ortholog_many2many
AUR62022716	110731703	AT1G01190	ortholog_many2many
AUR62022716	110731703	AT3G61880	ortholog_many2many
AUR62013173	110681805	AT1G21630	ortholog_one2one
AUR62032546	110717838	AT3G56430	ortholog_many2many
AUR62032546	110717838	AT2G40800	ortholog_many2many
AUR62032546	110704429	AT3G56430	ortholog_many2many
AUR62032546	110704429	AT2G40800	ortholog_many2many
AUR62008917	110728128	AT3G24840	ortholog_one2many
AUR62004701	110714288	AT3G07750	ortholog_one2many
AUR62033166	110739272	AT1G02910	ortholog_one2many
AUR62000211	110736314	AT2G26850	ortholog_many2many
AUR62000211	110736314	AT2G32560	ortholog_many2many
AUR62007012	110732260	AT1G64530	ortholog_many2many
AUR62007012	110732260	AT4G24020	ortholog_many2many
AUR62033907	110686439	AT3G51240	ortholog_one2many
AUR62005607	110712410	AT1G67410	ortholog_one2many
AUR62005607	110710871	AT1G67410	ortholog_one2many
AUR62043187	110735353	AT1G16900	ortholog_one2many
AUR62027657	110690913	AT4G18940	ortholog_many2many
AUR62027657	110690913	AT4G18930	ortholog_many2many
AUR62038320	110738135	AT1G73010	ortholog_many2many
AUR62038320	110738135	AT1G17710	ortholog_many2many
AUR62013591	110725477	AT1G76780	ortholog_one2one
AUR62009425	110705718	AT3G60910	ortholog_one2one
AUR62018931	110709648	AT1G78240	ortholog_one2many
AUR62027069	110740032	AT4G04850	ortholog_one2one
AUR62027069	110685046	AT4G04850	ortholog_one2one
AUR62007530	110685750	AT2G22900	ortholog_many2many
AUR62007530	110685750	AT4G37690	ortholog_many2many
AUR62007530	110685750	AT4G38310	ortholog_many2many
AUR62035475	110699972	AT3G08600	ortholog_one2many
AUR62036969	110726121	AT5G07360	ortholog_one2one
AUR62008714	110727940	AT2G40940	ortholog_one2many
AUR62021829	110731225	AT2G35760	ortholog_one2one
AUR62021610	110726391	AT5G61290	ortholog_many2many
AUR62021610	110726391	AT5G07800	ortholog_many2many
AUR62032863	110706433	AT2G03360	ortholog_many2many
AUR62032863	110706433	AT2G03370	ortholog_many2many
AUR62008159	110700342	AT5G63100	ortholog_one2many
AUR62032626	110718366	AT3G12300	ortholog_one2many
AUR62014462	110724751	AT1G19730	ortholog_one2many
AUR62007260	110732514	AT1G32450	ortholog_one2many
AUR62007260	110730206	AT1G32450	ortholog_one2many
AUR62013644	110721264	AT3G50420	ortholog_one2many
AUR62040220	110740240	AT5G25940	ortholog_one2many
AUR62039962	110704647	AT5G51440	ortholog_many2many
AUR62039962	110704647	AT4G25200	ortholog_many2many
AUR62004523	110714158	AT1G01225	ortholog_many2many
AUR62004523	110714158	AT4G00905	ortholog_many2many
AUR62001008	110737089	AT5G28750	ortholog_one2one
AUR62020315	110720858	AT2G06050	ortholog_one2many
AUR62006138	110729087	AT5G37440	ortholog_one2many
AUR62006138	110729087	AT5G53150	ortholog_one2many
AUR62006138	110729087	AT4G19590	ortholog_one2many
AUR62006138	110729087	AT5G37750	ortholog_one2many
AUR62038696	110735366	AT3G46320	ortholog_one2one
AUR62038696	110735128	AT3G46320	ortholog_one2one
AUR62038696	110735129	AT3G46320	ortholog_one2one
AUR62038696	110733806	AT3G46320	ortholog_one2one
AUR62038696	110732262	AT3G46320	ortholog_one2one
AUR62038696	110732263	AT3G46320	ortholog_one2one
AUR62038696	110730690	AT3G46320	ortholog_one2one
AUR62038696	110730691	AT3G46320	ortholog_one2one
AUR62038696	110722730	AT3G46320	ortholog_one2one
AUR62038696	110722731	AT3G46320	ortholog_one2one
AUR62038696	110707432	AT3G46320	ortholog_one2one
AUR62038696	110704809	AT3G46320	ortholog_one2one
AUR62038696	110689182	AT3G46320	ortholog_one2one
AUR62038696	110688458	AT3G46320	ortholog_one2one
AUR62038696	110684094	AT3G46320	ortholog_one2one
AUR62038696	110681639	AT3G46320	ortholog_one2one
AUR62040966	110699074	AT5G09900	ortholog_many2many
AUR62040966	110699074	AT5G64760	ortholog_many2many
AUR62021069	110729536	AT5G24090	ortholog_one2many
AUR62017171	110707075	AT5G56110	ortholog_one2one
AUR62026021	110707263	AT5G13650	ortholog_one2one
AUR62006299	110730475	AT5G01720	ortholog_one2many
AUR62009825	110684315	AT1G72970	ortholog_one2many
AUR62016918	110706819	AT4G21580	ortholog_one2many
AUR62027907	110683702	AT3G45690	ortholog_many2many
AUR62027907	110683702	AT3G45680	ortholog_many2many
AUR62027907	110683702	AT3G45700	ortholog_many2many
AUR62027907	110683702	AT3G45650	ortholog_many2many
AUR62027907	110683702	AT3G45660	ortholog_many2many
AUR62027907	110683702	AT3G45710	ortholog_many2many
AUR62027907	110683702	AT3G45720	ortholog_many2many
AUR62021264	110729737	AT5G51890	ortholog_one2many
AUR62036300	110688845	AT3G11890	ortholog_one2many
AUR62005520	110709905	AT1G24530	ortholog_one2many
AUR62002594	110722084	AT5G30510	ortholog_one2one
AUR62002594	110717537	AT5G30510	ortholog_one2one
AUR62006653	110701088	AT3G02270	ortholog_many2many
AUR62006653	110701088	AT4G18300	ortholog_many2many
AUR62006653	110701088	AT2G34970	ortholog_many2many
AUR62025320	110715728	AT3G43210	ortholog_one2many
AUR62011690	110734176	AT3G62010	ortholog_one2many
AUR62031392	110693841	AT5G23940	ortholog_one2many
AUR62033246	110692286	AT2G19080	ortholog_one2one
AUR62006619	110701053	AT4G20370	ortholog_many2many
AUR62006619	110701053	AT1G65480	ortholog_many2many
AUR62005641	110711207	AT3G27030	ortholog_one2one
AUR62002967	110720610	AT1G13550	ortholog_many2many
AUR62002967	110720610	AT1G13510	ortholog_many2many
AUR62002967	110720610	AT1G13480	ortholog_many2many
AUR62002967	110720610	AT1G13540	ortholog_many2many
AUR62002967	110720610	AT1G13490	ortholog_many2many
AUR62002967	110720610	AT1G13470	ortholog_many2many
AUR62002967	110720610	AT1G13530	ortholog_many2many
AUR62002967	110720610	AT1G13500	ortholog_many2many
AUR62002967	110720610	AT1G13520	ortholog_many2many
AUR62024994	110712018	AT2G28470	ortholog_one2many
AUR62036938	110726102	AT1G74070	ortholog_one2one
AUR62019024	110709731	AT4G24610	ortholog_one2many
AUR62021827	110731223	AT4G16420	ortholog_one2one
AUR62017443	110702394	AT5G57840	ortholog_one2many
AUR62042734	110724431	AT1G19450	ortholog_many2many
AUR62042734	110724431	AT1G75220	ortholog_many2many
AUR62042734	110691181	AT1G19450	ortholog_many2many
AUR62042734	110691181	AT1G75220	ortholog_many2many
AUR62035738	110688715	AT3G12280	ortholog_one2many
AUR62020894	110714914	AT3G23740	ortholog_many2many
AUR62020894	110714914	AT4G14120	ortholog_many2many
AUR62013666	110721465	AT4G00165	ortholog_one2many
AUR62025461	110689728	AT1G04020	ortholog_one2many
AUR62031968	110729906	AT1G30690	ortholog_one2one
AUR62026389	110713681	AT1G47600	ortholog_many2many
AUR62026389	110713681	AT5G25980	ortholog_many2many
AUR62026389	110713681	AT5G48375	ortholog_many2many
AUR62026389	110713681	AT1G51470	ortholog_many2many
AUR62026389	110713681	AT1G51490	ortholog_many2many
AUR62026389	110713681	AT5G26000	ortholog_many2many
AUR62035923	110727365	AT5G25900	ortholog_one2many
AUR62008993	110728206	AT5G38410	ortholog_many2many
AUR62008993	110728206	AT1G67090	ortholog_many2many
AUR62008993	110728206	AT5G38430	ortholog_many2many
AUR62008993	110728206	AT5G38420	ortholog_many2many
AUR62028711	110727562	AT2G26470	ortholog_one2many
AUR62007308	110732562	AT4G17790	ortholog_one2many
AUR62017330	110719419	AT4G22890	ortholog_one2many
AUR62017330	110719419	AT4G11960	ortholog_one2many
AUR62017330	110702535	AT4G22890	ortholog_one2many
AUR62017330	110702535	AT4G11960	ortholog_one2many
AUR62037153	110740313	AT5G48300	ortholog_one2many
AUR62001905	110718085	AT2G23370	ortholog_one2many
AUR62011586	110703295	AT1G52740	ortholog_one2many
AUR62011586	110698707	AT1G52740	ortholog_one2many
AUR62030563	110704415	AT3G28470	ortholog_one2many
AUR62027443	110717047	AT4G28620	ortholog_many2many
AUR62027443	110717047	AT5G58270	ortholog_many2many
AUR62027443	110717047	AT4G28630	ortholog_many2many
AUR62041148	110684348	AT3G20650	ortholog_one2many
AUR62025183	110715713	AT2G31610	ortholog_many2many
AUR62025183	110715713	AT5G35530	ortholog_many2many
AUR62025183	110715713	AT3G53870	ortholog_many2many
AUR62017099	110706998	AT1G57540	ortholog_one2many
AUR62019616	110737829	AT4G27090	ortholog_many2many
AUR62019616	110737829	AT2G20450	ortholog_many2many
AUR62022728	110731715	AT2G46600	ortholog_one2many
AUR62007076	110732326	AT4G10590	ortholog_many2many
AUR62007076	110732326	AT1G32850	ortholog_many2many
AUR62007076	110732326	AT4G10570	ortholog_many2many
AUR62039303	110732030	AT2G37560	ortholog_one2many
AUR62004205	110713961	AT5G23600	ortholog_many2many
AUR62004205	110713961	AT2G45330	ortholog_many2many
AUR62008547	110700718	AT5G08050	ortholog_one2many
AUR62003368	110724781	AT3G51240	ortholog_one2many
AUR62036942	110726105	AT1G48970	ortholog_one2one
AUR62014152	110694263	AT3G05345	ortholog_one2many
AUR62020703	110710331	AT5G18280	ortholog_many2many
AUR62020703	110710331	AT3G04080	ortholog_many2many
AUR62020703	110683796	AT5G18280	ortholog_many2many
AUR62020703	110683796	AT3G04080	ortholog_many2many
AUR62042369	110729215	AT1G72250	ortholog_one2one
AUR62042369	110699493	AT1G72250	ortholog_one2one
AUR62024744	110733148	AT3G58180	ortholog_one2many
AUR62016338	110703237	AT3G15840	ortholog_one2many
AUR62017228	110702449	AT5G41250	ortholog_many2many
AUR62017228	110702449	AT1G63450	ortholog_many2many
AUR62002089	110717455	AT1G72416	ortholog_one2many
AUR62002089	110717455	AT5G16650	ortholog_one2many
AUR62027240	110692722	AT2G23450	ortholog_one2many
AUR62013740	110721529	AT5G12190	ortholog_one2many
AUR62013740	110720512	AT5G12190	ortholog_one2many
AUR62011442	110698586	AT3G19184	ortholog_one2many
AUR62005369	110708537	AT1G70330	ortholog_one2many
AUR62025381	110715953	AT1G70680	ortholog_many2many
AUR62025381	110715953	AT1G70670	ortholog_many2many
AUR62025381	110715953	AT1G23250	ortholog_many2many
AUR62025381	110715953	AT1G23240	ortholog_many2many
AUR62007720	110685944	AT1G77330	ortholog_one2many
AUR62012885	110738021	AT4G33625	ortholog_one2many
AUR62020040	110683350	AT5G59260	ortholog_many2many
AUR62020040	110683350	AT5G59270	ortholog_many2many
AUR62019153	110724706	AT1G19910	ortholog_many2many
AUR62019153	110724706	AT1G75630	ortholog_many2many
AUR62019153	110718862	AT1G19910	ortholog_many2many
AUR62019153	110718862	AT1G75630	ortholog_many2many
AUR62019153	110709862	AT1G19910	ortholog_many2many
AUR62019153	110709862	AT1G75630	ortholog_many2many
AUR62019153	110705189	AT1G19910	ortholog_many2many
AUR62019153	110705189	AT1G75630	ortholog_many2many
AUR62030588	110704437	AT4G16690	ortholog_many2many
AUR62030588	110704437	AT5G58310	ortholog_many2many
AUR62009272	110705565	AT3G23880	ortholog_one2many
AUR62001768	110688401	AT2G29060	ortholog_many2many
AUR62001768	110688401	AT1G07530	ortholog_many2many
AUR62033207	110692233	AT4G35280	ortholog_many2many
AUR62033207	110692233	AT2G17180	ortholog_many2many
AUR62042989	110704407	AT4G15563	ortholog_one2one
AUR62019780	110722628	AT1G64170	ortholog_many2many
AUR62019780	110722628	AT4G23700	ortholog_many2many
AUR62028345	110721863	AT4G10100	ortholog_one2many
AUR62004551	110714639	AT1G01120	ortholog_one2many
AUR62023463	110725145	AT3G61750	ortholog_one2many
AUR62004667	110713999	AT1G22710	ortholog_many2many
AUR62004667	110713999	AT5G06170	ortholog_many2many
AUR62004667	110713999	AT1G71890	ortholog_many2many
AUR62004667	110713999	AT2G14670	ortholog_many2many
AUR62004667	110713999	AT5G43610	ortholog_many2many
AUR62004667	110713999	AT1G71880	ortholog_many2many
AUR62004667	110713999	AT1G66570	ortholog_many2many
AUR62034645	110697882	AT1G03020	ortholog_many2many
AUR62034645	110697882	AT3G62930	ortholog_many2many
AUR62034645	110697877	AT1G03020	ortholog_many2many
AUR62034645	110697877	AT3G62930	ortholog_many2many
AUR62022967	110699357	AT5G05360	ortholog_one2one
AUR62019569	110737782	AT1G53310	ortholog_many2many
AUR62019569	110737782	AT3G14940	ortholog_many2many
AUR62006224	110729813	AT3G11530	ortholog_one2many
AUR62044624	110702252	AT1G79080	ortholog_one2many
AUR62003953	110682372	AT5G67330	ortholog_one2many
AUR62003953	110682372	AT2G23150	ortholog_one2many
AUR62007968	110685654	AT4G37810	ortholog_one2one
AUR62001615	110688232	AT5G21140	ortholog_one2many
AUR62036442	110735493	AT5G55640	ortholog_one2many
AUR62013631	110721424	AT4G00200	ortholog_one2many
AUR62000170	110736272	AT3G10185	ortholog_one2one
AUR62017547	110701920	AT2G04790	ortholog_one2many
AUR62003040	110721196	AT1G68940	ortholog_one2many
AUR62034570	110723331	AT5G61400	ortholog_many2many
AUR62034570	110723331	AT1G25360	ortholog_many2many
AUR62032604	110718297	AT5G07040	ortholog_one2many
AUR62029007	110683017	AT5G35460	ortholog_one2many
AUR62033348	110685304	AT3G61270	ortholog_many2many
AUR62033348	110685304	AT2G45830	ortholog_many2many
AUR62040380	110694874	AT3G06270	ortholog_one2many
AUR62002200	110717734	AT3G14290	ortholog_many2many
AUR62002200	110717734	AT1G53850	ortholog_many2many
AUR62033175	110739278	AT1G02940	ortholog_many2many
AUR62033175	110739278	AT1G02930	ortholog_many2many
AUR62033175	110739278	AT2G02930	ortholog_many2many
AUR62033175	110739278	AT1G02920	ortholog_many2many
AUR62033175	110739278	AT1G49860	ortholog_many2many
AUR62033175	110739278	AT4G02520	ortholog_many2many
AUR62033175	110739278	AT2G47730	ortholog_many2many
AUR62033175	110739278	AT1G02950	ortholog_many2many
AUR62025699	110726788	AT5G36140	ortholog_many2many
AUR62025699	110726788	AT5G36130	ortholog_many2many
AUR62025699	110726788	AT5G36110	ortholog_many2many
AUR62040152	110686862	AT3G27580	ortholog_one2one
AUR62035584	110738865	AT5G16940	ortholog_one2many
AUR62040943	110698794	AT5G13670	ortholog_many2many
AUR62040943	110698794	AT4G24980	ortholog_many2many
AUR62040943	110698794	AT2G39510	ortholog_many2many
AUR62013211	110737903	AT1G20990	ortholog_one2one
AUR62038467	110712665	AT1G24610	ortholog_one2many
AUR62003837	110682253	AT4G37160	ortholog_many2many
AUR62003837	110682253	AT2G23630	ortholog_many2many
AUR62039455	110736136	AT1G29200	ortholog_one2many
AUR62001728	110688353	AT5G06000	ortholog_many2many
AUR62001728	110688353	AT3G11400	ortholog_many2many
AUR62000009	110736094	AT1G05140	ortholog_one2many
AUR62000009	110736094	AT2G32480	ortholog_one2many
AUR62005790	110712552	AT2G02960	ortholog_one2many
AUR62005790	110712552	AT1G14260	ortholog_one2many
AUR62016994	110706896	AT4G04955	ortholog_one2many
AUR62006288	110730431	AT5G01710	ortholog_one2many
AUR62017747	110702136	AT5G23405	ortholog_many2many
AUR62017747	110702136	AT5G23420	ortholog_many2many
AUR62024103	110712574	AT1G42550	ortholog_one2one
AUR62032624	110718363	AT4G39230	ortholog_one2many
AUR62028628	110727501	AT5G48340	ortholog_one2many
AUR62013758	110721543	AT4G09320	ortholog_one2many
AUR62013758	110721544	AT4G09320	ortholog_one2many
AUR62007049	110732298	AT4G24120	ortholog_one2many
AUR62040785	110696812	AT1G16880	ortholog_one2many
AUR62014243	110694486	AT1G72550	ortholog_one2many
AUR62024675	110733069	AT1G02680	ortholog_one2many
AUR62027520	110728581	AT3G14595	ortholog_many2many
AUR62027520	110728581	AT2G34480	ortholog_many2many
AUR62027520	110728581	AT1G29965	ortholog_many2many
AUR62027520	110728581	AT1G29970	ortholog_many2many
AUR62027520	110728581	AT3G14600	ortholog_many2many
AUR62027520	110689764	AT3G14595	ortholog_many2many
AUR62027520	110689764	AT2G34480	ortholog_many2many
AUR62027520	110689764	AT1G29965	ortholog_many2many
AUR62027520	110689764	AT1G29970	ortholog_many2many
AUR62027520	110689764	AT3G14600	ortholog_many2many
AUR62027711	110691532	AT4G27595	ortholog_many2many
AUR62027711	110691532	AT3G02930	ortholog_many2many
AUR62027711	110691532	AT5G16730	ortholog_many2many
AUR62028401	110721926	AT5G61920	ortholog_one2one
AUR62009911	110684404	AT3G14075	ortholog_one2many
AUR62018163	110735081	AT3G29310	ortholog_one2one
AUR62025185	110715753	AT5G35550	ortholog_one2many
AUR62009891	110684384	AT1G72540	ortholog_one2many
AUR62025434	110689700	AT2G20360	ortholog_one2many
AUR62024116	110712452	AT1G27920	ortholog_one2many
AUR62028392	110721912	AT4G30480	ortholog_one2one
AUR62013542	110725839	AT1G76950	ortholog_one2many
AUR62013542	110725839	AT5G42140	ortholog_one2many
AUR62038284	110738093	AT3G22845	ortholog_one2many
AUR62026374	110713561	AT2G17680	ortholog_many2many
AUR62026374	110713561	AT4G35690	ortholog_many2many
AUR62026374	110713561	AT4G35710	ortholog_many2many
AUR62033587	110729395	AT2G36530	ortholog_one2many
AUR62008240	110700416	AT1G24450	ortholog_one2many
AUR62019911	110722762	AT2G03050	ortholog_one2many
AUR62024708	110733114	AT1G06210	ortholog_one2many
AUR62033162	110739265	AT1G02940	ortholog_many2many
AUR62033162	110739265	AT1G02930	ortholog_many2many
AUR62033162	110739265	AT2G02930	ortholog_many2many
AUR62033162	110739265	AT1G02920	ortholog_many2many
AUR62033162	110739265	AT1G49860	ortholog_many2many
AUR62033162	110739265	AT4G02520	ortholog_many2many
AUR62033162	110739265	AT2G47730	ortholog_many2many
AUR62033162	110739265	AT1G02950	ortholog_many2many
AUR62002154	110717670	AT5G43310	ortholog_one2many
AUR62007409	110732674	AT2G35585	ortholog_many2many
AUR62007409	110732674	AT1G31940	ortholog_many2many
AUR62034583	110697788	AT2G48020	ortholog_one2many
AUR62041928	110686506	AT1G17220	ortholog_one2many
AUR62039398	110715321	AT3G30775	ortholog_many2many
AUR62039398	110715321	AT5G38710	ortholog_many2many
AUR62038757	110696305	AT3G23780	ortholog_many2many
AUR62038757	110696305	AT3G18090	ortholog_many2many
AUR62020099	110683422	AT2G29630	ortholog_one2many
AUR62026110	110707352	AT2G41520	ortholog_one2one
AUR62017670	110702052	AT3G18620	ortholog_one2one
AUR62017670	110691986	AT3G18620	ortholog_one2one
AUR62038411	110739845	AT3G11890	ortholog_one2many
AUR62021763	110726532	AT1G74790	ortholog_one2many
AUR62021763	110726532	AT5G62630	ortholog_one2many
AUR62007374	110732639	AT1G32090	ortholog_one2many
AUR62018101	110735029	AT5G15280	ortholog_one2one
AUR62018101	110689052	AT5G15280	ortholog_one2one
AUR62027777	110706601	AT3G15200	ortholog_one2many
AUR62038301	110738113	AT4G13650	ortholog_one2one
AUR62038475	110712649	AT2G01735	ortholog_many2many
AUR62038475	110712649	AT1G68070	ortholog_many2many
AUR62020475	110720987	AT5G54855	ortholog_one2one
AUR62013474	110725782	AT1G77060	ortholog_many2many
AUR62013474	110725782	AT1G21440	ortholog_many2many
AUR62011306	110698453	AT2G21620	ortholog_one2many
AUR62001640	110688258	AT5G01410	ortholog_one2many
AUR62024636	110732901	AT4G01995	ortholog_one2one
AUR62035044	110693209	AT5G51680	ortholog_one2one
AUR62001866	110688506	AT2G31550	ortholog_many2many
AUR62001866	110688506	AT2G30220	ortholog_many2many
AUR62001866	110688506	AT2G24560	ortholog_many2many
AUR62001866	110688506	AT1G58430	ortholog_many2many
AUR62001866	110688506	AT2G31540	ortholog_many2many
AUR62001866	110688506	AT2G30310	ortholog_many2many
AUR62001866	110688506	AT1G06990	ortholog_many2many
AUR62020174	110683510	AT5G21040	ortholog_one2many
AUR62026310	110698077	AT1G10470	ortholog_many2many
AUR62026310	110698077	AT1G59940	ortholog_many2many
AUR62026303	110698070	AT4G14440	ortholog_many2many
AUR62026303	110698070	AT4G14430	ortholog_many2many
AUR62017287	110702496	AT4G23040	ortholog_one2many
AUR62017287	110702496	AT4G11740	ortholog_one2many
AUR62024135	110712370	AT1G13060	ortholog_many2many
AUR62024135	110712370	AT3G26340	ortholog_many2many
AUR62025391	110689657	AT4G28780	ortholog_one2many
AUR62033101	110713158	AT1G73480	ortholog_many2many
AUR62033101	110713158	AT1G18360	ortholog_many2many
AUR62019063	110709767	AT1G77510	ortholog_many2many
AUR62019063	110709767	AT1G21750	ortholog_many2many
AUR62043251	110706472	AT5G58005	ortholog_one2one
AUR62019673	110737881	AT4G01595	ortholog_many2many
AUR62019673	110737881	AT3G14720	ortholog_many2many
AUR62019673	110737881	AT1G53510	ortholog_many2many
AUR62019673	110694073	AT4G01595	ortholog_many2many
AUR62019673	110694073	AT3G14720	ortholog_many2many
AUR62019673	110694073	AT1G53510	ortholog_many2many
AUR62019612	110737826	AT5G67630	ortholog_many2many
AUR62019612	110737826	AT3G49830	ortholog_many2many
AUR62008609	110727850	AT1G02940	ortholog_many2many
AUR62008609	110727850	AT1G02930	ortholog_many2many
AUR62008609	110727850	AT2G02930	ortholog_many2many
AUR62008609	110727850	AT1G02920	ortholog_many2many
AUR62008609	110727850	AT1G49860	ortholog_many2many
AUR62008609	110727850	AT4G02520	ortholog_many2many
AUR62008609	110727850	AT2G47730	ortholog_many2many
AUR62008609	110727850	AT1G02950	ortholog_many2many
AUR62036678	110709970	AT3G63010	ortholog_one2many
AUR62032939	110716277	AT5G08350	ortholog_many2many
AUR62032939	110716277	AT5G23360	ortholog_many2many
AUR62032939	110716277	AT5G23350	ortholog_many2many
AUR62032939	110716277	AT5G23370	ortholog_many2many
AUR62009126	110705424	AT2G26150	ortholog_one2many
AUR62018390	110711771	AT3G56630	ortholog_many2many
AUR62018390	110711771	AT1G34540	ortholog_many2many
AUR62038472	110712640	AT2G01680	ortholog_one2many
AUR62017043	110706937	AT2G33820	ortholog_one2many
AUR62002954	110720411	AT3G20930	ortholog_one2many
AUR62034646	110697878	AT1G03020	ortholog_many2many
AUR62034646	110697878	AT3G62930	ortholog_many2many
AUR62013784	110721572	AT5G47030	ortholog_one2many
AUR62040037	110717238	AT3G09720	ortholog_one2one
AUR62011735	110734220	AT4G01870	ortholog_one2many
AUR62036257	110688804	AT1G28760	ortholog_one2many
AUR62018747	110730216	AT5G40340	ortholog_many2many
AUR62018747	110730216	AT3G27860	ortholog_many2many
AUR62006332	110730765	AT5G01780	ortholog_one2many
AUR62003600	110681769	AT5G48920	ortholog_one2many
AUR62043362	110684942	AT5G36940	ortholog_one2many
AUR62043362	110684942	AT1G58030	ortholog_one2many
AUR62033966	110712957	AT5G56460	ortholog_one2many
AUR62000906	110708552	AT1G08860	ortholog_one2one
AUR62001971	110717621	AT5G66930	ortholog_one2many
AUR62006749	110701173	AT3G22660	ortholog_one2one
AUR62014197	110694439	AT5G17450	ortholog_one2many
AUR62036068	110700170	AT5G44150	ortholog_one2one
AUR62036413	110735470	AT5G55630	ortholog_one2many
AUR62022718	110731705	AT5G53560	ortholog_one2many
AUR62008856	110728070	AT2G20210	ortholog_one2many
AUR62018448	110711497	AT3G21350	ortholog_one2many
AUR62039370	110715309	AT3G55470	ortholog_one2one
AUR62031791	110731836	AT3G14730	ortholog_one2many
AUR62021673	110726448	AT3G47520	ortholog_one2many
AUR62022343	110696494	AT1G22140	ortholog_one2many
AUR62042458	110685422	AT3G17800	ortholog_many2many
AUR62042458	110685422	AT1G48450	ortholog_many2many
AUR62026991	110739960	AT2G25110	ortholog_one2one
AUR62001295	110687915	AT3G24200	ortholog_one2many
AUR62004213	110721428	AT4G00090	ortholog_one2many
AUR62004213	110714090	AT4G00090	ortholog_one2many
AUR62034911	110704175	AT1G71750	ortholog_one2one
AUR62039162	110690279	AT3G12950	ortholog_one2many
AUR62003922	110682340	AT5G67220	ortholog_one2one
AUR62025997	110707244	AT3G57600	ortholog_one2one
AUR62009520	110703898	AT3G48870	ortholog_many2many
AUR62009520	110703898	AT5G50920	ortholog_many2many
AUR62009520	110684004	AT3G48870	ortholog_many2many
AUR62009520	110684004	AT5G50920	ortholog_many2many
AUR62003292	110723879	AT4G39470	ortholog_one2many
AUR62015523	110689377	AT5G51510	ortholog_one2many
AUR62040908	110682905	AT5G19780	ortholog_one2many
AUR62040908	110682905	AT5G19770	ortholog_one2many
AUR62014007	110694128	AT1G60160	ortholog_one2many
AUR62002212	110717608	AT1G22950	ortholog_one2many
AUR62002212	110689343	AT1G22950	ortholog_one2many
AUR62023404	110720503	AT1G02090	ortholog_one2many
AUR62003800	110682217	AT2G22300	ortholog_one2many
AUR62021142	110729614	AT5G52490	ortholog_many2many
AUR62021142	110729614	AT4G25630	ortholog_many2many
AUR62021142	110729614	AT5G52470	ortholog_many2many
AUR62021142	110693844	AT5G52490	ortholog_many2many
AUR62021142	110693844	AT4G25630	ortholog_many2many
AUR62021142	110693844	AT5G52470	ortholog_many2many
AUR62029128	110730844	AT2G04350	ortholog_one2one
AUR62029421	110694650	AT3G49055	ortholog_one2many
AUR62035593	110738872	AT5G24420	ortholog_many2many
AUR62035593	110738872	AT3G49360	ortholog_many2many
AUR62035593	110738872	AT5G24410	ortholog_many2many
AUR62007904	110686104	AT2G03690	ortholog_one2many
AUR62009904	110684394	AT1G54100	ortholog_one2many
AUR62040725	110728721	AT3G06270	ortholog_one2many
AUR62007851	110721231	AT2G04030	ortholog_one2many
AUR62007851	110686052	AT2G04030	ortholog_one2many
AUR62039390	110729322	AT4G29660	ortholog_one2many
AUR62039390	110715316	AT4G29660	ortholog_one2many
AUR62030263	110710533	AT2G40900	ortholog_many2many
AUR62030263	110710533	AT3G56620	ortholog_many2many
AUR62013312	110725599	AT5G32440	ortholog_one2one
AUR62011919	110734395	AT1G06730	ortholog_one2one
AUR62026087	110707331	AT2G41600	ortholog_one2one
AUR62022003	110731385	AT1G61780	ortholog_one2one
AUR62022003	110687323	AT1G61780	ortholog_one2one
AUR62031442	110693891	AT3G60880	ortholog_many2many
AUR62031442	110693891	AT2G45440	ortholog_many2many
AUR62044332	110710096	AT5G38650	ortholog_many2many
AUR62044332	110710096	AT1G67250	ortholog_many2many
AUR62044332	110709924	AT5G38650	ortholog_many2many
AUR62044332	110709924	AT1G67250	ortholog_many2many
AUR62011736	110734221	AT4G01880	ortholog_one2many
AUR62023322	110720419	AT3G51160	ortholog_many2many
AUR62023322	110720419	AT5G66280	ortholog_many2many
AUR62003054	110721322	AT1G49510	ortholog_one2many
AUR62018903	110709622	AT1G78150	ortholog_many2many
AUR62018903	110709622	AT1G35780	ortholog_many2many
AUR62011355	110698871	AT5G19440	ortholog_many2many
AUR62011355	110698871	AT1G51410	ortholog_many2many
AUR62000754	110736842	AT3G05550	ortholog_one2many
AUR62000754	110736842	AT5G27760	ortholog_one2many
AUR62000729	110736817	AT5G08030	ortholog_many2many
AUR62000729	110736817	AT1G74210	ortholog_many2many
AUR62000729	110726328	AT5G08030	ortholog_many2many
AUR62000729	110726328	AT1G74210	ortholog_many2many
AUR62031868	110729833	AT3G16200	ortholog_one2many
AUR62014298	110724584	AT5G04900	ortholog_one2many
AUR62000225	110736331	AT2G26770	ortholog_one2many
AUR62003332	110724347	AT4G35930	ortholog_one2many
AUR62020171	110683503	AT5G21060	ortholog_one2many
AUR62006450	110731884	AT2G38610	ortholog_many2many
AUR62006450	110731884	AT3G08620	ortholog_many2many
AUR62003778	110682194	AT2G22190	ortholog_many2many
AUR62003778	110682194	AT5G65140	ortholog_many2many
AUR62003778	110682194	AT4G39770	ortholog_many2many
AUR62003778	110682194	AT5G10100	ortholog_many2many
AUR62025345	110715767	AT3G54060	ortholog_many2many
AUR62025345	110715767	AT2G37960	ortholog_many2many
AUR62008163	110700344	AT5G19100	ortholog_one2many
AUR62005629	110711039	AT1G27360	ortholog_one2many
AUR62005629	110711039	AT1G27370	ortholog_one2many
AUR62005629	110711039	AT5G43270	ortholog_one2many
AUR62022698	110731681	AT1G22670	ortholog_many2many
AUR62022698	110731681	AT4G09560	ortholog_many2many
AUR62022698	110731681	AT1G71980	ortholog_many2many
AUR62022698	110731681	AT1G35630	ortholog_many2many
AUR62022698	110731681	AT1G35625	ortholog_many2many
AUR62043956	110710105	AT1G04190	ortholog_one2many
AUR62025284	110715964	AT2G04062	ortholog_many2many
AUR62025284	110715964	AT1G31740	ortholog_many2many
AUR62029857	110702823	AT1G73890	ortholog_one2one
AUR62034643	110697875	AT1G03020	ortholog_many2many
AUR62034643	110697875	AT3G62930	ortholog_many2many
AUR62001120	110687752	AT5G48660	ortholog_one2many
AUR62022397	110696545	AT1G33780	ortholog_one2many
AUR62001362	110687983	AT4G31480	ortholog_many2many
AUR62001362	110687983	AT4G31490	ortholog_many2many
AUR62033407	110729086	AT1G03390	ortholog_one2one
AUR62034754	110684864	AT3G27925	ortholog_one2many
AUR62032948	110716266	AT5G23340	ortholog_one2many
AUR62041711	110711416	AT2G25810	ortholog_one2many
AUR62041711	110693343	AT2G25810	ortholog_one2many
AUR62022987	110733541	AT5G05340	ortholog_one2many
AUR62022987	110699378	AT5G05340	ortholog_one2many
AUR62017022	110706918	AT5G58950	ortholog_many2many
AUR62017022	110706918	AT3G46930	ortholog_many2many
AUR62008674	110727909	AT2G47640	ortholog_many2many
AUR62008674	110727909	AT3G62840	ortholog_many2many
AUR62008674	110711613	AT2G47640	ortholog_many2many
AUR62008674	110711613	AT3G62840	ortholog_many2many
AUR62019917	110722768	AT3G50790	ortholog_one2many
AUR62018054	110734987	AT3G06790	ortholog_one2many
AUR62031615	110727041	AT3G28760	ortholog_one2one
AUR62035374	110692529	AT3G45400	ortholog_many2many
AUR62035374	110692529	AT3G03650	ortholog_many2many
AUR62023494	110725180	AT2G46340	ortholog_one2many
AUR62042576	110712788	AT5G42350	ortholog_many2many
AUR62042576	110712788	AT5G42360	ortholog_many2many
AUR62016503	110703392	AT1G15320	ortholog_one2many
AUR62007566	110685792	AT3G50850	ortholog_many2many
AUR62007566	110685792	AT5G49560	ortholog_many2many
AUR62036913	110726078	AT5G08160	ortholog_one2one
AUR62041279	110682657	AT3G10730	ortholog_one2many
AUR62041279	110682657	AT5G04990	ortholog_one2many
AUR62026260	110698020	AT5G13930	ortholog_one2many
AUR62027444	110716846	AT5G20500	ortholog_one2many
AUR62029382	110720166	AT2G26570	ortholog_one2many
AUR62029382	110720166	AT4G33390	ortholog_one2many
AUR62029382	110693271	AT2G26570	ortholog_one2many
AUR62029382	110693271	AT4G33390	ortholog_one2many
AUR62021751	110726517	AT3G47940	ortholog_one2many
AUR62023840	110738780	AT2G43410	ortholog_one2many
AUR62023840	110718151	AT2G43410	ortholog_one2many
AUR62013741	110721531	AT5G14690	ortholog_many2many
AUR62013741	110721531	AT3G01516	ortholog_many2many
AUR62008356	110700539	AT3G01290	ortholog_one2many
AUR62009325	110705615	AT5G11510	ortholog_one2many
AUR62009325	110705615	AT4G32730	ortholog_one2many
AUR62009325	110702088	AT5G11510	ortholog_one2many
AUR62009325	110702088	AT4G32730	ortholog_one2many
AUR62033777	110694596	AT5G56760	ortholog_one2many
AUR62019838	110722689	AT5G41450	ortholog_one2one
AUR62024556	110732894	AT2G47030	ortholog_many2many
AUR62024556	110732894	AT3G62170	ortholog_many2many
AUR62024556	110732894	AT2G47040	ortholog_many2many
AUR62003077	110721652	AT1G26330	ortholog_one2many
AUR62000630	110736722	AT3G04340	ortholog_one2many
AUR62025599	110726686	AT5G60590	ortholog_one2many
AUR62007620	110685847	AT2G18140	ortholog_many2many
AUR62007620	110685847	AT2G18150	ortholog_many2many
AUR62007620	110685847	AT3G50990	ortholog_many2many
AUR62007620	110685847	AT4G36430	ortholog_many2many
AUR62007620	110685847	AT5G66390	ortholog_many2many
AUR62007620	110682543	AT2G18140	ortholog_many2many
AUR62007620	110682543	AT2G18150	ortholog_many2many
AUR62007620	110682543	AT3G50990	ortholog_many2many
AUR62007620	110682543	AT4G36430	ortholog_many2many
AUR62007620	110682543	AT5G66390	ortholog_many2many
AUR62023283	110720307	AT1G66890	ortholog_many2many
AUR62023283	110720307	AT5G16200	ortholog_many2many
AUR62008963	110728173	AT3G25770	ortholog_many2many
AUR62008963	110728173	AT1G13280	ortholog_many2many
AUR62008963	110728173	AT3G25760	ortholog_many2many
AUR62008963	110728173	AT3G25780	ortholog_many2many
AUR62040482	110697705	AT5G44790	ortholog_one2many
AUR62034908	110735578	AT1G71740	ortholog_one2one
AUR62034908	110704063	AT1G71740	ortholog_one2one
AUR62014077	110694194	AT1G23390	ortholog_one2many
AUR62007591	110685820	AT1G47260	ortholog_one2many
AUR62016868	110705213	AT5G07860	ortholog_many2many
AUR62016868	110705213	AT5G07850	ortholog_many2many
AUR62016868	110705213	AT5G42830	ortholog_many2many
AUR62016868	110705213	AT5G07870	ortholog_many2many
AUR62039801	110730387	AT5G15260	ortholog_one2many
AUR62039801	110730387	AT3G01170	ortholog_one2many
AUR62004515	110714135	AT2G46570	ortholog_one2many
AUR62027552	110689992	AT1G29520	ortholog_many2many
AUR62027552	110689992	AT5G46530	ortholog_many2many
AUR62032662	110704738	AT3G24240	ortholog_one2many
AUR62027422	110716814	AT5G57120	ortholog_one2many
AUR62000738	110736828	AT3G05600	ortholog_one2one
AUR62026044	110707170	AT5G52500	ortholog_one2many
AUR62026044	110707170	AT3G57400	ortholog_one2many
AUR62003321	110724159	AT4G39620	ortholog_one2one
AUR62011899	110734128	AT5G15240	ortholog_one2many
AUR62007302	110732555	AT2G35410	ortholog_one2many
AUR62014661	110726962	AT5G42890	ortholog_one2many
AUR62014661	110693486	AT5G42890	ortholog_one2many
AUR62033918	110686451	AT3G09270	ortholog_one2many
AUR62009071	110705808	AT5G57510	ortholog_one2many
AUR62011529	110698660	AT3G15730	ortholog_many2many
AUR62011529	110698660	AT1G52570	ortholog_many2many
AUR62032699	110704773	AT3G03890	ortholog_one2many
AUR62016931	110706836	AT1G11130	ortholog_one2many
AUR62016931	110693559	AT1G11130	ortholog_one2many
AUR62035754	110688731	AT4G31770	ortholog_one2many
AUR62026563	110713619	AT1G30825	ortholog_one2many
AUR62014803	110693605	AT4G04955	ortholog_one2many
AUR62019931	110722779	AT4G17030	ortholog_one2many
AUR62020865	110714762	AT3G23810	ortholog_many2many
AUR62020865	110714762	AT4G13940	ortholog_many2many
AUR62011461	110698603	AT3G24320	ortholog_one2many
AUR62022905	110699296	AT2G40180	ortholog_one2many
AUR62022905	110683221	AT2G40180	ortholog_one2many
AUR62043534	110732887	AT3G55070	ortholog_one2many
AUR62017313	110702524	AT4G11850	ortholog_many2many
AUR62017313	110702524	AT4G11830	ortholog_many2many
AUR62017313	110702524	AT4G11840	ortholog_many2many
AUR62022002	110731383	AT1G11545	ortholog_one2one
AUR62032012	110707497	AT4G15920	ortholog_many2many
AUR62032012	110707497	AT3G16690	ortholog_many2many
AUR62034587	110697792	AT4G03020	ortholog_one2many
AUR62020395	110720748	AT1G50720	ortholog_many2many
AUR62020395	110720748	AT5G55110	ortholog_many2many
AUR62020395	110720748	AT4G26880	ortholog_many2many
AUR62015421	110689279	AT1G05870	ortholog_one2many
AUR62015421	110689279	AT2G31560	ortholog_one2many
AUR62015421	110689279	AT2G43340	ortholog_one2many
AUR62025613	110726701	AT1G72320	ortholog_one2many
AUR62017374	110702580	AT4G12080	ortholog_one2many
AUR62017374	110702580	AT4G22770	ortholog_one2many
AUR62019027	110709735	AT5G58260	ortholog_one2many
AUR62023726	110738534	AT2G43880	ortholog_one2many
AUR62018167	110735085	AT1G16445	ortholog_one2one
AUR62020986	110714847	AT3G21350	ortholog_one2many
AUR62003308	110724057	AT5G64860	ortholog_one2many
AUR62011583	110698704	AT4G32510	ortholog_many2many
AUR62011583	110698704	AT5G25430	ortholog_many2many
AUR62016673	110705024	AT1G49430	ortholog_one2many
AUR62013681	110721476	AT5G15610	ortholog_many2many
AUR62013681	110721476	AT3G02200	ortholog_many2many
AUR62001444	110688058	AT3G14110	ortholog_one2many
AUR62037745	110738962	AT5G52840	ortholog_one2many
AUR62037745	110720268	AT5G52840	ortholog_one2many
AUR62015466	110689328	AT5G52330	ortholog_many2many
AUR62015466	110689328	AT4G16045	ortholog_many2many
AUR62015466	110689328	AT1G04300	ortholog_many2many
AUR62015466	110689328	AT5G43560	ortholog_many2many
AUR62025638	110726728	AT1G51640	ortholog_one2many
AUR62032904	110716352	AT5G38580	ortholog_one2many
AUR62013055	110739420	AT4G34950	ortholog_one2many
AUR62013055	110739420	AT2G16660	ortholog_one2many
AUR62011659	110698783	AT3G16140	ortholog_many2many
AUR62011659	110698783	AT1G52230	ortholog_many2many
AUR62008423	110700603	AT1G74470	ortholog_one2many
AUR62002700	110704547	AT5G04490	ortholog_one2many
AUR62040262	110717083	AT5G67410	ortholog_one2many
AUR62027237	110692721	AT4G15270	ortholog_many2many
AUR62027237	110692721	AT3G21790	ortholog_many2many
AUR62027237	110692721	AT3G21750	ortholog_many2many
AUR62027237	110692721	AT3G21800	ortholog_many2many
AUR62027237	110692721	AT4G15260	ortholog_many2many
AUR62027237	110692721	AT4G15280	ortholog_many2many
AUR62027237	110692721	AT3G21780	ortholog_many2many
AUR62027237	110692721	AT3G21760	ortholog_many2many
AUR62008761	110727981	AT4G28600	ortholog_one2many
AUR62031915	110729866	AT5G48120	ortholog_one2one
AUR62022609	110731578	AT4G01290	ortholog_one2many
AUR62002623	110718209	AT5G18980	ortholog_one2many
AUR62002623	110718209	AT4G14280	ortholog_one2many
AUR62002623	110718209	AT3G06210	ortholog_one2many
AUR62009152	110705446	AT5G11840	ortholog_one2one
AUR62003909	110682326	AT2G23360	ortholog_one2many
AUR62043316	110719073	AT1G76540	ortholog_one2many
AUR62043316	110719073	AT1G20930	ortholog_one2many
AUR62000543	110736645	AT3G23020	ortholog_one2many
AUR62013243	110682496	AT4G34135	ortholog_many2many
AUR62013243	110682496	AT2G15490	ortholog_many2many
AUR62013243	110682496	AT4G34131	ortholog_many2many
AUR62013243	110682496	AT4G34138	ortholog_many2many
AUR62013243	110682496	AT2G15480	ortholog_many2many
AUR62023794	110738735	AT1G05720	ortholog_one2many
AUR62013885	110721669	AT1G20300	ortholog_one2many
AUR62039192	110737665	AT5G53860	ortholog_one2many
AUR62039192	110690304	AT5G53860	ortholog_one2many
AUR62030187	110728553	AT1G30070	ortholog_one2many
AUR62027431	110716829	AT4G29890	ortholog_one2many
AUR62016519	110703409	AT3G02065	ortholog_one2many
AUR62020109	110683433	AT2G29670	ortholog_many2many
AUR62020109	110683433	AT3G47080	ortholog_many2many
AUR62020109	110683433	AT1G07280	ortholog_many2many
AUR62008905	110728116	AT3G07090	ortholog_one2many
AUR62025415	110689682	AT5G09920	ortholog_one2many
AUR62023576	110725270	AT1G34380	ortholog_one2many
AUR62004068	110682503	AT5G66530	ortholog_one2many
AUR62036829	110694997	AT4G02800	ortholog_one2many
AUR62022603	110731572	AT3G61500	ortholog_many2many
AUR62022603	110731572	AT2G46080	ortholog_many2many
AUR62022603	110731572	AT4G01360	ortholog_many2many
AUR62022603	110731572	AT1G01550	ortholog_many2many
AUR62006416	110731456	AT3G08740	ortholog_one2many
AUR62006416	110690704	AT3G08740	ortholog_one2many
AUR62005562	110710366	AT1G67660	ortholog_one2many
AUR62028026	110683805	AT4G20325	ortholog_one2many
AUR62004477	110714105	AT2G46420	ortholog_one2many
AUR62004477	110714105	AT3G61700	ortholog_one2many
AUR62030819	110733933	AT3G22840	ortholog_many2many
AUR62030819	110733933	AT4G14690	ortholog_many2many
AUR62030819	110710764	AT3G22840	ortholog_many2many
AUR62030819	110710764	AT4G14690	ortholog_many2many
AUR62017359	110702565	AT1G20890	ortholog_one2many
AUR62017359	110702565	AT1G76480	ortholog_one2many
AUR62036936	110726101	AT4G35540	ortholog_one2many
AUR62023380	110720477	AT2G47610	ortholog_many2many
AUR62023380	110720477	AT3G62870	ortholog_many2many
AUR62002817	110718526	AT3G45140	ortholog_one2many
AUR62043051	110684541	AT5G25970	ortholog_many2many
AUR62043051	110684541	AT5G11730	ortholog_many2many
AUR62029461	110724822	AT1G47830	ortholog_one2many
AUR62029461	110694692	AT1G47830	ortholog_one2many
AUR62037562	110734020	AT5G06620	ortholog_one2one
AUR62029488	110719765	AT4G35980	ortholog_one2many
AUR62029488	110694726	AT4G35980	ortholog_one2many
AUR62001788	110688422	AT1G07615	ortholog_one2many
AUR62011358	110698498	AT4G34330	ortholog_many2many
AUR62011358	110698498	AT4G34320	ortholog_many2many
AUR62007379	110732644	AT3G17465	ortholog_one2many
AUR62027219	110692709	AT5G65270	ortholog_many2many
AUR62027219	110692709	AT4G39990	ortholog_many2many
AUR62000432	110736534	AT1G56600	ortholog_many2many
AUR62000432	110736534	AT1G09350	ortholog_many2many
AUR62040022	110717236	AT3G53350	ortholog_one2many
AUR62040022	110717236	AT2G37080	ortholog_one2many
AUR62002325	110717401	AT3G59480	ortholog_one2many
AUR62013908	110721353	AT1G20190	ortholog_one2many
AUR62007413	110732679	AT4G19150	ortholog_one2many
AUR62036197	110684630	AT2G27450	ortholog_one2many
AUR62004134	110714028	AT2G44970	ortholog_one2many
AUR62018117	110735043	AT3G19330	ortholog_one2many
AUR62018117	110735043	AT3G19250	ortholog_one2many
AUR62013012	110737739	AT4G38540	ortholog_many2many
AUR62013012	110737739	AT5G05320	ortholog_many2many
AUR62011938	110734411	AT1G06800	ortholog_one2many
AUR62011938	110734411	AT2G30550	ortholog_one2many
AUR62000707	110736797	AT1G56300	ortholog_one2one
AUR62011567	110698688	AT3G15670	ortholog_one2many
AUR62011567	110698688	AT1G52690	ortholog_one2many
AUR62022547	110731516	AT1G01740	ortholog_many2many
AUR62022547	110731516	AT4G00710	ortholog_many2many
AUR62036891	110699049	AT1G50250	ortholog_many2many
AUR62036891	110699049	AT5G42270	ortholog_many2many
AUR62032547	110717849	AT3G10850	ortholog_one2many
AUR62012979	110737723	AT4G25000	ortholog_one2many
AUR62007057	110732309	AT5G41910	ortholog_one2many
AUR62007057	110732309	AT1G26665	ortholog_one2many
AUR62023586	110725282	AT1G34320	ortholog_one2one
AUR62007396	110732662	AT1G32127	ortholog_one2many
AUR62042530	110699105	AT1G21070	ortholog_one2many
AUR62042530	110699105	AT5G42420	ortholog_one2many
AUR62042530	110699105	AT1G76670	ortholog_one2many
AUR62020338	110720881	AT5G55250	ortholog_one2one
AUR62033986	110716922	AT2G19560	ortholog_one2many
AUR62033986	110712931	AT2G19560	ortholog_one2many
AUR62026224	110697987	AT4G35800	ortholog_one2many
AUR62023916	110699588	AT3G21270	ortholog_many2many
AUR62023916	110699588	AT1G51700	ortholog_many2many
AUR62043982	110709940	AT5G38290	ortholog_many2many
AUR62043982	110709940	AT5G16140	ortholog_many2many
AUR62020845	110714853	AT3G52090	ortholog_one2many
AUR62003671	110695256	AT5G65500	ortholog_one2one
AUR62007438	110732706	AT1G31410	ortholog_one2one
AUR62007439	110732707	AT1G31440	ortholog_one2many
AUR62020046	110683366	AT2G29390	ortholog_many2many
AUR62020046	110683366	AT1G07420	ortholog_many2many
AUR62037238	110716495	AT3G58590	ortholog_one2one
AUR62019030	110709733	AT4G25020	ortholog_many2many
AUR62019030	110709733	AT1G33520	ortholog_many2many
AUR62026460	110713546	AT1G27080	ortholog_many2many
AUR62026460	110713546	AT1G69860	ortholog_many2many
AUR62026460	110713546	AT1G69870	ortholog_many2many
AUR62008412	110700592	AT1G74640	ortholog_one2many
AUR62017084	110706983	AT5G55630	ortholog_one2many
AUR62000985	110737061	AT3G04860	ortholog_one2many
AUR62000985	110737061	AT5G28150	ortholog_one2many
AUR62008644	110727881	AT1G72550	ortholog_one2many
AUR62023965	110699634	AT3G44820	ortholog_one2many
AUR62035740	110688719	AT1G19830	ortholog_one2many
AUR62035740	110688719	AT1G75580	ortholog_one2many
AUR62024184	110738409	AT3G09680	ortholog_many2many
AUR62024184	110738409	AT5G02960	ortholog_many2many
AUR62024184	110737905	AT3G09680	ortholog_many2many
AUR62024184	110737905	AT5G02960	ortholog_many2many
AUR62024184	110737452	AT3G09680	ortholog_many2many
AUR62024184	110737452	AT5G02960	ortholog_many2many
AUR62024184	110721262	AT3G09680	ortholog_many2many
AUR62024184	110721262	AT5G02960	ortholog_many2many
AUR62024184	110719313	AT3G09680	ortholog_many2many
AUR62024184	110719313	AT5G02960	ortholog_many2many
AUR62024184	110712681	AT3G09680	ortholog_many2many
AUR62024184	110712681	AT5G02960	ortholog_many2many
AUR62024184	110712477	AT3G09680	ortholog_many2many
AUR62024184	110712477	AT5G02960	ortholog_many2many
AUR62024184	110707979	AT3G09680	ortholog_many2many
AUR62024184	110707979	AT5G02960	ortholog_many2many
AUR62037040	110731022	AT5G06290	ortholog_many2many
AUR62037040	110731022	AT3G11630	ortholog_many2many
AUR62035586	110738866	AT4G27680	ortholog_many2many
AUR62035586	110738866	AT5G53540	ortholog_many2many
AUR62015541	110689397	AT4G14305	ortholog_one2many
AUR62015559	110689419	AT3G23300	ortholog_many2many
AUR62015559	110689419	AT1G04430	ortholog_many2many
AUR62015559	110689419	AT4G14360	ortholog_many2many
AUR62004323	110713920	AT1G01770	ortholog_one2many
AUR62021089	110729559	AT3G16520	ortholog_one2many
AUR62016336	110703236	AT1G77350	ortholog_one2one
AUR62003172	110722633	AT5G66740	ortholog_one2many
AUR62002921	110720025	AT1G68830	ortholog_one2many
AUR62014871	110693675	AT1G28440	ortholog_one2one
AUR62020268	110720810	AT3G24190	ortholog_one2one
AUR62007896	110686095	AT1G26340	ortholog_one2many
AUR62027835	110706655	AT1G28230	ortholog_many2many
AUR62027835	110706655	AT1G28220	ortholog_many2many
AUR62027835	110706655	AT2G33750	ortholog_many2many
AUR62025113	110711978	AT5G21100	ortholog_many2many
AUR62025113	110711978	AT5G21105	ortholog_many2many
AUR62006058	110728325	AT4G27700	ortholog_one2many
AUR62009794	110684281	AT2G27710	ortholog_one2many
AUR62009794	110684281	AT3G44590	ortholog_one2many
AUR62009794	110684281	AT2G27720	ortholog_one2many
AUR62013090	110737853	AT5G50290	ortholog_one2many
AUR62017763	110702147	AT5G48335	ortholog_many2many
AUR62017763	110702147	AT3G07580	ortholog_many2many
AUR62034547	110723306	AT2G27190	ortholog_one2many
AUR62031259	110716921	AT4G29850	ortholog_one2many
AUR62031259	110716921	AT2G19350	ortholog_one2many
AUR62031259	110716596	AT4G29850	ortholog_one2many
AUR62031259	110716596	AT2G19350	ortholog_one2many
AUR62035096	110692958	AT5G62340	ortholog_one2many
AUR62035096	110692958	AT5G62350	ortholog_one2many
AUR62035096	110692958	AT4G25260	ortholog_one2many
AUR62035096	110692958	AT3G47380	ortholog_one2many
AUR62002437	110717745	AT2G42260	ortholog_many2many
AUR62002437	110717745	AT3G57860	ortholog_many2many
AUR62006761	110701183	AT5G12010	ortholog_one2many
AUR62008038	110686236	AT2G23700	ortholog_many2many
AUR62008038	110686236	AT5G66600	ortholog_many2many
AUR62017312	110702522	AT1G63000	ortholog_one2one
AUR62031639	110727059	AT5G15090	ortholog_one2many
AUR62031639	110727059	AT3G01280	ortholog_one2many
AUR62004284	110713923	AT1G29900	ortholog_one2many
AUR62028335	110721851	AT4G33150	ortholog_one2many
AUR62028335	110715969	AT4G33150	ortholog_one2many
AUR62014375	110724668	AT5G09810	ortholog_one2many
AUR62005767	110707289	AT1G26840	ortholog_one2one
AUR62005381	110708686	AT1G10590	ortholog_one2many
AUR62011866	110734355	AT5G27470	ortholog_one2many
AUR62042314	110710925	AT1G06230	ortholog_one2one
AUR62008145	110727574	AT5G50180	ortholog_one2many
AUR62008145	110700324	AT5G50180	ortholog_one2many
AUR62012039	110734520	AT5G06760	ortholog_one2many
AUR62005988	110727616	AT5G24520	ortholog_one2one
AUR62038746	110696290	AT4G14320	ortholog_one2many
AUR62038746	110696290	AT3G23390	ortholog_one2many
AUR62038641	110685181	AT3G05990	ortholog_one2one
AUR62043834	110724570	AT3G51260	ortholog_many2many
AUR62043834	110724570	AT5G66140	ortholog_many2many
AUR62043834	110719768	AT3G51260	ortholog_many2many
AUR62043834	110719768	AT5G66140	ortholog_many2many
AUR62043834	110694725	AT3G51260	ortholog_many2many
AUR62043834	110694725	AT5G66140	ortholog_many2many
AUR62009592	110684078	AT2G28830	ortholog_many2many
AUR62009592	110684078	AT3G46510	ortholog_many2many
AUR62033312	110685310	AT1G01760	ortholog_one2many
AUR62006544	110700977	AT4G29070	ortholog_one2many
AUR62020772	110721258	AT1G35550	ortholog_many2many
AUR62020772	110721258	AT1G07920	ortholog_many2many
AUR62020772	110721258	AT1G07940	ortholog_many2many
AUR62020772	110721258	AT5G60390	ortholog_many2many
AUR62020772	110721258	AT1G07930	ortholog_many2many
AUR62020772	110710249	AT1G35550	ortholog_many2many
AUR62020772	110710249	AT1G07920	ortholog_many2many
AUR62020772	110710249	AT1G07940	ortholog_many2many
AUR62020772	110710249	AT5G60390	ortholog_many2many
AUR62020772	110710249	AT1G07930	ortholog_many2many
AUR62020772	110710250	AT1G35550	ortholog_many2many
AUR62020772	110710250	AT1G07920	ortholog_many2many
AUR62020772	110710250	AT1G07940	ortholog_many2many
AUR62020772	110710250	AT5G60390	ortholog_many2many
AUR62020772	110710250	AT1G07930	ortholog_many2many
AUR62020772	110683726	AT1G35550	ortholog_many2many
AUR62020772	110683726	AT1G07920	ortholog_many2many
AUR62020772	110683726	AT1G07940	ortholog_many2many
AUR62020772	110683726	AT5G60390	ortholog_many2many
AUR62020772	110683726	AT1G07930	ortholog_many2many
AUR62020772	110683730	AT1G35550	ortholog_many2many
AUR62020772	110683730	AT1G07920	ortholog_many2many
AUR62020772	110683730	AT1G07940	ortholog_many2many
AUR62020772	110683730	AT5G60390	ortholog_many2many
AUR62020772	110683730	AT1G07930	ortholog_many2many
AUR62024131	110712446	AT5G58370	ortholog_one2many
AUR62024131	110710749	AT5G58370	ortholog_one2many
AUR62040103	110690148	AT5G42650	ortholog_one2many
AUR62012929	110738419	AT4G38370	ortholog_one2many
AUR62013662	110721456	AT3G60590	ortholog_one2many
AUR62008431	110700610	AT5G56320	ortholog_one2many
AUR62026601	110713657	AT1G60010	ortholog_many2many
AUR62026601	110713657	AT1G10530	ortholog_many2many
AUR62014478	110724767	AT1G19530	ortholog_one2many
AUR62014478	110682356	AT1G19530	ortholog_one2many
AUR62006048	110728251	AT4G27750	ortholog_one2many
AUR62007070	110732221	AT1G32760	ortholog_many2many
AUR62007070	110732221	AT4G10630	ortholog_many2many
AUR62021190	110729665	AT1G55630	ortholog_one2many
AUR62021190	110729665	AT3G60050	ortholog_one2many
AUR62015414	110689274	AT1G12200	ortholog_many2many
AUR62015414	110689274	AT1G63370	ortholog_many2many
AUR62015414	110689274	AT1G65860	ortholog_many2many
AUR62015414	110689274	AT1G62560	ortholog_many2many
AUR62015414	110689274	AT1G63390	ortholog_many2many
AUR62015414	110689274	AT1G62580	ortholog_many2many
AUR62015414	110689274	AT1G62570	ortholog_many2many
AUR62015414	110689274	AT1G62540	ortholog_many2many
AUR62015414	110689274	AT1G12140	ortholog_many2many
AUR62015414	110689274	AT1G63340	ortholog_many2many
AUR62015414	110689274	AT1G12130	ortholog_many2many
AUR62015414	110689274	AT1G62620	ortholog_many2many
AUR62015414	110689274	AT1G62600	ortholog_many2many
AUR62015414	110689274	AT1G12160	ortholog_many2many
AUR62002072	110717871	AT3G03000	ortholog_one2one
AUR62015568	110689426	AT1G04420	ortholog_one2many
AUR62040207	110740228	AT2G25900	ortholog_one2many
AUR62016534	110703426	AT1G36280	ortholog_many2many
AUR62016534	110703426	AT4G18440	ortholog_many2many
AUR62014464	110724752	AT1G45130	ortholog_one2many
AUR62007764	110685990	AT1G26130	ortholog_many2many
AUR62007764	110685990	AT1G13210	ortholog_many2many
AUR62007764	110685990	AT1G68710	ortholog_many2many
AUR62007764	110685990	AT3G25610	ortholog_many2many
AUR62015311	110689188	AT4G33370	ortholog_many2many
AUR62015311	110689188	AT5G51280	ortholog_many2many
AUR62029906	110702932	AT1G48540	ortholog_many2many
AUR62029906	110702932	AT3G17920	ortholog_many2many
AUR62018543	110711500	AT3G23800	ortholog_many2many
AUR62018543	110711500	AT4G14030	ortholog_many2many
AUR62018543	110711500	AT4G14040	ortholog_many2many
AUR62005926	110727042	AT5G36300	ortholog_one2many
AUR62000396	110736499	AT1G56430	ortholog_many2many
AUR62000396	110736499	AT1G09240	ortholog_many2many
AUR62000396	110736499	AT5G56080	ortholog_many2many
AUR62000396	110736499	AT5G04950	ortholog_many2many
AUR62000396	110736499	AT4G26483	ortholog_many2many
AUR62007776	110686003	AT1G13550	ortholog_many2many
AUR62007776	110686003	AT1G13510	ortholog_many2many
AUR62007776	110686003	AT1G13480	ortholog_many2many
AUR62007776	110686003	AT1G13540	ortholog_many2many
AUR62007776	110686003	AT1G13490	ortholog_many2many
AUR62007776	110686003	AT1G13470	ortholog_many2many
AUR62007776	110686003	AT1G13530	ortholog_many2many
AUR62007776	110686003	AT1G13500	ortholog_many2many
AUR62007776	110686003	AT1G13520	ortholog_many2many
AUR62031453	110693903	AT5G24030	ortholog_many2many
AUR62031453	110693903	AT4G27970	ortholog_many2many
AUR62019087	110709790	AT1G58200	ortholog_one2many
AUR62006436	110731691	AT3G08710	ortholog_one2many
AUR62008625	110727864	AT3G62810	ortholog_one2many
AUR62042637	110681667	AT1G59740	ortholog_one2many
AUR62011322	110698464	AT2G21710	ortholog_one2many
AUR62025995	110707243	AT3G57610	ortholog_one2one
AUR62025995	110691459	AT3G57610	ortholog_one2one
AUR62016358	110703254	AT5G64870	ortholog_many2many
AUR62016358	110703254	AT5G25260	ortholog_many2many
AUR62016358	110703254	AT5G25250	ortholog_many2many
AUR62037406	110720002	AT1G14830	ortholog_one2many
AUR62037406	110695488	AT1G14830	ortholog_one2many
AUR62018835	110730290	AT3G47130	ortholog_many2many
AUR62018835	110730290	AT3G47150	ortholog_many2many
AUR62018835	110730290	AT3G47140	ortholog_many2many
AUR62037606	110734056	AT3G56070	ortholog_one2one
AUR62028936	110682965	AT2G06010	ortholog_one2many
AUR62001149	110687791	AT4G13030	ortholog_one2many
AUR62004095	110682531	AT4G05380	ortholog_many2many
AUR62004095	110682531	AT1G43910	ortholog_many2many
AUR62033439	110729118	AT1G52730	ortholog_one2many
AUR62033439	110729118	AT3G15610	ortholog_one2many
AUR62033439	110729118	AT1G15470	ortholog_one2many
AUR62033439	110707870	AT1G52730	ortholog_one2many
AUR62033439	110707870	AT3G15610	ortholog_one2many
AUR62033439	110707870	AT1G15470	ortholog_one2many
AUR62036420	110735535	AT5G55590	ortholog_one2many
AUR62011825	110734313	AT1G02640	ortholog_one2many
AUR62004416	110714155	AT1G01470	ortholog_one2many
AUR62001758	110688390	AT2G29080	ortholog_many2many
AUR62001758	110688390	AT1G07510	ortholog_many2many
AUR62005671	110711486	AT4G09650	ortholog_one2one
AUR62014868	110693672	AT5G46100	ortholog_one2one
AUR62008884	110728094	AT4G13210	ortholog_many2many
AUR62008884	110728094	AT3G07010	ortholog_many2many
AUR62008884	110728094	AT3G24670	ortholog_many2many
AUR62008884	110728094	AT5G48900	ortholog_many2many
AUR62024967	110711889	AT2G28370	ortholog_one2many
AUR62000314	110736427	AT4G12800	ortholog_one2many
AUR62026051	110707297	AT2G41700	ortholog_one2one
AUR62043085	110686560	AT1G78450	ortholog_one2many
AUR62043085	110686560	AT1G17100	ortholog_one2many
AUR62043085	110686560	AT1G78460	ortholog_one2many
AUR62003784	110682199	AT5G63480	ortholog_one2many
AUR62016672	110705023	AT4G17650	ortholog_one2many
AUR62004705	110714441	AT1G77740	ortholog_many2many
AUR62004705	110714441	AT1G21980	ortholog_many2many
AUR62041853	110706133	AT5G40140	ortholog_one2many
AUR62003423	110681823	AT5G14100	ortholog_one2many
AUR62021171	110729648	AT4G20850	ortholog_one2one
AUR62021171	110697052	AT4G20850	ortholog_one2one
AUR62011298	110698445	AT2G21590	ortholog_many2many
AUR62011298	110698445	AT4G39210	ortholog_many2many
AUR62017597	110701971	AT3G16610	ortholog_one2one
AUR62028605	110727420	AT5G53270	ortholog_many2many
AUR62028605	110727420	AT5G53260	ortholog_many2many
AUR62028605	110727420	AT1G03120	ortholog_many2many
AUR62022339	110696489	AT1G22060	ortholog_one2many
AUR62009416	110705707	AT3G63490	ortholog_one2one
AUR62009836	110683970	AT3G13784	ortholog_many2many
AUR62009836	110683970	AT1G55120	ortholog_many2many
AUR62009836	110683970	AT3G13790	ortholog_many2many
AUR62039245	110689637	AT3G63200	ortholog_one2many
AUR62000296	110736407	AT3G02730	ortholog_many2many
AUR62000296	110736407	AT5G16400	ortholog_many2many
AUR62025754	110726839	AT4G24780	ortholog_one2many
AUR62034718	110684821	AT3G22590	ortholog_one2many
AUR62004051	110682485	AT3G50850	ortholog_many2many
AUR62004051	110682485	AT5G49560	ortholog_many2many
AUR62032949	110716284	AT3G19970	ortholog_one2many
AUR62017046	110706940	AT5G44300	ortholog_many2many
AUR62017046	110706940	AT1G28330	ortholog_many2many
AUR62017046	110706940	AT2G33830	ortholog_many2many
AUR62005737	110712103	AT1G69800	ortholog_one2one
AUR62020838	110714783	AT4G22330	ortholog_one2many
AUR62024072	110699735	AT1G06260	ortholog_one2one
AUR62008379	110700557	AT5G61730	ortholog_many2many
AUR62008379	110700557	AT3G47730	ortholog_many2many
AUR62008379	110700557	AT5G61690	ortholog_many2many
AUR62009713	110684202	AT3G51680	ortholog_one2many
AUR62029348	110720111	AT4G27430	ortholog_one2one
AUR62039937	110704593	AT1G23130	ortholog_many2many
AUR62039937	110704593	AT5G28000	ortholog_many2many
AUR62039937	110704593	AT1G70890	ortholog_many2many
AUR62039937	110704593	AT1G70840	ortholog_many2many
AUR62039937	110704593	AT1G35310	ortholog_many2many
AUR62039937	110704593	AT1G70860	ortholog_many2many
AUR62039937	110704593	AT1G70850	ortholog_many2many
AUR62039937	110704593	AT1G70880	ortholog_many2many
AUR62039937	110704593	AT1G70830	ortholog_many2many
AUR62039937	110704593	AT1G35260	ortholog_many2many
AUR62039937	110704593	AT5G28010	ortholog_many2many
AUR62025962	110707210	AT3G12160	ortholog_one2one
AUR62042584	110712783	AT2G33700	ortholog_one2one
AUR62018097	110735028	AT5G18840	ortholog_one2one
AUR62011474	110698613	AT1G16690	ortholog_many2many
AUR62011474	110698613	AT1G79020	ortholog_many2many
AUR62013951	110694085	AT3G22480	ortholog_one2many
AUR62003660	110682077	AT5G09690	ortholog_many2many
AUR62003660	110682077	AT5G09720	ortholog_many2many
AUR62003660	110682077	AT5G64560	ortholog_many2many
AUR62009749	110684237	AT2G27730	ortholog_one2many
AUR62002037	110717926	AT4G39710	ortholog_one2many
AUR62004425	110714270	AT2G46225	ortholog_one2many
AUR62009081	110705378	AT5G21482	ortholog_one2many
AUR62001977	110717860	AT3G50400	ortholog_many2many
AUR62001977	110717860	AT2G23540	ortholog_many2many
AUR62031251	110716590	AT4G29510	ortholog_many2many
AUR62031251	110716590	AT2G19670	ortholog_many2many
AUR62043212	110694820	AT3G01560	ortholog_many2many
AUR62043212	110694820	AT5G14540	ortholog_many2many
AUR62009801	110684288	AT3G44620	ortholog_one2many
AUR62032796	110706325	AT1G14185	ortholog_many2many
AUR62032796	110706325	AT1G14190	ortholog_many2many
AUR62031933	110729878	AT4G37840	ortholog_one2one
AUR62002878	110719363	AT1G68540	ortholog_many2many
AUR62002878	110719363	AT1G25460	ortholog_many2many
AUR62009717	110684207	AT2G30300	ortholog_one2many
AUR62033843	110686378	AT3G12280	ortholog_one2many
AUR62002295	110717694	AT1G75330	ortholog_one2many
AUR62000494	110736598	AT2G13690	ortholog_one2many
AUR62023372	110720470	AT5G47030	ortholog_one2many
AUR62000791	110735908	AT5G35732	ortholog_many2many
AUR62000791	110735908	AT2G04795	ortholog_many2many
AUR62003084	110721720	AT1G13700	ortholog_one2many
AUR62013698	110721492	AT1G02050	ortholog_one2many
AUR62019503	110737730	AT3G15090	ortholog_one2one
AUR62020089	110683413	AT2G29590	ortholog_one2many
AUR62000819	110736907	AT1G55000	ortholog_one2one
AUR62000819	110708627	AT1G55000	ortholog_one2one
AUR62026030	110707277	AT2G41820	ortholog_one2one
AUR62014800	110693600	AT4G04930	ortholog_one2many
AUR62030202	110728568	AT5G46230	ortholog_one2one
AUR62028371	110721737	AT4G30550	ortholog_many2many
AUR62028371	110721737	AT4G30540	ortholog_many2many
AUR62028371	110721737	AT2G23960	ortholog_many2many
AUR62028371	110721737	AT2G23970	ortholog_many2many
AUR62028371	110721737	AT4G30530	ortholog_many2many
AUR62039903	110724982	AT5G64980	ortholog_one2one
AUR62014645	110693471	AT1G66345	ortholog_one2one
AUR62033023	110713165	AT1G04810	ortholog_many2many
AUR62033023	110713165	AT2G32730	ortholog_many2many
AUR62025162	110715923	AT2G19385	ortholog_one2many
AUR62030283	110711502	AT3G56480	ortholog_many2many
AUR62030283	110711502	AT2G40820	ortholog_many2many
AUR62030283	110710529	AT3G56480	ortholog_many2many
AUR62030283	110710529	AT2G40820	ortholog_many2many
AUR62019122	110709829	AT4G30890	ortholog_one2many
AUR62026581	110713861	AT1G24095	ortholog_one2one
AUR62024703	110733108	AT5G16390	ortholog_one2many
AUR62022559	110731530	AT4G23340	ortholog_one2many
AUR62008434	110700614	AT5G61440	ortholog_one2many
AUR62033710	110713338	AT4G02920	ortholog_many2many
AUR62033710	110713338	AT1G03340	ortholog_many2many
AUR62018920	110709637	AT3G09270	ortholog_one2many
AUR62013760	110721546	AT5G47200	ortholog_one2many
AUR62013760	110721546	AT4G17530	ortholog_one2many
AUR62013760	110720494	AT5G47200	ortholog_one2many
AUR62013760	110720494	AT4G17530	ortholog_one2many
AUR62033993	110712924	AT4G29640	ortholog_many2many
AUR62033993	110712924	AT4G29570	ortholog_many2many
AUR62033993	110712924	AT4G29650	ortholog_many2many
AUR62033993	110712924	AT4G29600	ortholog_many2many
AUR62033993	110712924	AT4G29580	ortholog_many2many
AUR62033993	110712924	AT4G29620	ortholog_many2many
AUR62033993	110712924	AT2G19570	ortholog_many2many
AUR62033993	110712924	AT4G29610	ortholog_many2many
AUR62033993	110712924	AT4G29630	ortholog_many2many
AUR62000807	110736895	AT1G09020	ortholog_one2one
AUR62009661	110684152	AT3G45780	ortholog_one2many
AUR62041726	110711427	AT4G32760	ortholog_one2many
AUR62009916	110684408	AT1G72480	ortholog_one2many
AUR62017237	110702453	AT1G63440	ortholog_one2many
AUR62026586	110713650	AT1G74110	ortholog_one2many
AUR62022824	110733388	AT3G55750	ortholog_many2many
AUR62022824	110733388	AT1G74270	ortholog_many2many
AUR62022824	110733388	AT1G07070	ortholog_many2many
AUR62022824	110733388	AT1G41880	ortholog_many2many
AUR62022824	110699217	AT3G55750	ortholog_many2many
AUR62022824	110699217	AT1G74270	ortholog_many2many
AUR62022824	110699217	AT1G07070	ortholog_many2many
AUR62022824	110699217	AT1G41880	ortholog_many2many
AUR62005713	110711902	AT1G28120	ortholog_one2one
AUR62030636	110704483	AT4G32400	ortholog_one2one
AUR62043861	110732167	AT2G33230	ortholog_many2many
AUR62043861	110732167	AT1G04610	ortholog_many2many
AUR62043861	110727346	AT2G33230	ortholog_many2many
AUR62043861	110727346	AT1G04610	ortholog_many2many
AUR62028739	110727589	AT5G63100	ortholog_one2many
AUR62001342	110687960	AT3G06530	ortholog_one2many
AUR62026042	110707290	AT2G41760	ortholog_one2one
AUR62039486	110736381	AT5G45740	ortholog_one2many
AUR62020590	110710469	AT5G21920	ortholog_one2many
AUR62014390	110724684	AT4G13770	ortholog_one2many
AUR62003242	110723347	AT3G50380	ortholog_one2many
AUR62001599	110688213	AT5G21010	ortholog_many2many
AUR62001599	110688213	AT3G43700	ortholog_many2many
AUR62014076	110694193	AT2G36240	ortholog_one2many
AUR62009712	110684201	AT2G30260	ortholog_many2many
AUR62009712	110684201	AT1G06960	ortholog_many2many
AUR62037559	110734017	AT1G53330	ortholog_one2many
AUR62023507	110725193	AT4G01120	ortholog_many2many
AUR62023507	110725193	AT2G46270	ortholog_many2many
AUR62003702	110682119	AT1G63855	ortholog_one2one
AUR62013809	110721603	AT2G44530	ortholog_one2many
AUR62004002	110717063	AT3G49910	ortholog_many2many
AUR62004002	110717063	AT5G67510	ortholog_many2many
AUR62004002	110682431	AT3G49910	ortholog_many2many
AUR62004002	110682431	AT5G67510	ortholog_many2many
AUR62040244	110717063	AT3G49910	ortholog_many2many
AUR62040244	110717063	AT5G67510	ortholog_many2many
AUR62040244	110682431	AT3G49910	ortholog_many2many
AUR62040244	110682431	AT5G67510	ortholog_many2many
AUR62027508	110716826	AT4G29720	ortholog_one2many
AUR62000722	110736811	AT5G27030	ortholog_one2one
AUR62000722	110708720	AT5G27030	ortholog_one2one
AUR62002221	110717884	AT5G61480	ortholog_one2many
AUR62008524	110726343	AT2G33040	ortholog_one2many
AUR62008524	110700698	AT2G33040	ortholog_one2many
AUR62013023	110739159	AT2G16860	ortholog_one2one
AUR62038685	110730682	AT5G15580	ortholog_many2many
AUR62038685	110730682	AT3G02170	ortholog_many2many
AUR62012068	110734547	AT1G73620	ortholog_one2many
AUR62012068	110734547	AT1G18250	ortholog_one2many
AUR62009703	110684196	AT2G28590	ortholog_many2many
AUR62009703	110684196	AT1G07870	ortholog_many2many
AUR62006381	110731103	AT5G59310	ortholog_many2many
AUR62006381	110731103	AT2G15050	ortholog_many2many
AUR62006381	110731103	AT5G59320	ortholog_many2many
AUR62006381	110731103	AT2G38540	ortholog_many2many
AUR62006381	110731103	AT3G51600	ortholog_many2many
AUR62006381	110731103	AT3G51590	ortholog_many2many
AUR62006381	110731103	AT2G38530	ortholog_many2many
AUR62008424	110726444	AT1G74460	ortholog_one2many
AUR62008424	110700604	AT1G74460	ortholog_one2many
AUR62033787	110694665	AT1G73740	ortholog_one2many
AUR62004028	110682459	AT2G22850	ortholog_one2many
AUR62004028	110682459	AT3G49760	ortholog_one2many
AUR62016639	110704983	AT3G19050	ortholog_one2many
AUR62003168	110722598	AT4G36660	ortholog_one2many
AUR62034546	110723360	AT1G75490	ortholog_one2many
AUR62019583	110737800	AT1G78800	ortholog_one2many
AUR62013636	110721429	AT1G02010	ortholog_one2many
AUR62016632	110704977	AT2G15790	ortholog_one2many
AUR62019421	110737644	AT3G15358	ortholog_one2many
AUR62019421	110737644	AT1G53035	ortholog_one2many
AUR62013309	110725594	AT5G20250	ortholog_one2one
AUR62041971	110696227	AT4G32870	ortholog_one2many
AUR62016453	110703351	AT1G52315	ortholog_many2many
AUR62016453	110703351	AT1G79910	ortholog_many2many
AUR62028282	110721806	AT1G74960	ortholog_one2many
AUR62033922	110712968	AT4G29780	ortholog_one2many
AUR62002747	110728563	AT5G46210	ortholog_many2many
AUR62002747	110728563	AT4G12100	ortholog_many2many
AUR62002747	110711574	AT5G46210	ortholog_many2many
AUR62002747	110711574	AT4G12100	ortholog_many2many
AUR62024652	110733043	AT3G62420	ortholog_one2many
AUR62007344	110732601	AT1G74340	ortholog_one2many
AUR62031637	110727056	AT3G28720	ortholog_one2one
AUR62020071	110683392	AT5G58980	ortholog_many2many
AUR62020071	110683392	AT1G07380	ortholog_many2many
AUR62004188	110714559	AT2G45260	ortholog_many2many
AUR62004188	110714559	AT4G34080	ortholog_many2many
AUR62004188	110714559	AT4G33320	ortholog_many2many
AUR62004188	110714559	AT4G36100	ortholog_many2many
AUR62026289	110698052	AT1G10370	ortholog_many2many
AUR62026289	110698052	AT1G10360	ortholog_many2many
AUR62026289	110698052	AT1G69920	ortholog_many2many
AUR62026289	110698052	AT1G69930	ortholog_many2many
AUR62026289	110698052	AT1G27140	ortholog_many2many
AUR62026289	110698052	AT1G27130	ortholog_many2many
AUR62001576	110688186	AT5G17560	ortholog_one2many
AUR62029843	110702868	AT1G80920	ortholog_one2one
AUR62029096	110730812	AT1G29940	ortholog_one2one
AUR62007743	110685966	AT2G26970	ortholog_one2many
AUR62006270	110730230	AT5G06290	ortholog_many2many
AUR62006270	110730230	AT3G11630	ortholog_many2many
AUR62024717	110732907	AT2G20515	ortholog_one2one
AUR62018250	110735175	AT5G13570	ortholog_one2many
AUR62037625	110722385	AT1G51710	ortholog_many2many
AUR62037625	110722385	AT3G21280	ortholog_many2many
AUR62011677	110698797	AT2G32270	ortholog_many2many
AUR62011677	110698797	AT1G05300	ortholog_many2many
AUR62005319	110708098	AT1G70230	ortholog_one2many
AUR62007754	110685978	AT1G26120	ortholog_one2many
AUR62011670	110698793	AT4G28580	ortholog_many2many
AUR62011670	110698793	AT3G58970	ortholog_many2many
AUR62007672	110685902	AT1G76990	ortholog_one2many
AUR62026585	110713710	AT3G47130	ortholog_many2many
AUR62026585	110713710	AT3G47150	ortholog_many2many
AUR62026585	110713710	AT3G47140	ortholog_many2many
AUR62033179	110739282	AT1G02940	ortholog_many2many
AUR62033179	110739282	AT1G02930	ortholog_many2many
AUR62033179	110739282	AT2G02930	ortholog_many2many
AUR62033179	110739282	AT1G02920	ortholog_many2many
AUR62033179	110739282	AT1G49860	ortholog_many2many
AUR62033179	110739282	AT4G02520	ortholog_many2many
AUR62033179	110739282	AT2G47730	ortholog_many2many
AUR62033179	110739282	AT1G02950	ortholog_many2many
AUR62013108	110739921	AT4G38810	ortholog_one2one
AUR62020858	110715013	AT3G23840	ortholog_many2many
AUR62020858	110715013	AT4G13840	ortholog_many2many
AUR62037807	110727183	AT5G13930	ortholog_one2many
AUR62040062	110696705	AT2G26530	ortholog_one2many
AUR62040062	110690107	AT2G26530	ortholog_one2many
AUR62005850	110713161	AT4G14615	ortholog_many2many
AUR62005850	110713161	AT1G52825	ortholog_many2many
AUR62029057	110683068	AT1G34190	ortholog_many2many
AUR62029057	110683068	AT1G32870	ortholog_many2many
AUR62029057	110683068	AT1G34180	ortholog_many2many
AUR62040448	110697672	AT4G33870	ortholog_one2one
AUR62007539	110685762	AT5G23400	ortholog_one2many
AUR62012017	110734498	AT1G09590	ortholog_many2many
AUR62012017	110734498	AT1G57860	ortholog_many2many
AUR62012017	110734498	AT1G57660	ortholog_many2many
AUR62012017	110734498	AT1G09690	ortholog_many2many
AUR62012017	110689192	AT1G09590	ortholog_many2many
AUR62012017	110689192	AT1G57860	ortholog_many2many
AUR62012017	110689192	AT1G57660	ortholog_many2many
AUR62012017	110689192	AT1G09690	ortholog_many2many
AUR62041722	110711421	AT5G11540	ortholog_one2many
AUR62041940	110704004	AT3G27520	ortholog_one2one
AUR62038728	110696279	AT4G31300	ortholog_one2many
AUR62008317	110700788	AT1G18980	ortholog_many2many
AUR62008317	110700788	AT1G18970	ortholog_many2many
AUR62008317	110700788	AT1G74820	ortholog_many2many
AUR62007742	110720156	AT1G26110	ortholog_one2many
AUR62007742	110685965	AT1G26110	ortholog_one2many
AUR62023617	110725316	AT3G07750	ortholog_one2many
AUR62000367	110736473	AT5G16510	ortholog_one2many
AUR62027886	110706705	AT1G44760	ortholog_one2many
AUR62044199	110713530	AT5G08550	ortholog_many2many
AUR62044199	110713530	AT5G09210	ortholog_many2many
AUR62004609	110731628	AT1G10950	ortholog_one2many
AUR62004609	110713941	AT1G10950	ortholog_one2many
AUR62033394	110729069	AT5G48040	ortholog_one2one
AUR62026452	110713558	AT5G13930	ortholog_one2many
AUR62016566	110703462	AT5G08290	ortholog_one2many
AUR62034361	110696496	AT5G03280	ortholog_one2many
AUR62034361	110682798	AT5G03280	ortholog_one2many
AUR62030694	110733812	AT5G57230	ortholog_one2many
AUR62008333	110726534	AT3G26618	ortholog_many2many
AUR62008333	110726534	AT1G12920	ortholog_many2many
AUR62008333	110700506	AT3G26618	ortholog_many2many
AUR62008333	110700506	AT1G12920	ortholog_many2many
AUR62000297	110736411	AT1G65240	ortholog_many2many
AUR62000297	110736411	AT5G36260	ortholog_many2many
AUR62000297	110736411	AT3G02740	ortholog_many2many
AUR62015458	110689318	AT3G23090	ortholog_one2many
AUR62016312	110703214	AT1G80460	ortholog_one2many
AUR62013033	110739231	AT2G16780	ortholog_one2many
AUR62013033	110739231	AT4G35050	ortholog_one2many
AUR62014280	110724565	AT3G10405	ortholog_one2one
AUR62026573	110713637	AT1G10510	ortholog_one2one
AUR62015445	110689304	AT5G61540	ortholog_one2many
AUR62035602	110738883	AT3G49370	ortholog_many2many
AUR62035602	110738883	AT5G24430	ortholog_many2many
AUR62029318	110693205	AT3G45400	ortholog_many2many
AUR62029318	110693205	AT3G03650	ortholog_many2many
AUR62014725	110693532	AT1G11240	ortholog_one2many
AUR62006832	110701258	AT4G26230	ortholog_one2many
AUR62006832	110701258	AT5G56710	ortholog_one2many
AUR62006832	110701258	AT2G19740	ortholog_one2many
AUR62035589	110738869	AT5G53560	ortholog_one2many
AUR62039816	110730403	AT5G39830	ortholog_one2one
AUR62035963	110706024	AT3G55230	ortholog_many2many
AUR62035963	110706024	AT2G39430	ortholog_many2many
AUR62032860	110706393	AT2G03350	ortholog_one2many
AUR62027120	110740090	AT5G64350	ortholog_one2many
AUR62007619	110685846	AT2G18140	ortholog_many2many
AUR62007619	110685846	AT2G18150	ortholog_many2many
AUR62007619	110685846	AT3G50990	ortholog_many2many
AUR62007619	110685846	AT4G36430	ortholog_many2many
AUR62007619	110685846	AT5G66390	ortholog_many2many
AUR62037037	110731020	AT2G36020	ortholog_one2many
AUR62001464	110688075	AT1G54100	ortholog_one2many
AUR62002077	110717377	AT4G10650	ortholog_one2one
AUR62025967	110707216	AT3G12180	ortholog_one2one
AUR62001793	110688428	AT3G46540	ortholog_one2many
AUR62026421	110713714	AT4G37970	ortholog_one2many
AUR62008179	110700362	AT4G10790	ortholog_one2many
AUR62016512	110703403	AT3G27750	ortholog_one2many
AUR62006689	110701123	AT4G31100	ortholog_many2many
AUR62006689	110701123	AT1G16120	ortholog_many2many
AUR62006689	110701123	AT1G79680	ortholog_many2many
AUR62006689	110701123	AT1G16110	ortholog_many2many
AUR62006689	110701123	AT1G16260	ortholog_many2many
AUR62006689	110701123	AT1G16150	ortholog_many2many
AUR62006689	110701123	AT1G17910	ortholog_many2many
AUR62006689	110701123	AT4G31110	ortholog_many2many
AUR62006689	110701123	AT1G16130	ortholog_many2many
AUR62006689	110701123	AT1G19390	ortholog_many2many
AUR62006689	110701123	AT1G79670	ortholog_many2many
AUR62006689	110701123	AT1G16160	ortholog_many2many
AUR62006689	110701123	AT1G69730	ortholog_many2many
AUR62021532	110726312	AT1G74150	ortholog_many2many
AUR62021532	110726312	AT1G18610	ortholog_many2many
AUR62002559	110722050	AT3G17440	ortholog_one2many
AUR62002559	110722050	AT1G48240	ortholog_one2many
AUR62002559	110717381	AT3G17440	ortholog_one2many
AUR62002559	110717381	AT1G48240	ortholog_one2many
AUR62022864	110699258	AT5G05710	ortholog_one2one
AUR62004600	110713997	AT1G35420	ortholog_one2many
AUR62005573	110712398	AT5G59370	ortholog_many2many
AUR62005573	110712398	AT3G12110	ortholog_many2many
AUR62005573	110712398	AT3G46520	ortholog_many2many
AUR62005573	110712398	AT3G53750	ortholog_many2many
AUR62005573	110712398	AT2G37620	ortholog_many2many
AUR62005573	110710489	AT5G59370	ortholog_many2many
AUR62005573	110710489	AT3G12110	ortholog_many2many
AUR62005573	110710489	AT3G46520	ortholog_many2many
AUR62005573	110710489	AT3G53750	ortholog_many2many
AUR62005573	110710489	AT2G37620	ortholog_many2many
AUR62040151	110695662	AT5G40490	ortholog_one2one
AUR62040151	110686860	AT5G40490	ortholog_one2one
AUR62004430	110714067	AT2G46240	ortholog_one2many
AUR62025308	110715919	AT2G03140	ortholog_one2many
AUR62041411	110738064	AT3G16910	ortholog_one2many
AUR62041411	110697212	AT3G16910	ortholog_one2many
AUR62009171	110705467	AT5G26030	ortholog_one2many
AUR62000966	110737045	AT3G22460	ortholog_one2many
AUR62000966	110737045	AT4G14880	ortholog_one2many
AUR62042248	110712320	AT5G49810	ortholog_one2many
AUR62042248	110688317	AT5G49810	ortholog_one2many
AUR62027775	110706599	AT1G78240	ortholog_one2many
AUR62006370	110731011	AT3G51630	ortholog_one2many
AUR62032864	110706399	AT5G65700	ortholog_many2many
AUR62032864	110706399	AT3G49670	ortholog_many2many
AUR62029471	110694706	AT4G36030	ortholog_many2many
AUR62029471	110694706	AT5G66200	ortholog_many2many
AUR62014889	110693688	AT1G28520	ortholog_one2one
AUR62014579	110724892	AT5G59370	ortholog_many2many
AUR62014579	110724892	AT3G12110	ortholog_many2many
AUR62014579	110724892	AT3G46520	ortholog_many2many
AUR62014579	110724892	AT3G53750	ortholog_many2many
AUR62014579	110724892	AT2G37620	ortholog_many2many
AUR62014579	110715281	AT5G59370	ortholog_many2many
AUR62014579	110715281	AT3G12110	ortholog_many2many
AUR62014579	110715281	AT3G46520	ortholog_many2many
AUR62014579	110715281	AT3G53750	ortholog_many2many
AUR62014579	110715281	AT2G37620	ortholog_many2many
AUR62037072	110709465	AT5G17710	ortholog_one2one
AUR62037072	110700033	AT5G17710	ortholog_one2one
AUR62026488	110713803	AT1G27120	ortholog_one2many
AUR62001678	110688295	AT3G47070	ortholog_one2many
AUR62005385	110708717	AT1G10600	ortholog_one2many
AUR62001322	110687939	AT5G41685	ortholog_one2many
AUR62005429	110709177	AT1G10760	ortholog_one2many
AUR62024677	110733071	AT3G62600	ortholog_one2many
AUR62027739	110706563	AT1G78130	ortholog_one2many
AUR62019682	110737890	AT1G78530	ortholog_one2one
AUR62033773	110694521	AT3G18200	ortholog_one2many
AUR62038510	110712661	AT1G31817	ortholog_one2many
AUR62013832	110721628	AT5G42220	ortholog_one2many
AUR62026094	110707337	AT3G57320	ortholog_one2one
AUR62027107	110740078	AT5G64370	ortholog_one2many
AUR62004367	110714036	AT2G45960	ortholog_many2many
AUR62004367	110714036	AT4G00430	ortholog_many2many
AUR62004367	110714036	AT1G01620	ortholog_many2many
AUR62004367	110714036	AT3G61430	ortholog_many2many
AUR62004367	110714036	AT4G23400	ortholog_many2many
AUR62035998	110706063	AT5G14350	ortholog_many2many
AUR62035998	110706063	AT3G46610	ortholog_many2many
AUR62040394	110694894	AT1G18370	ortholog_one2many
AUR62029419	110694645	AT5G14090	ortholog_one2many
AUR62042789	110712866	AT4G16570	ortholog_one2many
AUR62024975	110737273	AT5G60670	ortholog_many2many
AUR62024975	110737273	AT2G37190	ortholog_many2many
AUR62024975	110737273	AT3G53430	ortholog_many2many
AUR62024975	110711870	AT5G60670	ortholog_many2many
AUR62024975	110711870	AT2G37190	ortholog_many2many
AUR62024975	110711870	AT3G53430	ortholog_many2many
AUR62024975	110701687	AT5G60670	ortholog_many2many
AUR62024975	110701687	AT2G37190	ortholog_many2many
AUR62024975	110701687	AT3G53430	ortholog_many2many
AUR62024975	110697674	AT5G60670	ortholog_many2many
AUR62024975	110697674	AT2G37190	ortholog_many2many
AUR62024975	110697674	AT3G53430	ortholog_many2many
AUR62020383	110720920	AT5G55120	ortholog_one2many
AUR62020383	110720920	AT4G26850	ortholog_one2many
AUR62016737	110705085	AT1G79010	ortholog_many2many
AUR62016737	110705085	AT1G16700	ortholog_many2many
AUR62023958	110699629	AT5G22760	ortholog_many2many
AUR62023958	110699629	AT5G35210	ortholog_many2many
AUR62026498	110713691	AT4G14440	ortholog_many2many
AUR62026498	110713691	AT4G14430	ortholog_many2many
AUR62041812	110716108	AT1G29340	ortholog_one2many
AUR62032684	110704759	AT1G54390	ortholog_one2many
AUR62032502	110688525	AT5G49780	ortholog_many2many
AUR62032502	110688525	AT5G49770	ortholog_many2many
AUR62032502	110688525	AT5G49760	ortholog_many2many
AUR62009556	110684037	AT2G29060	ortholog_many2many
AUR62009556	110684037	AT1G07530	ortholog_many2many
AUR62027068	110740030	AT5G64500	ortholog_one2one
AUR62008430	110700609	AT3G47470	ortholog_one2many
AUR62034008	110712964	AT3G04830	ortholog_many2many
AUR62034008	110712964	AT5G28220	ortholog_many2many
AUR62005518	110713699	AT1G67790	ortholog_one2many
AUR62038547	110739157	AT1G71260	ortholog_one2many
AUR62038547	110739147	AT1G71260	ortholog_one2many
AUR62001261	110687597	AT1G67740	ortholog_one2one
AUR62032676	110704753	AT1G64890	ortholog_one2many
AUR62039707	110683162	AT1G59620	ortholog_one2many
AUR62039707	110683162	AT1G58390	ortholog_one2many
AUR62039707	110683162	AT5G43470	ortholog_one2many
AUR62039707	110683162	AT1G58602	ortholog_one2many
AUR62039707	110683162	AT5G48620	ortholog_one2many
AUR62039707	110683162	AT1G58848	ortholog_one2many
AUR62039707	110683162	AT1G50180	ortholog_one2many
AUR62039707	110683162	AT1G59218	ortholog_one2many
AUR62039707	110683162	AT1G53350	ortholog_one2many
AUR62039707	110683162	AT1G58410	ortholog_one2many
AUR62039707	110683162	AT5G35450	ortholog_one2many
AUR62039707	110683162	AT1G59780	ortholog_one2many
AUR62039707	110683162	AT1G58400	ortholog_one2many
AUR62039707	110683162	AT1G10920	ortholog_one2many
AUR62036774	110694942	AT3G63030	ortholog_many2many
AUR62036774	110694942	AT4G22745	ortholog_many2many
AUR62028715	110727565	AT3G25400	ortholog_one2many
AUR62007650	110685881	AT3G51120	ortholog_one2one
AUR62007417	110732685	AT3G45900	ortholog_one2many
AUR62009785	110684269	AT4G21900	ortholog_many2many
AUR62009785	110684269	AT2G16650	ortholog_many2many
AUR62011616	110698740	AT1G15660	ortholog_one2many
AUR62025073	110712125	AT4G12650	ortholog_one2many
AUR62004129	110714646	AT4G13970	ortholog_one2one
AUR62014615	110693449	AT1G11530	ortholog_one2one
AUR62005800	110714460	AT1G14210	ortholog_one2many
AUR62033539	110729357	AT3G09960	ortholog_one2many
AUR62033539	110729357	AT3G09970	ortholog_one2many
AUR62020848	110714860	AT4G13800	ortholog_many2many
AUR62020848	110714860	AT3G23870	ortholog_many2many
AUR62016869	110705214	AT5G07860	ortholog_many2many
AUR62016869	110705214	AT5G07850	ortholog_many2many
AUR62016869	110705214	AT5G42830	ortholog_many2many
AUR62016869	110705214	AT5G07870	ortholog_many2many
AUR62018954	110709665	AT5G10360	ortholog_many2many
AUR62018954	110709665	AT4G31700	ortholog_many2many
AUR62007897	110686096	AT1G13690	ortholog_one2many
AUR62043222	110716545	AT3G20570	ortholog_one2many
AUR62025410	110689679	AT1G07830	ortholog_one2many
AUR62013869	110721658	AT4G21400	ortholog_many2many
AUR62013869	110721658	AT4G00970	ortholog_many2many
AUR62013869	110721658	AT4G21410	ortholog_many2many
AUR62013869	110721658	AT4G00960	ortholog_many2many
AUR62012950	110738590	AT3G45960	ortholog_many2many
AUR62012950	110738590	AT4G38400	ortholog_many2many
AUR62012950	110738590	AT3G45970	ortholog_many2many
AUR62037239	110716537	AT4G30870	ortholog_one2many
AUR62037239	110716537	AT5G39770	ortholog_one2many
AUR62002086	110718134	AT2G35430	ortholog_one2one
AUR62012058	110734538	AT2G42190	ortholog_one2many
AUR62012058	110734538	AT3G57930	ortholog_one2many
AUR62016497	110703386	AT2G32270	ortholog_many2many
AUR62016497	110703386	AT1G05300	ortholog_many2many
AUR62031746	110727154	AT3G12250	ortholog_many2many
AUR62031746	110727154	AT5G06960	ortholog_many2many
AUR62031746	110727154	AT5G06950	ortholog_many2many
AUR62029103	110730821	AT5G09950	ortholog_one2one
AUR62018554	110711619	AT3G23810	ortholog_many2many
AUR62018554	110711619	AT4G13940	ortholog_many2many
AUR62029237	110693140	AT3G01440	ortholog_one2one
AUR62006069	110728421	AT5G53480	ortholog_one2many
AUR62008824	110728039	AT5G43940	ortholog_one2many
AUR62039875	110724954	AT2G37210	ortholog_many2many
AUR62039875	110724954	AT5G03270	ortholog_many2many
AUR62039875	110724954	AT3G53450	ortholog_many2many
AUR62001102	110687734	AT3G07130	ortholog_one2many
AUR62030110	110728488	AT2G34650	ortholog_one2many
AUR62029797	110690737	AT3G08660	ortholog_many2many
AUR62029797	110690737	AT3G08570	ortholog_many2many
AUR62014497	110724792	AT1G75350	ortholog_one2many
AUR62042940	110716216	AT3G09035	ortholog_one2many
AUR62042940	110716216	AT3G09190	ortholog_one2many
AUR62042940	110716216	AT5G01090	ortholog_one2many
AUR62022396	110696544	AT4G10010	ortholog_many2many
AUR62022396	110696544	AT1G71530	ortholog_many2many
AUR62022396	110696544	AT1G33770	ortholog_many2many
AUR62017363	110702566	AT4G22820	ortholog_many2many
AUR62017363	110702566	AT1G12440	ortholog_many2many
AUR62017363	110702566	AT4G12040	ortholog_many2many
AUR62029268	110693162	AT5G54580	ortholog_one2many
AUR62016649	110704993	AT2G15890	ortholog_one2many
AUR62011805	110734298	AT1G03330	ortholog_one2many
AUR62011805	110733045	AT1G03330	ortholog_one2many
AUR62027942	110683732	AT1G35550	ortholog_many2many
AUR62027942	110683732	AT1G07920	ortholog_many2many
AUR62027942	110683732	AT1G07940	ortholog_many2many
AUR62027942	110683732	AT5G60390	ortholog_many2many
AUR62027942	110683732	AT1G07930	ortholog_many2many
AUR62030538	110704398	AT5G13460	ortholog_one2many
AUR62030595	110723211	AT2G40760	ortholog_one2one
AUR62030595	110704444	AT2G40760	ortholog_one2one
AUR62032812	110706345	AT1G14160	ortholog_many2many
AUR62032812	110706345	AT5G15290	ortholog_many2many
AUR62025375	110715754	AT4G28080	ortholog_one2many
AUR62013777	110721565	AT1G02170	ortholog_one2many
AUR62024017	110699677	AT2G27980	ortholog_one2many
AUR62024017	110696835	AT2G27980	ortholog_one2many
AUR62001883	110688522	AT5G48760	ortholog_many2many
AUR62001883	110688522	AT4G13170	ortholog_many2many
AUR62001883	110688522	AT3G07110	ortholog_many2many
AUR62001883	110688522	AT3G24830	ortholog_many2many
AUR62035934	110727378	AT1G04650	ortholog_one2one
AUR62014804	110693606	AT1G65070	ortholog_one2many
AUR62014555	110724863	AT5G15900	ortholog_many2many
AUR62014555	110724863	AT3G02440	ortholog_many2many
AUR62014555	110724863	AT5G15890	ortholog_many2many
AUR62028681	110727545	AT1G05970	ortholog_one2many
AUR62002327	110717977	AT3G59510	ortholog_one2many
AUR62001963	110717462	AT4G37190	ortholog_one2many
AUR62000744	110736833	AT3G05580	ortholog_one2many
AUR62000744	110736833	AT5G27840	ortholog_one2many
AUR62000744	110708700	AT3G05580	ortholog_one2many
AUR62000744	110708700	AT5G27840	ortholog_one2many
AUR62004472	110714475	AT3G61680	ortholog_one2many
AUR62042602	110703526	AT1G03610	ortholog_one2many
AUR62042602	110703526	AT4G28150	ortholog_one2many
AUR62042602	110703526	AT4G03420	ortholog_one2many
AUR62039459	110736193	AT4G18740	ortholog_one2many
AUR62023749	110738684	AT3G62030	ortholog_one2many
AUR62016909	110706813	AT4G21560	ortholog_many2many
AUR62016909	110706813	AT4G05000	ortholog_many2many
AUR62021977	110731361	AT1G61870	ortholog_one2many
AUR62021977	110731361	AT1G11630	ortholog_one2many
AUR62003834	110681712	AT4G37160	ortholog_many2many
AUR62003834	110681712	AT2G23630	ortholog_many2many
AUR62038317	110738133	AT5G22580	ortholog_one2many
AUR62040379	110694910	AT3G06890	ortholog_one2one
AUR62035737	110688713	AT1G47900	ortholog_one2many
AUR62035737	110688713	AT1G19835	ortholog_one2many
AUR62001665	110688284	AT5G58800	ortholog_one2many
AUR62001474	110688083	AT1G72540	ortholog_one2many
AUR62027331	110692822	AT4G13660	ortholog_many2many
AUR62027331	110692822	AT1G32100	ortholog_many2many
AUR62031420	110693868	AT5G52570	ortholog_many2many
AUR62031420	110693868	AT4G25700	ortholog_many2many
AUR62039223	110689617	AT2G27590	ortholog_one2many
AUR62000439	110736541	AT1G09390	ortholog_many2many
AUR62000439	110736541	AT1G56670	ortholog_many2many
AUR62018170	110735087	AT5G15510	ortholog_one2many
AUR62018170	110735087	AT3G01015	ortholog_one2many
AUR62018170	110717320	AT5G15510	ortholog_one2many
AUR62018170	110717320	AT3G01015	ortholog_one2many
AUR62034653	110727748	AT1G03020	ortholog_many2many
AUR62034653	110727748	AT3G62930	ortholog_many2many
AUR62034653	110697883	AT1G03020	ortholog_many2many
AUR62034653	110697883	AT3G62930	ortholog_many2many
AUR62043816	110711223	AT3G09100	ortholog_many2many
AUR62043816	110711223	AT5G01290	ortholog_many2many
AUR62043816	110711223	AT5G28210	ortholog_many2many
AUR62023745	110738682	AT1G05675	ortholog_many2many
AUR62023745	110738682	AT2G31790	ortholog_many2many
AUR62023745	110738682	AT1G05680	ortholog_many2many
AUR62023745	110738682	AT2G31750	ortholog_many2many
AUR62021157	110729635	AT4G25610	ortholog_one2one
AUR62028307	110721829	AT1G19230	ortholog_one2many
AUR62026358	110698118	AT2G23230	ortholog_many2many
AUR62026358	110698118	AT4G20200	ortholog_many2many
AUR62026358	110698118	AT3G29110	ortholog_many2many
AUR62026358	110698118	AT1G31950	ortholog_many2many
AUR62026358	110698118	AT3G14520	ortholog_many2many
AUR62026358	110698118	AT4G20230	ortholog_many2many
AUR62026358	110698118	AT1G48800	ortholog_many2many
AUR62026358	110698118	AT4G13300	ortholog_many2many
AUR62026358	110698118	AT1G66020	ortholog_many2many
AUR62026358	110698118	AT1G33750	ortholog_many2many
AUR62026358	110698118	AT1G48820	ortholog_many2many
AUR62026358	110698118	AT4G13280	ortholog_many2many
AUR62026358	110698118	AT3G32030	ortholog_many2many
AUR62026358	110698118	AT4G15870	ortholog_many2many
AUR62026358	110698118	AT5G48110	ortholog_many2many
AUR62026358	110698118	AT3G29410	ortholog_many2many
AUR62026358	110698118	AT2G37140	ortholog_many2many
AUR62026358	110698118	AT3G29190	ortholog_many2many
AUR62026358	110698118	AT4G20210	ortholog_many2many
AUR62026358	110698118	AT5G44630	ortholog_many2many
AUR62026358	110698118	AT3G14540	ortholog_many2many
AUR62026358	110698118	AT1G70080	ortholog_many2many
AUR62026358	110698118	AT3G14490	ortholog_many2many
AUR62006534	110700962	AT2G03120	ortholog_one2many
AUR62003688	110682105	AT4G38020	ortholog_one2many
AUR62006151	110725693	AT5G53210	ortholog_one2one
AUR62014170	110694404	AT1G23190	ortholog_many2many
AUR62014170	110694404	AT1G70730	ortholog_many2many
AUR62007401	110732670	AT4G13660	ortholog_many2many
AUR62007401	110732670	AT1G32100	ortholog_many2many
AUR62020902	110714750	AT4G14070	ortholog_many2many
AUR62020902	110714750	AT3G23790	ortholog_many2many
AUR62039342	110732060	AT3G54090	ortholog_one2many
AUR62002885	110719476	AT3G25860	ortholog_one2many
AUR62022936	110699326	AT2G30530	ortholog_one2one
AUR62023756	110738692	AT1G05690	ortholog_one2many
AUR62011765	110734252	AT1G62640	ortholog_one2many
AUR62009802	110684289	AT5G22510	ortholog_one2many
AUR62005625	110707204	AT1G67330	ortholog_many2many
AUR62005625	110707204	AT1G27930	ortholog_many2many
AUR62032606	110718328	AT3G62080	ortholog_one2many
AUR62019145	110724700	AT1G30845	ortholog_one2many
AUR62019145	110709855	AT1G30845	ortholog_one2many
AUR62042191	110737281	AT2G28380	ortholog_one2many
AUR62025672	110726759	AT1G16825	ortholog_many2many
AUR62025672	110726759	AT1G78895	ortholog_many2many
AUR62024732	110733138	AT1G33350	ortholog_one2many
AUR62003509	110681683	AT1G12940	ortholog_one2many
AUR62013592	110725883	AT1G21090	ortholog_one2many
AUR62011865	110734354	AT1G06210	ortholog_one2many
AUR62003759	110682178	AT4G39700	ortholog_one2many
AUR62032906	110716300	AT5G23405	ortholog_many2many
AUR62032906	110716300	AT5G23420	ortholog_many2many
AUR62006083	110728558	AT5G53000	ortholog_one2one
AUR62006083	110696136	AT5G53000	ortholog_one2one
AUR62002809	110718457	AT1G15060	ortholog_one2many
AUR62044703	110696995	AT4G30010	ortholog_one2many
AUR62002930	110720142	AT1G26090	ortholog_one2many
AUR62011409	110698553	AT2G15900	ortholog_one2many
AUR62043444	110698336	AT4G08990	ortholog_many2many
AUR62043444	110698336	AT4G13610	ortholog_many2many
AUR62043444	110698336	AT4G14140	ortholog_many2many
AUR62043444	110698336	AT5G49160	ortholog_many2many
AUR62027497	110716808	AT1G43860	ortholog_one2many
AUR62009805	110684292	AT2G27760	ortholog_one2many
AUR62039955	110732768	AT4G16520	ortholog_one2many
AUR62039955	110704637	AT4G16520	ortholog_one2many
AUR62016975	110706876	AT4G21670	ortholog_one2many
AUR62005814	110712774	AT3G29030	ortholog_one2many
AUR62004397	110714507	AT3G61500	ortholog_many2many
AUR62004397	110714507	AT2G46080	ortholog_many2many
AUR62004397	110714507	AT4G01360	ortholog_many2many
AUR62004397	110714507	AT1G01550	ortholog_many2many
AUR62017186	110702411	AT5G41330	ortholog_one2one
AUR62035952	110706010	AT2G39470	ortholog_one2many
AUR62039508	110702772	AT1G78710	ortholog_one2many
AUR62003639	110695217	AT1G43170	ortholog_one2one
AUR62003639	110682057	AT1G43170	ortholog_one2one
AUR62016936	110706838	AT1G11120	ortholog_one2many
AUR62043269	110712287	AT2G33580	ortholog_one2many
AUR62001575	110688185	AT1G08470	ortholog_one2many
AUR62004199	110713967	AT4G10280	ortholog_many2many
AUR62004199	110713967	AT4G10290	ortholog_many2many
AUR62007052	110732302	AT4G24130	ortholog_one2many
AUR62007052	110722767	AT4G24130	ortholog_one2many
AUR62038572	110733194	AT1G31300	ortholog_one2one
AUR62035279	110691264	AT3G25730	ortholog_one2one
AUR62004596	110714197	AT4G09140	ortholog_one2many
AUR62039466	110692258	AT2G42760	ortholog_one2many
AUR62044174	110726962	AT5G42890	ortholog_one2many
AUR62044174	110693486	AT5G42890	ortholog_one2many
AUR62038711	110730706	AT2G14820	ortholog_one2many
AUR62004640	110713973	AT1G35660	ortholog_one2many
AUR62029207	110730923	AT4G05160	ortholog_one2one
AUR62000277	110736390	AT1G65430	ortholog_one2many
AUR62000277	110701058	AT1G65430	ortholog_one2many
AUR62022723	110731710	AT1G01200	ortholog_one2many
AUR62033724	110693923	AT2G19130	ortholog_one2one
AUR62027484	110716832	AT4G29640	ortholog_many2many
AUR62027484	110716832	AT4G29570	ortholog_many2many
AUR62027484	110716832	AT4G29650	ortholog_many2many
AUR62027484	110716832	AT4G29600	ortholog_many2many
AUR62027484	110716832	AT4G29580	ortholog_many2many
AUR62027484	110716832	AT4G29620	ortholog_many2many
AUR62027484	110716832	AT2G19570	ortholog_many2many
AUR62027484	110716832	AT4G29610	ortholog_many2many
AUR62027484	110716832	AT4G29630	ortholog_many2many
AUR62003915	110682334	AT2G01650	ortholog_one2one
AUR62000203	110736306	AT5G12180	ortholog_many2many
AUR62000203	110736306	AT5G19360	ortholog_many2many
AUR62000218	110736319	AT2G26800	ortholog_one2many
AUR62020101	110683424	AT2G29640	ortholog_one2many
AUR62022471	110696607	AT1G10200	ortholog_one2many
AUR62003758	110682176	AT5G10080	ortholog_one2many
AUR62028732	110727579	AT2G40780	ortholog_one2many
AUR62003347	110724552	AT3G51280	ortholog_one2many
AUR62006995	110701410	AT5G14105	ortholog_one2many
AUR62005403	110708868	AT5G48060	ortholog_one2many
AUR62023660	110738615	AT1G48160	ortholog_one2many
AUR62011439	110698584	AT3G48700	ortholog_many2many
AUR62011439	110698584	AT3G48690	ortholog_many2many
AUR62011439	110698584	AT1G49640	ortholog_many2many
AUR62011439	110698584	AT2G03550	ortholog_many2many
AUR62011439	110698584	AT1G19190	ortholog_many2many
AUR62011439	110698584	AT1G49650	ortholog_many2many
AUR62011439	110698584	AT1G49660	ortholog_many2many
AUR62009947	110684435	AT2G44310	ortholog_one2many
AUR62029199	110730913	AT2G28105	ortholog_one2one
AUR62007558	110685784	AT5G65790	ortholog_many2many
AUR62007558	110685784	AT3G49690	ortholog_many2many
AUR62009877	110684368	AT5G60770	ortholog_many2many
AUR62009877	110684368	AT1G08100	ortholog_many2many
AUR62009877	110684368	AT1G08090	ortholog_many2many
AUR62013041	110739326	AT4G38590	ortholog_many2many
AUR62013041	110739326	AT4G35010	ortholog_many2many
AUR62013041	110739326	AT2G16730	ortholog_many2many
AUR62013808	110721604	AT3G17668	ortholog_one2many
AUR62017357	110719396	AT4G12000	ortholog_one2many
AUR62017357	110719396	AT1G12450	ortholog_one2many
AUR62017357	110719396	AT4G22850	ortholog_one2many
AUR62017357	110702563	AT4G12000	ortholog_one2many
AUR62017357	110702563	AT1G12450	ortholog_one2many
AUR62017357	110702563	AT4G22850	ortholog_one2many
AUR62018684	110730149	AT5G07860	ortholog_many2many
AUR62018684	110730149	AT5G07850	ortholog_many2many
AUR62018684	110730149	AT5G42830	ortholog_many2many
AUR62018684	110730149	AT5G07870	ortholog_many2many
AUR62031799	110731843	AT5G48800	ortholog_one2many
AUR62004105	110682544	AT2G18140	ortholog_many2many
AUR62004105	110682544	AT2G18150	ortholog_many2many
AUR62004105	110682544	AT3G50990	ortholog_many2many
AUR62004105	110682544	AT4G36430	ortholog_many2many
AUR62004105	110682544	AT5G66390	ortholog_many2many
AUR62013155	110681673	AT4G33510	ortholog_one2one
AUR62039196	110690308	AT4G21470	ortholog_one2many
AUR62002063	110717483	AT3G03060	ortholog_one2many
AUR62002063	110717483	AT5G16930	ortholog_one2many
AUR62022460	110696596	AT5G42690	ortholog_one2many
AUR62014178	110694414	AT1G15000	ortholog_one2many
AUR62016275	110703192	AT4G39610	ortholog_one2many
AUR62016275	110703192	AT2G21990	ortholog_one2many
AUR62038733	110696281	AT3G28930	ortholog_one2many
AUR62038733	110696281	AT3G28950	ortholog_one2many
AUR62038733	110696281	AT5G39730	ortholog_one2many
AUR62038733	110696281	AT4G31310	ortholog_one2many
AUR62038733	110696281	AT5G39720	ortholog_one2many
AUR62038733	110696281	AT2G24390	ortholog_one2many
AUR62038733	110696281	AT3G28940	ortholog_one2many
AUR62016495	110703385	AT1G79820	ortholog_one2many
AUR62016301	110703152	AT3G47130	ortholog_many2many
AUR62016301	110703152	AT3G47150	ortholog_many2many
AUR62016301	110703152	AT3G47140	ortholog_many2many
AUR62022444	110696584	AT2G26560	ortholog_one2many
AUR62015499	110689357	AT1G30560	ortholog_many2many
AUR62015499	110689357	AT3G47420	ortholog_many2many
AUR62015499	110689357	AT4G25220	ortholog_many2many
AUR62001731	110688356	AT5G59220	ortholog_many2many
AUR62001731	110688356	AT2G29380	ortholog_many2many
AUR62001731	110688356	AT1G07430	ortholog_many2many
AUR62027571	110690220	AT1G29810	ortholog_one2many
AUR62011540	110698666	AT1G52640	ortholog_one2many
AUR62015290	110704807	AT4G28200	ortholog_one2many
AUR62015290	110689176	AT4G28200	ortholog_one2many
AUR62008368	110700548	AT1G18980	ortholog_many2many
AUR62008368	110700548	AT1G18970	ortholog_many2many
AUR62008368	110700548	AT1G74820	ortholog_many2many
AUR62023630	110725331	AT1G77690	ortholog_one2many
AUR62015551	110689409	AT4G27090	ortholog_many2many
AUR62015551	110689409	AT2G20450	ortholog_many2many
AUR62029082	110682932	AT2G36710	ortholog_many2many
AUR62029082	110682932	AT2G36700	ortholog_many2many
AUR62023237	110720327	AT3G03380	ortholog_one2one
AUR62023237	110703692	AT3G03380	ortholog_one2one
AUR62031766	110731808	AT2G27860	ortholog_many2many
AUR62031766	110731808	AT1G08200	ortholog_many2many
AUR62015327	110734486	AT3G12020	ortholog_many2many
AUR62015327	110734486	AT5G06670	ortholog_many2many
AUR62015327	110689204	AT3G12020	ortholog_many2many
AUR62015327	110689204	AT5G06670	ortholog_many2many
AUR62032095	110707565	AT5G14910	ortholog_one2one
AUR62019893	110732276	AT5G42000	ortholog_one2many
AUR62019893	110722745	AT5G42000	ortholog_one2many
AUR62001496	110688100	AT5G60770	ortholog_many2many
AUR62001496	110688100	AT1G08100	ortholog_many2many
AUR62001496	110688100	AT1G08090	ortholog_many2many
AUR62020137	110683465	AT5G01410	ortholog_one2many
AUR62014401	110724534	AT4G13770	ortholog_one2many
AUR62035487	110700066	AT3G27870	ortholog_one2many
AUR62011633	110698763	AT1G52290	ortholog_one2many
AUR62017559	110714075	AT2G39460	ortholog_many2many
AUR62017559	110714075	AT3G55280	ortholog_many2many
AUR62017559	110711678	AT2G39460	ortholog_many2many
AUR62017559	110711678	AT3G55280	ortholog_many2many
AUR62017559	110701932	AT2G39460	ortholog_many2many
AUR62017559	110701932	AT3G55280	ortholog_many2many
AUR62017559	110695759	AT2G39460	ortholog_many2many
AUR62017559	110695759	AT3G55280	ortholog_many2many
AUR62017559	110691875	AT2G39460	ortholog_many2many
AUR62017559	110691875	AT3G55280	ortholog_many2many
AUR62008295	110700472	AT1G74890	ortholog_one2many
AUR62008295	110700472	AT1G19050	ortholog_one2many
AUR62008295	110700472	AT3G48100	ortholog_one2many
AUR62008295	110700472	AT5G62920	ortholog_one2many
AUR62033377	110685374	AT4G00231	ortholog_one2many
AUR62022812	110699207	AT3G55720	ortholog_one2one
AUR62018729	110730198	AT5G22330	ortholog_one2many
AUR62019040	110709746	AT3G12500	ortholog_one2many
AUR62009393	110705687	AT5G47970	ortholog_many2many
AUR62009393	110705687	AT3G63510	ortholog_many2many
AUR62011402	110698548	AT1G19300	ortholog_one2many
AUR62033373	110685368	AT1G29900	ortholog_one2many
AUR62023251	110720342	AT2G47760	ortholog_one2one
AUR62023251	110703835	AT2G47760	ortholog_one2one
AUR62009211	110705511	AT3G53920	ortholog_one2many
AUR62019831	110722684	AT4G11050	ortholog_one2one
AUR62019831	110719674	AT4G11050	ortholog_one2one
AUR62034665	110697858	AT3G62920	ortholog_one2one
AUR62022941	110699330	AT1G76340	ortholog_one2one
AUR62006751	110701175	AT1G54140	ortholog_one2many
AUR62005798	110707386	AT1G14210	ortholog_one2many
AUR62016789	110718911	AT4G19210	ortholog_many2many
AUR62016789	110718911	AT4G30300	ortholog_many2many
AUR62016789	110718911	AT3G13640	ortholog_many2many
AUR62016789	110705140	AT4G19210	ortholog_many2many
AUR62016789	110705140	AT4G30300	ortholog_many2many
AUR62016789	110705140	AT3G13640	ortholog_many2many
AUR62025331	110715930	AT5G20850	ortholog_one2many
AUR62037582	110734036	AT1G78680	ortholog_many2many
AUR62037582	110734036	AT1G78670	ortholog_many2many
AUR62037582	110734036	AT1G78660	ortholog_many2many
AUR62033238	110692272	AT5G57330	ortholog_one2many
AUR62033238	110692272	AT4G25900	ortholog_one2many
AUR62034508	110723264	AT2G39170	ortholog_one2many
AUR62004432	110714177	AT3G61590	ortholog_one2one
AUR62001367	110687988	AT1G70190	ortholog_many2many
AUR62001367	110687988	AT2G03130	ortholog_many2many
AUR62009009	110728223	AT2G06255	ortholog_one2many
AUR62009009	110720386	AT2G06255	ortholog_one2many
AUR62005835	110713040	AT3G29130	ortholog_one2many
AUR62022487	110696617	AT4G02630	ortholog_one2many
AUR62028627	110727502	AT3G25520	ortholog_many2many
AUR62028627	110727502	AT5G39740	ortholog_many2many
AUR62028627	110700247	AT3G25520	ortholog_many2many
AUR62028627	110700247	AT5G39740	ortholog_many2many
AUR62003668	110695334	AT5G65495	ortholog_one2one
AUR62003668	110682088	AT5G65495	ortholog_one2one
AUR62031449	110693899	AT4G01230	ortholog_one2many
AUR62041339	110706232	AT2G37630	ortholog_one2many
AUR62018727	110730196	AT4G17960	ortholog_many2many
AUR62018727	110730196	AT5G46620	ortholog_many2many
AUR62017390	110702595	AT1G62840	ortholog_one2many
AUR62017390	110702595	AT1G12320	ortholog_one2many
AUR62020376	110723651	AT4G35210	ortholog_many2many
AUR62020376	110723651	AT4G35200	ortholog_many2many
AUR62020376	110723651	AT2G17080	ortholog_many2many
AUR62020376	110723651	AT2G17070	ortholog_many2many
AUR62020376	110723649	AT4G35210	ortholog_many2many
AUR62020376	110723649	AT4G35200	ortholog_many2many
AUR62020376	110723649	AT2G17080	ortholog_many2many
AUR62020376	110723649	AT2G17070	ortholog_many2many
AUR62020376	110723650	AT4G35210	ortholog_many2many
AUR62020376	110723650	AT4G35200	ortholog_many2many
AUR62020376	110723650	AT2G17080	ortholog_many2many
AUR62020376	110723650	AT2G17070	ortholog_many2many
AUR62020376	110720694	AT4G35210	ortholog_many2many
AUR62020376	110720694	AT4G35200	ortholog_many2many
AUR62020376	110720694	AT2G17080	ortholog_many2many
AUR62020376	110720694	AT2G17070	ortholog_many2many
AUR62020376	110720689	AT4G35210	ortholog_many2many
AUR62020376	110720689	AT4G35200	ortholog_many2many
AUR62020376	110720689	AT2G17080	ortholog_many2many
AUR62020376	110720689	AT2G17070	ortholog_many2many
AUR62000182	110736286	AT2G03120	ortholog_one2many
AUR62013520	110725821	AT2G01590	ortholog_one2one
AUR62031417	110693864	AT4G25670	ortholog_many2many
AUR62031417	110693864	AT4G25690	ortholog_many2many
AUR62037170	110740335	AT2G30070	ortholog_one2many
AUR62043756	110739582	AT4G36105	ortholog_many2many
AUR62043756	110739582	AT2G17990	ortholog_many2many
AUR62043756	110739582	AT5G66250	ortholog_many2many
AUR62043756	110697019	AT4G36105	ortholog_many2many
AUR62043756	110697019	AT2G17990	ortholog_many2many
AUR62043756	110697019	AT5G66250	ortholog_many2many
AUR62026293	110698054	AT5G39970	ortholog_one2many
AUR62022981	110699469	AT2G40450	ortholog_one2many
AUR62022981	110699469	AT1G01640	ortholog_one2many
AUR62022981	110699469	AT3G56230	ortholog_one2many
AUR62022981	110699469	AT5G48510	ortholog_one2many
AUR62003958	110682377	AT2G14900	ortholog_one2many
AUR62002408	110717329	AT2G43710	ortholog_one2many
AUR62003794	110682211	AT4G39880	ortholog_one2many
AUR62026128	110707370	AT3G21740	ortholog_one2one
AUR62019763	110722610	AT5G41590	ortholog_one2one
AUR62011807	110734299	AT4G02030	ortholog_one2many
AUR62001381	110688002	AT4G14145	ortholog_one2one
AUR62029922	110702948	AT3G18230	ortholog_one2many
AUR62027960	110683747	AT3G12685	ortholog_one2many
AUR62003648	110682067	AT4G39410	ortholog_one2one
AUR62015274	110689159	AT3G06840	ortholog_many2many
AUR62015274	110689159	AT5G49170	ortholog_many2many
AUR62037752	110738975	AT3G54890	ortholog_one2many
AUR62018981	110709698	AT1G72220	ortholog_one2many
AUR62043535	110732888	AT3G12620	ortholog_many2many
AUR62043535	110732888	AT3G55050	ortholog_many2many
AUR62043535	110732191	AT3G12620	ortholog_many2many
AUR62043535	110732191	AT3G55050	ortholog_many2many
AUR62004047	110682481	AT3G05930	ortholog_many2many
AUR62004047	110682481	AT5G26700	ortholog_many2many
AUR62026256	110698015	AT2G02710	ortholog_one2many
AUR62027555	110690019	AT5G46420	ortholog_one2many
AUR62029132	110730850	AT3G07660	ortholog_one2one
AUR62027577	110728790	AT2G39390	ortholog_many2many
AUR62027577	110728790	AT3G55170	ortholog_many2many
AUR62027577	110728787	AT2G39390	ortholog_many2many
AUR62027577	110728787	AT3G55170	ortholog_many2many
AUR62027577	110728784	AT2G39390	ortholog_many2many
AUR62027577	110728784	AT3G55170	ortholog_many2many
AUR62027577	110690317	AT2G39390	ortholog_many2many
AUR62027577	110690317	AT3G55170	ortholog_many2many
AUR62027577	110690290	AT2G39390	ortholog_many2many
AUR62027577	110690290	AT3G55170	ortholog_many2many
AUR62001824	110688465	AT5G14240	ortholog_one2many
AUR62006871	110701295	AT3G52430	ortholog_one2many
AUR62006623	110701056	AT5G36700	ortholog_many2many
AUR62006623	110701056	AT5G36790	ortholog_many2many
AUR62018923	110709640	AT1G22280	ortholog_many2many
AUR62018923	110709640	AT1G78200	ortholog_many2many
AUR62018923	110709640	AT1G34750	ortholog_many2many
AUR62040268	110717082	AT3G50000	ortholog_many2many
AUR62040268	110717082	AT5G67380	ortholog_many2many
AUR62040268	110717082	AT2G23080	ortholog_many2many
AUR62040268	110682405	AT3G50000	ortholog_many2many
AUR62040268	110682405	AT5G67380	ortholog_many2many
AUR62040268	110682405	AT2G23080	ortholog_many2many
AUR62038823	110724437	AT5G42960	ortholog_many2many
AUR62038823	110724437	AT1G45170	ortholog_many2many
AUR62018119	110735044	AT5G02130	ortholog_one2one
AUR62032053	110707529	AT5G18170	ortholog_many2many
AUR62032053	110707529	AT3G03910	ortholog_many2many
AUR62030295	110710511	AT3G56750	ortholog_many2many
AUR62030295	110710511	AT2G41150	ortholog_many2many
AUR62030281	110710523	AT3G56690	ortholog_one2many
AUR62021892	110731284	AT1G05010	ortholog_one2many
AUR62021892	110731284	AT1G12010	ortholog_one2many
AUR62021892	110731284	AT1G62380	ortholog_one2many
AUR62033375	110685370	AT1G01910	ortholog_one2many
AUR62001206	110687835	AT4G20240	ortholog_many2many
AUR62001206	110687835	AT4G20235	ortholog_many2many
AUR62001206	110687835	AT5G42590	ortholog_many2many
AUR62001206	110687835	AT3G48290	ortholog_many2many
AUR62001206	110687835	AT3G48280	ortholog_many2many
AUR62001206	110687835	AT5G24950	ortholog_many2many
AUR62001206	110687835	AT2G30770	ortholog_many2many
AUR62001206	110687835	AT1G11610	ortholog_many2many
AUR62001206	110687835	AT4G13310	ortholog_many2many
AUR62001206	110687835	AT3G48310	ortholog_many2many
AUR62001206	110687835	AT2G30750	ortholog_many2many
AUR62001206	110687835	AT3G48270	ortholog_many2many
AUR62001206	110687835	AT3G48300	ortholog_many2many
AUR62001206	110687835	AT3G48320	ortholog_many2many
AUR62001206	110687835	AT4G13290	ortholog_many2many
AUR62001206	110687835	AT5G24960	ortholog_many2many
AUR62001475	110688084	AT1G72540	ortholog_one2many
AUR62011614	110698738	AT1G80420	ortholog_one2many
AUR62004645	110713975	AT4G09580	ortholog_one2many
AUR62036922	110726088	AT1G31190	ortholog_one2one
AUR62033679	110713447	AT4G14819	ortholog_many2many
AUR62033679	110713447	AT3G22540	ortholog_many2many
AUR62006712	110701153	AT3G58390	ortholog_many2many
AUR62006712	110701153	AT4G27650	ortholog_many2many
AUR62006712	110701147	AT3G58390	ortholog_many2many
AUR62006712	110701147	AT4G27650	ortholog_many2many
AUR62039184	110690297	AT1G16460	ortholog_many2many
AUR62039184	110690297	AT1G79230	ortholog_many2many
AUR62022960	110699352	AT5G01660	ortholog_one2one
AUR62000282	110736394	AT2G43460	ortholog_many2many
AUR62000282	110736394	AT3G59540	ortholog_many2many
AUR62000282	110701065	AT2G43460	ortholog_many2many
AUR62000282	110701065	AT3G59540	ortholog_many2many
AUR62002348	110717518	AT1G06110	ortholog_one2many
AUR62002964	110736328	AT1G68080	ortholog_one2many
AUR62031370	110693820	AT1G63280	ortholog_one2many
AUR62042468	110692623	AT4G05420	ortholog_many2many
AUR62042468	110692623	AT4G21100	ortholog_many2many
AUR62042468	110685431	AT4G05420	ortholog_many2many
AUR62042468	110685431	AT4G21100	ortholog_many2many
AUR62003247	110723412	AT3G54900	ortholog_one2many
AUR62023796	110738737	AT1G05710	ortholog_one2many
AUR62023796	110738737	AT2G31730	ortholog_one2many
AUR62018126	110735051	AT5G15350	ortholog_one2many
AUR62018126	110735051	AT4G12880	ortholog_one2many
AUR62018126	110735051	AT3G01070	ortholog_one2many
AUR62004031	110682463	AT5G23400	ortholog_one2many
AUR62000424	110736525	AT1G09320	ortholog_one2many
AUR62038968	110683787	AT5G44290	ortholog_many2many
AUR62038968	110683787	AT1G03740	ortholog_many2many
AUR62038968	110683787	AT4G22940	ortholog_many2many
AUR62033340	110685339	AT3G61250	ortholog_one2many
AUR62033340	110685315	AT3G61250	ortholog_one2many
AUR62017155	110707058	AT4G26550	ortholog_one2many
AUR62017155	110707058	AT5G56020	ortholog_one2many
AUR62027846	110706665	AT4G24390	ortholog_many2many
AUR62027846	110706665	AT5G49980	ortholog_many2many
AUR62014156	110694268	AT1G24610	ortholog_one2many
AUR62022395	110696543	AT3G21295	ortholog_many2many
AUR62022395	110696543	AT1G51745	ortholog_many2many
AUR62003838	110682254	AT5G66920	ortholog_one2many
AUR62027970	110710481	AT5G58190	ortholog_one2many
AUR62027970	110683759	AT5G58190	ortholog_one2many
AUR62024980	110711964	AT2G28430	ortholog_one2many
AUR62039200	110690268	AT3G25590	ortholog_one2many
AUR62032822	110706355	AT1G26750	ortholog_one2one
AUR62026407	110713826	AT4G35800	ortholog_one2many
AUR62022614	110731583	AT1G01490	ortholog_one2many
AUR62007391	110732659	AT1G31880	ortholog_many2many
AUR62007391	110732659	AT2G35600	ortholog_many2many
AUR62007391	110732659	AT2G21030	ortholog_many2many
AUR62004468	110714462	AT4G01050	ortholog_one2many
AUR62042700	110734684	AT3G45577	ortholog_many2many
AUR62042700	110734684	AT5G60230	ortholog_many2many
AUR62042700	110734684	AT3G45590	ortholog_many2many
AUR62042700	110700121	AT3G45577	ortholog_many2many
AUR62042700	110700121	AT5G60230	ortholog_many2many
AUR62042700	110700121	AT3G45590	ortholog_many2many
AUR62005955	110727333	AT5G54100	ortholog_one2many
AUR62005955	110727333	AT4G27585	ortholog_one2many
AUR62031645	110727066	AT5G39950	ortholog_one2one
AUR62007501	110732768	AT4G16520	ortholog_one2many
AUR62030196	110728564	AT2G34585	ortholog_one2many
AUR62014075	110709049	AT1G60810	ortholog_many2many
AUR62014075	110709049	AT1G10670	ortholog_many2many
AUR62014075	110694192	AT1G60810	ortholog_many2many
AUR62014075	110694192	AT1G10670	ortholog_many2many
AUR62023800	110738741	AT4G25840	ortholog_many2many
AUR62023800	110738741	AT5G57440	ortholog_many2many
AUR62031241	110716696	AT4G26200	ortholog_one2many
AUR62002055	110717900	AT4G35490	ortholog_one2many
AUR62002055	110682156	AT4G35490	ortholog_one2many
AUR62023734	110738576	AT2G43870	ortholog_many2many
AUR62023734	110738576	AT3G59850	ortholog_many2many
AUR62023734	110718009	AT2G43870	ortholog_many2many
AUR62023734	110718009	AT3G59850	ortholog_many2many
AUR62031997	110707458	AT4G02500	ortholog_many2many
AUR62031997	110707458	AT3G62720	ortholog_many2many
AUR62035053	110692605	AT5G51570	ortholog_one2one
AUR62027953	110683740	AT3G52250	ortholog_one2many
AUR62006110	110728786	AT5G53450	ortholog_one2one
AUR62006110	110696103	AT5G53450	ortholog_one2one
AUR62019940	110722788	AT4G10590	ortholog_many2many
AUR62019940	110722788	AT1G32850	ortholog_many2many
AUR62019940	110722788	AT4G10570	ortholog_many2many
AUR62018237	110735161	AT3G07640	ortholog_one2many
AUR62039292	110738240	AT3G17020	ortholog_one2one
AUR62007448	110732718	AT4G03240	ortholog_one2many
AUR62016584	110704932	AT1G80510	ortholog_one2many
AUR62013675	110721470	AT2G45200	ortholog_one2many
AUR62000938	110737015	AT3G62980	ortholog_one2one
AUR62035803	110728777	AT1G29520	ortholog_many2many
AUR62035803	110728777	AT5G46530	ortholog_many2many
AUR62037140	110740298	AT3G07650	ortholog_many2many
AUR62037140	110740298	AT5G48250	ortholog_many2many
AUR62037140	110711822	AT3G07650	ortholog_many2many
AUR62037140	110711822	AT5G48250	ortholog_many2many
AUR62041922	110686501	AT5G23540	ortholog_one2many
AUR62032886	110706418	AT4G37930	ortholog_one2many
AUR62009459	110705749	AT1G68990	ortholog_one2many
AUR62009459	110705749	AT5G15700	ortholog_one2many
AUR62006956	110701369	AT4G15093	ortholog_one2many
AUR62003217	110723180	AT4G10380	ortholog_one2many
AUR62032089	110707556	AT2G07640	ortholog_many2many
AUR62032089	110707556	AT1G36580	ortholog_many2many
AUR62032089	110707556	AT3G12800	ortholog_many2many
AUR62009681	110684172	AT2G30130	ortholog_one2many
AUR62023492	110725178	AT4G01100	ortholog_one2many
AUR62008701	110727761	AT1G02790	ortholog_one2many
AUR62020618	110710473	AT4G02930	ortholog_one2many
AUR62020618	110705341	AT4G02930	ortholog_one2many
AUR62020618	110696310	AT4G02930	ortholog_one2many
AUR62003348	110724559	AT4G35980	ortholog_one2many
AUR62037031	110731012	AT4G10695	ortholog_many2many
AUR62037031	110731012	AT4G12370	ortholog_many2many
AUR62037031	110731012	AT3G56470	ortholog_many2many
AUR62037031	110731012	AT3G18720	ortholog_many2many
AUR62037031	110731012	AT1G49360	ortholog_many2many
AUR62037031	110731012	AT4G10660	ortholog_many2many
AUR62037031	110731012	AT4G10700	ortholog_many2many
AUR62037031	110731012	AT4G00893	ortholog_many2many
AUR62037031	110731012	AT1G57790	ortholog_many2many
AUR62015491	110689347	AT5G51400	ortholog_one2many
AUR62018690	110732568	AT2G03870	ortholog_one2many
AUR62018690	110730156	AT2G03870	ortholog_one2many
AUR62009691	110684182	AT1G07080	ortholog_one2many
AUR62016691	110705041	AT5G39390	ortholog_one2many
AUR62000125	110736224	AT5G12840	ortholog_one2many
AUR62000125	110736224	AT3G20910	ortholog_one2many
AUR62033085	110692113	AT5G60050	ortholog_one2many
AUR62040897	110682894	AT1G55500	ortholog_many2many
AUR62040897	110682894	AT3G13460	ortholog_many2many
AUR62003983	110682408	AT3G49970	ortholog_many2many
AUR62003983	110682408	AT5G67385	ortholog_many2many
AUR62025307	110715903	AT1G17345	ortholog_many2many
AUR62025307	110715903	AT1G72430	ortholog_many2many
AUR62001346	110687962	AT2G05170	ortholog_one2many
AUR62022356	110696509	AT2G39725	ortholog_one2many
AUR62017384	110702590	AT4G22758	ortholog_one2one
AUR62030621	110704464	AT2G40610	ortholog_one2many
AUR62039711	110683168	AT3G51500	ortholog_one2many
AUR62038725	110696276	AT5G26220	ortholog_one2many
AUR62011668	110703381	AT1G79830	ortholog_one2many
AUR62011668	110698791	AT1G79830	ortholog_one2many
AUR62029273	110693166	AT5G54530	ortholog_one2one
AUR62020608	110710151	AT1G22920	ortholog_many2many
AUR62020608	110710151	AT1G71230	ortholog_many2many
AUR62030280	110710521	AT3G10760	ortholog_one2many
AUR62030280	110710521	AT5G05090	ortholog_one2many
AUR62030280	110710521	AT2G40970	ortholog_one2many
AUR62036845	110699012	AT4G11120	ortholog_one2many
AUR62000864	110736951	AT5G27390	ortholog_one2one
AUR62000864	110708588	AT5G27390	ortholog_one2one
AUR62016339	110703239	AT3G15850	ortholog_one2many
AUR62019850	110722699	AT2G05260	ortholog_one2many
AUR62019850	110722699	AT4G10955	ortholog_one2many
AUR62038310	110738125	AT2G27810	ortholog_one2many
AUR62038310	110699605	AT2G27810	ortholog_one2many
AUR62020897	110714934	AT3G23750	ortholog_one2many
AUR62018042	110734974	AT5G27870	ortholog_many2many
AUR62018042	110734974	AT3G05610	ortholog_many2many
AUR62024228	110712601	AT5G17500	ortholog_many2many
AUR62024228	110712601	AT3G26140	ortholog_many2many
AUR62024228	110712601	AT5G16700	ortholog_many2many
AUR62024228	110712601	AT1G13130	ortholog_many2many
AUR62024228	110712601	AT3G26130	ortholog_many2many
AUR62013004	110738982	AT4G38500	ortholog_one2one
AUR62019437	110737663	AT5G53850	ortholog_one2one
AUR62009927	110684417	AT3G14170	ortholog_one2many
AUR62013643	110721436	AT5G23600	ortholog_many2many
AUR62013643	110721436	AT2G45330	ortholog_many2many
AUR62004631	110714294	AT4G09350	ortholog_one2many
AUR62021143	110729616	AT5G23950	ortholog_one2many
AUR62007527	110685747	AT5G04885	ortholog_one2many
AUR62035821	110728828	AT4G18040	ortholog_many2many
AUR62035821	110728828	AT1G29550	ortholog_many2many
AUR62035821	110728828	AT1G29590	ortholog_many2many
AUR62035821	110689858	AT4G18040	ortholog_many2many
AUR62035821	110689858	AT1G29550	ortholog_many2many
AUR62035821	110689858	AT1G29590	ortholog_many2many
AUR62007326	110732576	AT4G17760	ortholog_one2many
AUR62011323	110698465	AT1G79010	ortholog_many2many
AUR62011323	110698465	AT1G16700	ortholog_many2many
AUR62029131	110730849	AT1G10810	ortholog_many2many
AUR62029131	110730849	AT1G60730	ortholog_many2many
AUR62029131	110730849	AT1G60680	ortholog_many2many
AUR62029131	110730849	AT1G60690	ortholog_many2many
AUR62029131	110730849	AT1G60710	ortholog_many2many
AUR62029131	110730849	AT1G60750	ortholog_many2many
AUR62023432	110720526	AT3G60480	ortholog_one2many
AUR62023743	110738680	AT2G31800	ortholog_many2many
AUR62023743	110738680	AT2G43850	ortholog_many2many
AUR62023743	110738680	AT3G59830	ortholog_many2many
AUR62029795	110690738	AT2G38600	ortholog_one2many
AUR62023597	110725298	AT1G34260	ortholog_one2many
AUR62014208	110694451	AT1G71000	ortholog_one2many
AUR62035566	110738848	AT5G24330	ortholog_one2many
AUR62030232	110728596	AT3G53120	ortholog_many2many
AUR62030232	110728596	AT2G36680	ortholog_many2many
AUR62012026	110734507	AT3G21420	ortholog_one2many
AUR62035377	110692535	AT2G33290	ortholog_many2many
AUR62035377	110692535	AT4G13460	ortholog_many2many
AUR62042456	110685419	AT1G30580	ortholog_one2many
AUR62006573	110701006	AT2G26760	ortholog_one2many
AUR62033485	110729157	AT1G32490	ortholog_many2many
AUR62033485	110729157	AT2G35340	ortholog_many2many
AUR62033485	110729157	AT4G16680	ortholog_many2many
AUR62007682	110725759	AT2G34300	ortholog_many2many
AUR62007682	110725759	AT1G29470	ortholog_many2many
AUR62007682	110685909	AT2G34300	ortholog_many2many
AUR62007682	110685909	AT1G29470	ortholog_many2many
AUR62027964	110710278	AT1G54350	ortholog_one2many
AUR62027964	110683752	AT1G54350	ortholog_one2many
AUR62002533	110717524	AT1G48160	ortholog_one2many
AUR62041794	110696395	AT1G53680	ortholog_many2many
AUR62041794	110696395	AT1G17180	ortholog_many2many
AUR62041794	110696395	AT1G78370	ortholog_many2many
AUR62041794	110696395	AT1G78340	ortholog_many2many
AUR62041794	110696395	AT1G78380	ortholog_many2many
AUR62041794	110696395	AT1G17170	ortholog_many2many
AUR62041794	110696395	AT1G78360	ortholog_many2many
AUR62041794	110696395	AT1G78320	ortholog_many2many
AUR62041794	110696395	AT1G17190	ortholog_many2many
AUR62035617	110738898	AT1G32900	ortholog_one2many
AUR62002186	110717653	AT1G06790	ortholog_one2many
AUR62007543	110685766	AT5G65830	ortholog_many2many
AUR62007543	110685766	AT3G49750	ortholog_many2many
AUR62014892	110730537	AT5G46030	ortholog_one2one
AUR62014892	110730509	AT5G46030	ortholog_one2one
AUR62014892	110693690	AT5G46030	ortholog_one2one
AUR62020882	110714904	AT4G14200	ortholog_one2many
AUR62004536	110714171	AT5G53560	ortholog_one2many
AUR62009750	110684238	AT2G27460	ortholog_one2many
AUR62008682	110727918	AT4G02370	ortholog_many2many
AUR62008682	110727918	AT1G02816	ortholog_many2many
AUR62032843	110706376	AT4G14615	ortholog_many2many
AUR62032843	110706376	AT1G52825	ortholog_many2many
AUR62011962	110734434	AT3G63410	ortholog_one2one
AUR62005622	110710971	AT1G11780	ortholog_one2one
AUR62041901	110733343	AT1G30755	ortholog_one2many
AUR62017589	110701960	AT1G06570	ortholog_one2many
AUR62002807	110718423	AT5G53070	ortholog_one2many
AUR62040846	110712816	AT3G10230	ortholog_one2many
AUR62026006	110707250	AT4G24320	ortholog_one2one
AUR62012919	110738316	AT4G38280	ortholog_many2many
AUR62012919	110738316	AT2G45250	ortholog_many2many
AUR62009452	110705740	AT5G11390	ortholog_one2one
AUR62006212	110730984	AT2G36160	ortholog_many2many
AUR62006212	110730984	AT3G11510	ortholog_many2many
AUR62006212	110730984	AT3G52580	ortholog_many2many
AUR62006212	110729717	AT2G36160	ortholog_many2many
AUR62006212	110729717	AT3G11510	ortholog_many2many
AUR62006212	110729717	AT3G52580	ortholog_many2many
AUR62014913	110693773	AT5G10530	ortholog_many2many
AUR62014913	110693773	AT5G65600	ortholog_many2many
AUR62036924	110726089	AT5G23060	ortholog_one2one
AUR62036924	110698240	AT5G23060	ortholog_one2one
AUR62017145	110707048	AT1G55840	ortholog_one2one
AUR62003047	110721278	AT5G03490	ortholog_many2many
AUR62003047	110721278	AT1G51210	ortholog_many2many
AUR62032793	110706323	AT5G39650	ortholog_one2many
AUR62032793	110706323	AT1G09157	ortholog_one2many
AUR62008610	110727753	AT1G02940	ortholog_many2many
AUR62008610	110727753	AT1G02930	ortholog_many2many
AUR62008610	110727753	AT2G02930	ortholog_many2many
AUR62008610	110727753	AT1G02920	ortholog_many2many
AUR62008610	110727753	AT1G49860	ortholog_many2many
AUR62008610	110727753	AT4G02520	ortholog_many2many
AUR62008610	110727753	AT2G47730	ortholog_many2many
AUR62008610	110727753	AT1G02950	ortholog_many2many
AUR62024719	110733128	AT2G31200	ortholog_one2many
AUR62004042	110681722	AT2G22810	ortholog_many2many
AUR62004042	110681722	AT3G49700	ortholog_many2many
AUR62004042	110681722	AT5G65800	ortholog_many2many
AUR62004042	110681722	AT4G37770	ortholog_many2many
AUR62007676	110685904	AT3G26540	ortholog_one2many
AUR62003427	110681827	AT4G20430	ortholog_many2many
AUR62003427	110681827	AT5G44530	ortholog_many2many
AUR62003427	110681827	AT1G30600	ortholog_many2many
AUR62003427	110694640	AT4G20430	ortholog_many2many
AUR62003427	110694640	AT5G44530	ortholog_many2many
AUR62003427	110694640	AT1G30600	ortholog_many2many
AUR62016663	110705013	AT4G34390	ortholog_one2many
AUR62028023	110683800	AT3G03600	ortholog_one2many
AUR62028271	110721795	AT2G05830	ortholog_one2many
AUR62000260	110736370	AT5G16290	ortholog_one2many
AUR62021814	110731125	AT5G47650	ortholog_one2one
AUR62039112	110728368	AT2G26100	ortholog_one2many
AUR62039112	110705442	AT2G26100	ortholog_one2many
AUR62029485	110694723	AT3G51250	ortholog_many2many
AUR62029485	110694723	AT4G35985	ortholog_many2many
AUR62029485	110694723	AT2G17840	ortholog_many2many
AUR62032072	110707542	AT3G04000	ortholog_many2many
AUR62032072	110707542	AT5G18210	ortholog_many2many
AUR62032072	110707542	AT3G03980	ortholog_many2many
AUR62008347	110700526	AT3G47950	ortholog_many2many
AUR62008347	110700526	AT5G62670	ortholog_many2many
AUR62006382	110731115	AT5G59310	ortholog_many2many
AUR62006382	110731115	AT2G15050	ortholog_many2many
AUR62006382	110731115	AT5G59320	ortholog_many2many
AUR62006382	110731115	AT2G38540	ortholog_many2many
AUR62006382	110731115	AT3G51600	ortholog_many2many
AUR62006382	110731115	AT3G51590	ortholog_many2many
AUR62006382	110731115	AT2G38530	ortholog_many2many
AUR62030385	110710531	AT1G80870	ortholog_one2many
AUR62023469	110725151	AT3G61710	ortholog_one2many
AUR62017343	110719410	AT4G11980	ortholog_one2one
AUR62017343	110702548	AT4G11980	ortholog_one2one
AUR62028388	110721907	AT3G21720	ortholog_one2one
AUR62043445	110698338	AT5G18550	ortholog_one2many
AUR62043445	110698338	AT3G06410	ortholog_one2many
AUR62000757	110736845	AT3G16640	ortholog_one2many
AUR62013115	110740009	AT3G55010	ortholog_one2one
AUR62007832	110686038	AT5G38110	ortholog_many2many
AUR62007832	110686038	AT1G66740	ortholog_many2many
AUR62021701	110726472	AT3G47610	ortholog_one2many
AUR62026171	110698171	AT4G35660	ortholog_one2many
AUR62026171	110698171	AT3G51410	ortholog_one2many
AUR62026171	110698171	AT4G35680	ortholog_one2many
AUR62014331	110724618	AT1G44446	ortholog_one2many
AUR62008150	110700329	AT2G40780	ortholog_one2many
AUR62043174	110726046	AT1G70790	ortholog_many2many
AUR62043174	110726046	AT2G01540	ortholog_many2many
AUR62011745	110734230	AT2G47160	ortholog_many2many
AUR62011745	110734230	AT3G62270	ortholog_many2many
AUR62011745	110732974	AT2G47160	ortholog_many2many
AUR62011745	110732974	AT3G62270	ortholog_many2many
AUR62011745	110732981	AT2G47160	ortholog_many2many
AUR62011745	110732981	AT3G62270	ortholog_many2many
AUR62002275	110717937	AT4G25640	ortholog_one2many
AUR62042184	110737275	AT3G45210	ortholog_many2many
AUR62042184	110737275	AT2G28400	ortholog_many2many
AUR62042184	110737275	AT5G60680	ortholog_many2many
AUR62016670	110705021	AT2G15970	ortholog_one2many
AUR62001071	110737149	AT3G62080	ortholog_one2many
AUR62014427	110724717	AT5G61400	ortholog_many2many
AUR62014427	110724717	AT1G25360	ortholog_many2many
AUR62018355	110711605	AT3G56720	ortholog_one2many
AUR62040485	110697708	AT5G13060	ortholog_one2one
AUR62041898	110733305	AT4G36480	ortholog_one2many
AUR62041281	110682662	AT5G46460	ortholog_one2one
AUR62002159	110717550	AT2G33470	ortholog_one2many
AUR62009096	110705390	AT5G12040	ortholog_one2many
AUR62040488	110697711	AT4G14990	ortholog_many2many
AUR62040488	110697711	AT3G22270	ortholog_many2many
AUR62015577	110689435	AT1G04400	ortholog_one2many
AUR62042109	110683260	AT2G42620	ortholog_one2one
AUR62007545	110685768	AT4G37760	ortholog_many2many
AUR62007545	110685768	AT2G22830	ortholog_many2many
AUR62007545	110682470	AT4G37760	ortholog_many2many
AUR62007545	110682470	AT2G22830	ortholog_many2many
AUR62038607	110684915	AT3G54630	ortholog_one2many
AUR62036423	110735479	AT5G55610	ortholog_one2many
AUR62015542	110689401	AT3G23430	ortholog_one2many
AUR62037815	110727192	AT3G26700	ortholog_one2many
AUR62041669	110711263	AT1G47271	ortholog_one2many
AUR62028027	110683806	AT3G49600	ortholog_one2many
AUR62013186	110681983	AT4G35350	ortholog_one2one
AUR62036239	110684616	AT5G02780	ortholog_many2many
AUR62036239	110684616	AT5G02790	ortholog_many2many
AUR62036239	110684616	AT3G55040	ortholog_many2many
AUR62008576	110727826	AT1G03020	ortholog_many2many
AUR62008576	110727826	AT3G62930	ortholog_many2many
AUR62021817	110731210	AT5G47630	ortholog_one2one
AUR62043261	110728340	AT1G47330	ortholog_one2one
AUR62039148	110728397	AT5G58130	ortholog_one2one
AUR62041667	110711231	AT1G75020	ortholog_one2many
AUR62012991	110738886	AT4G35140	ortholog_one2many
AUR62012991	110738886	AT4G38480	ortholog_one2many
AUR62004183	110714222	AT5G12100	ortholog_one2many
AUR62011793	110734288	AT5G18970	ortholog_one2many
AUR62028995	110683006	AT2G06530	ortholog_one2many
AUR62043507	110688822	AT5G47790	ortholog_one2many
AUR62004235	110714472	AT5G64270	ortholog_one2many
AUR62025419	110689920	AT4G28700	ortholog_one2many
AUR62003603	110682013	AT3G18640	ortholog_one2one
AUR62008057	110700254	AT5G48370	ortholog_one2many
AUR62001415	110688029	AT1G53885	ortholog_one2many
AUR62001415	110688029	AT1G53903	ortholog_one2many
AUR62017541	110701915	AT5G35732	ortholog_many2many
AUR62017541	110701915	AT2G04795	ortholog_many2many
AUR62011916	110734393	AT2G30690	ortholog_one2one
AUR62011375	110705036	AT2G16090	ortholog_many2many
AUR62011375	110705036	AT3G27720	ortholog_many2many
AUR62011375	110705036	AT3G27710	ortholog_many2many
AUR62011375	110705036	AT4G34370	ortholog_many2many
AUR62011375	110698514	AT2G16090	ortholog_many2many
AUR62011375	110698514	AT3G27720	ortholog_many2many
AUR62011375	110698514	AT3G27710	ortholog_many2many
AUR62011375	110698514	AT4G34370	ortholog_many2many
AUR62011887	110734372	AT2G31240	ortholog_one2many
AUR62019794	110722644	AT2G25300	ortholog_one2many
AUR62019794	110722644	AT4G32120	ortholog_one2many
AUR62013029	110739203	AT4G35080	ortholog_one2many
AUR62023677	110738628	AT1G48350	ortholog_one2one
AUR62023677	110717810	AT1G48350	ortholog_one2one
AUR62025454	110689861	AT5G43990	ortholog_many2many
AUR62025454	110689861	AT1G04050	ortholog_many2many
AUR62042661	110739358	AT5G18610	ortholog_one2many
AUR62042661	110738028	AT5G18610	ortholog_one2many
AUR62012045	110734138	AT5G10600	ortholog_many2many
AUR62012045	110734138	AT5G10610	ortholog_many2many
AUR62018855	110730309	AT4G05450	ortholog_many2many
AUR62018855	110730309	AT4G21090	ortholog_many2many
AUR62023842	110738782	AT1G06110	ortholog_one2many
AUR62042931	110738001	AT1G79900	ortholog_one2many
AUR62014366	110709810	AT5G49680	ortholog_many2many
AUR62014366	110709810	AT1G58250	ortholog_many2many
AUR62019747	110722596	AT4G23530	ortholog_one2many
AUR62019747	110722596	AT4G11300	ortholog_one2many
AUR62019747	110722596	AT1G63930	ortholog_one2many
AUR62038960	110683724	AT2G20750	ortholog_one2many
AUR62038960	110683724	AT4G28250	ortholog_one2many
AUR62001564	110688174	AT3G44160	ortholog_one2many
AUR62013976	110694523	AT1G24020	ortholog_one2many
AUR62002925	110720083	AT1G25682	ortholog_one2many
AUR62037845	110727224	AT1G12830	ortholog_one2one
AUR62032905	110716299	AT5G23400	ortholog_one2many
AUR62019074	110709775	AT1G44446	ortholog_one2many
AUR62039812	110730398	AT3G28910	ortholog_one2one
AUR62026329	110698096	AT4G27640	ortholog_one2many
AUR62028309	110721831	AT5G20810	ortholog_many2many
AUR62028309	110721831	AT3G43120	ortholog_many2many
AUR62005947	110727245	AT5G24650	ortholog_many2many
AUR62005947	110727245	AT3G49560	ortholog_many2many
AUR62032528	110688714	AT3G26640	ortholog_many2many
AUR62032528	110688714	AT1G12910	ortholog_many2many
AUR62037820	110727197	AT3G26710	ortholog_one2many
AUR62020216	110683557	AT3G22190	ortholog_one2many
AUR62027417	110716981	AT3G28430	ortholog_one2many
AUR62003107	110721970	AT5G39220	ortholog_many2many
AUR62003107	110721970	AT1G13820	ortholog_many2many
AUR62003835	110682250	AT4G37160	ortholog_many2many
AUR62003835	110682250	AT2G23630	ortholog_many2many
AUR62009400	110705694	AT5G13710	ortholog_one2one
AUR62009880	110684372	AT1G72640	ortholog_one2many
AUR62040618	110709162	AT5G49945	ortholog_many2many
AUR62040618	110709162	AT4G24330	ortholog_many2many
AUR62025072	110712130	AT5G42570	ortholog_one2many
AUR62000950	110737029	AT3G53950	ortholog_one2one
AUR62022742	110731732	AT3G61070	ortholog_many2many
AUR62022742	110731732	AT2G45740	ortholog_many2many
AUR62022742	110731732	AT1G01820	ortholog_many2many
AUR62001616	110703444	AT1G61700	ortholog_one2many
AUR62001616	110703444	AT1G11475	ortholog_one2many
AUR62001616	110688233	AT1G61700	ortholog_one2many
AUR62001616	110688233	AT1G11475	ortholog_one2many
AUR62001616	110687765	AT1G61700	ortholog_one2many
AUR62001616	110687765	AT1G11475	ortholog_one2many
AUR62008129	110700312	AT2G26470	ortholog_one2many
AUR62018576	110711701	AT3G25070	ortholog_one2many
AUR62017157	110707062	AT3G13226	ortholog_one2one
AUR62003441	110681844	AT5G14130	ortholog_one2many
AUR62002959	110720508	AT1G26130	ortholog_many2many
AUR62002959	110720508	AT1G13210	ortholog_many2many
AUR62002959	110720508	AT1G68710	ortholog_many2many
AUR62002959	110720508	AT3G25610	ortholog_many2many
AUR62026341	110698206	AT2G38480	ortholog_one2many
AUR62009032	110728240	AT1G66860	ortholog_many2many
AUR62009032	110728240	AT5G38200	ortholog_many2many
AUR62040863	110739378	AT1G53720	ortholog_one2many
AUR62000751	110736838	AT5G27820	ortholog_one2one
AUR62000751	110708697	AT5G27820	ortholog_one2one
AUR62018869	110730326	AT4G16820	ortholog_one2many
AUR62004310	110714435	AT4G00560	ortholog_one2many
AUR62027022	110739932	AT3G19660	ortholog_one2one
AUR62002610	110717630	AT1G54380	ortholog_one2many
AUR62002610	110717630	AT2G42510	ortholog_one2many
AUR62006855	110701283	AT5G09270	ortholog_one2many
AUR62001152	110687794	AT4G13010	ortholog_one2many
AUR62007526	110685748	AT5G04885	ortholog_one2many
AUR62027556	110728806	AT4G18140	ortholog_many2many
AUR62027556	110728806	AT5G46410	ortholog_many2many
AUR62027556	110690027	AT4G18140	ortholog_many2many
AUR62027556	110690027	AT5G46410	ortholog_many2many
AUR62000474	110736569	AT5G26600	ortholog_one2many
AUR62036960	110726115	AT1G61450	ortholog_one2many
AUR62036960	110726115	AT1G61415	ortholog_one2many
AUR62028322	110721841	AT3G43220	ortholog_many2many
AUR62028322	110721841	AT5G20840	ortholog_many2many
AUR62013136	110740254	AT3G47840	ortholog_one2one
AUR62013136	110718632	AT3G47840	ortholog_one2one
AUR62018609	110730080	AT3G17465	ortholog_one2many
AUR62022362	110696513	AT3G17611	ortholog_one2many
AUR62015276	110689165	AT1G64740	ortholog_one2many
AUR62022825	110699216	AT5G05820	ortholog_one2many
AUR62022825	110699216	AT3G11320	ortholog_one2many
AUR62003129	110722230	AT1G69325	ortholog_many2many
AUR62003129	110722230	AT1G13920	ortholog_many2many
AUR62009297	110705586	AT2G25810	ortholog_one2many
AUR62036186	110684624	AT5G10000	ortholog_one2one
AUR62033438	110729116	AT2G26640	ortholog_one2many
AUR62015416	110689276	AT1G12200	ortholog_many2many
AUR62015416	110689276	AT1G63370	ortholog_many2many
AUR62015416	110689276	AT1G65860	ortholog_many2many
AUR62015416	110689276	AT1G62560	ortholog_many2many
AUR62015416	110689276	AT1G63390	ortholog_many2many
AUR62015416	110689276	AT1G62580	ortholog_many2many
AUR62015416	110689276	AT1G62570	ortholog_many2many
AUR62015416	110689276	AT1G62540	ortholog_many2many
AUR62015416	110689276	AT1G12140	ortholog_many2many
AUR62015416	110689276	AT1G63340	ortholog_many2many
AUR62015416	110689276	AT1G12130	ortholog_many2many
AUR62015416	110689276	AT1G62620	ortholog_many2many
AUR62015416	110689276	AT1G62600	ortholog_many2many
AUR62015416	110689276	AT1G12160	ortholog_many2many
AUR62036219	110734553	AT2G30370	ortholog_one2many
AUR62036219	110684613	AT2G30370	ortholog_one2many
AUR62031924	110729871	AT4G12540	ortholog_one2one
AUR62031436	110693886	AT4G21190	ortholog_one2many
AUR62001961	110717780	AT5G66860	ortholog_one2many
AUR62033230	110692263	AT2G20790	ortholog_one2one
AUR62014760	110706839	AT4G09300	ortholog_many2many
AUR62014760	110706839	AT1G61150	ortholog_many2many
AUR62014760	110706839	AT1G11110	ortholog_many2many
AUR62014760	110693564	AT4G09300	ortholog_many2many
AUR62014760	110693564	AT1G61150	ortholog_many2many
AUR62014760	110693564	AT1G11110	ortholog_many2many
AUR62041456	110711383	AT2G13100	ortholog_one2one
AUR62004628	110714293	AT1G35515	ortholog_many2many
AUR62004628	110714293	AT1G22640	ortholog_many2many
AUR62004628	110714293	AT4G09460	ortholog_many2many
AUR62041698	110686977	AT5G07290	ortholog_many2many
AUR62041698	110686977	AT5G61960	ortholog_many2many
AUR62012044	110734523	AT3G12140	ortholog_one2many
AUR62012044	110734523	AT5G06780	ortholog_one2many
AUR62012044	110691376	AT3G12140	ortholog_one2many
AUR62012044	110691376	AT5G06780	ortholog_one2many
AUR62021273	110729746	AT5G62180	ortholog_one2many
AUR62018495	110711805	AT1G10810	ortholog_many2many
AUR62018495	110711805	AT1G60730	ortholog_many2many
AUR62018495	110711805	AT1G60680	ortholog_many2many
AUR62018495	110711805	AT1G60690	ortholog_many2many
AUR62018495	110711805	AT1G60710	ortholog_many2many
AUR62018495	110711805	AT1G60750	ortholog_many2many
AUR62005847	110713142	AT1G55480	ortholog_one2many
AUR62006722	110701155	AT5G16510	ortholog_one2many
AUR62018137	110689019	AT3G02850	ortholog_many2many
AUR62018137	110689019	AT5G37500	ortholog_many2many
AUR62029239	110693142	AT5G54660	ortholog_one2one
AUR62040757	110713149	AT3G05560	ortholog_many2many
AUR62040757	110713149	AT5G27770	ortholog_many2many
AUR62040757	110713152	AT3G05560	ortholog_many2many
AUR62040757	110713152	AT5G27770	ortholog_many2many
AUR62040757	110696558	AT3G05560	ortholog_many2many
AUR62040757	110696558	AT5G27770	ortholog_many2many
AUR62040757	110696549	AT3G05560	ortholog_many2many
AUR62040757	110696549	AT5G27770	ortholog_many2many
AUR62007271	110732526	AT2G35300	ortholog_many2many
AUR62007271	110732526	AT1G32560	ortholog_many2many
AUR62005498	110709588	AT3G26400	ortholog_one2many
AUR62005498	110709588	AT1G13020	ortholog_one2many
AUR62036823	110694990	AT1G03180	ortholog_one2one
AUR62001467	110688078	AT1G72520	ortholog_many2many
AUR62001467	110688078	AT1G17420	ortholog_many2many
AUR62031967	110729905	AT4G29160	ortholog_many2many
AUR62031967	110729905	AT2G19830	ortholog_many2many
AUR62000316	110737211	AT1G12940	ortholog_one2many
AUR62008416	110700801	AT5G15230	ortholog_many2many
AUR62008416	110700801	AT1G74670	ortholog_many2many
AUR62039480	110736323	AT2G32130	ortholog_many2many
AUR62039480	110736323	AT1G29300	ortholog_many2many
AUR62040381	110694877	AT3G23080	ortholog_one2many
AUR62040381	110694877	AT4G14500	ortholog_one2many
AUR62031910	110729863	AT1G79750	ortholog_one2one
AUR62031910	110715612	AT1G79750	ortholog_one2one
AUR62001725	110688349	AT5G59160	ortholog_many2many
AUR62001725	110688349	AT3G46820	ortholog_many2many
AUR62000510	110736614	AT5G09270	ortholog_one2many
AUR62022467	110696604	AT4G38320	ortholog_many2many
AUR62022467	110696604	AT4G37680	ortholog_many2many
AUR62022467	110696604	AT4G38290	ortholog_many2many
AUR62022467	110696604	AT2G40710	ortholog_many2many
AUR62029769	110690707	AT3G04840	ortholog_many2many
AUR62029769	110690707	AT4G34670	ortholog_many2many
AUR62000460	110736555	AT1G34160	ortholog_one2one
AUR62028301	110721822	AT5G20690	ortholog_many2many
AUR62028301	110721822	AT3G42880	ortholog_many2many
AUR62017004	110706902	AT1G33230	ortholog_many2many
AUR62017004	110706902	AT4G10430	ortholog_many2many
AUR62007692	110685921	AT1G71720	ortholog_one2many
AUR62033550	110729362	AT3G09980	ortholog_many2many
AUR62033550	110729362	AT2G36410	ortholog_many2many
AUR62033550	110729362	AT5G03660	ortholog_many2many
AUR62033550	110729362	AT3G52920	ortholog_many2many
AUR62013505	110725804	AT1G77220	ortholog_one2one
AUR62041417	110709404	AT2G36490	ortholog_one2many
AUR62021740	110726506	AT3G01290	ortholog_one2many
AUR62039374	110715298	AT3G55440	ortholog_one2one
AUR62021620	110726399	AT1G18680	ortholog_one2many
AUR62022802	110699190	AT3G55660	ortholog_one2many
AUR62022802	110699190	AT5G05940	ortholog_one2many
AUR62026120	110707361	AT2G05720	ortholog_one2many
AUR62026120	110707361	AT2G41500	ortholog_one2many
AUR62029238	110723725	AT5G54670	ortholog_one2many
AUR62029238	110723725	AT4G27180	ortholog_one2many
AUR62029238	110693139	AT5G54670	ortholog_one2many
AUR62029238	110693139	AT4G27180	ortholog_one2many
AUR62020966	110714954	AT5G21090	ortholog_many2many
AUR62020966	110714954	AT3G43740	ortholog_many2many
AUR62030363	110710527	AT3G10230	ortholog_one2many
AUR62009819	110684307	AT3G13750	ortholog_one2one
AUR62043318	110719074	AT4G01660	ortholog_one2one
AUR62029767	110690706	AT5G01890	ortholog_one2many
AUR62033686	110713433	AT1G33030	ortholog_one2many
AUR62033165	110739271	AT2G47750	ortholog_one2many
AUR62006477	32958950	ATCG00470	ortholog_one2one
AUR62020097	110683419	AT5G23310	ortholog_one2many
AUR62000988	110737067	AT4G34880	ortholog_one2many
AUR62031626	110727051	AT5G39900	ortholog_one2one
AUR62040083	110690126	AT2G30440	ortholog_many2many
AUR62040083	110690126	AT1G06870	ortholog_many2many
AUR62006775	110736531	AT1G09330	ortholog_one2many
AUR62006775	110701202	AT1G09330	ortholog_one2many
AUR62033619	110713350	AT3G54630	ortholog_one2many
AUR62003056	110721384	AT1G69020	ortholog_one2many
AUR62031951	110729894	AT1G51965	ortholog_one2one
AUR62019812	110722663	AT4G11090	ortholog_many2many
AUR62019812	110722663	AT4G23790	ortholog_many2many
AUR62019812	110722663	AT4G01080	ortholog_many2many
AUR62019812	110722663	AT1G01430	ortholog_many2many
AUR62020867	110714999	AT1G11400	ortholog_one2many
AUR62037841	110727223	AT3G26790	ortholog_one2one
AUR62002513	110717762	AT3G59980	ortholog_one2many
AUR62013792	110721582	AT3G20230	ortholog_one2many
AUR62016926	110706829	AT1G61250	ortholog_many2many
AUR62016926	110706829	AT1G11180	ortholog_many2many
AUR62038527	110739126	AT4G08685	ortholog_one2one
AUR62027696	110691326	AT5G45820	ortholog_one2one
AUR62008871	110728080	AT5G61760	ortholog_one2many
AUR62008871	110728080	AT5G07370	ortholog_one2many
AUR62028365	110721884	AT4G30825	ortholog_one2many
AUR62002252	110717792	AT5G17523	ortholog_many2many
AUR62002252	110717792	AT5G17520	ortholog_many2many
AUR62032976	110716267	AT5G23210	ortholog_one2many
AUR62032976	110702086	AT5G23210	ortholog_one2many
AUR62017532	110701910	AT1G29150	ortholog_one2many
AUR62041701	110687037	AT5G50970	ortholog_one2many
AUR62031368	110693817	AT1G45207	ortholog_one2many
AUR62004038	110682471	AT3G49730	ortholog_many2many
AUR62004038	110682471	AT5G65820	ortholog_many2many
AUR62023314	110720412	AT1G25450	ortholog_many2many
AUR62023314	110720412	AT1G68530	ortholog_many2many
AUR62026410	110713680	AT5G66070	ortholog_one2many
AUR62028262	110721787	AT5G20650	ortholog_one2one
AUR62025417	110689684	AT5G43940	ortholog_one2many
AUR62006307	110730535	AT3G08820	ortholog_one2many
AUR62041402	110738054	AT5G49430	ortholog_one2one
AUR62005805	110712679	AT1G14185	ortholog_many2many
AUR62005805	110712679	AT1G14190	ortholog_many2many
AUR62005509	110709805	AT1G24560	ortholog_one2many
AUR62001230	110687859	AT5G50250	ortholog_one2many
AUR62001230	110687859	AT4G24770	ortholog_one2many
AUR62004017	110682448	AT5G04885	ortholog_one2many
AUR62001936	110718181	AT4G34410	ortholog_one2many
AUR62004443	110713909	AT4G01120	ortholog_many2many
AUR62004443	110713909	AT2G46270	ortholog_many2many
AUR62011613	110698736	AT1G80410	ortholog_one2many
AUR62040637	110709183	AT1G73190	ortholog_many2many
AUR62040637	110709183	AT1G17810	ortholog_many2many
AUR62028644	110727524	AT3G25480	ortholog_one2many
AUR62007965	110686160	AT4G37830	ortholog_one2many
AUR62014578	110724891	AT3G55360	ortholog_one2many
AUR62023831	110738772	AT1G08760	ortholog_one2many
AUR62008537	110700711	AT5G08020	ortholog_many2many
AUR62008537	110700711	AT5G61000	ortholog_many2many
AUR62003611	110682022	AT1G48870	ortholog_one2one
AUR62003692	110682110	AT3G11220	ortholog_one2one
AUR62018036	110734970	AT3G24315	ortholog_one2many
AUR62022608	110731577	AT4G01310	ortholog_one2many
AUR62042998	110692644	AT5G04340	ortholog_one2many
AUR62042998	110692644	AT5G43170	ortholog_one2many
AUR62042998	110692644	AT1G27730	ortholog_one2many
AUR62037646	110722402	AT1G79490	ortholog_one2many
AUR62014620	110693452	AT4G00238	ortholog_many2many
AUR62014620	110693452	AT2G20613	ortholog_many2many
AUR62014620	110693452	AT5G41765	ortholog_many2many
AUR62014620	110693452	AT1G44810	ortholog_many2many
AUR62014620	110693452	AT1G61730	ortholog_many2many
AUR62014620	110693452	AT4G25210	ortholog_many2many
AUR62014620	110693452	AT1G66420	ortholog_many2many
AUR62014620	110693452	AT4G00250	ortholog_many2many
AUR62014620	110693452	AT4G00610	ortholog_many2many
AUR62014620	110693452	AT2G01370	ortholog_many2many
AUR62014620	110693452	AT1G11510	ortholog_many2many
AUR62014620	110693452	AT4G00390	ortholog_many2many
AUR62014620	110693452	AT4G08263	ortholog_many2many
AUR62014620	110693452	AT1G55950	ortholog_many2many
AUR62014620	110693452	AT4G01260	ortholog_many2many
AUR62014620	110693452	AT4G00130	ortholog_many2many
AUR62014620	110693452	AT4G00232	ortholog_many2many
AUR62021097	110729566	AT5G11720	ortholog_one2many
AUR62021097	110693890	AT5G11720	ortholog_one2many
AUR62017635	110702011	AT4G14965	ortholog_one2one
AUR62032552	110717916	AT2G40815	ortholog_one2many
AUR62018642	110730115	AT1G32220	ortholog_one2many
AUR62042625	110696260	AT1G55500	ortholog_many2many
AUR62042625	110696260	AT3G13460	ortholog_many2many
AUR62031482	110693933	AT5G53310	ortholog_one2many
AUR62022015	110731394	AT4G21200	ortholog_one2one
AUR62036270	110688812	AT2G33260	ortholog_one2many
AUR62044500	110729782	AT1G29680	ortholog_many2many
AUR62044500	110729782	AT5G45690	ortholog_many2many
AUR62044500	110729782	AT4G18920	ortholog_many2many
AUR62044500	110701773	AT1G29680	ortholog_many2many
AUR62044500	110701773	AT5G45690	ortholog_many2many
AUR62044500	110701773	AT4G18920	ortholog_many2many
AUR62004347	110714179	AT3G61350	ortholog_one2many
AUR62003260	110723503	AT5G58250	ortholog_one2many
AUR62006635	110736402	AT4G26780	ortholog_many2many
AUR62006635	110736402	AT5G55200	ortholog_many2many
AUR62006635	110701070	AT4G26780	ortholog_many2many
AUR62006635	110701070	AT5G55200	ortholog_many2many
AUR62035482	110723252	AT1G66240	ortholog_one2many
AUR62035482	110700058	AT1G66240	ortholog_one2many
AUR62007631	110685862	AT5G66360	ortholog_one2many
AUR62032915	110716291	AT5G48335	ortholog_many2many
AUR62032915	110716291	AT3G07580	ortholog_many2many
AUR62021920	110731313	AT1G11905	ortholog_one2one
AUR62002035	110717796	AT4G39830	ortholog_one2many
AUR62001482	110688091	AT3G47640	ortholog_one2many
AUR62030366	110710509	AT3G47930	ortholog_one2many
AUR62002792	110716626	AT1G68185	ortholog_one2many
AUR62002550	110717421	AT3G62940	ortholog_one2one
AUR62033231	110692264	AT5G57360	ortholog_one2many
AUR62033231	110692264	AT2G18915	ortholog_one2many
AUR62027048	110740017	AT1G22840	ortholog_one2one
AUR62003345	110724531	AT4G35970	ortholog_one2many
AUR62001519	110688134	AT1G72690	ortholog_one2many
AUR62005626	110710999	AT1G67330	ortholog_many2many
AUR62005626	110710999	AT1G27930	ortholog_many2many
AUR62031945	110729892	AT3G05920	ortholog_many2many
AUR62031945	110729892	AT5G26690	ortholog_many2many
AUR62026316	110698083	AT1G70100	ortholog_many2many
AUR62026316	110698083	AT1G24160	ortholog_many2many
AUR62021003	110714787	AT3G56880	ortholog_many2many
AUR62021003	110714787	AT2G41010	ortholog_many2many
AUR62023478	110725163	AT3G61680	ortholog_one2many
AUR62003937	110724767	AT1G19530	ortholog_one2many
AUR62003937	110682356	AT1G19530	ortholog_one2many
AUR62044232	110696964	AT1G73780	ortholog_one2many
AUR62003295	110723904	AT2G21870	ortholog_one2many
AUR62003295	110692660	AT2G21870	ortholog_one2many
AUR62033256	110692298	AT4G30110	ortholog_one2one
AUR62008311	110726557	AT5G62600	ortholog_one2many
AUR62008311	110700486	AT5G62600	ortholog_one2many
AUR62030279	110710538	AT3G10770	ortholog_many2many
AUR62030279	110710538	AT3G56680	ortholog_many2many
AUR62030279	110710538	AT5G05100	ortholog_many2many
AUR62030279	110710538	AT2G40960	ortholog_many2many
AUR62030592	110723214	AT2G40770	ortholog_one2one
AUR62030592	110704442	AT2G40770	ortholog_one2one
AUR62014205	110694445	AT1G71010	ortholog_one2one
AUR62015553	110689410	AT5G43310	ortholog_one2many
AUR62017379	110702587	AT3G54760	ortholog_one2many
AUR62018815	110730276	AT2G40100	ortholog_one2many
AUR62011454	110698596	AT1G80570	ortholog_one2many
AUR62014851	110693647	AT5G44300	ortholog_many2many
AUR62014851	110693647	AT1G28330	ortholog_many2many
AUR62014851	110693647	AT2G33830	ortholog_many2many
AUR62038379	110735377	AT2G39590	ortholog_one2many
AUR62007974	110686166	AT5G65730	ortholog_one2many
AUR62001173	110687813	AT5G61750	ortholog_one2one
AUR62027726	110706549	AT1G78070	ortholog_many2many
AUR62027726	110706549	AT1G36070	ortholog_many2many
AUR62033915	110686322	AT1G53540	ortholog_many2many
AUR62033915	110686322	AT3G46230	ortholog_many2many
AUR62033915	110686322	AT5G59720	ortholog_many2many
AUR62014764	110693567	AT1G61130	ortholog_many2many
AUR62014764	110693567	AT1G11080	ortholog_many2many
AUR62014764	110693567	AT4G15100	ortholog_many2many
AUR62028621	110727495	AT2G04039	ortholog_one2many
AUR62003914	110682332	AT1G48090	ortholog_one2one
AUR62021263	110729735	AT5G51890	ortholog_one2many
AUR62021263	110697137	AT5G51890	ortholog_one2many
AUR62014807	110693609	AT4G04950	ortholog_many2many
AUR62014807	110693609	AT4G32580	ortholog_many2many
AUR62013731	110721522	AT1G05940	ortholog_one2many
AUR62029054	110683065	AT1G29840	ortholog_many2many
AUR62029054	110683065	AT3G47590	ortholog_many2many
AUR62029054	110683065	AT2G19550	ortholog_many2many
AUR62029054	110683065	AT3G47560	ortholog_many2many
AUR62026064	110707310	AT2G41640	ortholog_many2many
AUR62026064	110707310	AT3G10320	ortholog_many2many
AUR62026064	110707310	AT3G57380	ortholog_many2many
AUR62031256	110716620	AT5G56750	ortholog_many2many
AUR62031256	110716620	AT2G19620	ortholog_many2many
AUR62040985	110711452	AT4G20260	ortholog_one2many
AUR62025182	110715783	AT2G06510	ortholog_one2many
AUR62005958	110727361	AT3G11940	ortholog_many2many
AUR62005958	110727361	AT2G37270	ortholog_many2many
AUR62006937	110701358	AT5G18420	ortholog_one2many
AUR62006132	110728973	AT5G53120	ortholog_one2one
AUR62022731	110731719	AT1G01220	ortholog_one2many
AUR62018709	110732546	AT5G46740	ortholog_many2many
AUR62018709	110732546	AT4G17895	ortholog_many2many
AUR62018709	110730180	AT5G46740	ortholog_many2many
AUR62018709	110730180	AT4G17895	ortholog_many2many
AUR62004437	110714221	AT5G35680	ortholog_many2many
AUR62004437	110714221	AT2G04520	ortholog_many2many
AUR62043220	110694831	AT4G03550	ortholog_one2many
AUR62040308	110721098	AT4G03240	ortholog_one2many
AUR62004448	110725188	AT5G41700	ortholog_one2many
AUR62004448	110714615	AT5G41700	ortholog_one2many
AUR62006439	110731740	AT3G08670	ortholog_one2many
AUR62002494	110717956	AT5G04330	ortholog_many2many
AUR62002494	110717956	AT4G36220	ortholog_many2many
AUR62029282	110693171	AT4G27280	ortholog_many2many
AUR62029282	110693171	AT5G54490	ortholog_many2many
AUR62036072	110700189	AT1G05280	ortholog_one2one
AUR62031909	110729862	AT3G01340	ortholog_many2many
AUR62031909	110729862	AT2G30050	ortholog_many2many
AUR62019549	110737502	AT2G20690	ortholog_one2many
AUR62028641	110727520	AT5G48385	ortholog_one2many
AUR62028641	110700261	AT5G48385	ortholog_one2many
AUR62023542	110725230	AT4G09160	ortholog_many2many
AUR62023542	110725230	AT1G72160	ortholog_many2many
AUR62006057	110728315	AT3G49320	ortholog_one2many
AUR62016804	110705157	AT2G21350	ortholog_one2many
AUR62016804	110705157	AT4G39040	ortholog_one2many
AUR62030587	110704436	AT4G16690	ortholog_many2many
AUR62030587	110704436	AT5G58310	ortholog_many2many
AUR62001520	110688133	AT1G72670	ortholog_many2many
AUR62001520	110688133	AT1G17480	ortholog_many2many
AUR62022327	110696474	AT1G77920	ortholog_many2many
AUR62022327	110696474	AT1G22070	ortholog_many2many
AUR62003827	110682242	AT3G50400	ortholog_many2many
AUR62003827	110682242	AT2G23540	ortholog_many2many
AUR62011678	110698903	AT1G15320	ortholog_one2many
AUR62025013	110711960	AT5G64680	ortholog_one2many
AUR62019946	110722795	AT1G01050	ortholog_many2many
AUR62019946	110722795	AT4G01480	ortholog_many2many
AUR62019946	110722795	AT2G46860	ortholog_many2many
AUR62026114	110707353	AT2G41510	ortholog_one2many
AUR62009475	110705765	AT3G02260	ortholog_one2one
AUR62009475	110703418	AT3G02260	ortholog_one2one
AUR62003314	110724126	AT5G64930	ortholog_one2many
AUR62023907	110699579	AT2G19730	ortholog_many2many
AUR62023907	110699579	AT4G29410	ortholog_many2many
AUR62043708	110685599	AT1G48880	ortholog_one2many
AUR62009869	110684360	AT5G13640	ortholog_one2many
AUR62004318	110714021	AT4G00620	ortholog_one2many
AUR62016723	110705066	AT4G01830	ortholog_many2many
AUR62016723	110705066	AT4G01820	ortholog_many2many
AUR62016723	110705066	AT3G62150	ortholog_many2many
AUR62016723	110705066	AT1G02520	ortholog_many2many
AUR62016723	110705066	AT2G47000	ortholog_many2many
AUR62016723	110705066	AT1G02530	ortholog_many2many
AUR62011759	110734245	AT5G48910	ortholog_one2many
AUR62002962	110720553	AT1G26160	ortholog_one2many
AUR62018186	110735109	AT3G02110	ortholog_one2many
AUR62021994	110731377	AT4G04890	ortholog_one2many
AUR62021994	110731377	AT4G21750	ortholog_one2many
AUR62000370	110736478	AT1G31800	ortholog_one2many
AUR62020009	110722852	AT5G20360	ortholog_one2one
AUR62004255	110714366	AT2G45600	ortholog_one2one
AUR62008584	110727746	AT1G03020	ortholog_many2many
AUR62008584	110727746	AT3G62930	ortholog_many2many
AUR62002934	110720164	AT2G26970	ortholog_one2many
AUR62029502	110694740	AT2G16740	ortholog_one2many
AUR62029791	110690732	AT3G08710	ortholog_one2many
AUR62024149	110712524	AT1G67560	ortholog_one2many
AUR62040296	110721086	AT5G57655	ortholog_one2one
AUR62015526	110689380	AT3G47400	ortholog_many2many
AUR62015526	110689380	AT5G51490	ortholog_many2many
AUR62015526	110689380	AT5G51500	ortholog_many2many
AUR62027448	110716945	AT2G44580	ortholog_one2many
AUR62034997	110720008	AT1G27480	ortholog_one2many
AUR62020984	110714761	AT5G05080	ortholog_one2many
AUR62022318	110696463	AT1G34200	ortholog_many2many
AUR62022318	110696463	AT4G09670	ortholog_many2many
AUR62001174	110687812	AT3G58730	ortholog_one2one
AUR62025350	110715978	AT4G30700	ortholog_one2many
AUR62024566	110732959	AT3G06420	ortholog_many2many
AUR62024566	110732959	AT3G15580	ortholog_many2many
AUR62028609	110727482	AT4G02725	ortholog_one2one
AUR62022720	110731707	AT3G61870	ortholog_one2many
AUR62043367	110726022	AT3G10540	ortholog_many2many
AUR62043367	110726022	AT5G04510	ortholog_many2many
AUR62043367	110704220	AT3G10540	ortholog_many2many
AUR62043367	110704220	AT5G04510	ortholog_many2many
AUR62017279	110702490	AT1G63160	ortholog_one2one
AUR62011879	110738409	AT3G09680	ortholog_many2many
AUR62011879	110738409	AT5G02960	ortholog_many2many
AUR62011879	110737905	AT3G09680	ortholog_many2many
AUR62011879	110737905	AT5G02960	ortholog_many2many
AUR62011879	110737452	AT3G09680	ortholog_many2many
AUR62011879	110737452	AT5G02960	ortholog_many2many
AUR62011879	110721262	AT3G09680	ortholog_many2many
AUR62011879	110721262	AT5G02960	ortholog_many2many
AUR62011879	110719313	AT3G09680	ortholog_many2many
AUR62011879	110719313	AT5G02960	ortholog_many2many
AUR62011879	110712681	AT3G09680	ortholog_many2many
AUR62011879	110712681	AT5G02960	ortholog_many2many
AUR62011879	110712477	AT3G09680	ortholog_many2many
AUR62011879	110712477	AT5G02960	ortholog_many2many
AUR62011879	110707979	AT3G09680	ortholog_many2many
AUR62011879	110707979	AT5G02960	ortholog_many2many
AUR62038512	110712655	AT1G71000	ortholog_one2many
AUR62022866	110699260	AT2G40070	ortholog_one2one
AUR62007460	110732729	AT1G62770	ortholog_many2many
AUR62007460	110732729	AT4G12390	ortholog_many2many
AUR62022887	110699283	AT3G55960	ortholog_one2one
AUR62042345	110703536	ATMG00520	ortholog_one2one
AUR62032970	110716262	AT5G23250	ortholog_many2many
AUR62032970	110716262	AT5G08300	ortholog_many2many
AUR62036196	110684631	AT2G27730	ortholog_one2many
AUR62032781	110706314	AT2G44040	ortholog_many2many
AUR62032781	110706314	AT3G59890	ortholog_many2many
AUR62032781	110697313	AT2G44040	ortholog_many2many
AUR62032781	110697313	AT3G59890	ortholog_many2many
AUR62005856	110713197	AT1G69420	ortholog_one2many
AUR62035525	110700637	AT2G38695	ortholog_one2many
AUR62019620	110737832	AT3G45577	ortholog_many2many
AUR62019620	110737832	AT5G60230	ortholog_many2many
AUR62019620	110737832	AT3G45590	ortholog_many2many
AUR62038027	110702198	AT3G47700	ortholog_one2many
AUR62031926	110729873	AT1G51940	ortholog_one2one
AUR62009818	110684305	AT1G55140	ortholog_one2many
AUR62009818	110684305	AT3G13740	ortholog_one2many
AUR62009700	110684189	AT2G30100	ortholog_one2many
AUR62028932	110682961	AT5G35580	ortholog_many2many
AUR62028932	110682961	AT2G05940	ortholog_many2many
AUR62014485	110724774	AT1G59580	ortholog_many2many
AUR62014485	110724774	AT1G10210	ortholog_many2many
AUR62017642	110702020	AT5G59440	ortholog_one2many
AUR62018699	110730167	AT4G30470	ortholog_many2many
AUR62018699	110730167	AT2G23910	ortholog_many2many
AUR62020529	110721020	AT1G50940	ortholog_one2many
AUR62033322	110685335	AT4G25550	ortholog_one2many
AUR62033322	110685320	AT4G25550	ortholog_one2many
AUR62022650	110731618	AT1G72100	ortholog_many2many
AUR62022650	110731618	AT1G22600	ortholog_many2many
AUR62032809	110706339	AT1G14180	ortholog_one2many
AUR62031806	110731849	AT3G07080	ortholog_one2many
AUR62031806	110728114	AT3G07080	ortholog_one2many
AUR62022952	110699343	AT2G40350	ortholog_one2many
AUR62022952	110699343	AT2G40340	ortholog_one2many
AUR62019897	110722749	AT5G63830	ortholog_one2many
AUR62028729	110727576	AT4G24690	ortholog_one2many
AUR62006227	110730962	AT1G79190	ortholog_one2many
AUR62006227	110729837	AT1G79190	ortholog_one2many
AUR62041532	110726191	AT2G28600	ortholog_one2many
AUR62040039	110717204	AT3G52290	ortholog_one2many
AUR62018089	110735017	AT4G15920	ortholog_many2many
AUR62018089	110735017	AT3G16690	ortholog_many2many
AUR62005666	110713929	AT5G50760	ortholog_one2one
AUR62024257	110712424	AT2G26930	ortholog_one2many
AUR62008277	110700453	AT5G50100	ortholog_one2one
AUR62033146	110739251	AT3G62810	ortholog_one2many
AUR62042181	110709082	AT5G44250	ortholog_one2many
AUR62022421	110696774	AT5G58280	ortholog_one2many
AUR62022995	110699385	AT2G45580	ortholog_many2many
AUR62022995	110699385	AT2G45550	ortholog_many2many
AUR62022995	110699385	AT2G45570	ortholog_many2many
AUR62022995	110699385	AT3G61040	ortholog_many2many
AUR62022995	110699385	AT3G61035	ortholog_many2many
AUR62022995	110699385	AT1G33730	ortholog_many2many
AUR62022995	110699385	AT2G45560	ortholog_many2many
AUR62022995	110699385	AT1G33720	ortholog_many2many
AUR62031929	110729874	AT1G51950	ortholog_one2many
AUR62031929	110729874	AT3G16500	ortholog_one2many
AUR62021058	110729523	AT3G59140	ortholog_one2many
AUR62002085	110718133	AT4G27600	ortholog_one2one
AUR62040365	110734762	AT3G09780	ortholog_one2many
AUR62004375	110713953	AT2G45990	ortholog_one2many
AUR62031754	110731794	AT5G22760	ortholog_many2many
AUR62031754	110731794	AT5G35210	ortholog_many2many
AUR62040217	110740237	AT4G32840	ortholog_one2many
AUR62037141	110740299	AT3G21865	ortholog_one2many
AUR62017013	110706910	AT4G21710	ortholog_one2many
AUR62003400	110681802	AT1G65910	ortholog_one2one
AUR62003786	110682201	AT5G10190	ortholog_one2many
AUR62002250	110717654	AT5G43600	ortholog_one2many
AUR62021544	110726323	AT3G16640	ortholog_one2many
AUR62035333	110692489	AT3G49180	ortholog_one2many
AUR62013688	110721484	AT1G02030	ortholog_many2many
AUR62013688	110721484	AT3G60580	ortholog_many2many
AUR62013688	110721484	AT2G45120	ortholog_many2many
AUR62042396	110712749	AT3G01190	ortholog_many2many
AUR62042396	110712749	AT5G15180	ortholog_many2many
AUR62022326	110696472	AT1G77930	ortholog_one2many
AUR62003809	110718223	AT5G65240	ortholog_many2many
AUR62003809	110718223	AT5G10290	ortholog_many2many
AUR62003809	110682223	AT5G65240	ortholog_many2many
AUR62003809	110682223	AT5G10290	ortholog_many2many
AUR62011601	110698723	AT1G80350	ortholog_one2many
AUR62011618	110698742	AT1G80440	ortholog_many2many
AUR62011618	110698742	AT1G15670	ortholog_many2many
AUR62009121	110705415	AT5G26140	ortholog_many2many
AUR62009121	110705415	AT5G11950	ortholog_many2many
AUR62007136	110732389	AT4G16800	ortholog_one2many
AUR62009330	110705623	AT5G25640	ortholog_one2one
AUR62006354	110730900	AT3G51730	ortholog_many2many
AUR62006354	110730900	AT5G01800	ortholog_many2many
AUR62006354	110690641	AT3G51730	ortholog_many2many
AUR62006354	110690641	AT5G01800	ortholog_many2many
AUR62023758	110738695	AT2G38560	ortholog_one2many
AUR62005630	110711057	AT1G62940	ortholog_one2one
AUR62035243	110691226	AT5G55490	ortholog_one2many
AUR62005989	110727626	AT2G18160	ortholog_one2one
AUR62003599	110682010	AT5G64630	ortholog_one2many
AUR62021947	110731334	AT5G47510	ortholog_one2one
AUR62012942	110738533	AT4G35250	ortholog_one2many
AUR62018498	110711578	AT2G31990	ortholog_one2many
AUR62036048	110700149	AT2G42920	ortholog_one2one
AUR62027334	110692828	AT1G32127	ortholog_one2many
AUR62013075	110739633	AT2G16630	ortholog_one2one
AUR62019537	110737757	AT1G73140	ortholog_one2one
AUR62035083	110692855	AT2G33330	ortholog_one2many
AUR62035083	110692855	AT1G04520	ortholog_one2many
AUR62008216	110700400	AT1G27500	ortholog_one2one
AUR62011950	110734423	AT3G54640	ortholog_one2many
AUR62011950	110734423	AT4G02610	ortholog_one2many
AUR62011950	110728954	AT3G54640	ortholog_one2many
AUR62011950	110728954	AT4G02610	ortholog_one2many
AUR62022710	110731693	AT2G45580	ortholog_many2many
AUR62022710	110731693	AT2G45550	ortholog_many2many
AUR62022710	110731693	AT2G45570	ortholog_many2many
AUR62022710	110731693	AT3G61040	ortholog_many2many
AUR62022710	110731693	AT3G61035	ortholog_many2many
AUR62022710	110731693	AT1G33730	ortholog_many2many
AUR62022710	110731693	AT2G45560	ortholog_many2many
AUR62022710	110731693	AT1G33720	ortholog_many2many
AUR62021214	110729684	AT5G52190	ortholog_one2one
AUR62014757	110693562	AT2G20860	ortholog_one2many
AUR62014110	110694217	AT1G14610	ortholog_many2many
AUR62014110	110694217	AT1G27160	ortholog_many2many
AUR62018444	110711518	AT3G56950	ortholog_one2many
AUR62037127	110681605	AT1G21370	ortholog_one2many
AUR62036273	110688814	AT1G54400	ortholog_one2many
AUR62039388	110715299	AT2G22870	ortholog_one2many
AUR62031691	110727111	AT1G77440	ortholog_many2many
AUR62031691	110727111	AT1G21720	ortholog_many2many
AUR62033150	110739256	AT5G38580	ortholog_one2many
AUR62019853	110722702	AT4G10950	ortholog_one2one
AUR62033434	110729114	AT5G19980	ortholog_one2one
AUR62035565	110738845	AT5G24320	ortholog_many2many
AUR62035565	110738845	AT5G53500	ortholog_many2many
AUR62008049	110700243	AT4G39920	ortholog_one2many
AUR62029910	110702938	AT4G39520	ortholog_one2many
AUR62000511	110736613	AT5G63940	ortholog_one2many
AUR62025071	110740304	AT5G40650	ortholog_many2many
AUR62025071	110740304	AT3G27380	ortholog_many2many
AUR62025071	110711834	AT5G40650	ortholog_many2many
AUR62025071	110711834	AT3G27380	ortholog_many2many
AUR62016845	110705195	AT2G21260	ortholog_many2many
AUR62016845	110705195	AT2G21250	ortholog_many2many
AUR62037148	110740306	AT4G12650	ortholog_one2many
AUR62014436	110724724	AT1G75540	ortholog_one2many
AUR62008951	110728160	AT5G15860	ortholog_one2many
AUR62008951	110728160	AT3G02410	ortholog_one2many
AUR62006918	110701331	AT2G01140	ortholog_one2many
AUR62031836	110731877	AT4G13200	ortholog_one2many
AUR62007368	110732635	AT4G15420	ortholog_one2many
AUR62025725	110726810	AT1G26230	ortholog_one2many
AUR62024246	110712436	AT2G02390	ortholog_many2many
AUR62024246	110712436	AT2G02380	ortholog_many2many
AUR62002910	110719826	AT1G25530	ortholog_one2many
AUR62022727	110731714	AT2G46610	ortholog_many2many
AUR62022727	110731714	AT3G61860	ortholog_many2many
AUR62027590	110690414	AT5G46330	ortholog_one2many
AUR62006764	110701188	AT3G05810	ortholog_one2many
AUR62009285	110705575	AT2G04400	ortholog_many2many
AUR62009285	110705575	AT5G48220	ortholog_many2many
AUR62007859	110686062	AT5G03490	ortholog_many2many
AUR62007859	110686062	AT1G51210	ortholog_many2many
AUR62017520	110701898	AT2G04880	ortholog_one2one
AUR62038043	110702213	AT1G19630	ortholog_one2many
AUR62038043	110702220	AT1G19630	ortholog_one2many
AUR62021165	110729642	AT5G02450	ortholog_many2many
AUR62021165	110729642	AT3G53740	ortholog_many2many
AUR62021165	110729642	AT2G37600	ortholog_many2many
AUR62021165	110697043	AT5G02450	ortholog_many2many
AUR62021165	110697043	AT3G53740	ortholog_many2many
AUR62021165	110697043	AT2G37600	ortholog_many2many
AUR62044395	110694930	AT5G02720	ortholog_one2many
AUR62044395	110684580	AT5G02720	ortholog_one2many
AUR62002054	110718304	AT5G65990	ortholog_one2many
AUR62006147	110729172	AT5G24130	ortholog_one2one
AUR62001715	110688340	AT5G58990	ortholog_one2many
AUR62001715	110688340	AT5G52370	ortholog_one2many
AUR62037902	110709256	AT3G53000	ortholog_one2one
AUR62021869	110731258	AT1G12050	ortholog_one2one
AUR62002798	110716898	AT5G15680	ortholog_one2many
AUR62002798	110694213	AT5G15680	ortholog_one2many
AUR62002945	110720249	AT1G26120	ortholog_one2many
AUR62004577	110714079	AT2G41610	ortholog_one2many
AUR62023490	110725039	AT2G46370	ortholog_one2many
AUR62006228	110729851	AT2G36130	ortholog_one2many
AUR62004579	110713914	AT2G46890	ortholog_one2many
AUR62027083	110740049	AT2G04305	ortholog_one2one
AUR62021828	110731224	AT4G17240	ortholog_one2one
AUR62033324	110685322	AT5G17620	ortholog_one2many
AUR62027750	110706575	AT4G08910	ortholog_many2many
AUR62027750	110706575	AT1G22250	ortholog_many2many
AUR62027750	110706575	AT1G78170	ortholog_many2many
AUR62008395	110700575	AT3G47610	ortholog_one2many
AUR62003036	110721127	AT5G05920	ortholog_one2many
AUR62005406	110708890	AT1G23440	ortholog_one2many
AUR62018586	110711680	AT1G79220	ortholog_one2many
AUR62013762	110721550	AT2G36260	ortholog_many2many
AUR62013762	110721550	AT2G16710	ortholog_many2many
AUR62011695	110734182	AT2G47030	ortholog_many2many
AUR62011695	110734182	AT3G62170	ortholog_many2many
AUR62011695	110734182	AT2G47040	ortholog_many2many
AUR62030301	110710607	AT2G19120	ortholog_many2many
AUR62030301	110710607	AT4G30100	ortholog_many2many
AUR62008344	110700520	AT1G18900	ortholog_many2many
AUR62008344	110700520	AT1G74750	ortholog_many2many
AUR62014817	110693615	AT4G21710	ortholog_one2many
AUR62026197	110697968	AT4G35730	ortholog_one2many
AUR62031240	110716699	AT2G19690	ortholog_many2many
AUR62031240	110716699	AT4G29460	ortholog_many2many
AUR62031240	110716699	AT4G29470	ortholog_many2many
AUR62020033	110683351	AT5G59260	ortholog_many2many
AUR62020033	110683351	AT5G59270	ortholog_many2many
AUR62039378	110715287	AT4G26020	ortholog_one2many
AUR62013897	110721685	AT1G76010	ortholog_many2many
AUR62013897	110721685	AT1G20220	ortholog_many2many
AUR62042939	110716232	AT1G73580	ortholog_one2one
AUR62008945	110728156	AT5G15900	ortholog_many2many
AUR62008945	110728156	AT3G02440	ortholog_many2many
AUR62008945	110728156	AT5G15890	ortholog_many2many
AUR62002042	110718182	AT4G39680	ortholog_one2many
AUR62013649	110721441	AT4G10280	ortholog_many2many
AUR62013649	110721441	AT4G10290	ortholog_many2many
AUR62002871	110719262	AT1G68540	ortholog_many2many
AUR62002871	110719262	AT1G25460	ortholog_many2many
AUR62020442	110723612	AT3G20340	ortholog_one2many
AUR62039626	110695399	AT5G60540	ortholog_one2many
AUR62011702	110734188	AT4G38280	ortholog_many2many
AUR62011702	110734188	AT2G45250	ortholog_many2many
AUR62020701	110710332	AT3G03600	ortholog_one2many
AUR62018531	110711689	AT3G50960	ortholog_many2many
AUR62018531	110711689	AT5G66410	ortholog_many2many
AUR62001927	110717681	AT5G67020	ortholog_many2many
AUR62001927	110717681	AT3G50340	ortholog_many2many
AUR62011712	110734196	AT5G09530	ortholog_one2many
AUR62003798	110682216	AT5G64970	ortholog_one2many
AUR62020649	110710370	AT4G31270	ortholog_one2many
AUR62026985	110739955	AT1G15860	ortholog_one2one
AUR62014327	110724611	AT1G44350	ortholog_one2many
AUR62007662	110685894	AT1G77370	ortholog_one2many
AUR62034663	110697856	AT1G03020	ortholog_many2many
AUR62034663	110697856	AT3G62930	ortholog_many2many
AUR62016823	110705177	AT2G21330	ortholog_one2many
AUR62016823	110705177	AT4G38970	ortholog_one2many
AUR62000505	110736028	AT4G30770	ortholog_one2many
AUR62042139	110684579	AT2G37360	ortholog_many2many
AUR62042139	110684579	AT3G53510	ortholog_many2many
AUR62041432	110709420	AT3G52930	ortholog_many2many
AUR62041432	110709420	AT2G36460	ortholog_many2many
AUR62041432	110709420	AT5G03690	ortholog_many2many
AUR62016681	110705029	AT2G16070	ortholog_one2many
AUR62014451	110724737	AT2G27190	ortholog_one2many
AUR62026014	110707257	AT1G03020	ortholog_many2many
AUR62026014	110707257	AT3G62930	ortholog_many2many
AUR62006797	110736549	AT5G26751	ortholog_many2many
AUR62006797	110736549	AT3G05840	ortholog_many2many
AUR62006797	110701223	AT5G26751	ortholog_many2many
AUR62006797	110701223	AT3G05840	ortholog_many2many
AUR62001620	110688236	AT4G08260	ortholog_many2many
AUR62001620	110688236	AT2G30020	ortholog_many2many
AUR62001620	110688236	AT1G07160	ortholog_many2many
AUR62001620	110688236	AT2G05050	ortholog_many2many
AUR62001620	110688236	AT3G27140	ortholog_many2many
AUR62000951	110737030	AT5G09900	ortholog_many2many
AUR62000951	110737030	AT5G64760	ortholog_many2many
AUR62006567	110701000	AT1G08500	ortholog_one2one
AUR62040114	110686819	AT5G49800	ortholog_one2many
AUR62021255	110729730	AT5G51930	ortholog_many2many
AUR62021255	110729730	AT5G51950	ortholog_many2many
AUR62021255	110729730	AT3G56060	ortholog_many2many
AUR62021255	110697132	AT5G51930	ortholog_many2many
AUR62021255	110697132	AT5G51950	ortholog_many2many
AUR62021255	110697132	AT3G56060	ortholog_many2many
AUR62018814	110730275	AT3G13020	ortholog_many2many
AUR62018814	110730275	AT3G13010	ortholog_many2many
AUR62018814	110730275	AT3G13030	ortholog_many2many
AUR62018134	110735057	AT5G39410	ortholog_one2one
AUR62017373	110719385	AT1G12420	ortholog_one2many
AUR62017373	110719385	AT4G22780	ortholog_one2many
AUR62017373	110702579	AT1G12420	ortholog_one2many
AUR62017373	110702579	AT4G22780	ortholog_one2many
AUR62028405	110721929	AT4G28040	ortholog_many2many
AUR62028405	110721929	AT4G30420	ortholog_many2many
AUR62033365	110685360	AT1G01860	ortholog_one2many
AUR62021660	110726435	AT1G31860	ortholog_one2many
AUR62009808	110684293	AT3G13690	ortholog_many2many
AUR62009808	110684293	AT1G55200	ortholog_many2many
AUR62025148	110711973	AT4G03260	ortholog_one2many
AUR62001254	110687871	AT4G24780	ortholog_one2many
AUR62038801	110724364	AT1G27740	ortholog_many2many
AUR62038801	110724364	AT5G43175	ortholog_many2many
AUR62020539	110721030	AT5G54770	ortholog_one2one
AUR62034652	110697882	AT1G03020	ortholog_many2many
AUR62034652	110697882	AT3G62930	ortholog_many2many
AUR62034652	110697877	AT1G03020	ortholog_many2many
AUR62034652	110697877	AT3G62930	ortholog_many2many
AUR62043339	110711061	AT3G09925	ortholog_one2many
AUR62002262	110717603	AT1G04330	ortholog_one2many
AUR62002262	110717603	AT3G23170	ortholog_one2many
AUR62002262	110717603	AT4G14450	ortholog_one2many
AUR62027312	110692800	AT1G32350	ortholog_many2many
AUR62027312	110692800	AT3G27620	ortholog_many2many
AUR62027312	110692800	AT3G22360	ortholog_many2many
AUR62027312	110692800	AT3G22370	ortholog_many2many
AUR62008803	110728023	AT1G04110	ortholog_one2many
AUR62033338	110685337	AT1G01780	ortholog_many2many
AUR62033338	110685337	AT3G61230	ortholog_many2many
AUR62033338	110685337	AT2G45800	ortholog_many2many
AUR62027965	110683753	AT5G58090	ortholog_one2many
AUR62042532	110699107	AT5G42370	ortholog_one2one
AUR62042532	110685565	AT5G42370	ortholog_one2one
AUR62025984	110707231	AT3G57680	ortholog_one2one
AUR62011959	110734432	AT4G13570	ortholog_one2many
AUR62011959	110734432	AT2G38810	ortholog_one2many
AUR62011959	110734432	AT3G54560	ortholog_one2many
AUR62011959	110728962	AT4G13570	ortholog_one2many
AUR62011959	110728962	AT2G38810	ortholog_one2many
AUR62011959	110728962	AT3G54560	ortholog_one2many
AUR62027217	110692706	AT2G22420	ortholog_one2many
AUR62004438	110714219	AT4G05400	ortholog_many2many
AUR62004438	110714219	AT4G21140	ortholog_many2many
AUR62037639	110722393	AT3G12950	ortholog_one2many
AUR62007817	110686021	AT4G34135	ortholog_many2many
AUR62007817	110686021	AT2G15490	ortholog_many2many
AUR62007817	110686021	AT4G34131	ortholog_many2many
AUR62007817	110686021	AT4G34138	ortholog_many2many
AUR62007817	110686021	AT2G15480	ortholog_many2many
AUR62035728	110688704	AT1G75670	ortholog_one2one
AUR62029303	110693189	AT5G54240	ortholog_one2many
AUR62029303	110693189	AT4G27350	ortholog_one2many
AUR62004143	110714057	AT2G45010	ortholog_one2many
AUR62004240	110714569	AT2G45510	ortholog_one2many
AUR62004240	110714569	AT2G44890	ortholog_one2many
AUR62041863	110706275	AT2G39550	ortholog_one2many
AUR62021939	110731325	AT1G11740	ortholog_one2many
AUR62021939	110731325	AT1G62050	ortholog_one2many
AUR62035789	110728797	AT1G29820	ortholog_many2many
AUR62035789	110728797	AT1G29830	ortholog_many2many
AUR62019073	110709774	AT1G21780	ortholog_one2many
AUR62020995	110715012	AT3G10740	ortholog_many2many
AUR62020995	110715012	AT5G26120	ortholog_many2many
AUR62002872	110719250	AT3G45170	ortholog_many2many
AUR62002872	110719250	AT2G28340	ortholog_many2many
AUR62000484	110736581	AT1G09770	ortholog_one2many
AUR62022874	110733436	AT2G40090	ortholog_one2many
AUR62022874	110699269	AT2G40090	ortholog_one2many
AUR62033795	110694711	AT1G48540	ortholog_many2many
AUR62033795	110694711	AT3G17920	ortholog_many2many
AUR62001683	110688300	AT2G29630	ortholog_one2many
AUR62031428	110693878	AT5G52660	ortholog_one2many
AUR62018704	110730173	AT5G46700	ortholog_one2many
AUR62019829	110722682	AT1G64380	ortholog_one2one
AUR62037314	110715510	AT3G18295	ortholog_many2many
AUR62037314	110715510	AT1G68340	ortholog_many2many
AUR62037314	110715510	AT1G25370	ortholog_many2many
AUR62037314	110715510	AT1G48770	ortholog_many2many
AUR62041509	110699546	AT4G15830	ortholog_one2many
AUR62041509	110697520	AT4G15830	ortholog_one2many
AUR62001770	110688403	AT5G59420	ortholog_one2many
AUR62016590	110704938	AT5G22210	ortholog_one2many
AUR62020818	110714992	AT5G08535	ortholog_many2many
AUR62020818	110714992	AT3G52350	ortholog_many2many
AUR62022423	110696563	AT5G42700	ortholog_one2many
AUR62003296	110723913	AT1G10500	ortholog_one2many
AUR62009062	110705357	AT1G22920	ortholog_many2many
AUR62009062	110705357	AT1G71230	ortholog_many2many
AUR62013357	110725642	AT3G47650	ortholog_one2one
AUR62031944	110729891	AT3G62370	ortholog_one2one
AUR62007926	110686126	AT1G26460	ortholog_one2many
AUR62007412	110732678	AT5G45390	ortholog_one2many
AUR62032666	110704744	AT4G31080	ortholog_many2many
AUR62032666	110704744	AT2G24330	ortholog_many2many
AUR62035897	110727344	AT3G23930	ortholog_many2many
AUR62035897	110727344	AT4G13540	ortholog_many2many
AUR62024594	110732988	AT5G30500	ortholog_many2many
AUR62024594	110732988	AT4G26250	ortholog_many2many
AUR62024594	110732988	AT2G47180	ortholog_many2many
AUR62024594	110732988	AT5G23790	ortholog_many2many
AUR62023799	110738740	AT3G59650	ortholog_one2many
AUR62005864	110713270	AT1G69400	ortholog_one2many
AUR62042999	110692646	AT1G11930	ortholog_one2one
AUR62035062	110692637	AT5G62300	ortholog_one2many
AUR62035062	110692637	AT3G45030	ortholog_one2many
AUR62035062	110692637	AT3G47370	ortholog_one2many
AUR62030667	110704511	AT5G08400	ortholog_one2one
AUR62007046	110732294	AT4G24100	ortholog_one2many
AUR62043190	110737782	AT1G53310	ortholog_many2many
AUR62043190	110737782	AT3G14940	ortholog_many2many
AUR62043190	110735356	AT1G53310	ortholog_many2many
AUR62043190	110735356	AT3G14940	ortholog_many2many
AUR62003624	110682038	AT5G09830	ortholog_one2one
AUR62016743	110705096	AT4G01510	ortholog_one2many
AUR62016743	110705096	AT1G01020	ortholog_one2many
AUR62009829	110684320	AT3G13860	ortholog_one2one
AUR62020573	110710275	AT5G26200	ortholog_one2many
AUR62031686	110727106	AT3G12270	ortholog_one2many
AUR62016283	110703204	AT5G64830	ortholog_one2many
AUR62004378	110714064	AT3G61440	ortholog_one2many
AUR62004135	110714012	AT1G02050	ortholog_one2many
AUR62000752	110736048	AT1G71160	ortholog_one2one
AUR62018075	110735006	AT4G15955	ortholog_many2many
AUR62018075	110735006	AT4G15960	ortholog_many2many
AUR62000144	110736245	AT5G12470	ortholog_one2one
AUR62027428	110716864	AT2G19340	ortholog_many2many
AUR62027428	110716864	AT4G29870	ortholog_many2many
AUR62035067	110692672	AT4G16143	ortholog_one2many
AUR62035067	110692672	AT5G52000	ortholog_one2many
AUR62035067	110692672	AT5G49310	ortholog_one2many
AUR62035067	110692672	AT3G06720	ortholog_one2many
AUR62035067	110692672	AT1G32880	ortholog_one2many
AUR62035067	110692672	AT5G49305	ortholog_one2many
AUR62025680	110726768	AT3G24200	ortholog_one2many
AUR62033143	110739249	AT3G08690	ortholog_one2many
AUR62017244	110702461	AT2G07750	ortholog_one2many
AUR62017244	110702461	AT1G63250	ortholog_one2many
AUR62026324	110698093	AT1G59900	ortholog_one2many
AUR62032454	110687875	AT3G59580	ortholog_one2many
AUR62032454	110687875	AT2G43500	ortholog_one2many
AUR62000551	110736653	AT5G08740	ortholog_one2many
AUR62004295	110714274	AT3G61070	ortholog_many2many
AUR62004295	110714274	AT2G45740	ortholog_many2many
AUR62004295	110714274	AT1G01820	ortholog_many2many
AUR62022705	110731687	AT1G72020	ortholog_one2many
AUR62034344	110682779	AT4G09900	ortholog_many2many
AUR62034344	110682779	AT1G33990	ortholog_many2many
AUR62009577	110684063	AT1G07620	ortholog_one2many
AUR62018060	110734822	AT3G06780	ortholog_one2one
AUR62018055	110734988	AT3G16760	ortholog_one2many
AUR62026484	110713611	AT1G10370	ortholog_many2many
AUR62026484	110713611	AT1G10360	ortholog_many2many
AUR62026484	110713611	AT1G69920	ortholog_many2many
AUR62026484	110713611	AT1G69930	ortholog_many2many
AUR62026484	110713611	AT1G27140	ortholog_many2many
AUR62026484	110713611	AT1G27130	ortholog_many2many
AUR62024640	110733030	AT5G18970	ortholog_one2many
AUR62008141	110700322	AT3G48250	ortholog_one2many
AUR62008058	110700255	AT1G64880	ortholog_one2many
AUR62018472	110711699	AT3G56490	ortholog_one2many
AUR62031718	110726996	AT5G07040	ortholog_one2many
AUR62007822	110686027	AT1G68850	ortholog_one2many
AUR62044632	110704489	AT5G27940	ortholog_many2many
AUR62044632	110704489	AT1G47200	ortholog_many2many
AUR62044632	110704489	AT5G43070	ortholog_many2many
AUR62030374	110710494	AT5G04060	ortholog_many2many
AUR62030374	110710494	AT3G10200	ortholog_many2many
AUR62031741	110727149	AT3G12300	ortholog_one2many
AUR62018549	110711592	AT4G13950	ortholog_many2many
AUR62018549	110711592	AT3G23805	ortholog_many2many
AUR62031891	110729854	AT2G27490	ortholog_one2one
AUR62001358	110687979	AT1G51610	ortholog_one2many
AUR62021812	110731206	AT2G17390	ortholog_one2many
AUR62021812	110731206	AT4G35450	ortholog_one2many
AUR62020352	110720903	AT1G50640	ortholog_one2one
AUR62027482	110716847	AT2G19590	ortholog_one2many
AUR62024249	110712501	AT1G67830	ortholog_one2many
AUR62012893	110738059	AT3G51010	ortholog_one2many
AUR62027885	110706704	AT1G77610	ortholog_many2many
AUR62027885	110706704	AT1G21870	ortholog_many2many
AUR62013177	110681864	AT2G17265	ortholog_one2one
AUR62032783	110706317	AT2G02990	ortholog_one2many
AUR62038406	110739841	AT3G58460	ortholog_one2many
AUR62013609	110738409	AT3G09680	ortholog_many2many
AUR62013609	110738409	AT5G02960	ortholog_many2many
AUR62013609	110737905	AT3G09680	ortholog_many2many
AUR62013609	110737905	AT5G02960	ortholog_many2many
AUR62013609	110737452	AT3G09680	ortholog_many2many
AUR62013609	110737452	AT5G02960	ortholog_many2many
AUR62013609	110721262	AT3G09680	ortholog_many2many
AUR62013609	110721262	AT5G02960	ortholog_many2many
AUR62013609	110719313	AT3G09680	ortholog_many2many
AUR62013609	110719313	AT5G02960	ortholog_many2many
AUR62013609	110712681	AT3G09680	ortholog_many2many
AUR62013609	110712681	AT5G02960	ortholog_many2many
AUR62013609	110712477	AT3G09680	ortholog_many2many
AUR62013609	110712477	AT5G02960	ortholog_many2many
AUR62013609	110707979	AT3G09680	ortholog_many2many
AUR62013609	110707979	AT5G02960	ortholog_many2many
AUR62005857	110713218	AT1G13970	ortholog_one2many
AUR62002564	110717912	AT3G06430	ortholog_one2one
AUR62006812	110701239	AT3G05850	ortholog_one2many
AUR62041497	110697506	AT1G01090	ortholog_one2many
AUR62007931	110686132	AT1G13870	ortholog_one2many
AUR62016414	110703309	AT1G15520	ortholog_one2many
AUR62030296	110710674	AT3G56760	ortholog_many2many
AUR62030296	110710674	AT2G41140	ortholog_many2many
AUR62027235	110692881	AT4G15270	ortholog_many2many
AUR62027235	110692881	AT3G21790	ortholog_many2many
AUR62027235	110692881	AT3G21750	ortholog_many2many
AUR62027235	110692881	AT3G21800	ortholog_many2many
AUR62027235	110692881	AT4G15260	ortholog_many2many
AUR62027235	110692881	AT4G15280	ortholog_many2many
AUR62027235	110692881	AT3G21780	ortholog_many2many
AUR62027235	110692881	AT3G21760	ortholog_many2many
AUR62001534	110688149	AT5G22250	ortholog_many2many
AUR62001534	110688149	AT3G44260	ortholog_many2many
AUR62030333	110710567	AT2G41350	ortholog_one2many
AUR62009688	110684180	AT3G10110	ortholog_one2many
AUR62016573	110703470	AT3G51490	ortholog_one2many
AUR62016573	110682140	AT3G51490	ortholog_one2many
AUR62003775	110682191	AT5G65120	ortholog_many2many
AUR62003775	110682191	AT5G10110	ortholog_many2many
AUR62041695	110686939	AT4G25080	ortholog_one2many
AUR62020857	110714775	AT4G13830	ortholog_one2many
AUR62009088	110705382	AT5G21430	ortholog_one2many
AUR62025687	110726776	AT1G78995	ortholog_one2many
AUR62009690	110684181	AT1G07080	ortholog_one2many
AUR62023401	110720501	AT3G60330	ortholog_one2many
AUR62033427	110729108	AT2G45490	ortholog_one2many
AUR62003747	110682165	AT4G35550	ortholog_one2many
AUR62017327	110702300	AT1G12560	ortholog_many2many
AUR62017327	110702300	AT1G62980	ortholog_many2many
AUR62019984	110722829	AT1G73010	ortholog_many2many
AUR62019984	110722829	AT1G17710	ortholog_many2many
AUR62004226	110714339	AT5G47890	ortholog_one2many
AUR62007176	110732428	AT5G47100	ortholog_many2many
AUR62007176	110732428	AT4G17615	ortholog_many2many
AUR62007176	110730283	AT5G47100	ortholog_many2many
AUR62007176	110730283	AT4G17615	ortholog_many2many
AUR62034668	110697862	AT2G47850	ortholog_one2many
AUR62023350	110720444	AT3G60160	ortholog_many2many
AUR62023350	110720444	AT3G60970	ortholog_many2many
AUR62031811	110731854	AT4G28820	ortholog_one2one
AUR62000300	110736412	AT3G02750	ortholog_one2many
AUR62041030	110735307	AT3G01650	ortholog_one2many
AUR62041030	110735307	AT5G14420	ortholog_one2many
AUR62002192	110717798	AT5G51480	ortholog_many2many
AUR62002192	110717798	AT4G25240	ortholog_many2many
AUR62002416	110717424	AT1G21500	ortholog_one2many
AUR62019776	110722625	AT1G64140	ortholog_one2one
AUR62013570	110737726	AT5G10390	ortholog_one2one
AUR62013570	110737725	AT5G10390	ortholog_one2one
AUR62013570	110737724	AT5G10390	ortholog_one2one
AUR62013570	110736179	AT5G10390	ortholog_one2one
AUR62013570	110735726	AT5G10390	ortholog_one2one
AUR62013570	110735727	AT5G10390	ortholog_one2one
AUR62013570	110726035	AT5G10390	ortholog_one2one
AUR62013570	110725863	AT5G10390	ortholog_one2one
AUR62013570	110695989	AT5G10390	ortholog_one2one
AUR62013570	110686944	AT5G10390	ortholog_one2one
AUR62013570	110686945	AT5G10390	ortholog_one2one
AUR62013570	110686943	AT5G10390	ortholog_one2one
AUR62035287	110691273	AT3G25700	ortholog_one2one
AUR62014662	110693484	AT4G21366	ortholog_one2many
AUR62014662	110693484	AT4G21380	ortholog_one2many
AUR62014662	110693484	AT1G65790	ortholog_one2many
AUR62014662	110693484	AT1G65800	ortholog_one2many
AUR62004490	110714121	AT3G61750	ortholog_one2many
AUR62001868	110688510	AT5G07110	ortholog_one2many
AUR62031641	110727060	AT5G62740	ortholog_one2many
AUR62031641	110723416	AT5G62740	ortholog_one2many
AUR62030367	110710584	AT3G53220	ortholog_one2many
AUR62008713	110739077	AT1G02780	ortholog_many2many
AUR62008713	110739077	AT4G02230	ortholog_many2many
AUR62008713	110727939	AT1G02780	ortholog_many2many
AUR62008713	110727939	AT4G02230	ortholog_many2many
AUR62008713	110705894	AT1G02780	ortholog_many2many
AUR62008713	110705894	AT4G02230	ortholog_many2many
AUR62008713	110689789	AT1G02780	ortholog_many2many
AUR62008713	110689789	AT4G02230	ortholog_many2many
AUR62040929	110704562	AT3G04760	ortholog_one2one
AUR62027035	110740004	AT4G33740	ortholog_one2one
AUR62003991	110682419	AT5G67430	ortholog_many2many
AUR62003991	110682419	AT4G37580	ortholog_many2many
AUR62003991	110682419	AT2G23060	ortholog_many2many
AUR62022807	110699195	AT3G55700	ortholog_many2many
AUR62022807	110699195	AT3G55710	ortholog_many2many
AUR62002047	110717520	AT2G17550	ortholog_one2many
AUR62041117	110706850	AT1G11050	ortholog_one2many
AUR62002281	110718149	AT1G12200	ortholog_many2many
AUR62002281	110718149	AT1G63370	ortholog_many2many
AUR62002281	110718149	AT1G65860	ortholog_many2many
AUR62002281	110718149	AT1G62560	ortholog_many2many
AUR62002281	110718149	AT1G63390	ortholog_many2many
AUR62002281	110718149	AT1G62580	ortholog_many2many
AUR62002281	110718149	AT1G62570	ortholog_many2many
AUR62002281	110718149	AT1G62540	ortholog_many2many
AUR62002281	110718149	AT1G12140	ortholog_many2many
AUR62002281	110718149	AT1G63340	ortholog_many2many
AUR62002281	110718149	AT1G12130	ortholog_many2many
AUR62002281	110718149	AT1G62620	ortholog_many2many
AUR62002281	110718149	AT1G62600	ortholog_many2many
AUR62002281	110718149	AT1G12160	ortholog_many2many
AUR62037161	110740325	AT5G21100	ortholog_many2many
AUR62037161	110740325	AT5G21105	ortholog_many2many
AUR62022951	110699341	AT3G42670	ortholog_one2many
AUR62022951	110699341	AT5G20420	ortholog_one2many
AUR62025977	110707225	AT2G42310	ortholog_one2many
AUR62025977	110707225	AT3G57785	ortholog_one2many
AUR62013373	110725658	AT2G25570	ortholog_one2many
AUR62009019	110728232	AT1G66890	ortholog_many2many
AUR62009019	110728232	AT5G16200	ortholog_many2many
AUR62030764	110733880	AT5G05410	ortholog_one2many
AUR62030764	110733880	AT3G11020	ortholog_one2many
AUR62006142	110729127	AT5G59710	ortholog_many2many
AUR62006142	110729127	AT1G07705	ortholog_many2many
AUR62036750	110703641	AT5G14290	ortholog_many2many
AUR62036750	110703641	AT3G01740	ortholog_many2many
AUR62030325	110710572	AT2G41220	ortholog_many2many
AUR62030325	110710572	AT5G04140	ortholog_many2many
AUR62012896	110738072	AT5G64350	ortholog_one2many
AUR62026364	110698124	AT1G16010	ortholog_many2many
AUR62026364	110698124	AT1G80900	ortholog_many2many
AUR62003435	110681838	AT3G11920	ortholog_one2many
AUR62029858	110702882	AT4G12340	ortholog_one2one
AUR62013494	110725793	AT3G09040	ortholog_one2one
AUR62029790	110690731	AT3G51550	ortholog_one2many
AUR62003482	110681890	AT1G62200	ortholog_many2many
AUR62003482	110681890	AT2G02020	ortholog_many2many
AUR62003482	110681890	AT2G02040	ortholog_many2many
AUR62027024	110739993	AT1G17870	ortholog_one2one
AUR62040691	110722297	AT3G55590	ortholog_one2many
AUR62022618	110731587	AT3G61520	ortholog_many2many
AUR62022618	110731587	AT5G28460	ortholog_many2many
AUR62022618	110731587	AT5G28370	ortholog_many2many
AUR62005681	110711524	AT4G38830	ortholog_one2many
AUR62002691	110728516	AT2G32060	ortholog_many2many
AUR62002691	110728516	AT1G15930	ortholog_many2many
AUR62002691	110702995	AT2G32060	ortholog_many2many
AUR62002691	110702995	AT1G15930	ortholog_many2many
AUR62016720	110705063	AT1G11750	ortholog_one2many
AUR62016720	110698487	AT1G11750	ortholog_one2many
AUR62013367	110725651	AT2G25520	ortholog_many2many
AUR62013367	110725651	AT4G32390	ortholog_many2many
AUR62014896	110693694	AT1G28530	ortholog_one2one
AUR62043666	110709136	AT1G68010	ortholog_one2many
AUR62044337	110715172	AT2G29100	ortholog_many2many
AUR62044337	110715172	AT2G29120	ortholog_many2many
AUR62044337	110715172	AT2G24720	ortholog_many2many
AUR62044337	110715172	AT2G29110	ortholog_many2many
AUR62044337	110715172	AT5G11180	ortholog_many2many
AUR62044337	110715172	AT5G11210	ortholog_many2many
AUR62044337	110715172	AT2G24710	ortholog_many2many
AUR62044337	110715172	AT5G27100	ortholog_many2many
AUR62044337	110715172	AT4G31710	ortholog_many2many
AUR62006883	110701306	AT5G63800	ortholog_one2one
AUR62005669	110711472	AT4G18520	ortholog_one2one
AUR62009105	110705397	AT5G26160	ortholog_one2many
AUR62006420	110731486	AT1G19070	ortholog_one2many
AUR62008832	110728049	AT5G43910	ortholog_one2many
AUR62017202	110702424	AT4G11450	ortholog_one2many
AUR62017202	110702424	AT1G63520	ortholog_one2many
AUR62023495	110725065	AT1G01450	ortholog_one2many
AUR62000931	110737004	AT5G27210	ortholog_one2many
AUR62000931	110737004	AT3G05010	ortholog_one2many
AUR62034888	110704160	AT1G71697	ortholog_one2many
AUR62034888	110704160	AT4G09760	ortholog_one2many
AUR62003984	110682410	AT5G67400	ortholog_one2many
AUR62003984	110682410	AT4G37530	ortholog_one2many
AUR62003984	110682410	AT4G37520	ortholog_one2many
AUR62003984	110682410	AT3G49960	ortholog_one2many
AUR62032670	110704748	AT1G64760	ortholog_many2many
AUR62032670	110704748	AT3G04010	ortholog_many2many
AUR62032670	110704748	AT5G18220	ortholog_many2many
AUR62032670	110704748	AT2G19440	ortholog_many2many
AUR62024113	110712456	AT5G16760	ortholog_one2many
AUR62020713	110710327	AT2G30490	ortholog_one2many
AUR62020441	110723840	AT3G20390	ortholog_one2one
AUR62020441	110720957	AT3G20390	ortholog_one2one
AUR62031252	110716713	AT2G44580	ortholog_one2many
AUR62019695	110738409	AT3G09680	ortholog_many2many
AUR62019695	110738409	AT5G02960	ortholog_many2many
AUR62019695	110737905	AT3G09680	ortholog_many2many
AUR62019695	110737905	AT5G02960	ortholog_many2many
AUR62019695	110737452	AT3G09680	ortholog_many2many
AUR62019695	110737452	AT5G02960	ortholog_many2many
AUR62019695	110721262	AT3G09680	ortholog_many2many
AUR62019695	110721262	AT5G02960	ortholog_many2many
AUR62019695	110719313	AT3G09680	ortholog_many2many
AUR62019695	110719313	AT5G02960	ortholog_many2many
AUR62019695	110712681	AT3G09680	ortholog_many2many
AUR62019695	110712681	AT5G02960	ortholog_many2many
AUR62019695	110712477	AT3G09680	ortholog_many2many
AUR62019695	110712477	AT5G02960	ortholog_many2many
AUR62019695	110707979	AT3G09680	ortholog_many2many
AUR62019695	110707979	AT5G02960	ortholog_many2many
AUR62028302	110721820	AT1G19140	ortholog_one2many
AUR62020502	110721002	AT1G50900	ortholog_one2one
AUR62023645	110725348	AT3G60961	ortholog_many2many
AUR62023645	110725348	AT3G60180	ortholog_many2many
AUR62023645	110725348	AT5G26667	ortholog_many2many
AUR62008773	110727993	AT5G59260	ortholog_many2many
AUR62008773	110727993	AT5G59270	ortholog_many2many
AUR62001066	110737140	AT2G14045	ortholog_one2one
AUR62041056	110731977	AT1G66200	ortholog_many2many
AUR62041056	110731977	AT5G37600	ortholog_many2many
AUR62037321	110715624	AT1G68260	ortholog_many2many
AUR62037321	110715624	AT1G35290	ortholog_many2many
AUR62037321	110715624	AT1G35250	ortholog_many2many
AUR62037321	110715624	AT1G68280	ortholog_many2many
AUR62014174	110699940	AT1G02140	ortholog_one2many
AUR62014174	110694409	AT1G02140	ortholog_one2many
AUR62020235	110688159	AT1G08460	ortholog_one2many
AUR62020235	110683574	AT1G08460	ortholog_one2many
AUR62009396	110705691	AT3G21640	ortholog_one2many
AUR62013292	110725573	AT5G33280	ortholog_one2one
AUR62000081	110736169	AT1G73730	ortholog_one2many
AUR62009623	110684113	AT5G59800	ortholog_one2many
AUR62023664	110738529	AT1G60040	ortholog_many2many
AUR62023664	110738529	AT1G59810	ortholog_many2many
AUR62040624	110709167	AT1G47230	ortholog_many2many
AUR62040624	110709167	AT5G43080	ortholog_many2many
AUR62040624	110709167	AT1G47210	ortholog_many2many
AUR62040624	110709167	AT1G47220	ortholog_many2many
AUR62009649	110684142	AT5G59980	ortholog_one2many
AUR62002688	110702827	AT2G34630	ortholog_one2many
AUR62014483	110724772	AT1G19680	ortholog_many2many
AUR62014483	110724772	AT1G75400	ortholog_many2many
AUR62000288	110736401	AT1G65290	ortholog_one2many
AUR62014791	110693590	AT4G04920	ortholog_one2many
AUR62036920	110726085	AT3G47630	ortholog_one2one
AUR62018782	110730243	AT2G38740	ortholog_one2many
AUR62017000	110706900	AT4G21705	ortholog_one2many
AUR62013499	110735777	AT1G77130	ortholog_one2many
AUR62013499	110725800	AT1G77130	ortholog_one2many
AUR62039325	110732052	AT1G48230	ortholog_many2many
AUR62039325	110732052	AT3G17430	ortholog_many2many
AUR62037171	110740336	AT3G22420	ortholog_one2many
AUR62037171	110711825	AT3G22420	ortholog_one2many
AUR62008385	110700567	AT3G47690	ortholog_many2many
AUR62008385	110700567	AT5G62500	ortholog_many2many
AUR62042445	110703815	AT2G25790	ortholog_one2one
AUR62007040	110732220	AT1G64640	ortholog_one2many
AUR62019790	110722639	AT1G64190	ortholog_one2many
AUR62019790	110722639	AT5G41670	ortholog_one2many
AUR62002144	110717677	AT4G14365	ortholog_many2many
AUR62002144	110717677	AT3G23280	ortholog_many2many
AUR62027808	110706626	AT3G07850	ortholog_many2many
AUR62027808	110706626	AT3G14040	ortholog_many2many
AUR62023635	110725336	AT1G77680	ortholog_one2many
AUR62036651	110710001	AT2G47920	ortholog_many2many
AUR62036651	110710001	AT1G03470	ortholog_many2many
AUR62037884	110709243	AT3G52960	ortholog_one2many
AUR62016405	110703299	AT1G52750	ortholog_many2many
AUR62016405	110703299	AT1G15490	ortholog_many2many
AUR62016405	110703299	AT1G80280	ortholog_many2many
AUR62006444	110731804	AT3G08660	ortholog_many2many
AUR62006444	110731804	AT3G08570	ortholog_many2many
AUR62008992	110728203	AT5G23630	ortholog_one2many
AUR62008992	110720404	AT5G23630	ortholog_one2many
AUR62024694	110733095	AT2G31160	ortholog_one2many
AUR62000194	110736303	AT4G29070	ortholog_one2many
AUR62041483	110721134	AT1G75810	ortholog_one2one
AUR62033297	110692336	AT4G29330	ortholog_one2one
AUR62023957	110699628	AT5G22750	ortholog_one2many
AUR62007235	110732486	AT4G18030	ortholog_one2many
AUR62013163	110718655	AT5G64290	ortholog_one2one
AUR62013163	110681752	AT5G64290	ortholog_one2one
AUR62026318	110698085	AT5G54060	ortholog_one2many
AUR62034326	110682765	AT1G19290	ortholog_one2many
AUR62037799	110727171	AT1G12880	ortholog_many2many
AUR62037799	110727171	AT3G26690	ortholog_many2many
AUR62011440	110698583	AT3G59550	ortholog_one2many
AUR62026209	110697974	AT4G35750	ortholog_one2many
AUR62000475	110736570	AT1G57540	ortholog_one2many
AUR62016523	110703414	AT4G13010	ortholog_one2many
AUR62035051	110692575	AT4G25320	ortholog_many2many
AUR62035051	110692575	AT5G51590	ortholog_many2many
AUR62035051	110692575	AT5G62260	ortholog_many2many
AUR62014816	110693617	AT2G33793	ortholog_one2many
AUR62023991	110699656	AT4G30010	ortholog_one2many
AUR62002596	110717954	AT5G49620	ortholog_one2many
AUR62002596	110717954	AT3G06490	ortholog_one2many
AUR62027238	110692720	AT4G15270	ortholog_many2many
AUR62027238	110692720	AT3G21790	ortholog_many2many
AUR62027238	110692720	AT3G21750	ortholog_many2many
AUR62027238	110692720	AT3G21800	ortholog_many2many
AUR62027238	110692720	AT4G15260	ortholog_many2many
AUR62027238	110692720	AT4G15280	ortholog_many2many
AUR62027238	110692720	AT3G21780	ortholog_many2many
AUR62027238	110692720	AT3G21760	ortholog_many2many
AUR62013590	110725881	AT1G74450	ortholog_one2many
AUR62013590	110725881	AT1G43630	ortholog_one2many
AUR62013590	110725881	AT1G18740	ortholog_one2many
AUR62013974	110694105	AT1G24040	ortholog_one2many
AUR62029310	110723686	AT5G54270	ortholog_one2one
AUR62029310	110693197	AT5G54270	ortholog_one2one
AUR62029709	110690664	AT2G38510	ortholog_one2many
AUR62006462	110731993	AT3G08590	ortholog_many2many
AUR62006462	110731993	AT1G09780	ortholog_many2many
AUR62021899	110731291	AT4G04180	ortholog_one2many
AUR62043886	110699244	AT3G24010	ortholog_one2one
AUR62043886	110693983	AT3G24010	ortholog_one2one
AUR62019042	110709749	AT1G48170	ortholog_one2many
AUR62035040	110692480	AT4G19090	ortholog_many2many
AUR62035040	110692480	AT5G45480	ortholog_many2many
AUR62035040	110692480	AT5G45460	ortholog_many2many
AUR62035040	110692480	AT5G45530	ortholog_many2many
AUR62035040	110692480	AT5G45540	ortholog_many2many
AUR62035040	110692480	AT5G45470	ortholog_many2many
AUR62005927	110727064	AT3G48960	ortholog_many2many
AUR62005927	110727064	AT5G23900	ortholog_many2many
AUR62005927	110727064	AT3G49010	ortholog_many2many
AUR62035304	110692461	AT3G24230	ortholog_many2many
AUR62035304	110692461	AT1G04680	ortholog_many2many
AUR62035304	110692461	AT4G13710	ortholog_many2many
AUR62007587	110685814	AT4G36530	ortholog_one2many
AUR62007272	110732525	AT4G17960	ortholog_many2many
AUR62007272	110732525	AT5G46620	ortholog_many2many
AUR62000933	110737009	AT1G08820	ortholog_one2one
AUR62002133	110718119	AT1G04400	ortholog_one2many
AUR62006674	110701118	AT1G79790	ortholog_one2many
AUR62025642	110726730	AT3G21180	ortholog_one2many
AUR62041502	110697511	AT5G40370	ortholog_one2one
AUR62013683	110721477	AT5G12100	ortholog_one2many
AUR62007158	110732410	AT4G17570	ortholog_one2many
AUR62015438	110717402	AT2G21440	ortholog_one2many
AUR62015438	110689297	AT2G21440	ortholog_one2many
AUR62027323	110692816	AT2G35585	ortholog_many2many
AUR62027323	110692816	AT1G31940	ortholog_many2many
AUR62027189	110692679	AT5G10410	ortholog_one2many
AUR62027189	110692679	AT5G65370	ortholog_one2many
AUR62027189	110692679	AT4G40080	ortholog_one2many
AUR62025493	110689759	AT4G02150	ortholog_many2many
AUR62025493	110689759	AT1G02690	ortholog_many2many
AUR62025493	110689759	AT3G05720	ortholog_many2many
AUR62007313	110732566	AT4G25960	ortholog_many2many
AUR62007313	110732566	AT1G10680	ortholog_many2many
AUR62025716	110726802	AT5G50330	ortholog_many2many
AUR62025716	110726802	AT4G24810	ortholog_many2many
AUR62025716	110687694	AT5G50330	ortholog_many2many
AUR62025716	110687694	AT4G24810	ortholog_many2many
AUR62002670	110700949	AT1G16180	ortholog_one2many
AUR62036712	110703612	AT1G20300	ortholog_one2many
AUR62000171	110736273	AT1G50420	ortholog_one2one
AUR62006752	110701176	AT1G56430	ortholog_many2many
AUR62006752	110701176	AT1G09240	ortholog_many2many
AUR62006752	110701176	AT5G56080	ortholog_many2many
AUR62006752	110701176	AT5G04950	ortholog_many2many
AUR62006752	110701176	AT4G26483	ortholog_many2many
AUR62001706	110688329	AT5G58970	ortholog_one2many
AUR62001706	110683397	AT5G58970	ortholog_one2many
AUR62036998	110730978	AT2G36145	ortholog_one2many
AUR62013013	110739090	AT4G38540	ortholog_many2many
AUR62013013	110739090	AT5G05320	ortholog_many2many
AUR62001542	110688154	AT3G44220	ortholog_many2many
AUR62001542	110688154	AT5G22200	ortholog_many2many
AUR62018884	110730339	AT5G17165	ortholog_many2many
AUR62018884	110730339	AT3G03150	ortholog_many2many
AUR62004722	110714052	AT1G77660	ortholog_many2many
AUR62004722	110714052	AT1G21920	ortholog_many2many
AUR62031337	110716657	AT2G14825	ortholog_one2many
AUR62006190	110729510	AT2G36220	ortholog_one2many
AUR62006190	110729510	AT3G52710	ortholog_one2many
AUR62002512	110717761	AT2G44160	ortholog_many2many
AUR62002512	110717761	AT3G59970	ortholog_many2many
AUR62031769	110731814	AT1G08390	ortholog_one2one
AUR62007359	110732620	AT1G32160	ortholog_one2many
AUR62029093	110730811	AT2G05230	ortholog_one2many
AUR62029093	110730811	AT5G35753	ortholog_one2many
AUR62029093	110730811	AT2G05250	ortholog_one2many
AUR62025111	110711874	AT4G26070	ortholog_many2many
AUR62025111	110711874	AT4G29810	ortholog_many2many
AUR62009559	110684047	AT5G59410	ortholog_many2many
AUR62009559	110684047	AT2G29020	ortholog_many2many
AUR62002877	110719355	AT2G01170	ortholog_one2many
AUR62013057	110739431	AT1G31330	ortholog_one2one
AUR62023964	110699632	AT5G22790	ortholog_one2many
AUR62020114	110683440	AT3G55870	ortholog_many2many
AUR62020114	110683440	AT5G05730	ortholog_many2many
AUR62002814	110718494	AT1G68230	ortholog_one2many
AUR62026335	110698203	AT5G01670	ortholog_one2many
AUR62032903	110716395	AT3G19990	ortholog_one2many
AUR62001413	110688027	AT1G72340	ortholog_many2many
AUR62001413	110688027	AT1G53900	ortholog_many2many
AUR62001413	110688027	AT1G53880	ortholog_many2many
AUR62006877	110701301	AT5G09220	ortholog_many2many
AUR62006877	110701301	AT5G63850	ortholog_many2many
AUR62033408	110729088	AT4G32600	ortholog_one2one
AUR62033408	110707841	AT4G32600	ortholog_one2one
AUR62023523	110725216	AT2G41610	ortholog_one2many
AUR62007951	110686150	AT2G03440	ortholog_many2many
AUR62007951	110686150	AT1G13930	ortholog_many2many
AUR62016262	110702236	AT5G10020	ortholog_one2many
AUR62034529	110723285	AT1G75440	ortholog_one2many
AUR62034529	110723285	AT1G45050	ortholog_one2many
AUR62034529	110723285	AT5G42990	ortholog_one2many
AUR62030204	110728570	AT1G30000	ortholog_one2one
AUR62039819	110730411	AT3G55160	ortholog_one2one
AUR62022664	110731643	AT1G01120	ortholog_one2many
AUR62017696	110702076	AT5G23120	ortholog_one2one
AUR62044561	110739071	AT3G54140	ortholog_many2many
AUR62044561	110739071	AT5G01180	ortholog_many2many
AUR62012075	110734559	AT1G74050	ortholog_many2many
AUR62012075	110734559	AT1G18540	ortholog_many2many
AUR62012075	110734559	AT1G74060	ortholog_many2many
AUR62001105	110687739	AT3G25040	ortholog_one2many
AUR62002672	110701277	AT4G21060	ortholog_one2many
AUR62006233	110729880	AT5G20400	ortholog_many2many
AUR62006233	110729880	AT1G49390	ortholog_many2many
AUR62000145	110736246	AT3G21070	ortholog_one2one
AUR62009143	110705436	AT1G66080	ortholog_one2many
AUR62032047	110707523	AT1G55340	ortholog_many2many
AUR62032047	110707523	AT3G03880	ortholog_many2many
AUR62030699	110733816	AT5G57230	ortholog_one2many
AUR62011733	110734219	AT3G06420	ortholog_many2many
AUR62011733	110734219	AT3G15580	ortholog_many2many
AUR62025544	110689807	AT3G12620	ortholog_many2many
AUR62025544	110689807	AT3G55050	ortholog_many2many
AUR62025145	110711856	AT4G03210	ortholog_one2many
AUR62011820	110734310	AT3G62550	ortholog_one2many
AUR62015425	110689282	AT2G43350	ortholog_many2many
AUR62015425	110689282	AT2G31570	ortholog_many2many
AUR62018276	110735199	AT2G21890	ortholog_many2many
AUR62018276	110735199	AT2G21730	ortholog_many2many
AUR62005539	110710104	AT1G67730	ortholog_one2many
AUR62003712	110682129	AT5G66700	ortholog_many2many
AUR62003712	110682129	AT4G36740	ortholog_many2many
AUR62003712	110682129	AT2G18550	ortholog_many2many
AUR62036649	110709944	AT2G47900	ortholog_many2many
AUR62036649	110709944	AT1G61940	ortholog_many2many
AUR62036649	110697829	AT2G47900	ortholog_many2many
AUR62036649	110697829	AT1G61940	ortholog_many2many
AUR62043686	110706461	AT3G56870	ortholog_one2many
AUR62023674	110738625	AT3G06980	ortholog_one2many
AUR62020447	110720961	AT1G50670	ortholog_one2one
AUR62008147	110700326	AT4G24690	ortholog_one2many
AUR62013708	110721502	AT2G45040	ortholog_one2many
AUR62009222	110705521	AT2G25870	ortholog_one2many
AUR62024106	110712430	AT1G20810	ortholog_one2one
AUR62034336	110682776	AT4G09940	ortholog_many2many
AUR62034336	110682776	AT1G33970	ortholog_many2many
AUR62034336	110682776	AT4G09950	ortholog_many2many
AUR62034336	110682776	AT4G09930	ortholog_many2many
AUR62009653	110684146	AT3G45850	ortholog_many2many
AUR62009653	110684146	AT2G28620	ortholog_many2many
AUR62002185	110717665	AT3G47400	ortholog_many2many
AUR62002185	110717665	AT5G51490	ortholog_many2many
AUR62002185	110717665	AT5G51500	ortholog_many2many
AUR62001143	110687782	AT1G36280	ortholog_many2many
AUR62001143	110687782	AT4G18440	ortholog_many2many
AUR62014740	110693757	AT4G21590	ortholog_many2many
AUR62014740	110693757	AT4G21600	ortholog_many2many
AUR62014740	110693757	AT4G21585	ortholog_many2many
AUR62007036	110732282	AT1G64630	ortholog_many2many
AUR62007036	110732282	AT5G41990	ortholog_many2many
AUR62009177	110705473	AT4G32520	ortholog_one2one
AUR62004090	110682528	AT4G36470	ortholog_one2many
AUR62029960	110702980	AT1G18090	ortholog_one2many
AUR62025730	110726817	AT5G63290	ortholog_one2many
AUR62008268	110700444	AT5G62890	ortholog_one2many
AUR62008268	110700444	AT5G49990	ortholog_one2many
AUR62008268	110686696	AT5G62890	ortholog_one2many
AUR62008268	110686696	AT5G49990	ortholog_one2many
AUR62005714	110711921	AT5G13330	ortholog_one2one
AUR62013515	110725815	AT5G38580	ortholog_one2many
AUR62039918	110704598	AT1G62780	ortholog_one2many
AUR62007519	110732785	AT5G47480	ortholog_many2many
AUR62007519	110732785	AT5G47490	ortholog_many2many
AUR62025709	110726796	AT1G78915	ortholog_one2many
AUR62039892	110724973	AT3G04690	ortholog_many2many
AUR62039892	110724973	AT5G28680	ortholog_many2many
AUR62031756	110731798	AT1G47578	ortholog_many2many
AUR62031756	110731798	AT4G31050	ortholog_many2many
AUR62007033	110732280	AT5G63830	ortholog_one2many
AUR62032817	110706349	AT1G26760	ortholog_one2many
AUR62004192	110714458	AT2G45270	ortholog_one2many
AUR62011433	110704972	AT5G39710	ortholog_one2many
AUR62011433	110698578	AT5G39710	ortholog_one2many
AUR62008206	110700389	AT1G78720	ortholog_one2many
AUR62002505	110717379	AT5G01230	ortholog_one2many
AUR62003957	110682378	AT2G14900	ortholog_one2many
AUR62039945	110704624	AT1G12110	ortholog_one2many
AUR62004699	110714182	AT1G77760	ortholog_many2many
AUR62004699	110714182	AT1G37130	ortholog_many2many
AUR62025295	110715810	AT5G20690	ortholog_many2many
AUR62025295	110715810	AT3G42880	ortholog_many2many
AUR62013730	110721523	AT3G60370	ortholog_one2many
AUR62011404	110698549	AT5G57720	ortholog_one2many
AUR62011404	110698549	AT3G46770	ortholog_one2many
AUR62011404	110698549	AT5G60142	ortholog_one2many
AUR62011404	110698549	AT5G60140	ortholog_one2many
AUR62011404	110698549	AT4G34400	ortholog_one2many
AUR62011404	110698549	AT5G60130	ortholog_one2many
AUR62011404	110698549	AT1G16640	ortholog_one2many
AUR62011404	110698549	AT3G06160	ortholog_one2many
AUR62011404	110698549	AT3G53310	ortholog_one2many
AUR62011404	110698549	AT3G06220	ortholog_one2many
AUR62002335	110717738	AT3G59530	ortholog_one2many
AUR62025575	110689838	AT4G02405	ortholog_one2many
AUR62007993	110686189	AT2G18480	ortholog_many2many
AUR62007993	110686189	AT4G36670	ortholog_many2many
AUR62013182	110718675	AT4G38225	ortholog_one2one
AUR62013182	110681919	AT4G38225	ortholog_one2one
AUR62036898	110699086	AT1G76210	ortholog_many2many
AUR62036898	110699086	AT1G20520	ortholog_many2many
AUR62013449	110725751	AT1G71720	ortholog_one2many
AUR62033409	110729089	AT1G08510	ortholog_one2one
AUR62022769	110699158	AT5G60760	ortholog_many2many
AUR62022769	110699158	AT3G45090	ortholog_many2many
AUR62031438	110693887	AT5G62650	ortholog_one2many
AUR62023923	110699595	AT5G22580	ortholog_one2many
AUR62018384	110711754	AT3G10770	ortholog_many2many
AUR62018384	110711754	AT3G56680	ortholog_many2many
AUR62018384	110711754	AT5G05100	ortholog_many2many
AUR62018384	110711754	AT2G40960	ortholog_many2many
AUR62011922	110734616	AT2G30630	ortholog_one2many
AUR62011922	110734616	AT1G06750	ortholog_one2many
AUR62041414	110729393	AT2G26990	ortholog_one2many
AUR62041414	110709399	AT2G26990	ortholog_one2many
AUR62033217	110692250	AT3G18295	ortholog_many2many
AUR62033217	110692250	AT1G68340	ortholog_many2many
AUR62033217	110692250	AT1G25370	ortholog_many2many
AUR62033217	110692250	AT1G48770	ortholog_many2many
AUR62002070	110717386	AT4G24350	ortholog_one2many
AUR62002070	110717386	AT4G24340	ortholog_one2many
AUR62037919	110709269	AT2G32640	ortholog_one2many
AUR62014623	110693456	AT4G21320	ortholog_one2one
AUR62022582	110731550	AT2G45990	ortholog_one2many
AUR62016605	110704956	AT5G38720	ortholog_one2many
AUR62007182	110732837	AT1G03910	ortholog_one2many
AUR62011806	110734297	AT3G62420	ortholog_one2many
AUR62020964	110714887	AT3G11980	ortholog_one2many
AUR62030173	110728538	AT3G52170	ortholog_one2many
AUR62001571	110687630	AT5G02640	ortholog_many2many
AUR62001571	110687630	AT3G46300	ortholog_many2many
AUR62018473	110711528	AT3G55060	ortholog_many2many
AUR62018473	110711528	AT2G39300	ortholog_many2many
AUR62003104	110721951	AT2G03510	ortholog_one2many
AUR62042916	110739178	AT5G02820	ortholog_one2one
AUR62020597	110710398	AT5G57510	ortholog_one2many
AUR62016582	110704930	AT1G16690	ortholog_many2many
AUR62016582	110704930	AT1G79020	ortholog_many2many
AUR62033836	110686370	AT1G75710	ortholog_one2many
AUR62003496	110681904	AT5G40680	ortholog_one2one
AUR62033260	110692304	AT3G25520	ortholog_many2many
AUR62033260	110692304	AT5G39740	ortholog_many2many
AUR62021926	110731316	AT5G55070	ortholog_one2many
AUR62021926	110731316	AT4G26910	ortholog_one2many
AUR62002639	110717748	AT3G23580	ortholog_one2one
AUR62027977	110710189	AT2G07340	ortholog_one2many
AUR62027977	110683766	AT2G07340	ortholog_one2many
AUR62016701	110705049	AT3G18860	ortholog_one2many
AUR62000890	110736966	AT4G16710	ortholog_one2many
AUR62040909	110682888	AT5G19790	ortholog_one2one
AUR62023723	110738664	AT1G05640	ortholog_many2many
AUR62023723	110738664	AT2G31820	ortholog_many2many
AUR62021771	110726537	AT1G04280	ortholog_one2many
AUR62006331	110730754	AT2G38400	ortholog_one2many
AUR62027684	110691180	AT1G29195	ortholog_one2one
AUR62022443	110696581	AT3G10090	ortholog_many2many
AUR62022443	110696581	AT5G03850	ortholog_many2many
AUR62022443	110696581	AT5G64140	ortholog_many2many
AUR62013401	110725689	AT1G33430	ortholog_one2many
AUR62013157	110681692	AT4G33670	ortholog_one2many
AUR62001789	110688423	AT1G07620	ortholog_one2many
AUR62034535	110723296	AT1G19730	ortholog_one2many
AUR62005557	110710314	AT3G26030	ortholog_one2one
AUR62007986	110686181	AT4G36660	ortholog_one2many
AUR62007576	110685803	AT4G36580	ortholog_many2many
AUR62007576	110685803	AT2G18330	ortholog_many2many
AUR62020532	110721023	AT3G20570	ortholog_one2many
AUR62025717	110726803	AT5G63310	ortholog_one2many
AUR62025717	110687903	AT5G63310	ortholog_one2many
AUR62030398	110710560	AT2G41451	ortholog_many2many
AUR62030398	110710560	AT3G57200	ortholog_many2many
AUR62032669	110704747	AT5G18230	ortholog_one2many
AUR62035739	110688716	AT1G19920	ortholog_one2many
AUR62003523	110695097	AT3G48570	ortholog_one2one
AUR62003523	110681936	AT3G48570	ortholog_one2one
AUR62035516	110700482	AT5G04670	ortholog_one2many
AUR62005768	110712391	AT1G69640	ortholog_one2one
AUR62005768	110690397	AT1G69640	ortholog_one2one
AUR62013293	110725574	AT2G11520	ortholog_one2one
AUR62007214	110732466	AT2G44610	ortholog_one2many
AUR62000410	110736509	AT5G12010	ortholog_one2many
AUR62002715	110706413	AT4G18370	ortholog_one2many
AUR62038602	110733219	AT2G20510	ortholog_many2many
AUR62038602	110733219	AT2G36070	ortholog_many2many
AUR62023922	110699593	AT1G73000	ortholog_one2many
AUR62026154	110707390	AT3G10190	ortholog_many2many
AUR62026154	110707390	AT2G41410	ortholog_many2many
AUR62004298	110714108	AT2G04630	ortholog_many2many
AUR62004298	110714108	AT5G51940	ortholog_many2many
AUR62001302	110687603	AT3G09270	ortholog_one2many
AUR62026183	110698145	AT2G17680	ortholog_many2many
AUR62026183	110698145	AT4G35690	ortholog_many2many
AUR62026183	110698145	AT4G35710	ortholog_many2many
AUR62034046	110692136	AT3G04840	ortholog_many2many
AUR62034046	110692136	AT4G34670	ortholog_many2many
AUR62022831	110699224	AT5G55940	ortholog_one2one
AUR62031300	110716733	AT5G64550	ortholog_many2many
AUR62031300	110716733	AT5G09670	ortholog_many2many
AUR62016331	110703231	AT1G80070	ortholog_many2many
AUR62016331	110703231	AT4G38780	ortholog_many2many
AUR62016331	110698644	AT1G80070	ortholog_many2many
AUR62016331	110698644	AT4G38780	ortholog_many2many
AUR62037635	110722390	AT1G47820	ortholog_one2many
AUR62006681	110701591	AT1G16090	ortholog_one2one
AUR62004257	110714075	AT2G39460	ortholog_many2many
AUR62004257	110714075	AT3G55280	ortholog_many2many
AUR62004257	110711678	AT2G39460	ortholog_many2many
AUR62004257	110711678	AT3G55280	ortholog_many2many
AUR62004257	110701932	AT2G39460	ortholog_many2many
AUR62004257	110701932	AT3G55280	ortholog_many2many
AUR62004257	110695759	AT2G39460	ortholog_many2many
AUR62004257	110695759	AT3G55280	ortholog_many2many
AUR62004257	110691875	AT2G39460	ortholog_many2many
AUR62004257	110691875	AT3G55280	ortholog_many2many
AUR62017164	110707070	AT1G55760	ortholog_one2one
AUR62012051	110734529	AT1G18440	ortholog_one2one
AUR62014420	110724712	AT1G75640	ortholog_one2many
AUR62007360	110732621	AT1G32160	ortholog_one2many
AUR62007414	110732680	AT1G33260	ortholog_many2many
AUR62007414	110732680	AT4G10390	ortholog_many2many
AUR62037041	110731023	AT5G06300	ortholog_many2many
AUR62037041	110731023	AT2G35990	ortholog_many2many
AUR62035330	110692485	AT2G47880	ortholog_many2many
AUR62035330	110692485	AT2G30540	ortholog_many2many
AUR62035330	110692485	AT3G62960	ortholog_many2many
AUR62035330	110692485	AT1G06830	ortholog_many2many
AUR62008438	110726427	AT5G61430	ortholog_many2many
AUR62008438	110726427	AT5G07680	ortholog_many2many
AUR62008438	110700618	AT5G61430	ortholog_many2many
AUR62008438	110700618	AT5G07680	ortholog_many2many
AUR62041969	110696226	AT4G32870	ortholog_one2many
AUR62040813	110719799	AT1G20640	ortholog_many2many
AUR62040813	110719799	AT1G76350	ortholog_many2many
AUR62022419	110696559	AT5G42750	ortholog_one2many
AUR62033041	110713145	AT2G34670	ortholog_one2many
AUR62025581	110687986	AT3G48110	ortholog_one2many
AUR62008443	110700625	AT1G74410	ortholog_one2many
AUR62027853	110706674	AT5G02080	ortholog_one2many
AUR62027853	110706674	AT1G12350	ortholog_one2many
AUR62025171	110715793	AT3G42790	ortholog_many2many
AUR62025171	110715793	AT5G20510	ortholog_many2many
AUR62006709	110701150	AT4G31100	ortholog_many2many
AUR62006709	110701150	AT1G16120	ortholog_many2many
AUR62006709	110701150	AT1G79680	ortholog_many2many
AUR62006709	110701150	AT1G16110	ortholog_many2many
AUR62006709	110701150	AT1G16260	ortholog_many2many
AUR62006709	110701150	AT1G16150	ortholog_many2many
AUR62006709	110701150	AT1G17910	ortholog_many2many
AUR62006709	110701150	AT4G31110	ortholog_many2many
AUR62006709	110701150	AT1G16130	ortholog_many2many
AUR62006709	110701150	AT1G19390	ortholog_many2many
AUR62006709	110701150	AT1G79670	ortholog_many2many
AUR62006709	110701150	AT1G16160	ortholog_many2many
AUR62006709	110701150	AT1G69730	ortholog_many2many
AUR62001265	110687882	AT3G48430	ortholog_one2many
AUR62023396	110720496	AT4G09320	ortholog_one2many
AUR62044309	110737306	AT5G56450	ortholog_one2many
AUR62027950	110683738	AT3G52270	ortholog_one2many
AUR62001676	110688292	AT5G58860	ortholog_one2many
AUR62024605	110732998	AT5G48910	ortholog_one2many
AUR62022956	110699347	AT3G56100	ortholog_one2one
AUR62000858	110736946	AT3G05170	ortholog_one2one
AUR62028300	110721821	AT1G19150	ortholog_one2many
AUR62025006	110711885	AT4G20410	ortholog_one2many
AUR62042836	110708197	AT1G79050	ortholog_one2one
AUR62036249	110684186	AT5G06460	ortholog_many2many
AUR62036249	110684186	AT2G30110	ortholog_many2many
AUR62007810	110685632	AT5G22410	ortholog_one2many
AUR62007651	110685884	AT3G51130	ortholog_one2one
AUR62043455	110692549	AT4G25360	ortholog_many2many
AUR62043455	110692549	AT5G51640	ortholog_many2many
AUR62043455	110690244	AT4G25360	ortholog_many2many
AUR62043455	110690244	AT5G51640	ortholog_many2many
AUR62020182	110688211	AT5G20990	ortholog_one2many
AUR62020182	110683519	AT5G20990	ortholog_one2many
AUR62001131	110687762	AT3G07210	ortholog_one2many
AUR62009092	110705386	AT1G49260	ortholog_many2many
AUR62009092	110705386	AT5G12080	ortholog_many2many
AUR62009092	110705386	AT5G19520	ortholog_many2many
AUR62003439	110681842	AT5G14140	ortholog_one2many
AUR62020575	110710150	AT5G12040	ortholog_one2many
AUR62005819	110712835	AT1G14150	ortholog_one2many
AUR62041961	110696233	AT2G16620	ortholog_many2many
AUR62041961	110696233	AT2G01820	ortholog_many2many
AUR62041961	110696233	AT4G29654	ortholog_many2many
AUR62041961	110696233	AT1G24650	ortholog_many2many
AUR62018567	110711800	AT3G13470	ortholog_many2many
AUR62018567	110711800	AT1G55490	ortholog_many2many
AUR62018567	110711800	AT5G56500	ortholog_many2many
AUR62021571	110726350	AT5G66005	ortholog_one2many
AUR62004370	110714053	AT2G45970	ortholog_many2many
AUR62004370	110714053	AT4G00360	ortholog_many2many
AUR62004370	110714053	AT1G01600	ortholog_many2many
AUR62040699	110733331	AT3G11410	ortholog_one2one
AUR62040699	110722303	AT3G11410	ortholog_one2one
AUR62029466	110694697	AT3G51240	ortholog_one2many
AUR62019969	110722819	AT2G43100	ortholog_many2many
AUR62019969	110722819	AT3G58990	ortholog_many2many
AUR62019969	110722819	AT2G43090	ortholog_many2many
AUR62016545	110703442	AT4G13040	ortholog_one2many
AUR62013481	110725787	AT3G21470	ortholog_one2one
AUR62042997	110692643	AT1G49970	ortholog_one2many
AUR62042997	110692173	AT1G49970	ortholog_one2many
AUR62004074	110682510	AT1G02860	ortholog_one2many
AUR62025142	110711886	AT3G22104	ortholog_one2many
AUR62025142	110694017	AT3G22104	ortholog_one2many
AUR62028404	110721931	AT2G23810	ortholog_one2many
AUR62028404	110721931	AT4G28050	ortholog_one2many
AUR62028404	110721931	AT4G30430	ortholog_one2many
AUR62035000	110720011	AT2G43250	ortholog_one2many
AUR62015571	110689536	AT4G14380	ortholog_one2one
AUR62040063	110690108	AT4G28310	ortholog_one2many
AUR62001697	110688318	AT2G29590	ortholog_one2many
AUR62014489	110724782	AT2G39170	ortholog_one2many
AUR62021699	110726470	AT1G74580	ortholog_one2many
AUR62041724	110711395	AT5G25790	ortholog_one2many
AUR62005317	110708068	AT1G60030	ortholog_many2many
AUR62005317	110708068	AT1G10540	ortholog_many2many
AUR62033034	110713149	AT3G05560	ortholog_many2many
AUR62033034	110713149	AT5G27770	ortholog_many2many
AUR62033034	110713152	AT3G05560	ortholog_many2many
AUR62033034	110713152	AT5G27770	ortholog_many2many
AUR62033034	110696558	AT3G05560	ortholog_many2many
AUR62033034	110696558	AT5G27770	ortholog_many2many
AUR62033034	110696549	AT3G05560	ortholog_many2many
AUR62033034	110696549	AT5G27770	ortholog_many2many
AUR62002246	110717917	AT5G61500	ortholog_one2many
AUR62006574	110701008	AT5G26960	ortholog_one2many
AUR62014732	110693540	AT5G53637	ortholog_one2many
AUR62036074	110700174	AT5G44130	ortholog_many2many
AUR62036074	110700174	AT2G20520	ortholog_many2many
AUR62036074	110700174	AT1G03870	ortholog_many2many
AUR62005760	110712329	AT1G14310	ortholog_one2one
AUR62006217	110729756	AT5G20400	ortholog_many2many
AUR62006217	110729756	AT1G49390	ortholog_many2many
AUR62036928	110726093	AT5G23080	ortholog_one2one
AUR62024123	110712359	AT1G67420	ortholog_one2many
AUR62034518	110723274	AT1G19680	ortholog_many2many
AUR62034518	110723274	AT1G75400	ortholog_many2many
AUR62031779	110731785	AT2G30360	ortholog_one2many
AUR62029232	110693135	AT5G54730	ortholog_one2one
AUR62025559	110689822	AT2G47570	ortholog_many2many
AUR62025559	110689822	AT5G27850	ortholog_many2many
AUR62025559	110689822	AT3G05590	ortholog_many2many
AUR62004723	110714390	AT1G44830	ortholog_one2many
AUR62037407	110695491	AT1G58420	ortholog_many2many
AUR62037407	110695491	AT1G10140	ortholog_many2many
AUR62001891	110688528	AT2G30150	ortholog_many2many
AUR62001891	110688528	AT2G30140	ortholog_many2many
AUR62023949	110699622	AT5G22740	ortholog_one2many
AUR62043377	110710062	AT5G51010	ortholog_one2one
AUR62011983	110734454	AT3G63280	ortholog_one2one
AUR62024649	110733044	AT3G62410	ortholog_many2many
AUR62024649	110733044	AT2G47400	ortholog_many2many
AUR62013471	110725470	AT1G77060	ortholog_many2many
AUR62013471	110725470	AT1G21440	ortholog_many2many
AUR62000936	110737013	AT1G16740	ortholog_one2one
AUR62033899	110686433	AT5G42470	ortholog_one2many
AUR62035747	110688724	AT1G75710	ortholog_one2many
AUR62002679	110701599	AT1G30320	ortholog_one2many
AUR62028648	110727527	AT3G07480	ortholog_one2one
AUR62008114	110700300	AT3G06930	ortholog_many2many
AUR62008114	110700300	AT5G49020	ortholog_many2many
AUR62018758	110730223	AT4G17970	ortholog_many2many
AUR62018758	110730223	AT5G46600	ortholog_many2many
AUR62018758	110730223	AT5G46610	ortholog_many2many
AUR62022592	110731562	AT4G00330	ortholog_one2many
AUR62025572	110727909	AT2G47640	ortholog_many2many
AUR62025572	110727909	AT3G62840	ortholog_many2many
AUR62025572	110711613	AT2G47640	ortholog_many2many
AUR62025572	110711613	AT3G62840	ortholog_many2many
AUR62040336	110734733	AT2G36895	ortholog_one2many
AUR62039183	110690295	AT1G16280	ortholog_one2many
AUR62004651	110725263	AT1G34550	ortholog_many2many
AUR62004651	110725263	AT4G09630	ortholog_many2many
AUR62004651	110713886	AT1G34550	ortholog_many2many
AUR62004651	110713886	AT4G09630	ortholog_many2many
AUR62006721	110701148	AT1G65090	ortholog_many2many
AUR62006721	110701148	AT5G36100	ortholog_many2many
AUR62030580	110704430	AT2G39020	ortholog_many2many
AUR62030580	110704430	AT2G39030	ortholog_many2many
AUR62036715	110703616	AT1G76080	ortholog_one2many
AUR62004324	110713922	AT1G01780	ortholog_many2many
AUR62004324	110713922	AT3G61230	ortholog_many2many
AUR62004324	110713922	AT2G45800	ortholog_many2many
AUR62031635	110727054	AT3G28715	ortholog_one2many
AUR62031635	110727054	AT3G28710	ortholog_one2many
AUR62031635	110723409	AT3G28715	ortholog_one2many
AUR62031635	110723409	AT3G28710	ortholog_one2many
AUR62032081	110707548	AT3G28210	ortholog_one2many
AUR62042028	110708093	AT5G58050	ortholog_one2many
AUR62042028	110708093	AT5G58170	ortholog_one2many
AUR62034526	110723279	AT5G57960	ortholog_one2many
AUR62011605	110698727	AT1G64980	ortholog_one2many
AUR62022954	110733505	AT2G40370	ortholog_one2many
AUR62022954	110733505	AT5G05390	ortholog_one2many
AUR62022954	110699345	AT2G40370	ortholog_one2many
AUR62022954	110699345	AT5G05390	ortholog_one2many
AUR62017566	110701938	AT2G04540	ortholog_one2one
AUR62019597	110737811	AT3G13050	ortholog_one2many
AUR62026118	110707359	AT3G10150	ortholog_one2one
AUR62020440	110720956	AT4G33370	ortholog_many2many
AUR62020440	110720956	AT5G51280	ortholog_many2many
AUR62016436	110703330	AT3G15970	ortholog_many2many
AUR62016436	110703330	AT1G52380	ortholog_many2many
AUR62035301	110692459	AT4G31080	ortholog_many2many
AUR62035301	110692459	AT2G24330	ortholog_many2many
AUR62019453	110737675	AT3G15260	ortholog_one2many
AUR62009003	110728216	AT1G48830	ortholog_many2many
AUR62009003	110728216	AT3G02560	ortholog_many2many
AUR62009003	110728216	AT5G16130	ortholog_many2many
AUR62002352	110718082	AT1G08450	ortholog_one2many
AUR62002557	110717460	AT3G17450	ortholog_one2one
AUR62006748	110701172	AT1G02560	ortholog_one2many
AUR62004108	110682547	AT3G14595	ortholog_many2many
AUR62004108	110682547	AT2G34480	ortholog_many2many
AUR62004108	110682547	AT1G29965	ortholog_many2many
AUR62004108	110682547	AT1G29970	ortholog_many2many
AUR62004108	110682547	AT3G14600	ortholog_many2many
AUR62034087	110692174	AT1G49910	ortholog_many2many
AUR62034087	110692174	AT3G19590	ortholog_many2many
AUR62001853	110688494	AT5G60070	ortholog_many2many
AUR62001853	110688494	AT1G07710	ortholog_many2many
AUR62001853	110684140	AT5G60070	ortholog_many2many
AUR62001853	110684140	AT1G07710	ortholog_many2many
AUR62038966	110683748	AT3G46870	ortholog_one2many
AUR62033458	110729132	AT5G20060	ortholog_one2one
AUR62003713	110682130	AT5G51930	ortholog_many2many
AUR62003713	110682130	AT5G51950	ortholog_many2many
AUR62003713	110682130	AT3G56060	ortholog_many2many
AUR62014726	110693533	AT4G21534	ortholog_many2many
AUR62014726	110693533	AT4G21540	ortholog_many2many
AUR62019071	110709772	AT1G21760	ortholog_one2many
AUR62044431	110721053	AT1G71695	ortholog_one2one
AUR62025258	110715826	AT5G17850	ortholog_many2many
AUR62025258	110715826	AT5G17860	ortholog_many2many
AUR62021879	110731270	AT4G05530	ortholog_one2one
AUR62025519	110689786	AT1G21690	ortholog_one2many
AUR62018578	110711634	AT4G22330	ortholog_one2many
AUR62011686	110698864	AT3G27750	ortholog_one2many
AUR62027289	110692771	AT1G62810	ortholog_one2many
AUR62027289	110692771	AT3G43670	ortholog_one2many
AUR62021985	110731371	AT4G21770	ortholog_one2many
AUR62025460	110689727	AT1G04030	ortholog_many2many
AUR62025460	110689727	AT5G44040	ortholog_many2many
AUR62008067	110700263	AT3G25480	ortholog_one2many
AUR62042083	110697484	AT2G38710	ortholog_one2many
AUR62018079	110735008	AT4G15940	ortholog_many2many
AUR62018079	110735008	AT3G16700	ortholog_many2many
AUR62018499	110711673	AT3G07430	ortholog_many2many
AUR62018499	110711673	AT4G27990	ortholog_many2many
AUR62027294	110692778	AT4G19460	ortholog_one2many
AUR62023578	110725273	AT1G34355	ortholog_one2many
AUR62039891	110724972	AT2G48110	ortholog_one2many
AUR62039891	110694963	AT2G48110	ortholog_one2many
AUR62018264	110735189	AT1G11320	ortholog_one2many
AUR62014102	110694210	AT1G68190	ortholog_one2many
AUR62019928	110722776	AT1G64680	ortholog_one2many
AUR62007127	110732379	AT2G35680	ortholog_one2many
AUR62001687	110688304	AT3G47040	ortholog_many2many
AUR62001687	110688304	AT3G47000	ortholog_many2many
AUR62001687	110688304	AT3G47010	ortholog_many2many
AUR62001687	110688304	AT3G47050	ortholog_many2many
AUR62007242	110732496	AT4G17970	ortholog_many2many
AUR62007242	110732496	AT5G46600	ortholog_many2many
AUR62007242	110732496	AT5G46610	ortholog_many2many
AUR62037249	110716616	AT3G07690	ortholog_one2many
AUR62036244	110684675	AT3G45770	ortholog_one2many
AUR62007234	110732485	AT1G09700	ortholog_one2many
AUR62002713	110706110	AT3G52170	ortholog_one2many
AUR62030803	110733915	AT3G51840	ortholog_one2one
AUR62030803	110710870	AT3G51840	ortholog_one2one
AUR62011379	110698516	AT1G53645	ortholog_one2many
AUR62009675	110684163	AT2G30200	ortholog_one2many
AUR62037405	110695487	AT2G01755	ortholog_one2many
AUR62018546	110711501	AT4G14000	ortholog_one2many
AUR62014543	110724848	AT2G44070	ortholog_many2many
AUR62014543	110724848	AT5G38640	ortholog_many2many
AUR62038780	110724400	AT1G47240	ortholog_one2one
AUR62038780	110691597	AT1G47240	ortholog_one2one
AUR62000051	110736140	AT5G19630	ortholog_one2one
AUR62024591	110732984	AT4G01897	ortholog_one2many
AUR62030623	110723187	AT2G40610	ortholog_one2many
AUR62030623	110704466	AT2G40610	ortholog_one2many
AUR62039953	110704636	AT4G16510	ortholog_one2many
AUR62040038	110717251	AT2G37090	ortholog_one2many
AUR62016272	110703191	AT5G09995	ortholog_one2many
AUR62035240	110691223	AT1G68560	ortholog_many2many
AUR62035240	110691223	AT3G45940	ortholog_many2many
AUR62014194	110694434	AT1G70760	ortholog_one2many
AUR62040476	110697702	AT2G37210	ortholog_many2many
AUR62040476	110697702	AT5G03270	ortholog_many2many
AUR62040476	110697702	AT3G53450	ortholog_many2many
AUR62012892	110738050	AT1G58180	ortholog_one2many
AUR62024290	110712386	AT3G26600	ortholog_one2many
AUR62006999	110701414	AT3G04240	ortholog_one2many
AUR62031834	110731875	AT5G48840	ortholog_one2many
AUR62022432	110696574	AT1G47410	ortholog_one2many
AUR62033962	110712903	AT5G56890	ortholog_one2many
AUR62018764	110730231	AT4G18020	ortholog_one2many
AUR62000967	110737046	AT1G54490	ortholog_one2one
AUR62000967	110708480	AT1G54490	ortholog_one2one
AUR62013752	110721540	AT2G44760	ortholog_one2many
AUR62016434	110703328	AT1G52420	ortholog_many2many
AUR62016434	110703328	AT3G15940	ortholog_many2many
AUR62000285	110736398	AT5G58340	ortholog_many2many
AUR62000285	110736398	AT1G15720	ortholog_many2many
AUR62011949	110734424	AT5G43680	ortholog_one2one
AUR62027218	110692707	AT4G40000	ortholog_many2many
AUR62027218	110692707	AT2G22400	ortholog_many2many
AUR62004627	110714653	AT2G45580	ortholog_many2many
AUR62004627	110714653	AT2G45550	ortholog_many2many
AUR62004627	110714653	AT2G45570	ortholog_many2many
AUR62004627	110714653	AT3G61040	ortholog_many2many
AUR62004627	110714653	AT3G61035	ortholog_many2many
AUR62004627	110714653	AT1G33730	ortholog_many2many
AUR62004627	110714653	AT2G45560	ortholog_many2many
AUR62004627	110714653	AT1G33720	ortholog_many2many
AUR62016847	110704922	AT2G21240	ortholog_one2many
AUR62016847	110704922	AT4G38910	ortholog_one2many
AUR62017270	110702481	AT3G27740	ortholog_one2one
AUR62043048	110684536	AT4G32940	ortholog_many2many
AUR62043048	110684536	AT2G25940	ortholog_many2many
AUR62027338	110692834	AT1G31880	ortholog_many2many
AUR62027338	110692834	AT2G35600	ortholog_many2many
AUR62027338	110692834	AT2G21030	ortholog_many2many
AUR62011619	110698743	AT1G52420	ortholog_many2many
AUR62011619	110698743	AT3G15940	ortholog_many2many
AUR62040385	110694883	AT5G18700	ortholog_many2many
AUR62040385	110694883	AT1G33940	ortholog_many2many
AUR62037850	110727233	AT5G14020	ortholog_one2one
AUR62013236	110682437	AT4G34100	ortholog_one2one
AUR62002752	110712191	AT2G34555	ortholog_one2many
AUR62002752	110712191	AT1G30040	ortholog_one2many
AUR62036687	110709979	AT2G48020	ortholog_one2many
AUR62022766	110699157	AT3G45050	ortholog_one2many
AUR62032702	110704774	AT1G55340	ortholog_many2many
AUR62032702	110704774	AT3G03880	ortholog_many2many
AUR62030130	110728502	AT1G30360	ortholog_one2many
AUR62014655	110693477	AT1G79280	ortholog_one2many
AUR62014655	110687244	AT1G79280	ortholog_one2many
AUR62021666	110726295	AT1G18490	ortholog_one2one
AUR62023509	110725199	AT4G01150	ortholog_one2many
AUR62020122	110683451	AT5G58787	ortholog_many2many
AUR62020122	110683451	AT3G47160	ortholog_many2many
AUR62007770	110685997	AT1G68080	ortholog_one2many
AUR62017209	110702431	AT2G42940	ortholog_one2one
AUR62039880	110724961	AT3G09810	ortholog_many2many
AUR62039880	110724961	AT5G03290	ortholog_many2many
AUR62002793	110716389	AT1G68190	ortholog_one2many
AUR62020624	110710162	AT4G31350	ortholog_one2many
AUR62008192	110700375	AT5G17990	ortholog_one2one
AUR62030790	110733904	AT5G01300	ortholog_one2one
AUR62031723	110727138	AT1G26740	ortholog_one2many
AUR62002240	110717344	AT5G07620	ortholog_many2many
AUR62002240	110717344	AT5G61570	ortholog_many2many
AUR62030382	110710668	AT5G04040	ortholog_one2many
AUR62009598	110684084	AT2G28800	ortholog_one2many
AUR62016741	110705094	AT2G18328	ortholog_one2many
AUR62021127	110729597	AT4G25670	ortholog_many2many
AUR62021127	110729597	AT4G25690	ortholog_many2many
AUR62013220	110718733	AT1G49730	ortholog_one2many
AUR62013220	110718733	AT3G19300	ortholog_one2many
AUR62013220	110682261	AT1G49730	ortholog_one2many
AUR62013220	110682261	AT3G19300	ortholog_one2many
AUR62033332	110725121	AT4G00590	ortholog_one2many
AUR62033332	110685324	AT4G00590	ortholog_one2many
AUR62033332	110685328	AT4G00590	ortholog_one2many
AUR62004050	110682484	AT4G36630	ortholog_one2many
AUR62016395	110703289	AT5G05010	ortholog_one2many
AUR62016395	110698700	AT5G05010	ortholog_one2many
AUR62018656	110730128	AT1G32260	ortholog_many2many
AUR62018656	110730128	AT2G35480	ortholog_many2many
AUR62017285	110702374	AT1G12740	ortholog_one2one
AUR62008352	110700531	AT5G62720	ortholog_many2many
AUR62008352	110700531	AT3G47980	ortholog_many2many
AUR62018180	110735100	AT2G03600	ortholog_many2many
AUR62018180	110735100	AT2G03590	ortholog_many2many
AUR62018180	110735100	AT2G03520	ortholog_many2many
AUR62018180	110735100	AT2G03530	ortholog_many2many
AUR62018180	110735100	AT1G26440	ortholog_many2many
AUR62027016	110739985	AT1G49960	ortholog_one2one
AUR62026214	110697982	AT4G35770	ortholog_one2many
AUR62008115	110700301	AT5G48450	ortholog_one2many
AUR62025115	110740328	AT3G43810	ortholog_many2many
AUR62025115	110740328	AT5G21274	ortholog_many2many
AUR62025115	110711868	AT3G43810	ortholog_many2many
AUR62025115	110711868	AT5G21274	ortholog_many2many
AUR62025123	110711875	AT1G07880	ortholog_one2many
AUR62029275	110693167	AT4G27260	ortholog_many2many
AUR62029275	110693167	AT5G54510	ortholog_many2many
AUR62020547	110721033	AT3G55120	ortholog_one2many
AUR62020547	110721033	AT5G66220	ortholog_one2many
AUR62039554	110699954	AT1G71060	ortholog_one2many
AUR62011359	110698499	AT3G18850	ortholog_one2many
AUR62016507	110703396	AT1G52190	ortholog_many2many
AUR62016507	110703396	AT3G16180	ortholog_many2many
AUR62028604	110727478	AT5G53270	ortholog_many2many
AUR62028604	110727478	AT5G53260	ortholog_many2many
AUR62028604	110727478	AT1G03120	ortholog_many2many
AUR62001892	110688530	AT3G10110	ortholog_one2many
AUR62024104	110712350	AT1G20840	ortholog_one2one
AUR62024104	110685535	AT1G20840	ortholog_one2one
AUR62021079	110729549	AT5G24030	ortholog_many2many
AUR62021079	110729549	AT4G27970	ortholog_many2many
AUR62020382	110720919	AT3G20330	ortholog_one2one
AUR62021107	110729577	AT5G52800	ortholog_one2many
AUR62026540	110713846	AT1G69960	ortholog_one2many
AUR62026540	110713846	AT1G10430	ortholog_one2many
AUR62026540	110713846	AT1G59830	ortholog_one2many
AUR62026540	110713063	AT1G69960	ortholog_one2many
AUR62026540	110713063	AT1G10430	ortholog_one2many
AUR62026540	110713063	AT1G59830	ortholog_one2many
AUR62020963	110714898	AT3G56840	ortholog_one2many
AUR62020623	110710163	AT5G59860	ortholog_many2many
AUR62020623	110710163	AT3G46020	ortholog_many2many
AUR62043361	110684943	AT5G37480	ortholog_one2one
AUR62024227	110712607	AT5G40580	ortholog_many2many
AUR62024227	110712607	AT3G27430	ortholog_many2many
AUR62023293	110728223	AT2G06255	ortholog_one2many
AUR62023293	110720386	AT2G06255	ortholog_one2many
AUR62019848	110722697	AT1G65650	ortholog_one2many
AUR62019848	110722697	AT5G16310	ortholog_one2many
AUR62040313	110721100	AT5G57490	ortholog_one2many
AUR62042177	110709073	AT5G42700	ortholog_one2many
AUR62021118	110729587	AT5G52640	ortholog_one2many
AUR62009255	110705551	AT5G51160	ortholog_one2many
AUR62000724	110736813	AT5G27930	ortholog_one2many
AUR62000724	110736813	AT3G05640	ortholog_one2many
AUR62039785	110730377	AT5G15270	ortholog_one2one
AUR62008120	110700305	AT5G48460	ortholog_one2many
AUR62014393	110724687	AT4G13770	ortholog_one2many
AUR62016882	110705221	AT5G20390	ortholog_one2many
AUR62016882	110705221	AT5G20330	ortholog_one2many
AUR62016882	110705221	AT5G20560	ortholog_one2many
AUR62016882	110705221	AT5G20340	ortholog_one2many
AUR62016882	110705221	AT1G33220	ortholog_one2many
AUR62036618	110709969	AT5G47830	ortholog_one2many
AUR62037748	110738969	AT3G02850	ortholog_many2many
AUR62037748	110738969	AT5G37500	ortholog_many2many
AUR62016915	110706818	AT3G21770	ortholog_many2many
AUR62016915	110706818	AT1G05260	ortholog_many2many
AUR62016915	110706818	AT4G11290	ortholog_many2many
AUR62008933	110728144	AT3G07140	ortholog_one2many
AUR62033244	110692284	AT3G10700	ortholog_one2one
AUR62007047	110732297	AT2G03050	ortholog_one2many
AUR62015453	110689311	AT5G51220	ortholog_one2many
AUR62000778	110736869	AT5G27680	ortholog_one2one
AUR62007595	110685825	AT5G66480	ortholog_many2many
AUR62007595	110685825	AT3G50910	ortholog_many2many
AUR62018851	110730304	AT2G22740	ortholog_many2many
AUR62018851	110730304	AT2G35160	ortholog_many2many
AUR62019495	110737726	AT3G27360	ortholog_one2one
AUR62019495	110737725	AT3G27360	ortholog_one2one
AUR62019495	110737724	AT3G27360	ortholog_one2one
AUR62019495	110736179	AT3G27360	ortholog_one2one
AUR62019495	110735726	AT3G27360	ortholog_one2one
AUR62019495	110735727	AT3G27360	ortholog_one2one
AUR62019495	110726035	AT3G27360	ortholog_one2one
AUR62019495	110725863	AT3G27360	ortholog_one2one
AUR62019495	110695989	AT3G27360	ortholog_one2one
AUR62019495	110686944	AT3G27360	ortholog_one2one
AUR62019495	110686945	AT3G27360	ortholog_one2one
AUR62019495	110686943	AT3G27360	ortholog_one2one
AUR62025747	110726829	AT3G48420	ortholog_one2many
AUR62016945	110706846	AT2G45580	ortholog_many2many
AUR62016945	110706846	AT2G45550	ortholog_many2many
AUR62016945	110706846	AT2G45570	ortholog_many2many
AUR62016945	110706846	AT3G61040	ortholog_many2many
AUR62016945	110706846	AT3G61035	ortholog_many2many
AUR62016945	110706846	AT1G33730	ortholog_many2many
AUR62016945	110706846	AT2G45560	ortholog_many2many
AUR62016945	110706846	AT1G33720	ortholog_many2many
AUR62015269	110689154	AT1G56260	ortholog_one2many
AUR62002306	110717815	AT5G27230	ortholog_one2many
AUR62005392	110708774	AT1G70480	ortholog_one2many
AUR62035328	110692583	AT3G62950	ortholog_many2many
AUR62035328	110692583	AT2G47870	ortholog_many2many
AUR62035782	110728790	AT2G39390	ortholog_many2many
AUR62035782	110728790	AT3G55170	ortholog_many2many
AUR62035782	110728787	AT2G39390	ortholog_many2many
AUR62035782	110728787	AT3G55170	ortholog_many2many
AUR62035782	110728784	AT2G39390	ortholog_many2many
AUR62035782	110728784	AT3G55170	ortholog_many2many
AUR62035782	110690317	AT2G39390	ortholog_many2many
AUR62035782	110690317	AT3G55170	ortholog_many2many
AUR62026295	110698059	AT1G10380	ortholog_one2many
AUR62035241	110691225	AT1G13360	ortholog_one2many
AUR62035241	110691225	AT3G25870	ortholog_one2many
AUR62026108	110707351	AT3G57290	ortholog_one2one
AUR62026108	110691568	AT3G57290	ortholog_one2one
AUR62022915	110699306	AT2G40230	ortholog_one2many
AUR62038430	110739864	AT1G06820	ortholog_one2many
AUR62006779	110701206	AT5G02280	ortholog_one2many
AUR62008051	110700246	AT3G07550	ortholog_one2many
AUR62007936	110686138	AT1G26570	ortholog_one2one
AUR62037789	110739005	AT5G37630	ortholog_one2many
AUR62016773	110705127	AT1G45000	ortholog_many2many
AUR62016773	110705127	AT5G43010	ortholog_many2many
AUR62018366	110711783	AT3G56760	ortholog_many2many
AUR62018366	110711783	AT2G41140	ortholog_many2many
AUR62016637	110704981	AT4G33950	ortholog_one2many
AUR62012069	110734550	AT2G42220	ortholog_one2one
AUR62031875	110729840	AT3G16270	ortholog_one2one
AUR62031875	110715361	AT3G16270	ortholog_one2one
AUR62036289	110688835	AT5G08080	ortholog_one2many
AUR62004531	110714211	AT1G01200	ortholog_one2many
AUR62014707	110693515	AT1G30090	ortholog_one2one
AUR62025453	110689721	AT5G44000	ortholog_one2many
AUR62014567	110724880	AT3G51960	ortholog_one2one
AUR62024660	110732925	AT2G47430	ortholog_one2many
AUR62032974	110716281	AT1G33810	ortholog_one2many
AUR62025477	110689746	AT4G28600	ortholog_one2many
AUR62013002	110738961	AT5G23590	ortholog_one2one
AUR62003561	110681974	AT1G74880	ortholog_one2one
AUR62021749	110726514	AT5G62680	ortholog_many2many
AUR62021749	110726514	AT1G18880	ortholog_many2many
AUR62021749	110726514	AT3G47960	ortholog_many2many
AUR62034912	110704176	AT1G69680	ortholog_one2many
AUR62000037	110736127	AT2G34860	ortholog_one2one
AUR62039005	110686046	AT3G58610	ortholog_one2one
AUR62021560	110726340	AT1G18640	ortholog_one2many
AUR62044368	110708210	AT5G43060	ortholog_one2one
AUR62000077	110736163	AT3G45140	ortholog_one2many
AUR62000077	110695977	AT3G45140	ortholog_one2many
AUR62025564	110689829	AT2G47580	ortholog_one2many
AUR62022363	110696516	AT4G09900	ortholog_many2many
AUR62022363	110696516	AT1G33990	ortholog_many2many
AUR62006025	110728061	AT1G08560	ortholog_one2many
AUR62007858	110686060	AT5G03490	ortholog_many2many
AUR62007858	110686060	AT1G51210	ortholog_many2many
AUR62020180	110683517	AT5G21010	ortholog_many2many
AUR62020180	110683517	AT3G43700	ortholog_many2many
AUR62023223	110720318	AT5G38990	ortholog_many2many
AUR62023223	110720318	AT5G39000	ortholog_many2many
AUR62040847	110712830	AT3G10210	ortholog_one2many
AUR62040279	110721069	AT4G30380	ortholog_one2one
AUR62002208	110717727	AT5G51400	ortholog_one2many
AUR62018066	110734996	AT1G56260	ortholog_one2many
AUR62009812	110684299	AT1G55180	ortholog_one2one
AUR62019581	110737798	AT1G53320	ortholog_one2many
AUR62004602	110714650	AT4G09160	ortholog_many2many
AUR62004602	110714650	AT1G72160	ortholog_many2many
AUR62005674	110711499	AT5G13150	ortholog_one2many
AUR62027618	110690622	AT5G46550	ortholog_one2many
AUR62020231	110683571	AT2G27230	ortholog_one2many
AUR62033140	110739245	AT5G10860	ortholog_one2many
AUR62013014	110739083	AT4G38540	ortholog_many2many
AUR62013014	110739083	AT5G05320	ortholog_many2many
AUR62004459	110714358	AT2G46370	ortholog_one2many
AUR62020599	110710463	AT4G31450	ortholog_one2many
AUR62035858	110728849	AT4G18940	ortholog_many2many
AUR62035858	110728849	AT4G18930	ortholog_many2many
AUR62001199	110687827	AT4G24730	ortholog_one2many
AUR62002142	110717556	AT4G14368	ortholog_many2many
AUR62002142	110717556	AT3G23270	ortholog_many2many
AUR62004637	110714116	AT1G35620	ortholog_one2many
AUR62004207	110714437	AT2G45350	ortholog_one2many
AUR62007045	110732293	AT5G41960	ortholog_one2many
AUR62021166	110729640	AT5G52410	ortholog_one2many
AUR62021166	110729640	AT5G23890	ortholog_one2many
AUR62009205	110705504	AT2G25930	ortholog_one2many
AUR62001985	110717656	AT5G65250	ortholog_one2one
AUR62023326	110720423	AT4G05390	ortholog_many2many
AUR62023326	110720423	AT1G30510	ortholog_many2many
AUR62001067	110737141	AT5G56090	ortholog_one2many
AUR62038632	110685109	AT5G26330	ortholog_one2one
AUR62032819	110712916	AT1G05620	ortholog_one2many
AUR62032819	110706353	AT1G05620	ortholog_one2many
AUR62019660	110737868	AT3G22480	ortholog_one2many
AUR62027695	110692212	AT4G18650	ortholog_one2one
AUR62022726	110731712	AT4G00900	ortholog_one2many
AUR62022726	110714385	AT4G00900	ortholog_one2many
AUR62029235	110693138	AT1G51070	ortholog_one2many
AUR62029235	110693138	AT5G54680	ortholog_one2many
AUR62023510	110725198	AT4G05400	ortholog_many2many
AUR62023510	110725198	AT4G21140	ortholog_many2many
AUR62023955	110699626	AT1G08230	ortholog_one2many
AUR62035620	110738902	AT5G54180	ortholog_one2many
AUR62013723	110721515	AT3G60400	ortholog_one2many
AUR62013147	110681602	AT2G22360	ortholog_many2many
AUR62013147	110681602	AT4G39960	ortholog_many2many
AUR62011927	110734404	AT3G27310	ortholog_one2one
AUR62040842	110712836	AT2G41380	ortholog_one2many
AUR62002002	110718290	AT2G22300	ortholog_one2many
AUR62005362	110708489	AT1G23800	ortholog_one2many
AUR62020221	110683561	AT3G02530	ortholog_many2many
AUR62020221	110683561	AT5G16070	ortholog_many2many
AUR62033243	110692280	AT5G05810	ortholog_one2one
AUR62008735	110727961	AT4G33925	ortholog_one2one
AUR62014882	110693685	AT1G28480	ortholog_one2many
AUR62023908	110699580	AT1G51730	ortholog_one2many
AUR62021566	110726344	AT1G74240	ortholog_one2many
AUR62029049	110683058	AT3G32920	ortholog_many2many
AUR62029049	110683058	AT2G19490	ortholog_many2many
AUR62007586	110685813	AT1G02860	ortholog_one2many
AUR62018348	110711504	AT1G14860	ortholog_many2many
AUR62018348	110711504	AT1G18300	ortholog_many2many
AUR62018348	110711504	AT1G73540	ortholog_many2many
AUR62018348	110711504	AT2G01670	ortholog_many2many
AUR62000365	110736471	AT3G58390	ortholog_many2many
AUR62000365	110736471	AT4G27650	ortholog_many2many
AUR62018367	110711648	AT3G56750	ortholog_many2many
AUR62018367	110711648	AT2G41150	ortholog_many2many
AUR62017318	110702529	AT3G62220	ortholog_many2many
AUR62017318	110702529	AT2G47060	ortholog_many2many
AUR62036773	110703662	AT1G20500	ortholog_many2many
AUR62036773	110703662	AT1G20480	ortholog_many2many
AUR62036773	110703662	AT5G38120	ortholog_many2many
AUR62003938	110682357	AT5G67290	ortholog_one2one
AUR62000228	110736334	AT5G26960	ortholog_one2many
AUR62040850	110712840	AT3G53220	ortholog_one2many
AUR62018721	110730191	AT4G17840	ortholog_many2many
AUR62018721	110730191	AT2G35260	ortholog_many2many
AUR62017429	110727202	AT5G13960	ortholog_one2many
AUR62017429	110702627	AT5G13960	ortholog_one2many
AUR62008665	110727902	AT2G47630	ortholog_many2many
AUR62008665	110727902	AT3G62860	ortholog_many2many
AUR62008076	110700277	AT5G02140	ortholog_one2many
AUR62007084	110732334	AT1G61570	ortholog_one2many
AUR62007084	110722796	AT1G61570	ortholog_one2many
AUR62001817	110688454	AT3G46450	ortholog_one2many
AUR62019859	110722710	AT4G23940	ortholog_one2one
AUR62019859	110719705	AT4G23940	ortholog_one2one
AUR62001451	110684512	AT1G17400	ortholog_many2many
AUR62001451	110684512	AT1G72490	ortholog_many2many
AUR62029935	110702959	AT3G18190	ortholog_one2many
AUR62009676	110684165	AT1G07020	ortholog_one2many
AUR62005889	110713487	AT2G22640	ortholog_one2one
AUR62005889	110706412	AT2G22640	ortholog_one2one
AUR62013472	110725780	AT1G77060	ortholog_many2many
AUR62013472	110725780	AT1G21440	ortholog_many2many
AUR62032862	110706292	AT5G47810	ortholog_one2many
AUR62032472	110688153	AT1G09810	ortholog_one2many
AUR62016813	110718882	AT5G24350	ortholog_one2one
AUR62016813	110705168	AT5G24350	ortholog_one2one
AUR62021055	110729520	AT5G53330	ortholog_one2many
AUR62033829	110686360	AT1G27600	ortholog_one2many
AUR62020872	110714795	AT4G13980	ortholog_one2many
AUR62025643	110726732	AT1G51610	ortholog_one2many
AUR62021172	110729650	AT5G52400	ortholog_one2one
AUR62005672	110711479	AT5G41050	ortholog_one2one
AUR62039879	110724960	AT3G53260	ortholog_many2many
AUR62039879	110724960	AT5G04230	ortholog_many2many
AUR62039879	110724960	AT2G37040	ortholog_many2many
AUR62039879	110724960	AT3G10340	ortholog_many2many
AUR62033562	110729370	AT3G52930	ortholog_many2many
AUR62033562	110729370	AT2G36460	ortholog_many2many
AUR62033562	110729370	AT5G03690	ortholog_many2many
AUR62007269	110732523	AT1G32550	ortholog_one2many
AUR62011398	110698539	AT2G15630	ortholog_one2many
AUR62019139	110709687	AT1G49160	ortholog_many2many
AUR62019139	110709687	AT3G18750	ortholog_many2many
AUR62027771	110706594	AT4G08930	ortholog_many2many
AUR62027771	110706594	AT1G34780	ortholog_many2many
AUR62027912	110711861	AT3G09680	ortholog_many2many
AUR62027912	110711861	AT5G02960	ortholog_many2many
AUR62027912	110711851	AT3G09680	ortholog_many2many
AUR62027912	110711851	AT5G02960	ortholog_many2many
AUR62027912	110710364	AT3G09680	ortholog_many2many
AUR62027912	110710364	AT5G02960	ortholog_many2many
AUR62027912	110710281	AT3G09680	ortholog_many2many
AUR62027912	110710281	AT5G02960	ortholog_many2many
AUR62027912	110708398	AT3G09680	ortholog_many2many
AUR62027912	110708398	AT5G02960	ortholog_many2many
AUR62027912	110694478	AT3G09680	ortholog_many2many
AUR62027912	110694478	AT5G02960	ortholog_many2many
AUR62027912	110683707	AT3G09680	ortholog_many2many
AUR62027912	110683707	AT5G02960	ortholog_many2many
AUR62027912	110683706	AT3G09680	ortholog_many2many
AUR62027912	110683706	AT5G02960	ortholog_many2many
AUR62042928	110737997	AT1G52315	ortholog_many2many
AUR62042928	110737997	AT1G79910	ortholog_many2many
AUR62007343	110732598	AT1G32260	ortholog_many2many
AUR62007343	110732598	AT2G35480	ortholog_many2many
AUR62033881	110690128	AT1G47670	ortholog_one2many
AUR62033881	110686421	AT1G47670	ortholog_one2many
AUR62026177	110721246	AT2G17680	ortholog_many2many
AUR62026177	110721246	AT4G35690	ortholog_many2many
AUR62026177	110721246	AT4G35710	ortholog_many2many
AUR62026177	110698140	AT2G17680	ortholog_many2many
AUR62026177	110698140	AT4G35690	ortholog_many2many
AUR62026177	110698140	AT4G35710	ortholog_many2many
AUR62029845	110702870	AT1G03760	ortholog_one2one
AUR62009436	110705725	AT3G02490	ortholog_one2many
AUR62009436	110705725	AT5G15980	ortholog_one2many
AUR62002038	110717429	AT4G39700	ortholog_one2many
AUR62002194	110717661	AT5G51460	ortholog_one2many
AUR62013062	110737814	AT4G34940	ortholog_one2one
AUR62002468	110717588	AT2G43940	ortholog_one2many
AUR62001013	110737094	AT3G62140	ortholog_one2one
AUR62002640	110718156	AT3G23590	ortholog_one2one
AUR62021554	110726335	AT5G08020	ortholog_many2many
AUR62021554	110726335	AT5G61000	ortholog_many2many
AUR62024963	110711818	AT2G28380	ortholog_one2many
AUR62009455	110705746	AT1G63660	ortholog_one2one
AUR62032836	110706371	AT1G66520	ortholog_one2many
AUR62008433	110700612	AT1G31860	ortholog_one2many
AUR62011982	110734455	AT3G63290	ortholog_one2one
AUR62000392	110736492	AT1G02560	ortholog_one2many
AUR62031306	110716605	AT2G40935	ortholog_one2many
AUR62021626	110726405	AT5G61350	ortholog_one2many
AUR62012966	110736969	AT1G29490	ortholog_many2many
AUR62012966	110736969	AT1G29430	ortholog_many2many
AUR62012966	110736969	AT1G29500	ortholog_many2many
AUR62012966	110736969	AT1G29510	ortholog_many2many
AUR62012966	110736969	AT1G29450	ortholog_many2many
AUR62012966	110736969	AT1G29460	ortholog_many2many
AUR62012966	110736969	AT1G29420	ortholog_many2many
AUR62012966	110736969	AT1G29440	ortholog_many2many
AUR62012966	110736969	AT5G27780	ortholog_many2many
AUR62032973	110716324	AT5G23220	ortholog_many2many
AUR62032973	110716324	AT5G23230	ortholog_many2many
AUR62001749	110688381	AT2G29180	ortholog_one2many
AUR62020619	110710474	AT2G24490	ortholog_one2many
AUR62043341	110711065	AT5G60710	ortholog_one2many
AUR62030193	110728557	AT2G34580	ortholog_one2many
AUR62005502	110709671	AT3G26370	ortholog_one2many
AUR62042185	110737276	AT2G28370	ortholog_one2many
AUR62042185	110711876	AT2G28370	ortholog_one2many
AUR62023467	110725150	AT2G25410	ortholog_many2many
AUR62023467	110725150	AT2G24480	ortholog_many2many
AUR62023467	110725150	AT2G24460	ortholog_many2many
AUR62023467	110725150	AT2G24285	ortholog_many2many
AUR62023467	110725150	AT3G28620	ortholog_many2many
AUR62014529	110724825	AT5G38480	ortholog_one2many
AUR62023693	110738646	AT2G44050	ortholog_one2many
AUR62001925	110717696	AT4G36970	ortholog_one2many
AUR62019619	110737833	AT1G20575	ortholog_one2one
AUR62019619	110702793	AT1G20575	ortholog_one2one
AUR62007266	110732520	AT2G35320	ortholog_one2many
AUR62007266	110730203	AT2G35320	ortholog_one2many
AUR62021581	110726262	AT3G12770	ortholog_one2many
AUR62004702	110725317	AT5G14320	ortholog_one2one
AUR62004702	110714360	AT5G14320	ortholog_one2one
AUR62025278	110715929	AT1G74960	ortholog_one2many
AUR62037593	110734044	AT5G14680	ortholog_many2many
AUR62037593	110734044	AT3G01520	ortholog_many2many
AUR62042706	110734690	AT5G03555	ortholog_one2one
AUR62037645	110722401	AT1G79200	ortholog_one2one
AUR62008467	110700640	AT5G61350	ortholog_one2many
AUR62001705	110688328	AT5G58960	ortholog_one2many
AUR62023742	110738678	AT2G31810	ortholog_one2many
AUR62024042	110699698	AT3G58720	ortholog_one2one
AUR62035246	110691229	AT1G68570	ortholog_one2many
AUR62023323	110720417	AT3G03530	ortholog_many2many
AUR62023323	110720417	AT3G03540	ortholog_many2many
AUR62023323	110720417	AT3G03520	ortholog_many2many
AUR62008604	110727847	AT1G02940	ortholog_many2many
AUR62008604	110727847	AT1G02930	ortholog_many2many
AUR62008604	110727847	AT2G02930	ortholog_many2many
AUR62008604	110727847	AT1G02920	ortholog_many2many
AUR62008604	110727847	AT1G49860	ortholog_many2many
AUR62008604	110727847	AT4G02520	ortholog_many2many
AUR62008604	110727847	AT2G47730	ortholog_many2many
AUR62008604	110727847	AT1G02950	ortholog_many2many
AUR62025245	110715981	AT5G35570	ortholog_one2many
AUR62011728	110734212	AT3G60030	ortholog_one2many
AUR62011728	110734212	AT2G47070	ortholog_one2many
AUR62002167	110718098	AT3G23430	ortholog_one2many
AUR62011632	110698762	AT3G16080	ortholog_many2many
AUR62011632	110698762	AT1G52300	ortholog_many2many
AUR62007905	110686105	AT1G69230	ortholog_many2many
AUR62007905	110686105	AT3G02180	ortholog_many2many
AUR62007905	110686105	AT1G26355	ortholog_many2many
AUR62007905	110686105	AT2G03680	ortholog_many2many
AUR62006987	110701403	AT1G64780	ortholog_one2many
AUR62023397	110720495	AT3G60260	ortholog_many2many
AUR62023397	110720495	AT2G44770	ortholog_many2many
AUR62015569	110689428	AT4G28520	ortholog_many2many
AUR62015569	110689428	AT1G03880	ortholog_many2many
AUR62015569	110689428	AT5G44120	ortholog_many2many
AUR62015569	110689428	AT1G03890	ortholog_many2many
AUR62034021	110711300	AT1G44900	ortholog_one2one
AUR62034021	110692114	AT1G44900	ortholog_one2one
AUR62007162	110732414	AT4G17040	ortholog_one2many
AUR62011527	110698656	AT1G52560	ortholog_one2many
AUR62013189	110718697	AT2G17350	ortholog_one2one
AUR62013189	110681991	AT2G17350	ortholog_one2one
AUR62000533	110736637	AT4G33480	ortholog_one2many
AUR62009507	110683942	AT1G75040	ortholog_one2many
AUR62009507	110683942	AT1G75030	ortholog_one2many
AUR62009507	110683942	AT1G75050	ortholog_one2many
AUR62009507	110683942	AT2G24810	ortholog_one2many
AUR62009507	110683942	AT1G19320	ortholog_one2many
AUR62040136	110686838	AT2G02510	ortholog_many2many
AUR62040136	110686838	AT1G14450	ortholog_many2many
AUR62039719	110688811	AT3G52300	ortholog_one2many
AUR62039719	110683180	AT3G52300	ortholog_one2many
AUR62021747	110726512	AT3G07610	ortholog_one2many
AUR62005454	110709286	AT3G26600	ortholog_one2many
AUR62006286	110730407	AT5G01670	ortholog_one2many
AUR62004487	110714362	AT3G61730	ortholog_many2many
AUR62004487	110714362	AT5G36000	ortholog_many2many
AUR62004487	110714362	AT3G62500	ortholog_many2many
AUR62037176	110681594	AT5G58560	ortholog_one2many
AUR62011784	110734275	AT1G02370	ortholog_many2many
AUR62011784	110734275	AT4G01990	ortholog_many2many
AUR62016814	110705169	AT4G36240	ortholog_many2many
AUR62016814	110705169	AT5G66320	ortholog_many2many
AUR62016814	110705169	AT3G51080	ortholog_many2many
AUR62014759	110693563	AT1G11120	ortholog_one2many
AUR62008292	110700470	AT3G48150	ortholog_one2one
AUR62032941	110716283	AT5G08350	ortholog_many2many
AUR62032941	110716283	AT5G23360	ortholog_many2many
AUR62032941	110716283	AT5G23350	ortholog_many2many
AUR62032941	110716283	AT5G23370	ortholog_many2many
AUR62001434	110688538	AT5G20820	ortholog_one2many
AUR62000956	110737036	AT2G04842	ortholog_one2one
AUR62020266	110726935	AT5G47520	ortholog_one2one
AUR62020266	110720809	AT5G47520	ortholog_one2one
AUR62007551	110685780	AT5G65810	ortholog_many2many
AUR62007551	110685780	AT3G49720	ortholog_many2many
AUR62043364	110684945	AT5G42770	ortholog_one2one
AUR62039019	110686221	AT2G42600	ortholog_one2many
AUR62018743	110730212	AT1G32470	ortholog_many2many
AUR62018743	110730212	AT2G35370	ortholog_many2many
AUR62036224	110684657	AT5G05340	ortholog_one2many
AUR62004604	110714433	AT1G72150	ortholog_many2many
AUR62004604	110714433	AT1G22530	ortholog_many2many
AUR62014901	110693699	AT3G15060	ortholog_one2many
AUR62014901	110693699	AT5G60860	ortholog_one2many
AUR62011985	110734457	AT4G02700	ortholog_many2many
AUR62011985	110734457	AT3G51895	ortholog_many2many
AUR62034990	110720000	AT4G07960	ortholog_one2many
AUR62008767	110727987	AT2G38670	ortholog_one2many
AUR62020455	110720970	AT1G71460	ortholog_one2one
AUR62004149	110714165	AT2G45060	ortholog_one2many
AUR62020497	110720996	AT3G20530	ortholog_one2one
AUR62023392	110720490	AT2G36260	ortholog_many2many
AUR62023392	110720490	AT2G16710	ortholog_many2many
AUR62016289	110703060	AT1G80630	ortholog_one2many
AUR62031235	110716739	AT1G65730	ortholog_one2many
AUR62009128	110705427	AT5G56450	ortholog_one2many
AUR62011377	110698515	AT3G18900	ortholog_one2many
AUR62004366	110714122	AT1G79040	ortholog_one2many
AUR62020241	110683581	AT3G44220	ortholog_many2many
AUR62020241	110683581	AT5G22200	ortholog_many2many
AUR62006668	110701104	AT5G16530	ortholog_one2many
AUR62031805	110731850	AT3G07090	ortholog_one2many
AUR62007978	110686173	AT3G49680	ortholog_one2many
AUR62035056	110692615	AT5G51560	ortholog_one2one
AUR62028725	110727573	AT4G24700	ortholog_one2many
AUR62000756	110736844	AT3G05545	ortholog_one2one
AUR62000756	110708692	AT3G05545	ortholog_one2one
AUR62040709	110733319	AT4G15020	ortholog_one2many
AUR62040709	110733319	AT3G22220	ortholog_one2many
AUR62040709	110722311	AT4G15020	ortholog_one2many
AUR62040709	110722311	AT3G22220	ortholog_one2many
AUR62025247	110715983	AT2G06025	ortholog_one2many
AUR62020960	110714727	AT4G33810	ortholog_many2many
AUR62020960	110714727	AT2G14690	ortholog_many2many
AUR62020960	110714727	AT4G33820	ortholog_many2many
AUR62039704	110683161	AT2G25800	ortholog_one2many
AUR62023297	110720392	AT2G18410	ortholog_one2many
AUR62042025	110738258	AT5G51350	ortholog_one2one
AUR62020031	110683346	AT5G59260	ortholog_many2many
AUR62020031	110683346	AT5G59270	ortholog_many2many
AUR62029072	110683086	AT5G56460	ortholog_one2many
AUR62011893	110734377	AT2G31280	ortholog_many2many
AUR62011893	110734377	AT1G06150	ortholog_many2many
AUR62011893	110733141	AT2G31280	ortholog_many2many
AUR62011893	110733141	AT1G06150	ortholog_many2many
AUR62014046	110694162	AT1G70410	ortholog_many2many
AUR62014046	110694162	AT1G23730	ortholog_many2many
AUR62004169	110713899	AT4G00165	ortholog_one2many
AUR62032824	110706357	AT2G03210	ortholog_many2many
AUR62032824	110706357	AT2G15350	ortholog_many2many
AUR62032824	110706357	AT2G15370	ortholog_many2many
AUR62032824	110706357	AT2G03220	ortholog_many2many
AUR62032824	110706357	AT1G14100	ortholog_many2many
AUR62032824	110706357	AT2G15390	ortholog_many2many
AUR62032824	110706357	AT1G14110	ortholog_many2many
AUR62032824	110706357	AT1G14080	ortholog_many2many
AUR62020877	110714944	AT3G23750	ortholog_one2many
AUR62000868	110736957	AT5G27400	ortholog_one2many
AUR62000868	110736957	AT5G27410	ortholog_one2many
AUR62016686	110705039	AT5G39390	ortholog_one2many
AUR62032595	110718248	AT4G20240	ortholog_many2many
AUR62032595	110718248	AT4G20235	ortholog_many2many
AUR62032595	110718248	AT5G42590	ortholog_many2many
AUR62032595	110718248	AT3G48290	ortholog_many2many
AUR62032595	110718248	AT3G48280	ortholog_many2many
AUR62032595	110718248	AT5G24950	ortholog_many2many
AUR62032595	110718248	AT2G30770	ortholog_many2many
AUR62032595	110718248	AT1G11610	ortholog_many2many
AUR62032595	110718248	AT4G13310	ortholog_many2many
AUR62032595	110718248	AT3G48310	ortholog_many2many
AUR62032595	110718248	AT2G30750	ortholog_many2many
AUR62032595	110718248	AT3G48270	ortholog_many2many
AUR62032595	110718248	AT3G48300	ortholog_many2many
AUR62032595	110718248	AT3G48320	ortholog_many2many
AUR62032595	110718248	AT4G13290	ortholog_many2many
AUR62032595	110718248	AT5G24960	ortholog_many2many
AUR62013195	110718687	AT4G38220	ortholog_one2many
AUR62013195	110682076	AT4G38220	ortholog_one2many
AUR62024984	110711861	AT3G09680	ortholog_many2many
AUR62024984	110711861	AT5G02960	ortholog_many2many
AUR62024984	110711851	AT3G09680	ortholog_many2many
AUR62024984	110711851	AT5G02960	ortholog_many2many
AUR62024984	110710364	AT3G09680	ortholog_many2many
AUR62024984	110710364	AT5G02960	ortholog_many2many
AUR62024984	110710281	AT3G09680	ortholog_many2many
AUR62024984	110710281	AT5G02960	ortholog_many2many
AUR62024984	110694478	AT3G09680	ortholog_many2many
AUR62024984	110694478	AT5G02960	ortholog_many2many
AUR62024984	110683706	AT3G09680	ortholog_many2many
AUR62024984	110683706	AT5G02960	ortholog_many2many
AUR62016607	110704957	AT1G15810	ortholog_many2many
AUR62016607	110704957	AT1G80620	ortholog_many2many
AUR62009874	110684366	AT5G60770	ortholog_many2many
AUR62009874	110684366	AT1G08100	ortholog_many2many
AUR62009874	110684366	AT1G08090	ortholog_many2many
AUR62018885	110730334	AT5G36300	ortholog_one2many
AUR62023250	110720341	AT3G13410	ortholog_one2one
AUR62011835	110734324	AT3G62600	ortholog_one2many
AUR62005943	110727216	AT5G24680	ortholog_one2one
AUR62033755	110694361	AT1G18060	ortholog_one2many
AUR62042049	110733973	AT3G53230	ortholog_one2many
AUR62011604	110703313	AT1G80380	ortholog_one2many
AUR62011604	110698725	AT1G80380	ortholog_one2many
AUR62030813	110733927	AT2G38280	ortholog_one2one
AUR62036427	110735482	AT3G13120	ortholog_one2many
AUR62036427	110735477	AT3G13120	ortholog_one2many
AUR62036427	110705938	AT3G13120	ortholog_one2many
AUR62018150	110735067	AT5G15430	ortholog_one2many
AUR62018150	110735067	AT5G39380	ortholog_one2many
AUR62004582	110714579	AT1G72190	ortholog_one2many
AUR62007773	110685998	AT1G10780	ortholog_one2many
AUR62036214	110684648	AT1G06890	ortholog_many2many
AUR62036214	110684648	AT2G30460	ortholog_many2many
AUR62041818	110716119	AT2G32130	ortholog_many2many
AUR62041818	110716119	AT1G29300	ortholog_many2many
AUR62023333	110720428	AT5G50650	ortholog_many2many
AUR62023333	110720428	AT5G50550	ortholog_many2many
AUR62023333	110720428	AT2G01470	ortholog_many2many
AUR62008585	110727747	AT1G03020	ortholog_many2many
AUR62008585	110727747	AT3G62930	ortholog_many2many
AUR62020582	110710360	AT5G21430	ortholog_one2many
AUR62035079	110692803	AT4G16060	ortholog_one2one
AUR62005491	110709557	AT3G26430	ortholog_one2many
AUR62019471	110737693	AT5G44210	ortholog_one2one
AUR62018784	110729997	AT2G40170	ortholog_one2many
AUR62000430	110736532	AT1G09340	ortholog_one2many
AUR62025424	110689689	AT2G20320	ortholog_one2many
AUR62013397	110725685	AT1G33470	ortholog_many2many
AUR62013397	110725685	AT4G36960	ortholog_many2many
AUR62004650	110714343	AT4G09620	ortholog_one2many
AUR62030627	110704472	AT3G10920	ortholog_one2one
AUR62020958	110714728	AT1G77140	ortholog_one2many
AUR62020958	110711614	AT1G77140	ortholog_one2many
AUR62005753	110712288	AT5G39850	ortholog_many2many
AUR62005753	110712288	AT5G15200	ortholog_many2many
AUR62043429	110721964	AT5G44130	ortholog_many2many
AUR62043429	110721964	AT2G20520	ortholog_many2many
AUR62043429	110721964	AT1G03870	ortholog_many2many
AUR62016864	110704923	AT4G34770	ortholog_one2one
